mean,var,shape,scale
1e-10,1e-10,1e-10,1.0
1e-10,0.0001002005006012024,9.979990059929902e-17,1002005.006012024
1e-10,0.00020040090120240482,4.989997519971233e-17,2004009.0120240483
1e-10,0.0003006013018036072,3.326665566649253e-17,3006013.0180360717
1e-10,0.0004008017024048096,2.494999382487653e-17,4008017.024048096
1e-10,0.0005010021030060121,1.995999605590478e-17,5010021.030060121
1e-10,0.0006012025036072144,1.6633330599922672e-17,6012025.036072144
1e-10,0.0007014029042084169,1.42571408529962e-17,7014029.042084169
1e-10,0.0008016033048096193,1.2474998468693938e-17,8016033.048096193
1e-10,0.0009018037054108217,1.108888768143223e-17,9018037.054108217
1e-10,0.0010020041060120242,9.979999023956095e-18,10020041.060120242
1e-10,0.0011022045066132265,9.072726467728997e-18,11022045.066132264
1e-10,0.0012024049072144288,8.316665991630612e-18,12024049.072144289
1e-10,0.0013026053078156314,7.676922502925486e-18,13026053.078156313
1e-10,0.0014028057084168337,7.1285709346633e-18,14028057.084168335
1e-10,0.0015030061090180362,6.653332903971583e-18,15030061.090180362
1e-10,0.0016032065096192386,6.2374996234109604e-18,16032065.096192384
1e-10,0.0017034069102204409,5.8705879023972515e-18,17034069.10220441
1e-10,0.0018036073108216434,5.544444148124708e-18,18036073.108216435
1e-10,0.0019038077114228457,5.252631313551261e-18,19038077.114228457
1e-10,0.0020040081120240483,4.989999760979011e-18,20040081.120240483
1e-10,0.0021042085126252506,4.752380736034477e-18,21042085.126252506
1e-10,0.002204408913226453,4.536363439650422e-18,22044089.13226453
1e-10,0.0023046093138276553,4.3391302551803484e-18,23046093.13827655
1e-10,0.0024048097144288576,4.158333168732646e-18,24048097.144288573
1e-10,0.0025050101150300604,3.9919998486233655e-18,25050101.150300603
1e-10,0.0026052105156312627,3.838461398800597e-18,26052105.156312626
1e-10,0.002705410916232465,3.696296167062831e-18,27054109.16232465
1e-10,0.0028056113168336673,3.564285594372964e-18,28056113.16833667
1e-10,0.0029058117174348697,3.4413791987966747e-18,29058117.174348697
1e-10,0.0030060121180360724,3.3266665626528923e-18,30060121.180360723
1e-10,0.0031062125186372747,3.2193547415059345e-18,31062125.186372746
1e-10,0.003206412919238477,3.118749908971487e-18,32064129.19238477
1e-10,0.0033066133198396794,3.0242423388304894e-18,33066133.198396794
1e-10,0.0034068137204408817,2.935294037358134e-18,34068137.20440882
1e-10,0.0035070141210420845,2.8514284958249814e-18,35070141.21042085
1e-10,0.003607214521643287,2.7722221509145082e-18,36072145.21643287
1e-10,0.003707414922244489,2.6972972299377666e-18,37074149.22244489
1e-10,0.0038076153228456915,2.6263157257509713e-18,38076153.228456914
1e-10,0.003907815723446894,2.5589742986088115e-18,39078157.23446894
1e-10,0.004008016124048096,2.4949999427397518e-18,40080161.24048096
1e-10,0.0041082165246492984,2.434146287081025e-18,41082165.24649298
1e-10,0.004208416925250501,2.376190424480047e-18,42084169.252505004
1e-10,0.004308617325851703,2.32093018333283e-18,43086173.25851703
1e-10,0.004408817726452905,2.2681817712716956e-18,44088177.26452905
1e-10,0.004509018127054108,2.217777733027952e-18,45090181.27054108
1e-10,0.00460921852765531,2.1695651746603038e-18,46092185.2765531
1e-10,0.004709418928256512,2.1234042144775026e-18,47094189.282565124
1e-10,0.004809619328857715,2.079166627595661e-18,48096193.28857715
1e-10,0.004909819729458918,2.036734656468139e-18,49098197.29458918
1e-10,0.00501002013006012,1.995999964151841e-18,50100201.3006012
1e-10,0.0051102205306613226,1.9568627107186474e-18,51102205.30661322
1e-10,0.005210420931262525,1.919230736234764e-18,52104209.312625244
1e-10,0.005310621331863727,1.8830188362329663e-18,53106213.31863727
1e-10,0.0054108217324649295,1.8481481176879296e-18,54108217.3246493
1e-10,0.005511022133066132,1.814545425248794e-18,55110221.33066132
1e-10,0.005611222533667334,1.782142828946812e-18,56112225.33667334
1e-10,0.0057114229342685365,1.7508771658285017e-18,57114229.342685364
1e-10,0.005811623334869739,1.720689629006065e-18,58116233.34869739
1e-10,0.005911823735470942,1.6915253984992823e-18,59118237.35470942
1e-10,0.006012024136072144,1.6633333089932227e-18,60120241.36072144
1e-10,0.006112224536673347,1.6360655502755178e-18,61122245.36673346
1e-10,0.006212424937274549,1.6096773966635802e-18,62124249.37274549
1e-10,0.006312625337875751,1.5841269622006557e-18,63126253.378757514
1e-10,0.006412825738476954,1.5593749788022465e-18,64128257.38476954
1e-10,0.006513026139078156,1.535384594881326e-18,65130261.39078156
1e-10,0.006613226539679358,1.5121211922803494e-18,66132265.39679358
1e-10,0.006713426940280561,1.4895522195974164e-18,67134269.4028056
1e-10,0.006813627340881763,1.4676470402189452e-18,68136273.40881763
1e-10,0.006913827741482965,1.4463767935668981e-18,69138277.41482966
1e-10,0.0070140281420841685,1.4257142682391024e-18,70140281.42084168
1e-10,0.007114228542685371,1.4056337858701054e-18,71142285.4268537
1e-10,0.007214428943286573,1.3861110946702935e-18,72144289.43286572
1e-10,0.0073146293438877755,1.367123271715219e-18,73146293.43887775
1e-10,0.007414829744488978,1.3486486331574146e-18,74148297.44488977
1e-10,0.00751503014509018,1.3306666516212625e-18,75150301.45090179
1e-10,0.0076152305456913824,1.3131578801193217e-18,76152305.45691383
1e-10,0.007715430946292585,1.296103881897251e-18,77154309.46292585
1e-10,0.007815631346893788,1.2794871656752796e-18,78156313.46893787
1e-10,0.00791583174749499,1.2632911258080439e-18,79158317.4749499
1e-10,0.008016032148096193,1.2474999869324377e-18,80160321.48096192
1e-10,0.008116232548697394,1.232098752715623e-18,81162325.48697394
1e-10,0.008216432949298597,1.2170731583531828e-18,82164329.49298596
1e-10,0.008316633349899799,1.2024096265011472e-18,83166333.49899799
1e-10,0.008416833750501002,1.1880952263557258e-18,84168337.50501001
1e-10,0.008517034151102203,1.1741176356215366e-18,85170341.51102203
1e-10,0.008617234551703407,1.1604651051332074e-18,86172345.51703407
1e-10,0.00871743495230461,1.1471264259168716e-18,87174349.52304609
1e-10,0.008817635352905811,1.1340908984974693e-18,88176353.52905811
1e-10,0.008917835753507014,1.121348304275218e-18,89178357.53507014
1e-10,0.009018036154108216,1.1088888788103212e-18,90180361.54108216
1e-10,0.009118236554709419,1.0967032868691222e-18,91182365.54709418
1e-10,0.00921843695531062,1.0847825990976846e-18,92184369.5531062
1e-10,0.009318637355911824,1.0731182702003008e-18,93186373.55911824
1e-10,0.009418837756513025,1.0617021185108649e-18,94188377.56513025
1e-10,0.009519038157114228,1.0505263068544712e-18,95190381.57114229
1e-10,0.00961923855771543,1.0395833246051652e-18,96192385.5771543
1e-10,0.009719438958316633,1.0288659708535234e-18,97194389.58316633
1e-10,0.009819639358917836,1.0183673386047898e-18,98196393.58917835
1e-10,0.009919839759519038,1.0080807999347008e-18,99198397.59519038
1e-10,0.010020040160120241,9.979999920359602e-19,100200401.6012024
1e-10,0.010120240560721442,9.881188040936381e-19,101202405.60721442
1e-10,0.010220440961322646,9.78431364932603e-19,102204409.61322646
1e-10,0.010320641361923847,9.689320313845228e-19,103206413.61923847
1e-10,0.01042084176252505,9.596153773259986e-19,104208417.6252505
1e-10,0.010521042163126252,9.504761833430933e-19,105210421.63126251
1e-10,0.010621242563727455,9.415094269808831e-19,106212425.63727455
1e-10,0.010721442964328658,9.327102735397678e-19,107214429.64328657
1e-10,0.01082164336492986,9.240740673830935e-19,108216433.6492986
1e-10,0.010921843765531063,9.155963237232558e-19,109218437.65531062
1e-10,0.011022044166132264,9.072727208558349e-19,110220441.66132264
1e-10,0.011122244566733467,8.990990928135055e-19,111222445.66733468
1e-10,0.011222444967334669,8.910714224134887e-19,112224449.67334668
1e-10,0.011322645367935872,8.831858346741641e-19,113226453.67935872
1e-10,0.011422845768537073,8.75438590578178e-19,114228457.68537073
1e-10,0.011523046169138277,8.678260811609529e-19,115230461.69138277
1e-10,0.011623246569739478,8.603448219049645e-19,116232465.69739477
1e-10,0.011723446970340681,8.529914474214918e-19,117234469.70340681
1e-10,0.011823647370941884,8.457627064027866e-19,118236473.70941883
1e-10,0.011923847771543086,8.386554568287551e-19,119238477.71543086
1e-10,0.012024048172144289,8.316666614133056e-19,120240481.7214429
1e-10,0.01212424857274549,8.247933832764977e-19,121242485.7274549
1e-10,0.012224448973346694,8.180327818295352e-19,122244489.73346694
1e-10,0.012324649373947895,8.113821088604932e-19,123246493.73947895
1e-10,0.012424849774549098,8.048387048094434e-19,124248497.74549098
1e-10,0.0125250501751503,7.983999952223746e-19,125250501.75150299
1e-10,0.012625250575751503,7.920634873739734e-19,126252505.75751503
1e-10,0.012725450976352705,7.858267670499599e-19,127254509.76352704
1e-10,0.012825651376953908,7.796874954802491e-19,128256513.76953907
1e-10,0.012925851777555111,7.736434064147588e-19,129258517.77555111
1e-10,0.013026052178156312,7.676923033341776e-19,130260521.78156312
1e-10,0.013126252578757516,7.618320567884856e-19,131262525.78757516
1e-10,0.013226452979358717,7.56060601856451e-19,132264529.79358716
1e-10,0.01332665337995992,7.503759357197355e-19,133266533.7995992
1e-10,0.013426853780561122,7.447761153456228e-19,134268537.80561122
1e-10,0.013527054181162325,7.392592552727354e-19,135270541.81162325
1e-10,0.013627254581763526,7.338235254944422e-19,136272545.81763527
1e-10,0.01372745498236473,7.28467149434962e-19,137274549.8236473
1e-10,0.013827655382965931,7.231884020134637e-19,138276553.8296593
1e-10,0.013927855783567134,7.179856077917293e-19,139278557.83567134
1e-10,0.014028056184168337,7.128571392012041e-19,140280561.84168336
1e-10,0.014128256584769539,7.078014148454908e-19,141282565.84769538
1e-10,0.014228456985370742,7.028168978745686e-19,142284569.8537074
1e-10,0.014328657385971943,6.979020944272289e-19,143286573.85971943
1e-10,0.014428857786573147,6.930555521384067e-19,144288577.86573145
1e-10,0.014529058187174348,6.882758587082807e-19,145290581.87174347
1e-10,0.014629258587775551,6.835616405301746e-19,146292585.87775552
1e-10,0.014729458988376753,6.789115613744644e-19,147294589.88376752
1e-10,0.014829659388977956,6.743243211258401e-19,148296593.88977957
1e-10,0.014929859789579157,6.697986545714158e-19,149298597.89579156
1e-10,0.01503006019018036,6.653333302373156e-19,150300601.9018036
1e-10,0.015130260590781564,6.609271492714881e-19,151302605.90781564
1e-10,0.015230460991382765,6.565789443706199e-19,152304609.91382766
1e-10,0.015330661391983968,6.522875787491307e-19,153306613.91983968
1e-10,0.01543086179258517,6.480519451483388e-19,154308617.9258517
1e-10,0.015531062193186373,6.438709648839793e-19,155310621.93186373
1e-10,0.015631262593787578,6.397435869303582e-19,156312625.93787578
1e-10,0.015731462994388778,6.356687870395067e-19,157314629.94388777
1e-10,0.01583166339498998,6.31645566893783e-19,158316633.9498998
1e-10,0.015931863795591184,6.276729532904553e-19,159318637.95591184
1e-10,0.016032064196192387,6.237499973568594e-19,160320641.96192387
1e-10,0.01613226459679359,6.198757737948072e-19,161322645.9679359
1e-10,0.01623246499739479,6.160493801529797e-19,162324649.97394788
1e-10,0.016332665397995993,6.122699361261019e-19,163326653.97995993
1e-10,0.016432865798597197,6.08536582879759e-19,164328657.98597196
1e-10,0.0165330661991984,6.048484823997648e-19,165330661.99198398
1e-10,0.0166332665997996,6.012048168650458e-19,166332665.997996
1e-10,0.016733467000400803,5.976047880430564e-19,167334670.00400802
1e-10,0.016833667401002006,5.940476167067885e-19,168336674.01002005
1e-10,0.01693386780160321,5.905325420724765e-19,169338678.0160321
1e-10,0.01703406820220441,5.870588212571489e-19,170340682.0220441
1e-10,0.017134268602805612,5.836257287552136e-19,171342686.02805611
1e-10,0.017234469003406815,5.802325559333018e-19,172344690.03406814
1e-10,0.01733466940400802,5.768786105426309e-19,173346694.0400802
1e-10,0.01743486980460922,5.735632162481834e-19,174348698.0460922
1e-10,0.01753507020521042,5.702857121740278e-19,175350702.0521042
1e-10,0.017635270605811625,5.6704545246414e-19,176352706.05811623
1e-10,0.017735471006412828,5.638418058581123e-19,177354710.06412828
1e-10,0.01783567140701403,5.60674155281164e-19,178356714.0701403
1e-10,0.01793587180761523,5.57541897447895e-19,179358718.0761523
1e-10,0.018036072208216434,5.54444442479247e-19,180360722.08216435
1e-10,0.018136272608817637,5.513812135321632e-19,181362726.08817637
1e-10,0.01823647300941884,5.483516464414563e-19,182364730.0941884
1e-10,0.018336673410020043,5.453551893734181e-19,183366734.1002004
1e-10,0.018436873810621243,5.423913024907254e-19,184368738.10621244
1e-10,0.018537074211222446,5.394594576282133e-19,185370742.11222446
1e-10,0.01863727461182365,5.365591379791074e-19,186372746.11823648
1e-10,0.018737475012424853,5.336898377913237e-19,187374750.12424853
1e-10,0.018837675413026053,5.308510620734608e-19,188376754.13026053
1e-10,0.018937875813627256,5.280423263101257e-19,189378758.13627255
1e-10,0.01903807621422846,5.252631561862493e-19,190380762.14228457
1e-10,0.019138276614829662,5.225130873200625e-19,191382766.14829662
1e-10,0.019238477015430862,5.1979166500441625e-19,192384770.15430862
1e-10,0.019338677416032065,5.170984439561438e-19,193386774.16032064
1e-10,0.019438877816633268,5.144329880731746e-19,194388778.16633266
1e-10,0.01953907821723447,5.117948701991216e-19,195390782.1723447
1e-10,0.019639278617835675,5.091836718950749e-19,196392786.17835674
1e-10,0.019739479018436874,5.065989832183463e-19,197394790.18436873
1e-10,0.019839679419038077,5.040404025079176e-19,198396794.19038078
1e-10,0.01993987981963928,5.015075361763591e-19,199398798.1963928
1e-10,0.020040080220240484,4.9899999850799e-19,200400802.20240483
1e-10,0.020140280620841684,4.965174114630628e-19,201402806.20841682
1e-10,0.020240481021442887,4.94059404487766e-19,202404810.21442887
1e-10,0.02034068142204409,4.916256143298406e-19,203406814.2204409
1e-10,0.020440881822645293,4.892156848596213e-19,204408818.22645292
1e-10,0.020541082223246496,4.86829266896314e-19,205410822.23246497
1e-10,0.020641282623847696,4.844660180393346e-19,206412826.23847696
1e-10,0.0207414830244489,4.821256025045345e-19,207414830.24448898
1e-10,0.020841683425050102,4.798076909651535e-19,208416834.250501
1e-10,0.020941883825651306,4.775119603973352e-19,209418838.25651306
1e-10,0.021042084226252505,4.75238093930059e-19,210420842.26252505
1e-10,0.02114228462685371,4.729857806993374e-19,211422846.26853707
1e-10,0.021242485027454912,4.707547157065414e-19,212424850.2745491
1e-10,0.021342685428056115,4.685445996807159e-19,213426854.28056115
1e-10,0.021442885828657318,4.66355138944755e-19,214428858.28657317
1e-10,0.021543086229258518,4.641860452853132e-19,215430862.29258516
1e-10,0.02164328662985972,4.620370358263289e-19,216432866.29859722
1e-10,0.021743487030460924,4.59907832906046e-19,217434870.30460924
1e-10,0.021843687431062127,4.577981639574194e-19,218436874.31062126
1e-10,0.021943887831663327,4.557077613917975e-19,219438878.31663325
1e-10,0.02204408823226453,4.536363624857769e-19,220440882.3226453
1e-10,0.022144288632865734,4.515837092711288e-19,221442886.32865733
1e-10,0.022244489033466937,4.495495484277007e-19,222444890.33466935
1e-10,0.022344689434068137,4.475336311791993e-19,223446894.34068134
1e-10,0.02244488983466934,4.45535713191765e-19,224448898.3466934
1e-10,0.022545090235270543,4.435555544752514e-19,225450902.35270542
1e-10,0.022645290635871746,4.41592919287125e-19,226452906.35871744
1e-10,0.02274549103647295,4.396475760389062e-19,227454910.3647295
1e-10,0.02284569143707415,4.377192972050709e-19,228456914.3707415
1e-10,0.022945891837675352,4.358078592343395e-19,229458918.3767535
1e-10,0.023046092238276555,4.339130424632816e-19,230460922.38276553
1e-10,0.02314629263887776,4.3203463103216208e-19,231462926.38877758
1e-10,0.02324649303947896,4.3017241280296524e-19,232464930.39478958
1e-10,0.02334669344008016,4.2832617927952995e-19,233466934.4008016
1e-10,0.023446893840681365,4.264957255297319e-19,234468938.40681365
1e-10,0.023547094241282568,4.2468085010965324e-19,235470942.41282567
1e-10,0.02364729464188377,4.2288135498967967e-19,236472946.4188377
1e-10,0.02374749504248497,4.21097045482469e-19,237474950.4248497
1e-10,0.023847695443086174,4.19327730172735e-19,238476954.43086174
1e-10,0.023947895843687377,4.1757322084879465e-19,239478958.43687376
1e-10,0.02404809624428858,4.158333324358264e-19,240480962.4428858
1e-10,0.02414829664488978,4.141078829307898e-19,241482966.44889778
1e-10,0.024248497045490983,4.123966933389591e-19,242484970.45490983
1e-10,0.024348697446092187,4.106995876120239e-19,243486974.46092185
1e-10,0.02444889784669339,4.090163925877116e-19,244488978.46693388
1e-10,0.02454909824729459,4.0734693793088883e-19,245490982.4729459
1e-10,0.024649298647895793,4.056910560760989e-19,246492986.47895792
1e-10,0.024749499048496996,4.0404858217149603e-19,247494990.48496994
1e-10,0.0248496994490982,4.0241935402413504e-19,248496994.49098197
1e-10,0.024949899849699402,4.0080321204657986e-19,249498998.49699402
1e-10,0.025050100250300602,3.9919999920479365e-19,250501002.503006
1e-10,0.025150300650901805,3.9760956096727356e-19,251503006.50901803
1e-10,0.02525050105150301,3.9603174525539807e-19,252505010.5150301
1e-10,0.02535070145210421,3.944664023949507e-19,253507014.5210421
1e-10,0.02545090185270541,3.9291338506878916e-19,254509018.5270541
1e-10,0.025551102253306614,3.9137254827062825e-19,255511022.53306612
1e-10,0.025651302653907818,3.89843749259906e-19,256513026.53907818
1e-10,0.02575150305450902,3.883268475177035e-19,257515030.5450902
1e-10,0.025851703455110224,3.8682170470368965e-19,258517034.55110222
1e-10,0.025951903855711424,3.8532818461406364e-19,259519038.5571142
1e-10,0.026052104256312627,3.8384615314046745e-19,260521042.56312627
1e-10,0.02615230465691383,3.82375478229844e-19,261523046.5691383
1e-10,0.026252505057515033,3.80916029845213e-19,262525050.5751503
1e-10,0.026352705458116233,3.794676799273432e-19,263527054.58116233
1e-10,0.026452905858717436,3.7803030235729454e-19,264529058.58717436
1e-10,0.02655310625931864,3.7660377291980917e-19,265531062.59318638
1e-10,0.026653306659919843,3.7518796926752784e-19,266533066.59919843
1e-10,0.026753507060521046,3.7378277088601044e-19,267535070.60521045
1e-10,0.026853707461122246,3.7238805905954e-19,268537074.61122245
1e-10,0.02695390786172345,3.7100371683768884e-19,269539078.61723447
1e-10,0.027054108262324652,3.6962962900262825e-19,270541082.6232465
1e-10,0.027154308662925855,3.682656820371618e-19,271543086.6292585
1e-10,0.027254509063527055,3.669117640934635e-19,272545090.63527054
1e-10,0.027354709464128258,3.655677649625032e-19,273547094.64128256
1e-10,0.02745490986472946,3.6423357604414195e-19,274549098.6472946
1e-10,0.027555110265330664,3.62909090317879e-19,275551102.65330666
1e-10,0.027655310665931864,3.6159420231423547e-19,276553106.6593186
1e-10,0.027755511066533067,3.602888080867573e-19,277555110.66533065
1e-10,0.02785571146713427,3.5899280518462297e-19,278557114.6713427
1e-10,0.027955911867735474,3.5770609262583984e-19,279559118.67735475
1e-10,0.028056112268336677,3.564285708710153e-19,280561122.6833668
1e-10,0.028156312668937877,3.551601417976875e-19,281563126.68937874
1e-10,0.02825651306953908,3.5390070867520247e-19,282565130.69539076
1e-10,0.028356713470140283,3.526501761401241e-19,283567134.70140284
1e-10,0.028456913870741486,3.5140845017216325e-19,284569138.70741487
1e-10,0.028557114271342686,3.501754380706138e-19,285571142.7134268
1e-10,0.02865731467194389,3.489510484312827e-19,286573146.7194389
1e-10,0.028757515072545092,3.477351911239034e-19,287575150.72545093
1e-10,0.028857715473146296,3.465277772700183e-19,288577154.73146296
1e-10,0.0289579158737475,3.4532871922132156e-19,289579158.737475
1e-10,0.0290581162743487,3.441379305384495e-19,290581162.743487
1e-10,0.0291583166749499,3.429553259702082e-19,291583166.749499
1e-10,0.029258517075551105,3.4178082143322855e-19,292585170.75551105
1e-10,0.029358717476152308,3.406143339920372e-19,293587174.76152307
1e-10,0.029458917876753508,3.394557818395345e-19,294589178.7675351
1e-10,0.02955911827735471,3.383050842778696e-19,295591182.7735471
1e-10,0.029659318677955914,3.3716216169970325e-19,296593186.77955914
1e-10,0.029759519078557117,3.360269355698489e-19,297595190.78557116
1e-10,0.029859719479158317,3.3489932840728347e-19,298597194.7915832
1e-10,0.02995991987975952,3.337792637675194e-19,299599198.7975952
1e-10,0.030060120280360723,3.326666662253289e-19,300601202.8036072
1e-10,0.030160320680961927,3.3156146135781284e-19,301603206.80961925
1e-10,0.03026052108156313,3.3046357572780577e-19,302605210.8156313
1e-10,0.03036072148216433,3.2937293686760995e-19,303607214.8216433
1e-10,0.030460921882765533,3.282894732630497e-19,304609218.8276553
1e-10,0.030561122283366736,3.272131143378404e-19,305611222.83366734
1e-10,0.03066132268396794,3.2614379043826307e-19,306613226.83967936
1e-10,0.03076152308456914,3.250814328181392e-19,307615230.8456914
1e-10,0.030861723485170342,3.2402597362409767e-19,308617234.8517034
1e-10,0.030961923885771545,3.2297734588112817e-19,309619238.8577154
1e-10,0.03106212428637275,3.2193548347841416e-19,310621242.86372745
1e-10,0.03116232468697395,3.209003211554388e-19,311623246.86973953
1e-10,0.031262525087575155,3.1987179448835877e-19,312625250.87575155
1e-10,0.031362725488176355,3.188498398766385e-19,313627254.8817635
1e-10,0.031462925888777554,3.178343945299404e-19,314629258.88777554
1e-10,0.03156312628937876,3.1682539645526427e-19,315631262.8937876
1e-10,0.03166332668997996,3.1582278444433184e-19,316633266.8997996
1e-10,0.03176352709058117,3.1482649806120866e-19,317635270.90581167
1e-10,0.03186372749118237,3.13836477630161e-19,318637274.91182363
1e-10,0.03196392789178357,3.1285266422373996e-19,319639278.91783565
1e-10,0.03206412829238477,3.1187499965108984e-19,320641282.92384773
1e-10,0.03216432869298597,3.109034264464747e-19,321643286.9298597
1e-10,0.03226452909358718,3.0993788785801857e-19,322645290.9358718
1e-10,0.03236472949418838,3.089783278366552e-19,323647294.9418838
1e-10,0.03246492989478958,3.08024691025282e-19,324649298.94789577
1e-10,0.032565130295390786,3.0707692274811453e-19,325651302.95390785
1e-10,0.032665330695991986,3.061349690002371e-19,326653306.95991987
1e-10,0.032765531096593185,3.0519877643734445e-19,327655310.96593183
1e-10,0.03286573149719439,3.042682923656715e-19,328657314.9719439
1e-10,0.03296593189779559,3.033434647321071e-19,329659318.9779559
1e-10,0.0330661322983968,3.0242424211448667e-19,330661322.98396796
1e-10,0.033166332698998,3.015105737120618e-19,331663326.98998
1e-10,0.0332665330995992,3.00602409336141e-19,332665330.99599195
1e-10,0.033366733500200405,2.996996994009e-19,333667335.002004
1e-10,0.033466933900801604,2.9880239491435694e-19,334669339.00801605
1e-10,0.03356713430140281,2.9791044746950854e-19,335671343.0140281
1e-10,0.03366733470200401,2.970238092356257e-19,336673347.0200401
1e-10,0.03376753510260521,2.9614243294970286e-19,337675351.0260521
1e-10,0.03386773550320642,2.952662719080599e-19,338677355.03206414
1e-10,0.03396793590380762,2.9439527995809297e-19,339679359.03807616
1e-10,0.034068136304408816,2.935294114901696e-19,340681363.0440881
1e-10,0.03416833670501002,2.926686214296678e-19,341683367.0501002
1e-10,0.03426853710561122,2.918128652291543e-19,342685371.05611223
1e-10,0.03436873750621243,2.9096209886069917e-19,343687375.0621243
1e-10,0.03446893790681363,2.9011627880832547e-19,344689379.0681363
1e-10,0.03456913830741483,2.8927536206058898e-19,345691383.0741483
1e-10,0.034669338708016036,2.884393061032878e-19,346693387.0801603
1e-10,0.034769539108617235,2.8760806891229725e-19,347695391.08617234
1e-10,0.03486973950921844,2.867816089465286e-19,348697395.0921844
1e-10,0.03496993990981964,2.859598851410087e-19,349699399.0981964
1e-10,0.03507014031042084,2.851428569000784e-19,350701403.1042084
1e-10,0.03517034071102205,2.8433048409070705e-19,351703407.1102205
1e-10,0.03527054111162325,2.8352272703592138e-19,352705411.11623245
1e-10,0.035370741512224455,2.8271954650834527e-19,353707415.12224454
1e-10,0.035470941912825654,2.819209037238501e-19,354709419.1282565
1e-10,0.035571142313426854,2.8112676033531125e-19,355711423.1342685
1e-10,0.03567134271402806,2.8033707842647076e-19,356713427.1402806
1e-10,0.03577154311462926,2.795518205059028e-19,357715431.14629257
1e-10,0.03587174351523046,2.787709495010799e-19,358717435.1523046
1e-10,0.03597194391583167,2.7799442875253915e-19,359719439.1583167
1e-10,0.036072144316432866,2.772222220081451e-19,360721443.16432863
1e-10,0.03617234471703407,2.7645429341744767e-19,361723447.1703407
1e-10,0.03627254511763527,2.7569060752613474e-19,362725451.17635274
1e-10,0.03637274551823647,2.7493112927057506e-19,363727455.1823647
1e-10,0.03647294591883768,2.74175823972452e-19,364729459.1883768
1e-10,0.03657314631943888,2.7342465733348546e-19,365731463.19438875
1e-10,0.036673346720040086,2.7267759543023975e-19,366733467.2004008
1e-10,0.036773547120641285,2.7193460470901707e-19,367735471.20641285
1e-10,0.036873747521242485,2.7119565198083356e-19,368737475.2124248
1e-10,0.03697394792184369,2.7046070441647756e-19,369739479.2184369
1e-10,0.03707414832244489,2.6972972954164793e-19,370741483.2244489
1e-10,0.03717434872304609,2.690026952321707e-19,371743487.2304609
1e-10,0.0372745491236473,2.68279569709293e-19,372745491.23647296
1e-10,0.0373747495242485,2.675603215350531e-19,373747495.242485
1e-10,0.037474949924849704,2.6684491960772396e-19,374749499.248497
1e-10,0.037575150325450904,2.661333331573305e-19,375751503.25450903
1e-10,0.037675350726052104,2.6542553174123757e-19,376753507.260521
1e-10,0.03777555112665331,2.647214852398089e-19,377755511.2665331
1e-10,0.03787575152725451,2.640211638521346e-19,378757515.2725451
1e-10,0.03797595192785572,2.6332453809182616e-19,379759519.2785572
1e-10,0.038076152328456916,2.6263157878287814e-19,380761523.28456914
1e-10,0.038176352729058116,2.6194225705559486e-19,381763527.29058117
1e-10,0.03827655312965932,2.6125654434258105e-19,382765531.2965932
1e-10,0.03837675353026052,2.6057441237479567e-19,383767535.3026052
1e-10,0.03847695393086172,2.5989583317766657e-19,384769539.30861723
1e-10,0.03857715433146293,2.5922077906726665e-19,385771543.31462926
1e-10,0.03867735473206413,2.5854922264654894e-19,386773547.3206413
1e-10,0.038777555132665335,2.5788113680163986e-19,387775551.32665336
1e-10,0.038877755533266535,2.5721649469819056e-19,388777555.3326653
1e-10,0.038977955933867735,2.565552697777837e-19,389779559.33867735
1e-10,0.03907815633446894,2.558974357543958e-19,390781563.3446894
1e-10,0.03917835673507014,2.552429666109144e-19,391783567.3507014
1e-10,0.03927855713567135,2.545918365957075e-19,392785571.3567135
1e-10,0.03937875753627255,2.539440202192465e-19,393787575.36272544
1e-10,0.03947895793687375,2.532994922507795e-19,394789579.36873746
1e-10,0.039579158337474954,2.5265822771505593e-19,395791583.37474954
1e-10,0.039679358738076154,2.5202020188910063e-19,396793587.3807615
1e-10,0.03977955913867736,2.513853902990362e-19,397795591.3867736
1e-10,0.03987975953927856,2.5075376871695415e-19,398797595.3927856
1e-10,0.03997995993987976,2.5012531315783194e-19,399799599.3987976
1e-10,0.040080160340480966,2.494999998764975e-19,400801603.40480965
1e-10,0.040180360741082166,2.488778053646383e-19,401803607.4108217
1e-10,0.040280561141683366,2.482587063478553e-19,402805611.41683364
1e-10,0.04038076154228457,2.476426797827608e-19,403807615.4228457
1e-10,0.04048096194288577,2.470297028541197e-19,404809619.4288577
1e-10,0.04058116234348698,2.464197529720323e-19,405811623.43486977
1e-10,0.04068136274408818,2.4581280776915967e-19,406813627.4408818
1e-10,0.04078156314468938,2.4520884509798915e-19,407815631.44689375
1e-10,0.040881763545290585,2.446078430281406e-19,408817635.45290583
1e-10,0.040981963945891785,2.440097798437121e-19,409819639.45891786
1e-10,0.04108216434649299,2.4341463404066387e-19,410821643.4649299
1e-10,0.04118236474709419,2.428223843242415e-19,411823647.4709419
1e-10,0.04128256514769539,2.422330096064356e-19,412825651.47695386
1e-10,0.0413827655482966,2.4164648900347895e-19,413827655.48296595
1e-10,0.0414829659488978,2.4106280183338e-19,414829659.48897797
1e-10,0.041583166349499,2.404819276134917e-19,415831663.49498993
1e-10,0.041683366750100204,2.399038460581153e-19,416833667.501002
1e-10,0.0417835671507014,2.3932853707613938e-19,417835671.50701404
1e-10,0.04188376755130261,2.387559807687118e-19,418837675.51302606
1e-10,0.04198396795190381,2.3818615742694564e-19,419839679.5190381
1e-10,0.04208416835250501,2.3761904752965764e-19,420841683.5250501
1e-10,0.042184368753106216,2.370546317411389e-19,421843687.5310621
1e-10,0.042284569153707416,2.364928909089576e-19,422845691.53707415
1e-10,0.04238476955430862,2.359338060617921e-19,423847695.54308623
1e-10,0.04248496995490982,2.3537735840729577e-19,424849699.5490982
1e-10,0.04258517035551102,2.348235293299909e-19,425851703.5551102
1e-10,0.04268537075611223,2.3427230038919304e-19,426853707.5611223
1e-10,0.04278557115671343,2.337236533169644e-19,427855711.56713426
1e-10,0.042885771557314635,2.3317757001609526e-19,428857715.57314634
1e-10,0.042985971957915835,2.326340325581148e-19,429859719.5791583
1e-10,0.043086172358517034,2.3209302318132833e-19,430861723.5851703
1e-10,0.04318637275911824,2.31554524288883e-19,431863727.5911824
1e-10,0.04328657315971944,2.3101851844686e-19,432865731.5971944
1e-10,0.04338677356032064,2.304849883823926e-19,433867735.6032064
1e-10,0.04348697396092185,2.2995391698181104e-19,434869739.6092185
1e-10,0.04358717436152305,2.294252872888128e-19,435871743.61523044
1e-10,0.043687374762124254,2.288990825026576e-19,436873747.6212425
1e-10,0.04378757516272545,2.283752859763878e-19,437875751.62725455
1e-10,0.04388777556332665,2.278538812150727e-19,438877755.6332665
1e-10,0.04398797596392786,2.27334851874077e-19,439879759.6392786
1e-10,0.04408817636452906,2.2681818175735333e-19,440881763.64529055
1e-10,0.044188376765130266,2.263038548157568e-19,441883767.65130264
1e-10,0.044288577165731466,2.25791855145384e-19,442885771.65731466
1e-10,0.044388777566332666,2.252821669859332e-19,443887775.6633266
1e-10,0.04448897796693387,2.2477477471908733e-19,444889779.6693387
1e-10,0.04458917836753507,2.2426966286691883e-19,445891783.6753507
1e-10,0.04468937876813627,2.2376681609031556e-19,446893787.6813627
1e-10,0.04478957916873748,2.23266219187428e-19,447895791.6873748
1e-10,0.04488977956933868,2.227678570921377e-19,448897795.6933868
1e-10,0.044989979969939885,2.2227171487254527e-19,449899799.6993988
1e-10,0.045090180370541084,2.217777777294795e-19,450901803.70541084
1e-10,0.045190380771142284,2.212860309950256e-19,451903807.7114228
1e-10,0.04529058117174349,2.207964601310733e-19,452905811.7174349
1e-10,0.04539078157234469,2.2030905072788427e-19,453907815.7234469
1e-10,0.0454909819729459,2.198237885026781e-19,454909819.7294589
1e-10,0.0455911823735471,2.193406592982374e-19,455911823.73547095
1e-10,0.0456913827741483,2.1885964908153087e-19,456913827.741483
1e-10,0.0457915831747495,2.1838074394235453e-19,457915831.747495
1e-10,0.0458917835753507,2.1790393009199104e-19,458917835.753507
1e-10,0.04599198397595191,2.1742919386188596e-19,459919839.7595191
1e-10,0.04609218437655311,2.1695652170234214e-19,460921843.76553106
1e-10,0.04619238477715431,2.164859001812301e-19,461923847.7715431
1e-10,0.046292585177755516,2.1601731598271583e-19,462925851.77755517
1e-10,0.046392785578356716,2.1555075590600508e-19,463927855.78356713
1e-10,0.046492985978957915,2.150862068641034e-19,464929859.78957915
1e-10,0.04659318637955912,2.1462365588259268e-19,465931863.7955912
1e-10,0.04669338678016032,2.1416309009842327e-19,466933867.8016032
1e-10,0.04679358718076153,2.1370449675872145e-19,467935871.8076153
1e-10,0.04689378758136273,2.1324786321961248e-19,468937875.81362724
1e-10,0.04699398798196393,2.1279317694505846e-19,469939879.81963927
1e-10,0.047094188382565134,2.1234042550571118e-19,470941883.82565135
1e-10,0.047194388783166334,2.118895965777796e-19,471943887.8316633
1e-10,0.04729458918376754,2.1144067794191144e-19,472945891.8376754
1e-10,0.04739478958436874,2.109936574820895e-19,473947895.8436874
1e-10,0.04749498998496994,2.105485231845413e-19,474949899.8496994
1e-10,0.04759519038557115,2.1010526313666305e-19,475951903.85571146
1e-10,0.04769539078617235,2.0966386552595686e-19,476953907.8617234
1e-10,0.047795591186773546,2.0922431863898142e-19,477955911.86773545
1e-10,0.04789579158737475,2.0878661086031582e-19,478957915.8737475
1e-10,0.04799599198797595,2.083507306715365e-19,479959919.8797595
1e-10,0.04809619238857716,2.0791666665020659e-19,480961923.8857716
1e-10,0.04819639278917836,2.074844074688785e-19,481963927.8917836
1e-10,0.04829659318977956,2.0705394189410825e-19,482965931.89779556
1e-10,0.048396793590380766,2.066252587854824e-19,483967935.90380764
1e-10,0.048496993990981965,2.0619834709465714e-19,484969939.90981966
1e-10,0.04859719439158317,2.0577319586440897e-19,485971943.9158317
1e-10,0.04869739479218437,2.0534979422769735e-19,486973947.9218437
1e-10,0.04879759519278557,2.0492813140673866e-19,487975951.9278557
1e-10,0.04889779559338678,2.0450819671209184e-19,488977955.93386775
1e-10,0.04899799599398798,2.0408997954175503e-19,489979959.9398798
1e-10,0.04909819639458918,2.0367346938027324e-19,490981963.94589174
1e-10,0.049198396795190384,2.0325865579785715e-19,491983967.9519038
1e-10,0.049298597195791584,2.0284552844951255e-19,492985971.95791584
1e-10,0.04939879759639279,2.024340770741801e-19,493987975.96392787
1e-10,0.04949899799699399,2.0202429149388615e-19,494989979.9699399
1e-10,0.04959919839759519,2.016161616129032e-19,495991983.9759519
1e-10,0.0496993987981964,2.0120967741692086e-19,496993987.98196393
1e-10,0.049799599198797596,2.0080482897222693e-19,497995991.98797596
1e-10,0.0498997995993988,2.0040160642489799e-19,498997995.99398804
1e-10,0.05,2.0000000000000002e-19,500000000.0
9.77882442785571e-05,1e-10,95.62540719082756,1.0226178078741506e-06
0.00019557638855711423,1e-10,382.50123761043324,5.113091653740041e-07
0.0002933645328356713,1e-10,860.6274912589167,3.408728350131377e-07
0.00039115267711422843,1e-10,1530.0041681362782,2.5565464804628444e-07
0.0004889408213927856,1e-10,2390.6312682425187,2.045237288945159e-07
0.0005867289656713427,1e-10,3442.508791577636,1.704364465551462e-07
0.0006845171099498998,1e-10,4685.636738141632,1.4608838631852322e-07
0.0007823052542284569,1e-10,6120.015107934506,1.2782734036296906e-07
0.000880093398507014,1e-10,7745.643900956258,1.1362430415867168e-07
0.0009778815427855712,1e-10,9562.523117206889,1.0226187490474794e-07
0.0009778815427855712,0.0001002005006012024,0.009543388565757463,0.1024669105787328
0.0010756696870641283,1e-10,11570.652756686395,9.29653416867536e-08
0.0010756696870641283,0.0001002005006012024,0.011547499949863073,0.09315173775574541
0.0011734578313426854,1e-10,13770.03281939478,8.52182305397193e-08
0.0011734578313426854,0.0001002005006012024,0.013742479066246843,0.08538909360428548
0.0012712459756212425,1e-10,16160.663305332046,7.866298255231936e-08
0.0012712459756212425,0.0001002005006012024,0.016128325914908773,0.0788207023052605
0.0013690341198997996,1e-10,18742.54421449819,7.304419849471616e-08
0.0013690341198997996,0.0001002005006012024,0.01870504049584886,0.07319065255184154
0.0014668222641783567,1e-10,21515.67554689321,6.817458559371895e-08
0.0014668222641783567,0.0001002005006012024,0.02147262280906711,0.0683112760477016
0.0015646104084569138,1e-10,24480.057302517103,6.391367426644203e-08
0.0015646104084569138,0.0001002005006012024,0.02443107285456351,0.06404182156759679
0.001662398552735471,1e-10,27635.689481369882,6.015404659457286e-08
0.001662398552735471,0.0001002005006012024,0.027580390632338074,0.060274655819642545
0.001760186697014028,1e-10,30982.572083451538,5.6812155306956646e-08
0.001760186697014028,0.0001002005006012024,0.0309205761423908,0.05692606401990313
0.0018579748412925852,1e-10,34520.70510876207,5.3822042030682416e-08
0.0018579748412925852,0.0001002005006012024,0.03445162938472168,0.05392995554853334
0.0019557629855711423,1e-10,38250.088557301475,5.1130940066746875e-08
0.0019557629855711423,0.0001002005006012024,0.03817355035933072,0.051233457908981136
0.0020535511298496994,1e-10,42170.72242906977,4.869613351546745e-08
0.0020535511298496994,0.0001002005006012024,0.04208633906621793,0.04879376955592829
0.0020535511298496994,0.00020040090120240482,0.021043180033645338,0.09758749041572307
0.0021513392741282565,1e-10,46282.60672406693,4.648267300401559e-08
0.0021513392741282565,0.0001002005006012024,0.04618999550538328,0.04657587104284359
0.0021513392741282565,0.00020040090120240482,0.02309500927708979,0.09315169560301417
0.0022491274184068136,1e-10,50585.74144229298,4.446168731108874e-08
0.0022491274184068136,0.0001002005006012024,0.0504845196768268,0.044550833261452205
0.0022491274184068136,0.00020040090120240482,0.025242272434294798,0.0891016220612171
0.0023469155626853707,1e-10,55080.1265837479,4.260911708539643e-08
0.0023469155626853707,0.0001002005006012024,0.054969911580548474,0.04269454862131968
0.0023469155626853707,0.00020040090120240482,0.02748496950526036,0.08538905463352228
0.002444703706963928,1e-10,59765.762148431706,4.0904752471697185e-08
0.002444703706963928,0.0001002005006012024,0.05964617121654831,0.040986766746323296
0.002444703706963928,0.00020040090120240482,0.029823100489986477,0.08197349258789412
0.002542491851242485,1e-10,64642.64813634438,3.9331492823125947e-08
0.002542491851242485,0.0001002005006012024,0.06451329858482631,0.039410352702698194
0.002542491851242485,0.00020040090120240482,0.032256665388473146,0.07882066607390358
0.002640279995521042,1e-10,69710.78454748594,3.787477092188689e-08
0.002640279995521042,0.0001002005006012024,0.06957129368538247,0.0379507100652893
0.002640279995521042,0.00020040090120240482,0.03478566420072038,0.07590138225580768
0.002738068139799599,1e-10,74970.17138185637,3.6522100581221865e-08
0.002738068139799599,0.0001002005006012024,0.07482015651821677,0.036595327612458955
0.002738068139799599,0.00020040090120240482,0.037410096926728156,0.07319061870281734
0.0028358562840781563,1e-10,80420.80863945569,3.52627178469683e-08
0.0028358562840781563,0.0001002005006012024,0.08025988708332925,0.035333419808251776
0.0028358562840781563,0.00020040090120240482,0.04012996356649649,0.07066680435378571
0.0029336444283567134,1e-10,86062.69632028388,3.4087293958803044e-08
0.0029336444283567134,0.0001002005006012024,0.08589048538071987,0.03415563918812407
0.0029336444283567134,0.00020040090120240482,0.04294526412002539,0.06831124428895419
0.0030314325726352705,1e-10,91895.83442434095,3.2987703867372675e-08
0.0030314325726352705,0.0001002005006012024,0.09171195141038867,0.03305384441194962
0.0030314325726352705,0.00020040090120240482,0.04585599858731483,0.06610765583619538
0.0031292207169138276,1e-10,97920.22295162689,3.195683815446049e-08
0.0031292207169138276,0.0001002005006012024,0.0977242851723356,0.03202091180708546
0.0031292207169138276,0.00020040090120240482,0.04886216696836483,0.06404179165733277
0.0031292207169138276,0.0003006013018036072,0.03257478339717951,0.09606267150758005
0.0032270088611923847,1e-10,104135.86190214171,3.098844914948571e-08
0.0032270088611923847,0.0001002005006012024,0.10392748666656072,0.031050581176333726
0.0032270088611923847,0.00020040090120240482,0.05196376926317539,0.06210113136421831
0.0032270088611923847,0.0003006013018036072,0.03464251860431967,0.09315168155210288
0.003324797005470942,1e-10,110542.75127588541,3.007702420191379e-08
0.003324797005470942,0.0001002005006012024,0.11032155589306399,0.030137328816262413
0.003324797005470942,0.00020040090120240482,0.0551608054717465,0.060274627555500636
0.003324797005470942,0.0003006013018036072,0.03677387643121608,0.09041192629473883
0.003422585149749499,1e-10,117140.891072858,2.9217680678395703e-08
0.003422585149749499,0.0001002005006012024,0.1169064928518454,0.029276262303813284
0.003422585149749499,0.00020040090120240482,0.05845327559407817,0.0585524953899459
0.003422585149749499,0.0003006013018036072,0.03896885687786876,0.08782872847607849
0.003520373294028056,1e-10,123930.28129305945,2.8406078460383594e-08
0.003520373294028056,0.0001002005006012024,0.12368229754290498,0.028463032818474687
0.003520373294028056,0.00020040090120240482,0.061841179630170384,0.05692603723087092
0.003520373294028056,0.0003006013018036072,0.0412274599442777,0.08538904164326713
0.003618161438306613,1e-10,130910.92193648979,2.7638346631321796e-08
0.003618161438306613,0.0001002005006012024,0.13064896996624273,0.027693761682479997
0.003618161438306613,0.00020040090120240482,0.06532451758002317,0.05538749572661337
0.003618161438306613,0.0003006013018036072,0.0435496856304429,0.08308122977074672
0.0037159495825851703,1e-10,138082.813003149,2.691102173954428e-08
0.0037159495825851703,0.0001002005006012024,0.13780651012185863,0.02696497849992177
0.0037159495825851703,0.00020040090120240482,0.0689032894436365,0.05392993008882181
0.0037159495825851703,0.0003006013018036072,0.045935533936364355,0.08089488167772182
0.0038137377268637274,1e-10,145445.9544930371,2.62209955591876e-08
0.0038137377268637274,0.0001002005006012024,0.1451549180097527,0.026273568812925023
0.0038137377268637274,0.00020040090120240482,0.07257749522101038,0.05254711140485449
0.0038137377268637274,0.0003006013018036072,0.04838500486204207,0.07882065399678395
0.003911525871142284,1e-10,153000.34640615404,2.5565470686966714e-08
0.003911525871142284,0.0001002005006012024,0.1526941936299249,0.025616729609394304
0.003911525871142284,0.00020040090120240482,0.07634713491214482,0.05123343365331793
0.003911525871142284,0.0003006013018036072,0.05089809840747605,0.07685013769724153
0.004009314015420842,1e-10,160745.98874249993,2.4941922636983425e-08
0.004009314015420842,0.0001002005006012024,0.16042433698237532,0.024991931341822014
0.004009314015420842,0.00020040090120240482,0.08021220851703983,0.049983837741721396
0.004009314015420842,0.0003006013018036072,0.053474814572666306,0.07497574414162077
0.004107102159699398,1e-10,168682.88150207463,2.43480673505621e-08
0.004107102159699398,0.0001002005006012024,0.1683453480671038,0.02439688537198114
0.004107102159699398,0.00020040090120240482,0.08417271603569536,0.048793746395894934
0.004107102159699398,0.0003006013018036072,0.05611515335761279,0.07319060741980872
0.004204890303977955,1e-10,176811.02468487818,2.378183323959651e-08
0.004204890303977955,0.0001002005006012024,0.17645722688411047,0.023829515958218854
0.004204890303977955,0.00020040090120240482,0.08822865746811145,0.04765900813460447
0.004204890303977955,0.0003006013018036072,0.058819114762315536,0.07148850031099008
0.0043026784482565125,1e-10,185130.4182909107,2.324133704216753e-08
0.0043026784482565125,0.0001002005006012024,0.18475997343339537,0.023287936062664553
0.0043026784482565125,0.00020040090120240482,0.09238003281428812,0.04657584888399207
0.0043026784482565125,0.0003006013018036072,0.06158669878677457,0.06986376170531958
0.0043026784482565125,0.0004008017024048096,0.04619002793155031,0.09315167452664709
0.00440046659253507,1e-10,193641.06232017212,2.2724862897411723e-08
0.00440046659253507,0.0001002005006012024,0.1932535877149584,0.022770426384143453
0.00440046659253507,0.00020040090120240482,0.09662684207422537,0.04554083004342401
0.00440046659253507,0.0003006013018036072,0.06441790543098987,0.06831123370270456
0.00440046659253507,0.0004008017024048096,0.048313433091308255,0.09108163736198513
0.004498254736813627,1e-10,202342.9567726623,2.2230844149754795e-08
0.004498254736813627,0.0001002005006012024,0.20193806972879955,0.02227541712592742
0.004498254736813627,0.00020040090120240482,0.10096908524792311,0.044550812021010695
0.004498254736813627,0.0003006013018036072,0.06731273469496139,0.06682620691609395
0.004498254736813627,0.0004008017024048096,0.050484555219851825,0.08910160181117724
0.004596042881092183,1e-10,211236.10164838136,2.175784747600885e-08
0.004596042881092183,0.0001002005006012024,0.21081341947491883,0.021801472091006947
0.004596042881092183,0.00020040090120240482,0.10540676233538142,0.043602922424166426
0.004596042881092183,0.0003006013018036072,0.07027118657868918,0.06540437275732588
0.004596042881092183,0.0004008017024048096,0.05270339431718106,0.08720582309048537
0.004693831025370741,1e-10,220320.49694732943,2.130455899658244e-08
0.004693831025370741,0.0001002005006012024,0.21987963695331636,0.02134727476545411
0.004693831025370741,0.00020040090120240482,0.10993987333660032,0.042694528226349227
0.004693831025370741,0.0003006013018036072,0.07329326108217327,0.06404178168724432
0.004693831025370741,0.0004008017024048096,0.054969950383295975,0.08538903514813945
0.0047916191696492985,1e-10,229596.14266950634,2.086977208735874e-08
0.0047916191696492985,0.0001002005006012024,0.22913672216399206,0.020911616105863468
0.0047916191696492985,0.00020040090120240482,0.11456841825157979,0.04182321134195485
0.0047916191696492985,0.0003006013018036072,0.0763789582054136,0.06273480657804621
0.0047916191696492985,0.0004008017024048096,0.057284223418196535,0.0836464018141376
0.004889407313927855,1e-10,239063.03881491203,2.04523766541483e-08
0.004889407313927855,0.0001002005006012024,0.2385846751069458,0.020493383792300045
0.004889407313927855,0.00020040090120240482,0.11929239708031975,0.04098674713222344
0.004889407313927855,0.0003006013018036072,0.07952827794841016,0.06148011047214682
0.004889407313927855,0.0004008017024048096,0.059646213421882734,0.08197347381207022
0.004987195458206412,1e-10,248721.18538354663,2.0051349668970837e-08
0.004987195458206412,0.0001002005006012024,0.24822349578217776,0.02009155274560632
0.004987195458206412,0.00020040090120240482,0.12411180982282029,0.04018308543986297
0.004987195458206412,0.0003006013018036072,0.08274122031116302,0.06027461813411961
0.004987195458206412,0.0004008017024048096,0.06205592039435459,0.08036615082837627
0.005084983602484969,1e-10,258570.58237541016,1.9665746798304565e-08
0.005084983602484969,0.0001002005006012024,0.2580531841896879,0.01970517673886611
0.005084983602484969,0.00020040090120240482,0.1290266564790814,0.03941033381198542
0.005084983602484969,0.0003006013018036072,0.08601778529367213,0.05911549088510472
0.005084983602484969,0.0004008017024048096,0.06451334433561212,0.07882064795822404
0.005182771746763527,1e-10,268611.22979050264,1.929469497908079e-08
0.005182771746763527,0.0001002005006012024,0.26807374032947623,0.019333380958514015
0.005182771746763527,0.00020040090120240482,0.13403693704910308,0.03866674262233306
0.005182771746763527,0.0003006013018036072,0.08935797289593751,0.058000104286152085
0.005182771746763527,0.0004008017024048096,0.0670184852456553,0.07733346594997113
0.005280559891042084,1e-10,278843.1276288238,1.893738581956802e-08
0.005280559891042084,0.0001002005006012024,0.27828516420154265,0.01897535539198827
0.005280559891042084,0.00020040090120240482,0.13914265153288527,0.03795069184659073
0.005280559891042084,0.0003006013018036072,0.09276178311795912,0.05692602830119317
0.005280559891042084,0.0004008017024048096,0.06957134312448413,0.07590136475579563
0.00537834803532064,1e-10,289266.2758903739,1.8593069720159586e-08
0.00537834803532064,0.0001002005006012024,0.2886874558058872,0.01863034893673049
0.00537834803532064,0.00020040090120240482,0.144343799930428,0.03726067928039126
0.00537834803532064,0.0003006013018036072,0.09622921595973699,0.05589100962405202
0.00537834803532064,0.0004008017024048096,0.0721719179720986,0.07452133996771279
0.005476136179599198,1e-10,299880.674575153,1.8261050624076895e-08
0.005476136179599198,0.0001002005006012024,0.29928061514251,0.018297664140364045
0.005476136179599198,0.00020040090120240482,0.14964038224173135,0.03659531001967747
0.005476136179599198,0.0003006013018036072,0.09976027142127115,0.05489295589899088
0.005476136179599198,0.0004008017024048096,0.07482020978849875,0.0731906017783043
0.005573924323877755,1e-10,310686.32368316094,1.7940681320630206e-08
0.005573924323877755,0.0001002005006012024,0.31006464221141095,0.01797665249453788
0.005573924323877755,0.00020040090120240482,0.15503239846679526,0.035953287048394435
0.005573924323877755,0.0003006013018036072,0.10335494950256158,0.053929921602250984
0.005573924323877755,0.0004008017024048096,0.07751621857368456,0.07190655615610754
0.005573924323877755,0.0005010021030060121,0.062012977953394464,0.08988319070996412
0.005671712468156312,1e-10,321683.2232143976,1.7631359234348972e-08
0.005671712468156312,0.0001002005006012024,0.32103953701258997,0.017666710215613998
0.005671712468156312,0.00020040090120240482,0.16051984860561966,0.03533340279986877
0.005671712468156312,0.0003006013018036072,0.10701325020360822,0.05300009538412352
0.005671712468156312,0.0004008017024048096,0.08025994432765599,0.07066678796837829
0.005671712468156312,0.0005010021030060121,0.06420795866610113,0.08833348055263307
0.005769500612434869,1e-10,332871.37316886324,1.7332522642336213e-08
0.005769500612434869,0.0001002005006012024,0.33220529954604716,0.01736727445443764
0.005769500612434869,0.00020040090120240482,0.16610273265820463,0.03473453157635264
0.005769500612434869,0.0003006013018036072,0.11073517352441115,0.05210178869826762
0.005769500612434869,0.0004008017024048096,0.08305138705041308,0.06946904582018262
0.005769500612434869,0.0005010021030060121,0.06644111295574118,0.08683630294209764
0.005867288756713426,1e-10,344250.7735465578,1.704364726988743e-08
0.005867288756713426,0.0001002005006012024,0.3435619298117827,0.01707781988513037
0.005867288756713426,0.00020040090120240482,0.1717810506245502,0.034155622726613474
0.005867288756713426,0.0003006013018036072,0.11452071946497036,0.05123342556809657
0.005867288756713426,0.0004008017024048096,0.08589054674195587,0.06831122840957968
0.005867288756713426,0.0005010021030060121,0.06871244082231463,0.08538903125106279
0.005965076900991984,1e-10,355821.4243474813,1.6764243220966714e-08
0.005965076900991984,0.0001002005006012024,0.35510942780979626,0.016797855629411784
0.005965076900991984,0.00020040090120240482,0.17755480250465633,0.03359569449458035
0.005965076900991984,0.0003006013018036072,0.11836988802528582,0.05039353335974891
0.005965076900991984,0.0004008017024048096,0.0887774234022843,0.06719137222491747
0.005965076900991984,0.0005010021030060121,0.07102194226582147,0.08398921109008606
0.0060628650452705405,1e-10,367583.3255716335,1.6493852205733494e-08
0.0060628650452705405,0.0001002005006012024,0.36684779354008795,0.016526922478567425
0.0060628650452705405,0.00020040090120240482,0.18342398829852294,0.03305382846328265
0.0060628650452705405,0.0003006013018036072,0.12228267920535753,0.049580734447997855
0.0060628650452705405,0.0004008017024048096,0.09171201703139836,0.06610764043271308
0.0060628650452705405,0.0005010021030060121,0.07336961728626167,0.08263454641742832
0.006160653189549097,1e-10,379536.47721901466,1.6232045032114375e-08
0.006160653189549097,0.0001002005006012024,0.37877702700265775,0.016264590379991208
0.006160653189549097,0.00020040090120240482,0.18938860800615012,0.03252916452793739
0.006160653189549097,0.0003006013018036072,0.12625909300518548,0.048793738675883554
0.006160653189549097,0.0004008017024048096,0.09469432762929807,0.06505831282382973
0.006160653189549097,0.0005010021030060121,0.07575546588363526,0.08132288697177593
0.006258441333827655,1e-10,391680.8792896247,1.5978419332540126e-08
0.006258441333827655,0.0001002005006012024,0.3908971281975058,0.016010456159364507
0.006258441333827655,0.00020040090120240482,0.1954486616275379,0.03202089634030968
0.006258441333827655,0.0003006013018036072,0.1302991294247697,0.04803133652125485
0.006258441333827655,0.0004008017024048096,0.09772435519598346,0.06404177670220003
0.006258441333827655,0.0005010021030060121,0.07817948805794224,0.08005221688314522
0.006356229478106212,1e-10,404016.5317834637,1.5732597500522307e-08
0.006356229478106212,0.0001002005006012024,0.40320809712463207,0.01576414145309561
0.006356229478106212,0.00020040090120240482,0.20160414916268626,0.031528267173593715
0.006356229478106212,0.0003006013018036072,0.13440278846411025,0.04729239289409182
0.006356229478106212,0.0004008017024048096,0.10080209973145451,0.06305651861458993
0.006356229478106212,0.0005010021030060121,0.08064168380918263,0.07882064433508805
0.006454017622384769,1e-10,416543.4347005314,1.5494224814813854e-08
0.006454017622384769,0.0001002005006012024,0.41570993378403637,0.015525290828719208
0.006454017622384769,0.00020040090120240482,0.20785507061159508,0.031050566163213604
0.006454017622384769,0.0003006013018036072,0.13857007012320696,0.04657584149770799
0.006454017622384769,0.0004008017024048096,0.10392756123571119,0.06210111683220239
0.006454017622384769,0.0005010021030060121,0.08314205313735637,0.0776263921666968
0.006551805766663326,1e-10,429261.58804082806,1.526296773155526e-08
0.006551805766663326,0.0001002005006012024,0.42840263817571883,0.015293570073618356
0.006551805766663326,0.00020040090120240482,0.21420142597426448,0.03058712488426898
0.006551805766663326,0.0003006013018036072,0.14280097440205997,0.045880679694919595
0.006551805766663326,0.0004008017024048096,0.10710073970875353,0.061174234505570226
0.006551805766663326,0.0005010021030060121,0.08568059604246349,0.07646778931622086
0.006649593910941883,1e-10,442170.99180435366,1.5038512327113745e-08
0.006649593910941883,0.0001002005006012024,0.44128621029967957,0.015068664634741503
0.006649593910941883,0.00020040090120240482,0.2206432152506945,0.030137314230970682
0.006649593910941883,0.0003006013018036072,0.14709550130066926,0.04520596382719985
0.006649593910941883,0.0004008017024048096,0.11032163515058155,0.06027461342342903
0.006649593910941883,0.0005010021030060121,0.08825731252450403,0.07534326301965823
0.006747382055220441,1e-10,455271.64599110815,1.4820562876327736e-08
0.006747382055220441,0.0001002005006012024,0.4543606501559184,0.014850278193996352
0.006747382055220441,0.00020040090120240482,0.22718043844088506,0.02970054156742983
0.006747382055220441,0.0003006013018036072,0.1514536508190348,0.044550804940863296
0.006747382055220441,0.0004008017024048096,0.11359024756119522,0.05940106831429678
0.006747382055220441,0.0005010021030060121,0.09087220258347795,0.07425133168773027
0.006845170199498997,1e-10,468563.5506010914,1.4608840552616073e-08
0.006845170199498997,0.0001002005006012024,0.4676259577444353,0.014638131365752767
0.006845170199498997,0.00020040090120240482,0.23381309554483612,0.029276248122664984
0.006845170199498997,0.0003006013018036072,0.15587542295715656,0.04391436487957719
0.006845170199498997,0.0004008017024048096,0.11690657694059452,0.05855248163648941
0.006845170199498997,0.0005010021030060121,0.09352526621938523,0.07319059839340164
0.006845170199498997,0.0006012025036072144,0.07793772444221549,0.08782871515031385
0.006942958343777554,1e-10,482046.70563430357,1.4403082237937148e-08
0.006942958343777554,0.0001002005006012024,0.48108213306523046,0.014431960504415886
0.006942958343777554,0.00020040090120240482,0.24054118656254775,0.02886390660574954
0.006942958343777554,0.0003006013018036072,0.16036081771503463,0.04329585270708318
0.006942958343777554,0.0004008017024048096,0.12027062328877948,0.05772779880841684
0.006942958343777554,0.0005010021030060121,0.0962165034322259,0.0721597449097505
0.006942958343777554,0.0006012025036072144,0.08018042219418979,0.08659169101108413
0.007040746488056112,1e-10,495721.1110907447,1.4203039431918125e-08
0.007040746488056112,0.0001002005006012024,0.4947291761183038,0.014231516611368133
0.007040746488056112,0.00020040090120240482,0.24736471149401998,0.028463019019696837
0.007040746488056112,0.0003006013018036072,0.16490983509266896,0.04269452142802553
0.007040746488056112,0.0004008017024048096,0.12368238660575012,0.05692602383635424
0.007040746488056112,0.0005010021030060121,0.09894591422199997,0.07115752624468295
0.007040746488056112,0.0006012025036072144,0.08245493126133349,0.08538902865301165
0.007138534632334669,1e-10,509586.76697041467,1.4008477250644765e-08
0.007138534632334669,0.0001002005006012024,0.5085670869036554,0.014036564331751608
0.007138534632334669,0.00020040090120240482,0.25428367033925275,0.02807311465502597
0.007138534632334669,0.0003006013018036072,0.16952247509005955,0.04210966497830032
0.007138534632334669,0.0004008017024048096,0.12714186689150642,0.05614621530157468
0.007138534632334669,0.0005010021030060121,0.10171349858870744,0.07018276562484906
0.007138534632334669,0.0006012025036072144,0.08476125164364662,0.0842193159481234
0.007236322776613226,1e-10,523643.67327331344,1.3819173506630452e-08
0.007236322776613226,0.0001002005006012024,0.5225958654212849,0.013846881032592448
0.007236322776613226,0.00020040090120240482,0.26129806309824605,0.027693748246011392
0.007236322776613226,0.0003006013018036072,0.17419873770720637,0.04154061545943033
0.007236322776613226,0.0004008017024048096,0.13064906414604835,0.05538748267284928
0.007236322776613226,0.0005010021030060121,0.10451925653234827,0.06923434988626823
0.007236322776613226,0.0006012025036072144,0.08709938334112914,0.08308121709968716
0.0073341109208917826,1e-10,537891.8299994412,1.363491786238769e-08
0.0073341109208917826,0.0001002005006012024,0.5368155116711927,0.013662255954675231
0.0073341109208917826,0.00020040090120240482,0.2684078897709999,0.027324498274432604
0.0073341109208917826,0.0003006013018036072,0.17893862294410945,0.04098674059418997
0.0073341109208917826,0.0004008017024048096,0.13420397836937592,0.05464898291394734
0.0073341109208917826,0.0005010021030060121,0.10736318805292247,0.06831122523370473
0.0073341109208917826,0.0006012025036072144,0.08946932635378108,0.08197346755346208
0.00743189906517034,1e-10,552331.2371487977,1.3455511050822914e-08
0.00743189906517034,0.0001002005006012024,0.5512260256533786,0.01348248943137467
0.00743189906517034,0.00020040090120240482,0.2756131503575143,0.026964965407238292
0.00743189906517034,0.0003006013018036072,0.18374213080076882,0.040447441383101905
0.00743189906517034,0.0004008017024048096,0.13780660956148919,0.05392991735896553
0.00743189906517034,0.0005010021030060121,0.1102452931504301,0.06741239333482917
0.00743189906517034,0.0006012025036072144,0.09187108068160244,0.08089486931069277
0.007529687209448898,1e-10,566961.8947213833,1.3280764156379753e-08
0.007529687209448898,0.0001002005006012024,0.5658274073678429,0.013307392168357567
0.007529687209448898,0.00020040090120240482,0.28291384485778936,0.02661477105595098
0.007529687209448898,0.0003006013018036072,0.18860926127718447,0.039922149943544386
0.007529687209448898,0.0004008017024048096,0.14145695772238812,0.053229528831137796
0.007529687209448898,0.0005010021030060121,0.1131655718248711,0.06653690771873122
0.007529687209448898,0.0006012025036072144,0.0943046463245932,0.07984428660632462
0.007627475353727454,1e-10,581783.8027171976,1.3110497951478955e-08
0.007627475353727454,0.0001002005006012024,0.580619656814585,0.013136784578692298
0.007627475353727454,0.00020040090120240482,0.29030997327182484,0.026273556046886647
0.007627475353727454,0.0003006013018036072,0.19354001437335633,0.03941032751508099
0.007627475353727454,0.0004008017024048096,0.14515502285207263,0.05254709898327534
0.007627475353727454,0.0005010021030060121,0.11612402407624546,0.0656838704514697
0.007627475353727454,0.0006012025036072144,0.09677002328275337,0.07882064191966404
0.007725263498006011,1e-10,596796.9611362406,1.294454228335529e-08
0.007725263498006011,0.0001002005006012024,0.5956027739936053,0.012970496168456316
0.007725263498006011,0.00020040090120240482,0.2978015355996209,0.02594097939237035
0.007725263498006011,0.0003006013018036072,0.19853439008928445,0.03891146261628438
0.007725263498006011,0.0004008017024048096,0.14890080495054284,0.05188194584019842
0.007725263498006011,0.0005010021030060121,0.1191206499045532,0.06485242906411245
0.007725263498006011,0.0006012025036072144,0.09926721155608294,0.07782291228802649
0.007823051642284569,1e-10,612001.3699785128,1.278273550688168e-08
0.007823051642284569,0.0001002005006012024,0.6107767589049039,0.012808364968423091
0.007823051642284569,0.00020040090120240482,0.30538853184117754,0.02561671715411068
0.007823051642284569,0.0003006013018036072,0.20359238842496885,0.03842506933979826
0.007823051642284569,0.0004008017024048096,0.1526943040177987,0.051233421525485844
0.007823051642284569,0.0005010021030060121,0.12215544930979436,0.06404177371117344
0.007823051642284569,0.0006012025036072144,0.10179621114458193,0.07685012589686102
0.007920839786563126,1e-10,627397.029244014,1.2624923959406364e-08
0.007920839786563126,0.0001002005006012024,0.6261416115484808,0.012650237007846319
0.007920839786563126,0.00020040090120240482,0.3130709619964948,0.02530046139076868
0.007920839786563126,0.0003006013018036072,0.20871400938040957,0.03795068577369104
0.007920839786563126,0.0004008017024048096,0.15653552005384028,0.0506009101566134
0.007920839786563126,0.0005010021030060121,0.12522842229196893,0.06325113453953578
0.007920839786563126,0.0006012025036072144,0.10435702204825037,0.07590135892245813
0.008018627930841684,1e-10,642983.9389327437,1.247096147401659e-08
0.008018627930841684,0.0001002005006012024,0.6416973319243356,0.012495965826747713
0.008018627930841684,0.00020040090120240482,0.3208488260655726,0.024991919182533955
0.008018627930841684,0.0003006013018036072,0.21389925295560647,0.037487872538320186
0.008018627930841684,0.0004008017024048096,0.16042445305866743,0.04998382589410643
0.008018627930841684,0.0005010021030060121,0.12833956885107684,0.06247977924989268
0.008018627930841684,0.0006012025036072144,0.10694964426708817,0.07497573260567891
0.00811641607512024,1e-10,658762.0990447024,1.2320708927988093e-08
0.00811641607512024,0.0001002005006012024,0.6574439200324687,0.012345412023461106
0.00811641607512024,0.00020040090120240482,0.3287221240484108,0.024690811726213287
0.00811641607512024,0.0003006013018036072,0.2191481191505596,0.03703621142896546
0.00811641607512024,0.0004008017024048096,0.16436110303228024,0.04938161113171764
0.00811641607512024,0.0005010021030060121,0.1314888889871181,0.061727010834469825
0.00811641607512024,0.0006012025036072144,0.10957407780109538,0.074072410537222
0.00811641607512024,0.0007014029042084169,0.09392064034695755,0.08641781023997418
0.008214204219398797,1e-10,674731.50957989,1.2174033823488147e-08
0.008214204219398797,0.0001002005006012024,0.6733813758728798,0.012198442834494824
0.008214204219398797,0.00020040090120240482,0.3366908559450097,0.024396873494955826
0.008214204219398797,0.0003006013018036072,0.22446060796526907,0.03659530415541682
0.008214204219398797,0.0004008017024048096,0.16834546997467872,0.04879373481587782
0.008214204219398797,0.0005010021030060121,0.1346763827000928,0.06099216547633884
0.008214204219398797,0.0006012025036072144,0.11223032265027201,0.07319059613679983
0.008214204219398797,0.0007014029042084169,0.09619742170035246,0.08538902679726083
0.008311992363677355,1e-10,690892.1705383065,1.203080989787609e-08
0.008311992363677355,0.0001002005006012024,0.6895096994455693,0.01205493174405085
0.008311992363677355,0.00020040090120240482,0.34475502175536915,0.024109851457291807
0.008311992363677355,0.0003006013018036072,0.2298367193997348,0.03616477117053275
0.008311992363677355,0.0004008017024048096,0.1723775538858629,0.04821969088377371
0.008311992363677355,0.0005010021030060121,0.13790204999000089,0.06027461059701467
0.008311992363677355,0.0006012025036072144,0.11491837881461807,0.07232953031025562
0.008311992363677355,0.0007014029042084169,0.09850146989596907,0.08438445002349657
0.00840978050795591,1e-10,707244.0819199517,1.1890916761192154e-08
0.00840978050795591,0.0001002005006012024,0.7058288907505367,0.01191475812078682
0.00840978050795591,0.00020040090120240482,0.35291462147948904,0.023829504350656883
0.00840978050795591,0.0003006013018036072,0.2352764534539567,0.03574425058052694
0.00840978050795591,0.0004008017024048096,0.17645735476583266,0.047658996810397
0.00840978050795591,0.0005010021030060121,0.1411658908568423,0.05957374304026707
0.00840978050795591,0.0006012025036072144,0.1176382462941335,0.07148848927013712
0.00840978050795591,0.0007014029042084169,0.10083278493380735,0.08340323550000718
0.008507568652234468,1e-10,723787.243724826,1.1754239558647057e-08
0.008507568652234468,0.0001002005006012024,0.7223389497877823,0.011777806879628913
0.008507568652234468,0.00020040090120240482,0.36116965511736954,0.023555602005018272
0.008507568652234468,0.0003006013018036072,0.24077981012793492,0.03533339713040762
0.008507568652234468,0.0004008017024048096,0.1805848726145881,0.04711119225579698
0.008507568652234468,0.0005010021030060121,0.14446790530061715,0.05888898738118634
0.008507568652234468,0.0006012025036072144,0.12038992508881836,0.0706667825065757
0.008507568652234468,0.0007014029042084169,0.10319136681386734,0.08244457763196505
0.008605356796513025,1e-10,740521.6559529292,1.1620668656123704e-08
0.008605356796513025,0.0001002005006012024,0.7390398765573063,0.011643968166642971
0.008605356796513025,0.00020040090120240482,0.3695201226690107,0.023287924712617286
0.008605356796513025,0.0003006013018036072,0.24634678942166943,0.0349318812585916
0.008605356796513025,0.0004008017024048096,0.18476010743212926,0.046575837804565916
0.008605356796513025,0.0005010021030060121,0.1478080933213254,0.05821979435054024
0.008605356796513025,0.0006012025036072144,0.12317341519867266,0.06986375089651455
0.008605356796513025,0.0007014029042084169,0.10557721553614903,0.08150770744248886
0.008703144940791583,1e-10,757447.3186042613,1.1490099346880995e-08
0.008703144940791583,0.0001002005006012024,0.7559316710591084,0.011513137065150244
0.008703144940791583,0.00020040090120240482,0.3779660241344124,0.023026262640201144
0.008703144940791583,0.0003006013018036072,0.25197739133516023,0.034539388215252036
0.008703144940791583,0.0004008017024048096,0.18898305921845604,0.04605251379030294
0.008703144940791583,0.0005010021030060121,0.15118645491896704,0.057565639365353846
0.008703144940791583,0.0006012025036072144,0.12598871662369637,0.06907876494040473
0.008703144940791583,0.0007014029042084169,0.10799033110065243,0.08059189051545564
0.00880093308507014,1e-10,774564.2316788222,1.1362431577810711e-08
0.00880093308507014,0.0001002005006012024,0.7730143332931886,0.011385213321435432
0.00880093308507014,0.00020040090120240482,0.38650735951357457,0.02277041528043929
0.00880093308507014,0.0003006013018036072,0.25767161586840726,0.03415561723944314
0.00880093308507014,0.0004008017024048096,0.19325372797356846,0.045540819198447
0.00880093308507014,0.0005010021030060121,0.15460299009354203,0.05692602115745086
0.00880093308507014,0.0006012025036072144,0.12883582936388946,0.06831122311645471
0.00880093308507014,0.0007014029042084169,0.11043071350737749,0.07969642507545857
0.008898721229348696,1e-10,791872.3951766117,1.1237569693743409e-08
0.008898721229348696,0.0001002005006012024,0.7902878632595467,0.011260101088539903
0.008898721229348696,0.00020040090120240482,0.3951441288064972,0.022520190939510114
0.008898721229348696,0.0003006013018036072,0.2634294630214104,0.033780280790480316
0.008898721229348696,0.0004008017024048096,0.1975721136974665,0.045040370641450535
0.008898721229348696,0.0005010021030060121,0.1580576988450504,0.056300460492420754
0.008898721229348696,0.0006012025036072144,0.13171475341925193,0.06756055034339095
0.008898721229348696,0.0007014029042084169,0.11289836275632421,0.07882064019436116
0.008996509373627254,1e-10,809371.8090976304,1.1115422198430006e-08
0.008996509373627254,0.0001002005006012024,0.8077522609581833,0.011137708686764043
0.008996509373627254,0.00020040090120240482,0.4038763320131806,0.02227540625810589
0.008996509373627254,0.0003006013018036072,0.26925093279416995,0.033413103829447725
0.008996509373627254,0.0004008017024048096,0.20193821639015025,0.044550801400789576
0.008996509373627254,0.0005010021030060121,0.16155058117349216,0.05568849897213143
0.008996509373627254,0.0006012025036072144,0.13462548878978386,0.06682619654347327
0.008996509373627254,0.0007014029042084169,0.11539327884749268,0.07796389411481511
0.009094297517905811,1e-10,827062.473441878,1.099590153094392e-08
0.009094297517905811,0.0001002005006012024,0.8254075263890981,0.011017948379621086
0.009094297517905811,0.00020040090120240482,0.41270396913362445,0.022035885763340642
0.009094297517905811,0.0003006013018036072,0.2751360251866858,0.03305382314706019
0.009094297517905811,0.0004008017024048096,0.20635203605161967,0.044071760530779755
0.009094297517905811,0.0005010021030060121,0.16508163707886736,0.055089697914499317
0.009094297517905811,0.0006012025036072144,0.1375680354754852,0.06610763529821886
0.009094297517905811,0.0007014029042084169,0.11791546178088284,0.07712557268193843
0.009192085662184367,1e-10,844944.3882093541,1.0878923856355408e-08
0.009192085662184367,0.0001002005006012024,0.8432536595522906,0.01090073616409175
0.009192085662184367,0.00020040090120240482,0.42162704016782876,0.021801461449259648
0.009192085662184367,0.0003006013018036072,0.2810847401989578,0.032702186734427534
0.009192085662184367,0.0004008017024048096,0.21081357268187464,0.04360291201959544
0.009192085662184367,0.0005010021030060121,0.16865086656117584,0.05450363730476334
0.009192085662184367,0.0006012025036072144,0.14054239347635591,0.06540436258993122
0.009192085662184367,0.0007014029042084169,0.12046491155649464,0.07630508787509913
0.009289873806462925,1e-10,863017.5534000595,1.0764408869626457e-08
0.009289873806462925,0.0001002005006012024,0.8612906604477617,0.010785991574125943
0.009289873806462925,0.00020040090120240482,0.4306455451157938,0.021571972383843018
0.009289873806462925,0.0003006013018036072,0.2870970778309861,0.032357953193560086
0.009289873806462925,0.0004008017024048096,0.21532282628091537,0.04314393400327716
0.009289873806462925,0.0005010021030060121,0.1722582696204178,0.053929914812994244
0.009289873806462925,0.0006012025036072144,0.14354856279239608,0.06471589562271131
0.009289873806462925,0.0007014029042084169,0.12304162817432818,0.07550187643242838
0.009387661950741482,1e-10,881281.9690139936,1.065227961176228e-08
0.009387661950741482,0.0001002005006012024,0.8795185290755108,0.010673637496425624
0.009387661950741482,0.00020040090120240482,0.4397594839775193,0.021347264340571638
0.009387661950741482,0.0003006013018036072,0.2931730380827707,0.03202089118471765
0.009387661950741482,0.0004008017024048096,0.2198797968487417,0.04269451802886366
0.009387661950741482,0.0005010021030060121,0.17590384625659308,0.05336814487300968
0.009387661950741482,0.0006012025036072144,0.14658654342360564,0.06404177171715568
0.009387661950741482,0.0007014029042084169,0.1256456116343834,0.0747153985613017
0.009387661950741482,0.0008016033048096193,0.10993991213937149,0.08538902540544771
0.00948545009502004,1e-10,899737.6350511569,1.0542462297334847e-08
0.00948545009502004,0.0001002005006012024,0.8979372654355382,0.010563599997622538
0.00948545009502004,0.00020040090120240482,0.44896885675300546,0.02112718945278278
0.00948545009502004,0.0003006013018036072,0.29931262095431155,0.031690778907943015
0.00948545009502004,0.0004008017024048096,0.22448448438535376,0.04225436836310326
0.00948545009502004,0.0005010021030060121,0.17958759646970182,0.05281795781826351
0.00948545009502004,0.0006012025036072144,0.14965633536998466,0.06338154727342375
0.00948545009502004,0.0007014029042084169,0.12827686193666032,0.073945136728584
0.00948545009502004,0.0008016033048096193,0.11224225619489486,0.08450872618374423
0.009583238239298597,1e-10,918384.5515115488,1.0434886152566218e-08
0.009583238239298597,0.0001002005006012024,0.9165468695278437,0.0104558081620369
0.009583238239298597,0.00020040090120240482,0.4582736634422521,0.020911605889187647
0.009583238239298597,0.0003006013018036072,0.30551582644560865,0.03136740361633839
0.009583238239298597,0.0004008017024048096,0.22913688889075143,0.041823201343489144
0.009583238239298597,0.0005010021030060121,0.18330952025974392,0.052278999070639896
0.009583238239298597,0.0006012025036072144,0.15275793863153303,0.06273479679779063
0.009583238239298597,0.0007014029042084169,0.13093537908115896,0.07319059452494138
0.009583238239298597,0.0008016033048096193,0.1145684587377874,0.08364639225209214
0.009681026383577153,1e-10,937222.7183951692,1.0329483263225015e-08
0.009681026383577153,0.0001002005006012024,0.935347341352427,0.010350193939268882
0.009681026383577153,0.00020040090120240482,0.46767390404525916,0.020700377549054506
0.009681026383577153,0.0003006013018036072,0.31178265455666193,0.03105056115884012
0.009681026383577153,0.0004008017024048096,0.23383701036493468,0.04140074476862574
0.009681026383577153,0.0005010021030060121,0.1870696176267193,0.05175092837841137
0.009681026383577153,0.0006012025036072144,0.1558913532082508,0.06210111198819698
0.009681026383577153,0.0007014029042084169,0.13362116306787922,0.0724512955979826
0.009681026383577153,0.0008016033048096193,0.11691851976804905,0.08280147920776823
0.00977881452785571,1e-10,956252.1357020191,1.0226188431649077e-08
0.00977881452785571,0.0001002005006012024,0.9543386809092889,0.010246692000934624
0.00977881452785571,0.00020040090120240482,0.47716957856202696,0.020493373775680817
0.00977881452785571,0.0003006013018036072,0.31811310528747155,0.030740055550427005
0.00977881452785571,0.0004008017024048096,0.23858484880790368,0.0409867373251732
0.00977881452785571,0.0005010021030060121,0.1908678885706282,0.0512334190999194
0.00977881452785571,0.0006012025036072144,0.159056579100138,0.061480100874665586
0.00977881452785571,0.0007014029042084169,0.1363342138968212,0.07172678264941178
0.00977881452785571,0.0008016033048096193,0.11929243928567995,0.08197346442415798
0.009876602672134268,1e-10,975472.8034320977,1.0124939042261854e-08
0.009876602672134268,0.0001002005006012024,0.9735208881984289,0.010145239605912964
0.009876602672134268,0.00020040090120240482,0.48676068699255526,0.02029046908688689
0.009876602672134268,0.0003006013018036072,0.32450717863803746,0.030435698567860808
0.009876602672134268,0.0004008017024048096,0.24338040421965834,0.04058092804883473
0.009876602672134268,0.0005010021030060121,0.19470433309147045,0.05072615752980866
0.009876602672134268,0.0006012025036072144,0.16225361630719462,0.06087138701078258
0.009876602672134268,0.0007014029042084169,0.1390745315679849,0.0710166164917565
0.009876602672134268,0.0008016033048096193,0.12169021729068,0.08116184597273043
0.009974390816412824,1e-10,994884.7215854048,1.0025674934999576e-08
0.009974390816412824,0.0001002005006012024,0.9928939632198468,0.010045776473518848
0.009974390816412824,0.00020040090120240482,0.49644722933684404,0.02009154292136276
0.009974390816412824,0.0003006013018036072,0.33096487460835955,0.03013730936920667
0.009974390816412824,0.0004008017024048096,0.24822367660019856,0.040183075817050586
0.009974390816412824,0.0005010021030060121,0.19857895118924604,0.050228842264894505
0.009974390816412824,0.0006012025036072144,0.16548246482942064,0.06027460871273841
0.009974390816412824,0.0007014029042084169,0.14184211608137026,0.07032037516058233
0.009974390816412824,0.0008016033048096193,0.1241118537830492,0.08036614160842624
0.010072178960691382,1e-10,1014487.8901619412,9.928338286111601e-09
0.010072178960691382,0.0001002005006012024,1.012457905973543,0.009948244664064663
0.010072178960691382,0.00020040090120240482,0.5062292055948935,0.019896479399791042
0.010072178960691382,0.0003006013018036072,0.3374861931984379,0.029844714135517415
0.010072178960691382,0.0004008017024048096,0.25311466594952453,0.039792948871243794
0.010072178960691382,0.0005010021030060121,0.20249174286395505,0.04974118360697018
0.010072178960691382,0.0006012025036072144,0.16874312466681607,0.059689418342696546
0.010072178960691382,0.0007014029042084169,0.14463696743697732,0.06963765307842293
0.010072178960691382,0.0008016033048096193,0.1265573487627876,0.07958588781414931
0.01016996710496994,1e-10,1034282.3091617065,9.832873495837682e-09
0.01016996710496994,0.0001002005006012024,1.0322127164595176,0.009852588466312309
0.01016996710496994,0.00020040090120240482,0.5161066157667035,0.019705167099751123
0.01016996710496994,0.0003006013018036072,0.34407113440827264,0.029557745733189932
0.01016996710496994,0.0004008017024048096,0.25805337226763614,0.039410324366628745
0.01016996710496994,0.0005010021030060121,0.20644270811559748,0.04926290300006757
0.01016996710496994,0.0006012025036072144,0.17203559581938094,0.05911548163350637
0.01016996710496994,0.0007014029042084169,0.14745908563480611,0.06896806026694519
0.01016996710496994,0.0008016033048096193,0.12902670222989518,0.078820638900384
0.010267755249248497,1e-10,1054267.9785847005,9.739227082503653e-09
0.010267755249248497,0.0001002005006012024,1.0521583946777702,0.00975875429135654
0.010267755249248497,0.00020040090120240482,0.526079459852274,0.019517498843485998
0.010267755249248497,0.0003006013018036072,0.3507196982378636,0.02927624339561545
0.010267755249248497,0.0004008017024048096,0.26303979555453344,0.03903498794774491
0.010267755249248497,0.0005010021030060121,0.21043184694417327,0.04879373249987438
0.010267755249248497,0.0006012025036072144,0.17535987828711522,0.05855247705200382
0.010267755249248497,0.0007014029042084169,0.1503084706748566,0.06831122160413329
0.010267755249248497,0.0008016033048096193,0.13151991418437192,0.07806996615626274
0.010365543393527054,1e-10,1074444.8984309237,9.64734758261171e-09
0.010365543393527054,0.0001002005006012024,1.072294940628301,0.009666690572514932
0.010365543393527054,0.00020040090120240482,0.5361477378516052,0.019333371497682283
0.010365543393527054,0.0003006013018036072,0.35743188468721077,0.029000052422849625
0.010365543393527054,0.0004008017024048096,0.2680739358102164,0.03866673334801698
0.010365543393527054,0.0005010021030060121,0.21445915934968246,0.048333414273184334
0.010365543393527054,0.0006012025036072144,0.1787159720700189,0.05800009519835168
0.010365543393527054,0.0007014029042084169,0.15318512255712874,0.06766677612351903
0.010365543393527054,0.0008016033048096193,0.13403698462621785,0.07733345704868638
0.01046333153780561,1e-10,1094813.068700375,9.55718545653311e-09
0.01046333153780561,0.0001002005006012024,1.0926223543111095,0.009576347670831488
0.01046333153780561,0.00020040090120240482,0.5463114497646966,0.01915268578447752
0.01046333153780561,0.0003006013018036072,0.3642076937563141,0.028729023898123547
0.01046333153780561,0.0004008017024048096,0.2731557930346848,0.03830536201176958
0.01046333153780561,0.0005010021030060121,0.21852464533212493,0.04788170012541562
0.01046333153780561,0.0006012025036072144,0.1821038771680919,0.05745803823906164
0.01046333153780561,0.0007014029042084169,0.15608904128162251,0.06703437635270768
0.01046333153780561,0.0008016033048096193,0.1365779135554329,0.07661071446635372
0.010561119682084168,1e-10,1115372.489393056,9.468692999440156e-09
0.010561119682084168,0.0001002005006012024,1.1131406357261968,0.009487677785830043
0.010561119682084168,0.00020040090120240482,0.5565705955915489,0.018975346102967087
0.010561119682084168,0.0003006013018036072,0.3710471254451739,0.028463014420104127
0.010561119682084168,0.0004008017024048096,0.27828536722793906,0.03795068273724117
0.010561119682084168,0.0005010021030060121,0.2226283048915009,0.04743835105437823
0.010561119682084168,0.0006012025036072144,0.18552359358133444,0.056926019371515264
0.010561119682084168,0.0007014029042084169,0.15902022684833808,0.0664136876886523
0.010561119682084168,0.0008016033048096193,0.13914270097201717,0.07590135600578936
0.010658907826362725,1e-10,1136123.1605089654,9.381824257141012e-09
0.010658907826362725,0.0001002005006012024,1.1338497848735618,0.009400634871180332
0.010658907826362725,0.00020040090120240482,0.5669251753321616,0.01880126036053641
0.010658907826362725,0.0003006013018036072,0.3779501797537898,0.028201885849892482
0.010658907826362725,0.0004008017024048096,0.28346265838997897,0.03760251133924856
0.010658907826362725,0.0005010021030060121,0.2267701380278102,0.047003136828604644
0.010658907826362725,0.0006012025036072144,0.18897512130974634,0.056403762317960716
0.010658907826362725,0.0007014029042084169,0.1619786792572753,0.06580438780731679
0.010658907826362725,0.0008016033048096193,0.1417313468759706,0.07520501329667287
0.010756695970641281,1e-10,1157065.0820481037,9.296534946505354e-09
0.010756695970641281,0.0001002005006012024,1.154749801753205,0.00931517455496409
0.010756695970641281,0.00020040090120240482,0.5773751889865347,0.018630339813393234
0.010756695970641281,0.0003006013018036072,0.3849168566821619,0.02794550507182237
0.010756695970641281,0.0004008017024048096,0.2886876665208044,0.037260670330251516
0.010756695970641281,0.0005010021030060121,0.23095014474105285,0.04657583558868066
0.010756695970641281,0.0006012025036072144,0.1924584603533276,0.0558910008471098
0.010756695970641281,0.0007014029042084169,0.1649643985084342,0.06520616610553895
0.010756695970641281,0.0008016033048096193,0.14434385126729318,0.07452133136396809
0.010756695970641281,0.0009018037054108217,0.12830564734938588,0.08383649662239724
0.010854484114919839,1e-10,1178198.254010471,9.212782380191315e-09
0.010854484114919839,0.0001002005006012024,1.1758406863651267,0.009231254064251066
0.010854484114919839,0.00020040090120240482,0.5879206365546688,0.018462498915719754
0.010854484114919839,0.0003006013018036072,0.39194715623029047,0.027693743767188438
0.010854484114919839,0.0004008017024048096,0.29396039162041565,0.036924988618657124
0.010854484114919839,0.0005010021030060121,0.23516832503122898,0.04615623347012582
0.010854484114919839,0.0006012025036072144,0.19597361071207833,0.0553874783215945
0.010854484114919839,0.0007014029042084169,0.16797738460181483,0.06461872317306319
0.010854484114919839,0.0008016033048096193,0.14698021414598497,0.07384996802453188
0.010854484114919839,0.0009018037054108217,0.13064908105181675,0.08308121287600057
0.010952272259198396,1e-10,1199522.6763960675,9.13052539540494e-09
0.010952272259198396,0.0001002005006012024,1.1971224387093264,0.009148832153715666
0.010952272259198396,0.00020040090120240482,0.5985615180365632,0.018297655176905937
0.010952272259198396,0.0003006013018036072,0.3990410783981752,0.027446478200096203
0.010952272259198396,0.0004008017024048096,0.2992808336888125,0.036595301223286476
0.010952272259198396,0.0005010021030060121,0.2394246788983385,0.04574412424647675
0.010952272259198396,0.0006012025036072144,0.1995205723859985,0.054892947269667015
0.010952272259198396,0.0007014029042084169,0.17101763753741714,0.06404177029285729
0.010952272259198396,0.0008016033048096193,0.14964043551204595,0.07319059331604756
0.010952272259198396,0.0009018037054108217,0.1330137222988697,0.08233941633923784
0.011050060403476954,1e-10,1221038.3492048925,9.04972428644232e-09
0.011050060403476954,0.0001002005006012024,1.2185950587858043,0.009067869038043797
0.011050060403476954,0.00020040090120240482,0.6092978334322181,0.018135729026363307
0.011050060403476954,0.0003006013018036072,0.40619862318581623,0.02720358901468281
0.011050060403476954,0.0004008017024048096,0.304648992725995,0.036271449003002325
0.011050060403476954,0.0005010021030060121,0.24371920634238134,0.04533930899132184
0.011050060403476954,0.0006012025036072144,0.20309934537508803,0.054407168979641346
0.011050060403476954,0.0007014029042084169,0.17408515731524113,0.06347502896796085
0.011050060403476954,0.0008016033048096193,0.15232451536547606,0.07254288895628037
0.011050060403476954,0.0009018037054108217,0.13539957109054476,0.08161074894459988
0.011147848547755511,1e-10,1242745.2724369464,8.970340740782115e-09
0.011147848547755511,0.0001002005006012024,1.2402585465945601,0.008988326327897287
0.011147848547755511,0.00020040090120240482,0.6201295827416337,0.017976643685453837
0.011147848547755511,0.0003006013018036072,0.4134197905932135,0.02696496104301038
0.011147848547755511,0.0004008017024048096,0.31006486873196315,0.035953278400566925
0.011147848547755511,0.0005010021030060121,0.24805190736335758,0.04494159575812348
0.011147848547755511,0.0006012025036072144,0.20670992967934698,0.053929913115680024
0.011147848547755511,0.0007014029042084169,0.17717994393528683,0.06291823047323657
0.011147848547755511,0.0008016033048096193,0.15503245370627539,0.07190654783079312
0.011147848547755511,0.0009018037054108217,0.13780662742684197,0.08089486518834967
0.011245636692034067,1e-10,1264643.446092229,8.892337778512423e-09
0.011245636692034067,0.0001002005006012024,1.2621129021355944,0.008910166969219287
0.011245636692034067,0.00020040090120240482,0.6310567659648096,0.017820325046100798
0.011245636692034067,0.0003006013018036072,0.420704580620367,0.026730483122982304
0.011245636692034067,0.0004008017024048096,0.31552846170671695,0.035640641199863814
0.011245636692034067,0.0005010021030060121,0.2524227819612672,0.04455079927674533
0.011245636692034067,0.0006012025036072144,0.21035232529877534,0.05346095735362684
0.011245636692034067,0.0007014029042084169,0.18030199739755418,0.06237111543050835
0.011245636692034067,0.0008016033048096193,0.15776425053444385,0.07128127350738986
0.011245636692034067,0.0009018037054108217,0.14023489130776123,0.08019143158427137
0.011343424836312625,1e-10,1286732.8701707409,8.815679694890694e-09
0.011343424836312625,0.0001002005006012024,1.2841581254089065,0.008833355185679029
0.011343424836312625,0.00020040090120240482,0.6420793831017463,0.017666701555678364
0.011343424836312625,0.0003006013018036072,0.42805299326727675,0.026500047925677693
0.011343424836312625,0.0004008017024048096,0.3210397716502564,0.03533339429567703
0.011343424836312625,0.0005010021030060121,0.2568318301361102,0.04416674066567637
0.011343424836312625,0.0006012025036072144,0.2140265322333731,0.05300008703567569
0.011343424836312625,0.0007014029042084169,0.18345131770204323,0.06183343340567503
0.011343424836312625,0.0008016033048096193,0.16051990584998146,0.07066677977567437
0.011343424836312625,0.0009018037054108217,0.14268436273330265,0.0795001261456737
0.011441212980591182,1e-10,1309013.5446724817,8.740332005849337e-09
0.011441212980591182,0.0001002005006012024,1.3063942164144973,0.008757856424068152
0.011441212980591182,0.00020040090120240482,0.6531974341524436,0.017515704107804297
0.011441212980591182,0.0003006013018036072,0.43546502853394287,0.02627355179154044
0.011441212980591182,0.0004008017024048096,0.32659879856258156,0.03503139947527659
0.011441212980591182,0.0005010021030060121,0.26127905188788664,0.04378924715901274
0.011441212980591182,0.0006012025036072144,0.21773255048314033,0.05254709484274888
0.011441212980591182,0.0007014029042084169,0.18662790484875405,0.06130494252648502
0.011441212980591182,0.0008016033048096193,0.16329941965288833,0.07006279021022117
0.011441212980591182,0.0009018037054108217,0.1451550417034662,0.07882063789395732
0.011539001124869738,1e-10,1331485.4695974507,8.666261396272192e-09
0.011539001124869738,0.0001002005006012024,1.3288211751523655,0.008683637302473488
0.011539001124869738,0.00020040090120240482,0.6644109191169011,0.017367265938685584
0.011539001124869738,0.0003006013018036072,0.44294068642036505,0.02605089457489767
0.011539001124869738,0.0004008017024048096,0.3322055424436922,0.034734523211109765
0.011539001124869738,0.0005010021030060121,0.26576444721659637,0.04341815184732187
0.011539001124869738,0.0006012025036072144,0.22147038004807687,0.05210178048353395
0.011539001124869738,0.0007014029042084169,0.18983175883768647,0.060785409119746045
0.011539001124869738,0.0008016033048096193,0.16610279194316427,0.06946903775595814
0.011539001124869738,0.0009018037054108217,0.1476469282182518,0.07815266639217024
0.011636789269148295,1e-10,1354148.6449456492,8.59343567087892e-09
0.011636789269148295,0.0001002005006012024,1.3514390016225124,0.008610665561062974
0.011636789269148295,0.00020040090120240482,0.6757198379951195,0.01722132252869028
0.011636789269148295,0.0003006013018036072,0.45047996692654363,0.02583197949631758
0.011636789269148295,0.0004008017024048096,0.3378600032935887,0.03444263646394488
0.011636789269148295,0.0005010021030060121,0.27028801612223957,0.043053293431572194
0.011636789269148295,0.0006012025036072144,0.22524002092818288,0.05166395039919949
0.011636789269148295,0.0007014029042084169,0.19306287966884061,0.0602746073668268
0.011636789269148295,0.0008016033048096193,0.16893002272080945,0.0688852643344541
0.011636789269148295,0.0009018037054108217,0.15016002227765957,0.07749592130208141
0.011734577413426853,1e-10,1377003.0707170763,8.521823707565194e-09
0.011734577413426853,0.0001002005006012024,1.3742476958249372,0.00853891001533227
0.011734577413426853,0.00020040090120240482,0.6871241907870983,0.017077811508840836
0.011734577413426853,0.0003006013018036072,0.45808287005247844,0.025616713002349394
0.011734577413426853,0.0004008017024048096,0.34356218111227077,0.03415561449585796
0.011734577413426853,0.0005010021030060121,0.27484975860481614,0.04269451598936653
0.011734577413426853,0.0006012025036072144,0.2290414731234583,0.051233417482875084
0.011734577413426853,0.0007014029042084169,0.19632126734221647,0.05977231897638365
0.011734577413426853,0.0008016033048096193,0.17178111198582377,0.06831122046989221
0.011734577413426853,0.0009018037054108217,0.1526943238816894,0.07685012196340078
0.01183236555770541,1e-10,1400048.7469117327,8.451395413056566e-09
0.01183236555770541,0.0001002005006012024,1.3972472577596406,0.008468340511669736
0.01183236555770541,0.00020040090120240482,0.6986239774928378,0.01693667257194406
0.01183236555770541,0.0003006013018036072,0.4657493957981696,0.02540500463221838
0.01183236555770541,0.0004008017024048096,0.34931207589973856,0.033873336692492706
0.01183236555770541,0.0005010021030060121,0.2794496746643261,0.042341668752767035
0.01183236555770541,0.0006012025036072144,0.23287473663390315,0.05081000081304135
0.01183236555770541,0.0007014029042084169,0.199606921857814,0.05927833287331568
0.01183236555770541,0.0008016033048096193,0.1746560597382073,0.06774666493359001
0.01183236555770541,0.0009018037054108217,0.15524983303034143,0.07621499699386433
0.011930153701983968,1e-10,1423285.6735296177,8.38212168074332e-09
0.011930153701983968,0.0001002005006012024,1.420437687426622,0.008398927885106728
0.011930153701983968,0.00020040090120240482,0.7102191981123378,0.016797847388091775
0.011930153701983968,0.0003006013018036072,0.473479544163617,0.02519676689107682
0.011930153701983968,0.0004008017024048096,0.35510968765599193,0.033595686394061866
0.011930153701983968,0.0005010021030060121,0.28408776430076943,0.04199460589704692
0.011930153701983968,0.0006012025036072144,0.23673981145951742,0.05039352540003196
0.011930153701983968,0.0007014029042084169,0.20291984321563325,0.05879244490301701
0.011930153701983968,0.0008016033048096193,0.17755486597796002,0.06719136440600205
0.011930153701983968,0.0009018037054108217,0.1578265497236155,0.0755902839089871
0.012027941846262524,1e-10,1446713.8505707313,8.313974350572146e-09
0.012027941846262524,0.0001002005006012024,1.4438189848258811,0.008330643919128857
0.012027941846262524,0.00020040090120240482,0.7219098526455981,0.016661279524283364
0.012027941846262524,0.0003006013018036072,0.4812733151488205,0.024991915129437863
0.012027941846262524,0.0004008017024048096,0.36095501638103095,0.03332255073459237
0.012027941846262524,0.0005010021030060121,0.2887640275141461,0.041653186339746885
0.012027941846262524,0.0006012025036072144,0.240636697600301,0.049983821944901384
0.012027941846262524,0.0007014029042084169,0.20626003141567414,0.05831445755005589
0.012027941846262524,0.0008016033048096193,0.18047753070508182,0.0666450931552104
0.012027941846262524,0.0009018037054108217,0.1604244739615117,0.07497572876036492
0.012125729990541081,1e-10,1470333.2780350742,8.246926170878538e-09
0.012125729990541081,0.0001002005006012024,1.4673911499574188,0.008263461307431866
0.012125729990541081,0.00020040090120240482,0.7336959410926193,0.016526914367937563
0.012125729990541081,0.0003006013018036072,0.4891307087537804,0.024790367428443257
0.012125729990541081,0.0004008017024048096,0.36684806207485565,0.033053820488948955
0.012125729990541081,0.0005010021030060121,0.29347846430445623,0.04131727354945466
0.012125729990541081,0.0006012025036072144,0.2445653950562541,0.049580726609960345
0.012125729990541081,0.0007014029042084169,0.20962748645793677,0.057844179670466046
0.012125729990541081,0.0008016033048096193,0.1834240539195729,0.06610763273097174
0.012125729990541081,0.0009018037054108217,0.16304360574403004,0.07437108579147744
0.012125729990541081,0.0010020041060120242,0.14673924679680206,0.08263453885198314
0.012223518134819639,1e-10,1494143.955922646,8.18095076205125e-09
0.012223518134819639,0.0001002005006012024,1.4911541828212347,0.008197353617513236
0.012223518134819639,0.00020040090120240482,0.7455774634534009,0.01639469905407571
0.012223518134819639,0.0003006013018036072,0.4970517249784966,0.02459204449063818
0.012223518134819639,0.0004008017024048096,0.37278882473746605,0.03278938992720065
0.012223518134819639,0.0005010021030060121,0.29823107467169974,0.040986735363763134
0.012223518134819639,0.0006012025036072144,0.24852590382737658,0.0491840808003256
0.012223518134819639,0.0007014029042084169,0.21302220834242108,0.05738142623688808
0.012223518134819639,0.0008016033048096193,0.1863944356214331,0.06557877167345055
0.012223518134819639,0.0009018037054108217,0.16568394507117049,0.07377611711001303
0.012223518134819639,0.0010020041060120242,0.14911555221757905,0.0819734625465755
0.012321306279098195,1e-10,1518145.884233446,8.116022581927009e-09
0.012321306279098195,0.0001002005006012024,1.5151080834173283,0.008132295255997495
0.012321306279098195,0.00020040090120240482,0.757554419727943,0.01626458239597241
0.012321306279098195,0.0003006013018036072,0.5050363638229689,0.02439686953594732
0.012321306279098195,0.0004008017024048096,0.378777304368862,0.03252915667592224
0.012321306279098195,0.0005010021030060121,0.30302185861587655,0.040661443815897154
0.012321306279098195,0.0006012025036072144,0.2525182239136684,0.04879373095587206
0.012321306279098195,0.0007014029042084169,0.21644419706912704,0.05692601809584698
0.012321306279098195,0.0008016033048096193,0.18938867581066243,0.0650583052358219
0.012321306279098195,0.0009018037054108217,0.168345491942933,0.07319059237579681
0.012321306279098195,0.0010020041060120242,0.15151094442872753,0.08132287951577173
0.012419094423376752,1e-10,1542339.0629674753,8.052116892820113e-09
0.012419094423376752,0.0001002005006012024,1.5392528517457003,0.008068261435599737
0.012419094423376752,0.00020040090120240482,0.7696268099162457,0.01613651481908258
0.012419094423376752,0.0003006013018036072,0.5130846252871974,0.02420476820256542
0.012419094423376752,0.0004008017024048096,0.38481350096904365,0.03227302158604827
0.012419094423376752,0.0005010021030060121,0.3078508161369868,0.04034127496953112
0.012419094423376752,0.0006012025036072144,0.2565423553151297,0.04840952835301396
0.012419094423376752,0.0007014029042084169,0.2198934526380547,0.056477781736496806
0.012419094423376752,0.0008016033048096193,0.19240677448726098,0.06454603511997965
0.012419094423376752,0.0009018037054108217,0.17102824635931765,0.07261428850346249
0.012419094423376752,0.0010020041060120242,0.15392542343024762,0.08068254188694535
0.01251688256765531,1e-10,1566723.4921247337,7.989209730097534e-09
0.01251688256765531,0.0001002005006012024,1.5635884878063504,0.0080052281436377
0.01251688256765531,0.00020040090120240482,0.781794634018309,0.01601044829806567
0.01251688256765531,0.0003006013018036072,0.5211965093711823,0.024015668452493637
0.01251688256765531,0.0004008017024048096,0.39089741453801097,0.03202088860692161
0.01251688256765531,0.0005010021030060121,0.31271794723503044,0.040026108761349585
0.01251688256765531,0.0006012025036072144,0.2605982980317604,0.04803132891577755
0.01251688256765531,0.0007014029042084169,0.2233699750492041,0.05603654907020552
0.01251688256765531,0.0008016033048096193,0.1954487316512287,0.06404176922463349
0.01251688256765531,0.0009018037054108217,0.17373220832032443,0.07204698937906147
0.01251688256765531,0.0010020041060120242,0.15635898922213926,0.08005220953348943
0.012614670711933867,1e-10,1591299.171705221,7.927277872215635e-09
0.012614670711933867,0.0001002005006012024,1.5881149915992792,0.007943172112008413
0.012614670711933867,0.00020040090120240482,0.7940578920341329,0.015886336296738954
0.012614670711933867,0.0003006013018036072,0.5293720160749237,0.02382950048146949
0.012614670711933867,0.0004008017024048096,0.39702904507576403,0.03177266466620003
0.012614670711933867,0.0005010021030060121,0.3176232519100075,0.03971582885093058
0.012614670711933867,0.0006012025036072144,0.26468605206356055,0.04765899303566112
0.012614670711933867,0.0007014029042084169,0.22687376430257522,0.055602157220391656
0.012614670711933867,0.0008016033048096193,0.19851454730256562,0.0635453214051222
0.012614670711933867,0.0009018037054108217,0.17645737782595336,0.07148848558985274
0.012614670711933867,0.0010020041060120242,0.15881164180440246,0.07943164977458328
0.012712458856212425,1e-10,1616066.1017089372,7.86629881213981e-09
0.012712458856212425,0.0001002005006012024,1.6128323631244856,0.007882070788550527
0.012712458856212425,0.00020040090120240482,0.8064165839637174,0.015764133710802243
0.012712458856212425,0.0003006013018036072,0.5376111453984211,0.023646196633053954
0.012712458856212425,0.0004008017024048096,0.4032083925823027,0.03152825955530567
0.012712458856212425,0.0005010021030060121,0.32256673016191795,0.039410322477557394
0.012712458856212425,0.0006012025036072144,0.2688056174105301,0.0472923853998091
0.012712458856212425,0.0007014029042084169,0.230404820398168,0.05517444832206082
0.012712458856212425,0.0008016033048096193,0.2016042214412717,0.06305651124431254
0.012712458856212425,0.0009018037054108217,0.17920375487620438,0.07093857416656425
0.012712458856212425,0.0010020041060120242,0.16128338117703725,0.07882063708881597
0.01281024700049098,1e-10,1641024.2821358815,7.806250730073143e-09
0.01281024700049098,0.0001002005006012024,1.6377406023819698,0.007821902309718305
0.01281024700049098,0.00020040090120240482,0.8188707098070621,0.01564379681318588
0.01281024700049098,0.0003006013018036072,0.5459138973416746,0.023465691316653454
0.01281024700049098,0.0004008017024048096,0.40943545705762685,0.03128758582012103
0.01281024700049098,0.0005010021030060121,0.32754838199076164,0.039109480323588616
0.01281024700049098,0.0006012025036072144,0.27295699407266893,0.046931374827056185
0.01281024700049098,0.0007014029042084169,0.2339631433359824,0.05475326933052376
0.01281024700049098,0.0008016033048096193,0.2047177540673469,0.06257516383399134
0.01281024700049098,0.0009018037054108217,0.18197133947107744,0.07039705833745892
0.01281024700049098,0.0010020041060120242,0.1637742073400435,0.0782189528409265
0.012908035144769538,1e-10,1666173.7129860555,7.747112467424679e-09
0.012908035144769538,0.0001002005006012024,1.662839709371733,0.007762645474497691
0.012908035144769538,0.00020040090120240482,0.8314202695641677,0.015525283201882916
0.012908035144769538,0.0003006013018036072,0.5542802719046847,0.023287920929268135
0.012908035144769538,0.0004008017024048096,0.41571023850173683,0.031050558656653363
0.012908035144769538,0.0005010021030060121,0.33256820739653886,0.038813196384038594
0.012908035144769538,0.0006012025036072144,0.2771401820499773,0.04657583411142381
0.012908035144769538,0.0007014029042084169,0.23754873311601857,0.054338471838809035
0.012908035144769538,0.0008016033048096193,0.20785514518079135,0.06210110956619426
0.012908035144769538,0.0009018037054108217,0.1847601316105727,0.06986374729357948
0.012908035144769538,0.0010020041060120242,0.16628412029342135,0.07762638502096471
0.013005823289048096,1e-10,1691514.3942594582,7.68886350195206e-09
0.013005823289048096,0.0001002005006012024,1.688129684093774,0.007704279719499106
0.013005823289048096,0.00020040090120240482,0.8440652632350338,0.01540855175013471
0.013005823289048096,0.0003006013018036072,0.5627102690874509,0.02311282378077031
0.013005823289048096,0.0004008017024048096,0.4220327369146325,0.030817095811405917
0.013005823289048096,0.0005010021030060121,0.33762620637924945,0.03852136784204153
0.013005823289048096,0.0006012025036072144,0.28135518134245513,0.046225639872677124
0.013005823289048096,0.0007014029042084169,0.24116158973827645,0.053929911903312734
0.013005823289048096,0.0008016033048096193,0.21101639478160494,0.06163418393394834
0.013005823289048096,0.0009018037054108217,0.18757013129469008,0.06933845596458395
0.013005823289048096,0.0010020041060120242,0.16881312003717078,0.07704272799521955
0.013103611433326652,1e-10,1717046.3259560897,7.631483924017175e-09
0.013103611433326652,0.0001002005006012024,1.713610526548093,0.007646785095165494
0.013103611433326652,0.00020040090120240482,0.8568056908196603,0.015293562558847066
0.013103611433326652,0.0003006013018036072,0.5712038888899733,0.022940340022528632
0.013103611433326652,0.0004008017024048096,0.4284029522963137,0.030587117486210205
0.013103611433326652,0.0005010021030060121,0.34272237893889335,0.03823389494989178
0.013103611433326652,0.0006012025036072144,0.2856019919501022,0.045880672413573347
0.013103611433326652,0.0007014029042084169,0.24480171320275593,0.05352744987725492
0.013103611433326652,0.0008016033048096193,0.21420150286978767,0.06117422734093649
0.013103611433326652,0.0009018037054108217,0.1904013385234295,0.06882100480461807
0.013103611433326652,0.0010020041060120242,0.17136120657129172,0.07646778226829964
0.01320139957760521,1e-10,1742769.50807595,7.574954413897108e-09
0.01320139957760521,0.0001002005006012024,1.7392822367346903,0.007590142243037779
0.01320139957760521,0.00020040090120240482,0.8696415523180475,0.015180276911121147
0.01320139957760521,0.0003006013018036072,0.579761131312252,0.022770411579204508
0.01320139957760521,0.0004008017024048096,0.4348208846467806,0.030360546247287876
0.01320139957760521,0.0005010021030060121,0.34785672507547066,0.03795068091537125
0.01320139957760521,0.0006012025036072144,0.2898806138729188,0.04554081558345461
0.01320139957760521,0.0007014029042084169,0.24846910350945717,0.05313095025153798
0.01320139957760521,0.0008016033048096193,0.21741046944533962,0.060721084919621346
0.01320139957760521,0.0009018037054108217,0.19325375329679106,0.06831121958770471
0.01320139957760521,0.0010020041060120242,0.17392837989578422,0.07590135425578809
0.013299187721883767,1e-10,1768683.9406190393,7.519256220096085e-09
0.013299187721883767,0.0001002005006012024,1.765144814653566,0.0075343323740233266
0.013299187721883767,0.00020040090120240482,0.8825728477301953,0.015068657228790435
0.013299187721883767,0.0003006013018036072,0.588381996354287,0.02260298208355754
0.013299187721883767,0.0004008017024048096,0.4412865339660332,0.030137306938324646
0.013299187721883767,0.0005010021030060121,0.3530292447889814,0.03767163179309176
0.013299187721883767,0.0006012025036072144,0.2941910471109048,0.04520595664785886
0.013299187721883767,0.0007014029042084169,0.2521637606583801,0.05274028150262597
0.013299187721883767,0.0008016033048096193,0.22064329450826073,0.06027460635739308
0.013299187721883767,0.0009018037054108217,0.19612737561477478,0.0678089312121602
0.013299187721883767,0.0010020041060120242,0.17651464001064832,0.0753432560669273
0.013396975866162324,1e-10,1794789.6235853573,7.464371138607256e-09
0.013396975866162324,0.0001002005006012024,1.7911982603047196,0.007479337247616142
0.013396975866162324,0.00020040090120240482,0.8955995770561035,0.014958667030861147
0.013396975866162324,0.0003006013018036072,0.5970664840160783,0.02243799681410615
0.013396975866162324,0.0004008017024048096,0.4477999002540714,0.029917326597351152
0.013396975866162324,0.0005010021030060121,0.35823993807942556,0.037396656380596166
0.013396975866162324,0.0006012025036072144,0.2985332916640602,0.04487598616384116
0.013396975866162324,0.0007014029042084169,0.2558856846495247,0.052355315947086166
0.013396975866162324,0.0008016033048096193,0.22389997805855102,0.059834645730331176
0.013396975866162324,0.0009018037054108217,0.1990222054773806,0.06731397551357618
0.013396975866162324,0.0010020041060120242,0.17911998691588393,0.07479330529682118
0.013494764010440882,1e-10,1821086.5569749046,7.410281493076139e-09
0.013494764010440882,0.0001002005006012024,1.8174425736881517,0.007425139152020546
0.013494764010440882,0.00020040090120240482,0.9087217402957725,0.014850270893759602
0.013494764010440882,0.0003006013018036072,0.6058145942976259,0.02227540263549865
0.013494764010440882,0.0004008017024048096,0.4543609835108953,0.029700534377237707
0.013494764010440882,0.0005010021030060121,0.3634888049468031,0.03712566611897677
0.013494764010440882,0.0006012025036072144,0.302907347532385,0.044550797860715814
0.013494764010440882,0.0007014029042084169,0.25963487548289105,0.051975929602454875
0.013494764010440882,0.0008016033048096193,0.2271805200962105,0.05940106134419393
0.013494764010440882,0.0009018037054108217,0.20193824288460852,0.06682619308593299
0.013494764010440882,0.0010020041060120242,0.18174442061149113,0.07425132482767204
0.013494764010440882,0.0011022045066132265,0.1652222020549169,0.08167645656941108
0.013592552154719438,1e-10,1847574.74078768,7.35697011582032e-09
0.013592552154719438,0.0001002005006012024,1.8438777548038612,0.00737172088513282
0.013592552154719438,0.00020040090120240482,0.9219393374492016,0.014743434413295526
0.013592552154719438,0.0003006013018036072,0.6146263271989295,0.02211514794145823
0.013592552154719438,0.0004008017024048096,0.4609697837365047,0.029486861469620936
0.013592552154719438,0.0005010021030060121,0.36877584539111385,0.036858574997783645
0.013592552154719438,0.0006012025036072144,0.3073132147158792,0.04423028852594635
0.013592552154719438,0.0007014029042084169,0.263411333158479,0.05160200205410905
0.013592552154719438,0.0008016033048096193,0.23048492062123907,0.05897371558227176
0.013592552154719438,0.0009018037054108217,0.2048754878364585,0.06634542911043446
0.013592552154719438,0.0010020041060120242,0.1843879410974698,0.07371714263859717
0.013592552154719438,0.0011022045066132265,0.16762540251851926,0.08108885616675987
0.013690340298997995,1e-10,1874254.1750236852,7.304420329662592e-09
0.013690340298997995,0.0001002005006012024,1.8705038036518495,0.007319065736337916
0.013690340298997995,0.00020040090120240482,0.9352523685163917,0.014638124168255502
0.013690340298997995,0.0003006013018036072,0.6235016827199896,0.021957182600173084
0.013690340298997995,0.0004008017024048096,0.4676263009309,0.029276241032090672
0.013690340298997995,0.0005010021030060121,0.37410105941235816,0.03659529946400827
0.013690340298997995,0.0006012025036072144,0.31175089321454286,0.04391435789592585
0.013690340298997995,0.0007014029042084169,0.2672150576762887,0.05123341632784344
0.013690340298997995,0.0008016033048096193,0.2338131796336369,0.058552474759761025
0.013690340298997995,0.0009018037054108217,0.20783394033293068,0.06587153319167861
0.013690340298997995,0.0010020041060120242,0.18705054837382012,0.0731905916235962
0.013690340298997995,0.0011022045066132265,0.17004595460988964,0.08050965005551378
0.013788128443276553,1e-10,1901124.859682919,7.252615930537156e-09
0.013788128443276553,0.0001002005006012024,1.8973207202321158,0.0072671574690807835
0.013788128443276553,0.00020040090120240482,0.9486608334973423,0.01453430768554564
0.013788128443276553,0.0003006013018036072,0.632440660860806,0.021801457902010487
0.013788128443276553,0.0004008017024048096,0.4743305350940809,0.029068608118475343
0.013788128443276553,0.0005010021030060121,0.37946444701053583,0.0363357583349402
0.013788128443276553,0.0006012025036072144,0.3162203830283759,0.04360290855140505
0.013788128443276553,0.0007014029042084169,0.2710460490363201,0.05087005876786991
0.013788128443276553,0.0008016033048096193,0.23716529713340392,0.05813720898433476
0.013788128443276553,0.0009018037054108217,0.21081360037402497,0.06540435920079962
0.013788128443276553,0.0010020041060120242,0.189732242440542,0.07267150941726447
0.013788128443276553,0.0011022045066132265,0.17248385832902796,0.07993865963372933
0.013885916587555109,1e-10,1928186.7947653811,7.2015411708307685e-09
0.013885916587555109,0.0001002005006012024,1.9243285045446599,0.007215980304174122
0.013885916587555109,0.00020040090120240482,0.9621647323920531,0.014431953406807075
0.013885916587555109,0.0003006013018036072,0.6414432616213783,0.021647926509440023
0.013885916587555109,0.0004008017024048096,0.48108248622604727,0.028863899612072978
0.013885916587555109,0.0005010021030060121,0.3848660081856468,0.03607987271470593
0.013885916587555109,0.0006012025036072144,0.3207216841573783,0.04329584581733888
0.013885916587555109,0.0007014029042084169,0.2749043072385731,0.050511818919971835
0.013885916587555109,0.0008016033048096193,0.24054127312054,0.057727792022604786
0.013885916587555109,0.0009018037054108217,0.2138144679597413,0.06494376512523774
0.013885916587555109,0.0010020041060120242,0.19243302329763534,0.0721597382278707
0.013885916587555109,0.0011022045066132265,0.17493911367593412,0.07937571133050364
0.013983704731833666,1e-10,1955439.9802710724,7.151180743422857e-09
0.013983704731833666,0.0001002005006012024,1.9515271565894825,0.00716551890380649
0.013983704731833666,0.00020040090120240482,0.9757640652005247,0.014331030656432238
0.013983704731833666,0.0003006013018036072,0.6505094850017071,0.021496542409057982
0.013983704731833666,0.0004008017024048096,0.48788215432679943,0.02866205416168373
0.013983704731833666,0.0005010021030060121,0.3903057429376912,0.03582756591430948
0.013983704731833666,0.0006012025036072144,0.32525479660155016,0.04299307766693523
0.013983704731833666,0.0007014029042084169,0.27878983228304793,0.05015858941956097
0.013983704731833666,0.0008016033048096193,0.24394110759504534,0.057324101172186726
0.013983704731833666,0.0009018037054108217,0.21683654309007977,0.06448961292481248
0.013983704731833666,0.0010020041060120242,0.19515289094510027,0.07165512467743822
0.013983704731833666,0.0011022045066132265,0.17741172065060828,0.07882063643006396
0.014081492876112224,1e-10,1982884.4161999929,7.101519766390645e-09
0.014081492876112224,0.0001002005006012024,1.9789166763665835,0.007115758356216765
0.014081492876112224,0.00020040090120240482,0.989458831922757,0.014231509610913764
0.014081492876112224,0.0003006013018036072,0.6596393310017923,0.02134726086561076
0.014081492876112224,0.0004008017024048096,0.4947295393963373,0.02846301212030776
0.014081492876112224,0.0005010021030060121,0.39578365126666903,0.03557876337500476
0.014081492876112224,0.0006012025036072144,0.32981972036089147,0.04269451462970176
0.014081492876112224,0.0007014029042084169,0.2827026241697444,0.04981026588439876
0.014081492876112224,0.0008016033048096193,0.24736480055691984,0.05692601713909576
0.014081492876112224,0.0009018037054108217,0.2198798257650404,0.06404176839379276
0.014081492876112224,0.0010020041060120242,0.1978918453829368,0.07115751964848976
0.014081492876112224,0.0011022045066132265,0.17990167925305037,0.07827327090318675
0.014179281020390781,1e-10,2010520.1025521422,7.0525437683471486e-09
0.014179281020390781,0.0001002005006012024,2.0064970638759623,0.007066684161002747
0.014179281020390781,0.00020040090120240482,1.0032490325587498,0.014133361269461726
0.014179281020390781,0.0003006013018036072,0.6688327996216337,0.021200038377920703
0.014179281020390781,0.0004008017024048096,0.5016246414346608,0.028266715486379684
0.014179281020390781,0.0005010021030060121,0.4012997331725803,0.03533339259483867
0.014179281020390781,0.0006012025036072144,0.33441645543540216,0.04240006970329764
0.014179281020390781,0.0007014029042084169,0.28664268289866257,0.04946674681175662
0.014179281020390781,0.0008016033048096193,0.25081235200616353,0.056533423920215604
0.014179281020390781,0.0009018037054108217,0.22294431598462314,0.06360010102867458
0.014179281020390781,0.0010020041060120242,0.20064988661114486,0.07066677813713357
0.014179281020390781,0.0011022045066132265,0.18240898948326037,0.07773345524559254
0.014277069164669339,1e-10,2038347.0393275204,7.004238674381741e-09
0.014277069164669339,0.0001002005006012024,2.03426831911762,0.007018282215033527
0.014277069164669339,0.00020040090120240482,1.017134667108503,0.014036557425828381
0.014277069164669339,0.0003006013018036072,0.6780898908612314,0.021054832636623232
0.014277069164669339,0.0004008017024048096,0.5085674604417699,0.028073107847418087
0.014277069164669339,0.0005010021030060121,0.4068539886554249,0.035091383058212945
0.014277069164669339,0.0006012025036072144,0.3390450018250823,0.042109658269007796
0.014277069164669339,0.0007014029042084169,0.29061000846980245,0.04912793347980265
0.014277069164669339,0.0008016033048096193,0.2542837619427764,0.056146208690597506
0.014277069164669339,0.0009018037054108217,0.22603001374882797,0.06316448390139236
0.014277069164669339,0.0010020041060120242,0.20342701462972448,0.07018275911218722
0.014277069164669339,0.0011022045066132265,0.18493365134123835,0.07720103432298206
0.014374857308947895,1e-10,2066365.226526127,6.956590792574558e-09
0.014374857308947895,0.0001002005006012024,2.0622304420915545,0.00697053879893686
0.014374857308947895,0.00020040090120240482,1.0311157355720169,0.01394107064128293
0.014374857308947895,0.0003006013018036072,0.6874106047205851,0.020911602483628992
0.014374857308947895,0.0004008017024048096,0.5155579964176646,0.027882134325975062
0.014374857308947895,0.0005010021030060121,0.41244641771520274,0.03485266616832114
0.014374857308947895,0.0006012025036072144,0.34370535952993175,0.041823198010667195
0.014374857308947895,0.0007014029042084169,0.2946046008831639,0.048793729853013265
0.014374857308947895,0.0008016033048096193,0.25777903036675837,0.055764261695359335
0.014374857308947895,0.0009018037054108217,0.22913691905765488,0.0627347935377054
0.014374857308947895,0.0010020041060120242,0.20622322943867563,0.06970532538005147
0.014374857308947895,0.0011022045066132265,0.18747566482698416,0.07667585722239754
0.014472645453226452,1e-10,2094574.6641479628,6.909586801057615e-09
0.014472645453226452,0.0001002005006012024,2.090383432797768,0.006923440564134338
0.014472645453226452,0.00020040090120240482,1.0451922379492913,0.013846874218681875
0.014472645453226452,0.0003006013018036072,0.6967949411996952,0.020770307873229407
0.014472645453226452,0.0004008017024048096,0.5225962493623451,0.027693741527776948
0.014472645453226452,0.0005010021030060121,0.41807702035191413,0.03461717518232449
0.014472645453226452,0.0006012025036072144,0.34839752854995065,0.04154060883687202
0.014472645453226452,0.0007014029042084169,0.29862646013874716,0.04846404249141956
0.014472645453226452,0.0008016033048096193,0.26129815727810957,0.0553874761459671
0.014472645453226452,0.0009018037054108217,0.23226503191110395,0.06231090980051464
0.014472645453226452,0.0010020041060120242,0.20903853103799835,0.06923434345506217
0.014472645453226452,0.0011022045066132265,0.19003502994049798,0.0761577771096097
0.01457043359750501,1e-10,2122975.3521930277,6.8632137355969735e-09
0.01457043359750501,0.0001002005006012024,2.11872729123626,0.0068769745203986505
0.01457043359750501,0.00020040090120240482,1.0593641742403261,0.013753942177583568
0.01457043359750501,0.0003006013018036072,0.7062429002985616,0.02063090983476848
0.01457043359750501,0.0004008017024048096,0.5296822192758112,0.027507877491953395
0.01457043359750501,0.0005010021030060121,0.4237457965655589,0.03438484514913832
0.01457043359750501,0.0006012025036072144,0.353121508885139,0.041261812806323225
0.01457043359750501,0.0007014029042084169,0.3026755862365521,0.04813878046350815
0.01457043359750501,0.0008016033048096193,0.26484114267682995,0.05501574812069306
0.01457043359750501,0.0009018037054108217,0.23541435230917515,0.06189271577787798
0.01457043359750501,0.0010020041060120242,0.21187291942769262,0.0687696834350629
0.01457043359750501,0.0011022045066132265,0.19261174668177972,0.0756466510922478
0.014668221741783566,1e-10,2151567.290661321,6.817458977671592e-09
0.014668221741783566,0.0001002005006012024,2.147262017407029,0.00683112802390855
0.014668221741783566,0.00020040090120240482,1.0736315444451214,0.013662249230358125
0.014668221741783566,0.0003006013018036072,0.7157544820171842,0.020493370436807695
0.014668221741783566,0.0004008017024048096,0.5368159061580628,0.02732449164325727
0.014668221741783566,0.0005010021030060121,0.42945274635613695,0.03415561284970685
0.014668221741783566,0.0006012025036072144,0.35787730053549666,0.04098673405615642
0.014668221741783566,0.0007014029042084169,0.3067519791765787,0.04781785526260599
0.014668221741783566,0.0008016033048096193,0.2684079865629194,0.05464897646905557
0.014668221741783566,0.0009018037054108217,0.2385848802518684,0.06148009767550514
0.014668221741783566,0.0010020041060120242,0.21472639460775841,0.06831121888195471
0.014668221741783566,0.0011022045066132265,0.19520581505082935,0.07514234008840429
0.014766009886062123,1e-10,2180350.4795528436,6.772310243025885e-09
0.014766009886062123,0.0001002005006012024,2.175987611310077,0.006785888765778444
0.014766009886062123,0.00020040090120240482,1.0879943485636776,0.013571770759246647
0.014766009886062123,0.0003006013018036072,0.725329686355563,0.020357652752714842
0.014766009886062123,0.0004008017024048096,0.5439973100091002,0.027143534746183046
0.014766009886062123,0.0005010021030060121,0.43519786972364843,0.033929416739651254
0.014766009886062123,0.0006012025036072144,0.3626649035010238,0.04071529873311945
0.014766009886062123,0.0007014029042084169,0.310855638958827,0.047501180726587655
0.014766009886062123,0.0008016033048096193,0.27199868893637813,0.05428706272005585
0.014766009886062123,0.0009018037054108217,0.2417766157391838,0.061072944713524056
0.014766009886062123,0.0010020041060120242,0.2175989565781958,0.06785882670699227
0.014766009886062123,0.0011022045066132265,0.19781723504764695,0.07464470870046046
0.01486379803034068,1e-10,2209324.918867595,6.7277555706741525e-09
0.01486379803034068,0.0001002005006012024,2.2049040729454035,0.006741244761040781
0.01486379803034068,0.00020040090120240482,1.1024525865959944,0.013482482794325994
0.01486379803034068,0.0003006013018036072,0.7349685133136983,0.020223720827611202
0.01486379803034068,0.0004008017024048096,0.5512264308289233,0.026964958860896414
0.01486379803034068,0.0005010021030060121,0.4409811666680934,0.03370619689418163
0.01486379803034068,0.0006012025036072144,0.3674843177817204,0.04044743492746684
0.01486379803034068,0.0007014029042084169,0.314986565583297,0.04718867296075205
0.01486379803034068,0.0008016033048096193,0.27561324979720603,0.05392991099403727
0.01486379803034068,0.0009018037054108217,0.24498955877112133,0.06067114902732248
0.01486379803034068,0.0010020041060120242,0.22049060533900475,0.06741238706060769
0.01486379803034068,0.0011022045066132265,0.20044600667223247,0.0741536250938929
0.014961586174619238,1e-10,2238490.6086055753,6.683783312336195e-09
0.014961586174619238,0.0001002005006012024,2.2340114023130075,0.0066971843380604955
0.014961586174619238,0.00020040090120240482,1.1170062585420715,0.01339436199233768
0.014961586174619238,0.0003006013018036072,0.7446709628915897,0.02009153964661486
0.014961586174619238,0.0004008017024048096,0.5585032686175321,0.026788717300892044
0.014961586174619238,0.0005010021030060121,0.44680263718947166,0.03348589495516923
0.014961586174619238,0.0006012025036072144,0.3723355433775864,0.04018307260944641
0.014961586174619238,0.0007014029042084169,0.31914475904998874,0.0468802502637236
0.014961586174619238,0.0008016033048096193,0.2792516691454031,0.05357742791800078
0.014961586174619238,0.0009018037054108217,0.24822370934768098,0.06027460557227797
0.014961586174619238,0.0010020041060120242,0.22340134089018526,0.06697178322655516
0.014961586174619238,0.0011022045066132265,0.20309212992458595,0.07366896088083233
0.014961586174619238,0.0012024049072144288,0.18616778717174498,0.0803661385351095
0.015059374318897796,1e-10,2267847.5487667844,6.6403821222845505e-09
0.015059374318897796,0.0001002005006012024,2.26330959941289,0.006653696128361868
0.015059374318897796,0.00020040090120240482,1.1316553644019094,0.013307385616341615
0.015059374318897796,0.0003006013018036072,0.7544370350892374,0.019961075104321355
0.015059374318897796,0.0004008017024048096,0.5658278233749264,0.026614764592301103
0.015059374318897796,0.0005010021030060121,0.45266228128778335,0.033268454080280854
0.015059374318897796,0.0006012025036072144,0.3772185802886218,0.0399221435682606
0.015059374318897796,0.0007014029042084169,0.32333021935890216,0.04657583305624034
0.015059374318897796,0.0008016033048096193,0.28291394698096933,0.053229522544220094
0.015059374318897796,0.0009018037054108217,0.2514790674688627,0.05988321203219984
0.015059374318897796,0.0010020041060120242,0.2263311632317373,0.06653690152017959
0.015059374318897796,0.0011022045066132265,0.2057556048047073,0.07319059100815932
0.015059374318897796,0.0012024049072144288,0.1886093058303156,0.07984428049613906
0.015157162463176352,1e-10,2297395.739351222,6.597540947584717e-09
0.015157162463176352,0.0001002005006012024,2.29279866424505,0.006610769056849198
0.015157162463176352,0.00020040090120240482,1.1463999041755073,0.01322153151615745
0.015157162463176352,0.0003006013018036072,0.7642667299066414,0.0198322939754657
0.015157162463176352,0.0004008017024048096,0.5732000951011064,0.026443056434773952
0.015157162463176352,0.0005010021030060121,0.4585600989630283,0.03305381889408221
0.015157162463176352,0.0006012025036072144,0.3821334285148265,0.03966458135339045
0.015157162463176352,0.0007014029042084169,0.3275429465100372,0.046275343812698704
0.015157162463176352,0.0008016033048096193,0.2866000833039047,0.05288610627200696
0.015157162463176352,0.0009018037054108217,0.25475563313466654,0.05949686873131521
0.015157162463176352,0.0010020041060120242,0.22928007236366085,0.06610763119062346
0.015157162463176352,0.0011022045066132265,0.2084364313125966,0.07271839364993171
0.015157162463176352,0.0012024049072144288,0.1910667301477937,0.07932915610923996
0.015254950607454909,1e-10,2327135.180358889,6.5552490187107665e-09
0.015254950607454909,0.0001002005006012024,2.3224785968094888,0.006568392332403596
0.015254950607454909,0.00020040090120240482,1.1612398778628663,0.013136778109558175
0.015254950607454909,0.0003006013018036072,0.7741600473438015,0.01970516388671275
0.015254950607454909,0.0004008017024048096,0.5806200837960721,0.026273549663867326
0.015254950607454909,0.0005010021030060121,0.46449609021520677,0.03284193544102191
0.015254950607454909,0.0006012025036072144,0.38708008805620076,0.03941032121817648
0.015254950607454909,0.0007014029042084169,0.33178294050339396,0.04597870699533106
0.015254950607454909,0.0008016033048096193,0.2903100781142093,0.05254709277248564
0.015254950607454909,0.0009018037054108217,0.25805340634509255,0.05911547854964022
0.015254950607454909,0.0010020041060120242,0.232248068285956,0.0656838643267948
0.015254950607454909,0.0011022045066132265,0.21113460944825385,0.07225225010394937
0.015254950607454909,0.0012024049072144288,0.1935400601241794,0.07882063588110394
0.015352738751733467,1e-10,2357065.8717897846,6.5134958405196e-09
0.015352738751733467,0.0001002005006012024,2.352349397106206,0.006526555438839134
0.015352738751733467,0.00020040090120240482,1.1761752854639858,0.01305310436418243
0.015352738751733467,0.0003006013018036072,0.784116987400718,0.019579653289525722
0.015352738751733467,0.0004008017024048096,0.5880877894598234,0.026106202214869017
0.015352738751733467,0.0005010021030060121,0.47047025504431855,0.032632751140212315
0.015352738751733467,0.0006012025036072144,0.3920585589127444,0.039159300065555604
0.015352738751733467,0.0007014029042084169,0.33605020133897245,0.0456858489908989
0.015352738751733467,0.0008016033048096193,0.29404393141188306,0.0522123979162422
0.015352738751733467,0.0009018037054108217,0.2613723871001406,0.058738946841585496
0.015352738751733467,0.0010020041060120242,0.23523515099862272,0.06526549576692879
0.015352738751733467,0.0011022045066132265,0.21385013921167903,0.07179204469227207
0.015352738751733467,0.0012024049072144288,0.1960292957594726,0.07831859361761537
0.015450526896012022,1e-10,2387187.813643909,6.4722711835679384e-09
0.015450526896012022,0.0001002005006012024,2.3824110651352006,0.006485248126202442
0.015450526896012022,0.00020040090120240482,1.1912061269788654,0.012970489780133702
0.015450526896012022,0.0003006013018036072,0.7941375500773906,0.019455731434064958
0.015450526896012022,0.0004008017024048096,0.5956032120923603,0.025940973087996217
0.015450526896012022,0.0005010021030060121,0.4764825934503637,0.03242621474192748
0.015450526896012022,0.0006012025036072144,0.39706884108445734,0.03891145639585874
0.015450526896012022,0.0007014029042084169,0.34034472901677254,0.04539669804979
0.015450526896012022,0.0008016033048096193,0.2978016431969259,0.05188193970372126
0.015450526896012022,0.0009018037054108217,0.2647125753998108,0.058367181357652516
0.015450526896012022,0.0010020041060120242,0.23824132050166094,0.06485242301158378
0.015450526896012022,0.0011022045066132265,0.2165830206028721,0.07133766466551503
0.015450526896012022,0.0012024049072144288,0.1985344370536733,0.07782290631944629
0.01554831504029058,1e-10,2417501.0059212623,6.4315650757569886e-09
0.01554831504029058,0.0001002005006012024,2.4126636008964737,0.006444460402400604
0.01554831504029058,0.00020040090120240482,1.206332402407506,0.012888914373236134
0.01554831504029058,0.0003006013018036072,0.8042217353738196,0.01933336834407166
0.01554831504029058,0.0004008017024048096,0.6031663516936829,0.02577782231490719
0.01554831504029058,0.0005010021030060121,0.4825331054333423,0.03222227628574272
0.01554831504029058,0.0006012025036072144,0.4021109345713398,0.03866673025657825
0.01554831504029058,0.0007014029042084169,0.3446665235367944,0.04511118422741378
0.01554831504029058,0.0008016033048096193,0.30158321346933803,0.051555638198249314
0.01554831504029058,0.0009018037054108217,0.2680739712441031,0.05800009216908484
0.01554831504029058,0.0010020041060120242,0.24126657679507077,0.06444454613992037
0.01554831504029058,0.0011022045066132265,0.21933325362183312,0.0708890001107559
0.01554831504029058,0.0012024049072144288,0.20105548400678155,0.07733345408159142
0.01564610318456914,1e-10,2448005.4486218453,6.391367794290422e-09
0.01564610318456914,0.0001002005006012024,2.4431070043900256,0.00640418252514303
0.01564610318456914,0.00020040090120240482,1.2215541117499074,0.012808358658918268
0.01564610318456914,0.0003006013018036072,0.8143695432900051,0.0192125347926935
0.01564610318456914,0.0004008017024048096,0.6107772082637914,0.02561671092646874
0.01564610318456914,0.0005010021030060121,0.48862179099325437,0.03202088706024398
0.01564610318456914,0.0006012025036072144,0.40718483937339167,0.03842506319401921
0.01564610318456914,0.0007014029042084169,0.349015584899038,0.04482923932779445
0.01564610318456914,0.0008016033048096193,0.3053886422291194,0.05123341546156969
0.01564610318456914,0.0009018037054108217,0.2714565746330176,0.05763759159534493
0.01564610318456914,0.0010020041060120242,0.24431091987885217,0.06404176772912017
0.01564610318456914,0.0011022045066132265,0.22210083826856214,0.07044594386289539
0.01564610318456914,0.0012024049072144288,0.2035924366187974,0.07685011999667063
0.015743891328847695,1e-10,2478701.1417456567,6.351669857932071e-09
0.015743891328847695,0.0001002005006012024,2.473741275615855,0.006364404994183616
0.015743891328847695,0.00020040090120240482,1.2368712550060688,0.012728803636697376
0.015743891328847695,0.0003006013018036072,0.8245809738259465,0.01909320227921113
0.015743891328847695,0.0004008017024048096,0.6184357818026853,0.02545760092172489
0.015743891328847695,0.0005010021030060121,0.4947486501300997,0.03182199956423865
0.015743891328847695,0.0006012025036072144,0.41229055549061294,0.03818639820675241
0.015743891328847695,0.0007014029042084169,0.35339191310350326,0.04455079684926617
0.015743891328847695,0.0008016033048096193,0.3092179294762698,0.05091519549177993
0.015743891328847695,0.0009018037054108217,0.2748603855665541,0.05727959413429369
0.015743891328847695,0.0010020041060120242,0.2473743497530051,0.06364399277680745
0.015743891328847695,0.0011022045066132265,0.22488577454305902,0.0700083914193212
0.015743891328847695,0.0012024049072144288,0.2061452948897207,0.07637279006183496
0.015841679473126254,1e-10,2509588.085292697,6.312462019550358e-09
0.015841679473126254,0.0001002005006012024,2.504566414573963,0.006325118543850229
0.015841679473126254,0.00020040090120240482,1.2522838321759913,0.01265023077523844
0.015841679473126254,0.0003006013018036072,0.8348560269816444,0.018975343006626646
0.015841679473126254,0.0004008017024048096,0.626142072310365,0.025300455238014857
0.015841679473126254,0.0005010021030060121,0.5009136828438785,0.03162556746940307
0.015841679473126254,0.0006012025036072144,0.41742808292300365,0.03795067970079128
0.015841679473126254,0.0007014029042084169,0.35779550815019023,0.04427579193217949
0.015841679473126254,0.0008016033048096193,0.3130710752107895,0.0506009041635677
0.015841679473126254,0.0009018037054108217,0.2782854040447128,0.05692601639495591
0.015841679473126254,0.0010020041060120242,0.2504568664175296,0.06325112862634413
0.015841679473126254,0.0011022045066132265,0.22768806244532389,0.06957624085773233
0.015841679473126254,0.0012024049072144288,0.20871405881955155,0.07590135308912054
0.01593946761740481,1e-10,2540666.2792629655,6.273735258937182e-09
0.01593946761740481,0.0001002005006012024,2.5355824212643485,0.0062863141358491985
0.01593946761740481,0.00020040090120240482,1.2677918432596738,0.012572621997963138
0.01593946761740481,0.0003006013018036072,0.8451947027570983,0.018858929860077076
0.01593946761740481,0.0004008017024048096,0.6338960797868303,0.025145237722191016
0.01593946761740481,0.0005010021030060121,0.5071168891345906,0.031431545584304964
0.01593946761740481,0.0006012025036072144,0.4225974216705637,0.0377178534464189
0.01593946761740481,0.0007014029042084169,0.3622263700390988,0.04400416130853284
0.01593946761740481,0.0008016033048096193,0.3169480794326782,0.05029046917064678
0.01593946761740481,0.0009018037054108217,0.2817316300674936,0.05657677703276072
0.01593946761740481,0.0010020041060120242,0.2535584698724256,0.06286308489487466
0.01593946761740481,0.0011022045066132265,0.2305077019753566,0.0691493927569886
0.01593946761740481,0.0012024049072144288,0.21129872840828987,0.07543570061910253
0.01603725576168337,1e-10,2571935.7236564644,6.235480775889514e-09
0.01603725576168337,0.0001002005006012024,2.566789295687013,0.006247982952333033
0.01603725576168337,0.00020040090120240482,1.2833952882571174,0.012495959669185291
0.01603725576168337,0.0003006013018036072,0.8555970011523089,0.018743936386037545
0.01603725576168337,0.0004008017024048096,0.6416978042320813,0.024991913102889805
0.01603725576168337,0.0005010021030060121,0.5133582690022362,0.031239889819742066
0.01603725576168337,0.0006012025036072144,0.4277985717332933,0.03748786653659432
0.01603725576168337,0.0007014029042084169,0.36668449877022924,0.04373584325344658
0.01603725576168337,0.0008016033048096193,0.32084894214193627,0.04998381997029884
0.01603725576168337,0.0009018037054108217,0.28519906363489655,0.056231796687151094
0.01603725576168337,0.0010020041060120242,0.25667916011769326,0.062479773404003354
0.01603725576168337,0.0011022045066132265,0.23334469313315734,0.06872775012085561
0.01603725576168337,0.0012024049072144288,0.21389930365593582,0.07497572683770785
0.016135043905961925,1e-10,2603396.4184731906,6.197689983542582e-09
0.016135043905961925,0.0001002005006012024,2.5981870378419547,0.006210116389220245
0.016135043905961925,0.00020040090120240482,1.299094167168321,0.01242022658075051
0.016135043905961925,0.0003006013018036072,0.8660629221672752,0.018630336772280768
0.016135043905961925,0.0004008017024048096,0.6495472456461178,0.024840446963811033
0.016135043905961925,0.0005010021030060121,0.519637822446815,0.031050557155341302
0.016135043905961925,0.0006012025036072144,0.4330315331111921,0.03726066734687156
0.016135043905961925,0.0007014029042084169,0.37116989434358116,0.043470777538401825
0.016135043905961925,0.0008016033048096193,0.32477366333856333,0.04968088772993209
0.016135043905961925,0.0009018037054108217,0.28868770474692146,0.05589099792146235
0.016135043905961925,0.0010020041060120242,0.2598189371533323,0.06210110811299262
0.016135043905961925,0.0011022045066132265,0.2361990359187259,0.06831121830452287
0.016135043905961925,0.0012024049072144288,0.21651578456248918,0.07452132849605313
0.01623283205024048,1e-10,2635048.3637131457,6.1603545019440125e-09
0.01623283205024048,0.0001002005006012024,2.6297756477291743,0.0061727060497566094
0.01623283205024048,0.00020040090120240482,1.314888479993285,0.012345405939158718
0.01623283205024048,0.0003006013018036072,0.8765924658019979,0.01851810582856082
0.01623283205024048,0.0004008017024048096,0.6574444040289399,0.024690805717962932
0.01623283205024048,0.0005010021030060121,0.5259555494683272,0.030863505607365043
0.01623283205024048,0.0006012025036072144,0.4382963058042603,0.037036205496767144
0.01623283205024048,0.0007014029042084169,0.3756825567591548,0.043208905386169255
0.01623283205024048,0.0008016033048096193,0.32872224302255953,0.049381605275571366
0.01623283205024048,0.0009018037054108217,0.2921975534035685,0.05555430516497348
0.01623283205024048,0.0010020041060120242,0.262977800979343,0.06172700505437558
0.01623283205024048,0.0011022045066132265,0.23907073033206241,0.06789970494377769
0.01623283205024048,0.0012024049072144288,0.21914817112795007,0.07407240483317978
0.01633062019451904,1e-10,2666891.559376331,6.1234661518588545e-09
0.01633062019451904,0.0001002005006012024,2.6615551253486736,0.006135743738307757
0.01633062019451904,0.00020040090120240482,1.3307782267320105,0.012271481353149363
0.01633062019451904,0.0003006013018036072,0.8871856320564773,0.018407218967990965
0.01633062019451904,0.0004008017024048096,0.6653892793805479,0.02454295658283257
0.01633062019451904,0.0005010021030060121,0.532311450066773,0.030678694197674182
0.01633062019451904,0.0006012025036072144,0.44359288981249817,0.03681443181251578
0.01633062019451904,0.0007014029042084169,0.3802224860169503,0.04295016942735739
0.01633062019451904,0.0008016033048096193,0.33269468119392515,0.04908590704219899
0.01633062019451904,0.0009018037054108217,0.2957286096048379,0.0552216446570406
0.01633062019451904,0.0010020041060120242,0.2661557515957253,0.061357382271882206
0.01633062019451904,0.0011022045066132265,0.24195977637316696,0.06749311988672381
0.01633062019451904,0.0012024049072144288,0.2217964633523186,0.0736288575015654
0.016428408338797596,1e-10,2698926.005462744,6.087016948795847e-09
0.016428408338797596,0.0001002005006012024,2.6935254707004495,0.006099221454373475
0.016428408338797596,0.00020040090120240482,1.3467634073844956,0.012198436821730003
0.016428408338797596,0.0003006013018036072,0.8978424209307123,0.018297652189086525
0.016428408338797596,0.0004008017024048096,0.6733818717009413,0.024396867556443054
0.016428408338797596,0.0005010021030060121,0.538705524242152,0.030496082923799586
0.016428408338797596,0.0006012025036072144,0.4489212851359052,0.036595298291156104
0.016428408338797596,0.0007014029042084169,0.3847896821169673,0.04269451365851264
0.016428408338797596,0.0008016033048096193,0.3366909778526597,0.04879372902586916
0.016428408338797596,0.0009018037054108217,0.2992808733507291,0.054892944393225694
0.016428408338797596,0.0010020041060120242,0.269352789002479,0.06099215976058222
0.016428408338797596,0.0011022045066132265,0.2448661740420393,0.06709137512793874
0.016428408338797596,0.0012024049072144288,0.22446066123559452,0.07319059049529526
0.016428408338797596,0.0013026053078156314,0.2071944578506773,0.0792898058626518
0.016526196483076152,1e-10,2731151.7019723854,6.050999097245769e-09
0.016526196483076152,0.0001002005006012024,2.7256866837845037,0.006063131386814499
0.016526196483076152,0.00020040090120240482,1.3628440219507414,0.012126256722629902
0.016526196483076152,0.0003006013018036072,0.9085628324247038,0.0181893820584453
0.016526196483076152,0.0004008017024048096,0.6814221809901204,0.024252507394260703
0.016526196483076152,0.0005010021030060121,0.5451377719944643,0.03031563273007611
0.016526196483076152,0.0006012025036072144,0.4542814917744817,0.036378758065891505
0.016526196483076152,0.0007014029042084169,0.389384145059206,0.04244188340170691
0.016526196483076152,0.0008016033048096193,0.3407111329987635,0.048505008737522316
0.016526196483076152,0.0009018037054108217,0.30285434464124256,0.054568134073337715
0.016526196483076152,0.0010020041060120242,0.27256891319960436,0.06063125940915312
0.016526196483076152,0.0011022045066132265,0.2477899233386796,0.06669438474496851
0.016526196483076152,0.0012024049072144288,0.227140764777778,0.07275751008078392
0.016526196483076152,0.0013026053078156314,0.2096683995977505,0.07882063541659932
0.01662398462735471,1e-10,2763568.648905257,6.0154049851231415e-09
0.01662398462735471,0.0001002005006012024,2.7580387646008373,0.006027465908283073
0.01662398462735471,0.00020040090120240482,1.3790200704307485,0.012054925801161161
0.01662398462735471,0.0003006013018036072,0.9193468665384519,0.018082385694039246
0.01662398462735471,0.0004008017024048096,0.6895102072480854,0.024109845586917335
0.01662398462735471,0.0005010021030060121,0.5516081933237102,0.03013730547979543
0.01662398462735471,0.0006012025036072144,0.45967350972822774,0.03616476537267351
0.01662398462735471,0.0007014029042084169,0.39400587484366656,0.0421922252655516
0.01662398462735471,0.0008016033048096193,0.3447551466322366,0.04821968515842969
0.01662398462735471,0.0009018037054108217,0.3064490234763782,0.05424714505130778
0.01662398462735471,0.0010020041060120242,0.2758041241871013,0.06027460494418587
0.01662398462735471,0.0011022045066132265,0.2507310242630879,0.06630206483706395
0.01662398462735471,0.0012024049072144288,0.2298367739788691,0.07232952472994203
0.01662398462735471,0.0013026053078156314,0.21215702349160154,0.07835698462282013
0.016721772771633267,1e-10,2796176.846261357,5.9802271784029686e-09
0.016721772771633267,0.0001002005006012024,2.790581713149448,0.005992217569848936
0.016721772771633267,0.00020040090120240482,1.3952915528245153,0.011984429159470695
0.016721772771633267,0.0003006013018036072,0.9301945232719558,0.01797664074909245
0.016721772771633267,0.0004008017024048096,0.6976459504748358,0.02396885233871421
0.016721772771633267,0.0005010021030060121,0.5581167882298894,0.02996106392833597
0.016721772771633267,0.0006012025036072144,0.465097338997143,0.035953275517957725
0.016721772771633267,0.0007014029042084169,0.39865487147034867,0.041945487107579484
0.016721772771633267,0.0008016033048096193,0.3488230187530787,0.04793769869720124
0.016721772771633267,0.0009018037054108217,0.31006490985613583,0.053929910286823
0.016721772771633267,0.0010020041060120242,0.2790584219649697,0.059922121876444766
0.016721772771633267,0.0011022045066132265,0.25368947681526405,0.06591433346606651
0.016721772771633267,0.0012024049072144288,0.23254868883886762,0.07190654505568826
0.016721772771633267,0.0013026053078156314,0.2146603295322303,0.07789875664531004
0.016819560915911823,1e-10,2828976.2940406855,5.945458415944552e-09
0.016819560915911823,0.0001002005006012024,2.8233155294303374,0.005957379095812759
0.016819560915911823,0.00020040090120240482,1.4116584691320428,0.011914752246167103
0.016819560915911823,0.0003006013018036072,0.9411058026252161,0.017872125396521443
0.016819560915911823,0.0004008017024048096,0.705829410670372,0.02382949854687579
0.016819560915911823,0.0005010021030060121,0.564663556713002,0.029786871697230138
0.016819560915911823,0.0006012025036072144,0.47055297958122777,0.035744244847584476
0.016819560915911823,0.0007014029042084169,0.4033311349392525,0.041701617997938825
0.016819560915911823,0.0008016033048096193,0.35291474936129,0.04765899114829317
0.016819560915911823,0.0009018037054108217,0.3137020037805156,0.053616364298647516
0.016819560915911823,0.0010020041060120242,0.2823318065332097,0.05957373744900186
0.016819560915911823,0.0011022045066132265,0.2566652809952082,0.0655311105993562
0.016819560915911823,0.0012024049072144288,0.2352765093577737,0.07148848374971054
0.016819560915911823,0.0013026053078156314,0.2171783177196369,0.07744585690006489
0.016917349060190382,1e-10,2861966.992243244,5.911091604494838e-09
0.016917349060190382,0.0001002005006012024,2.8562402134435048,0.0059229433786994745
0.016917349060190382,0.00020040090120240482,1.4281208193533315,0.011845880846307345
0.016917349060190382,0.0003006013018036072,0.9520807045982329,0.017768818313915212
0.016917349060190382,0.0004008017024048096,0.7140605878346938,0.023691755781523084
0.016917349060190382,0.0005010021030060121,0.5712484987730481,0.02961469324913096
0.016917349060190382,0.0006012025036072144,0.47604043148048203,0.03553763071673883
0.016917349060190382,0.0007014029042084169,0.4080346652503781,0.0414605681843467
0.016917349060190382,0.0008016033048096193,0.3570303384568706,0.047383505651954566
0.016917349060190382,0.0009018037054108217,0.3173603052495176,0.05330644311956244
0.016917349060190382,0.0010020041060120242,0.2856242778918213,0.05922938058717031
0.016917349060190382,0.0011022045066132265,0.2596584368029203,0.06515231805477818
0.016917349060190382,0.0012024049072144288,0.23802023553558735,0.07107525552238604
0.016917349060190382,0.0013026053078156314,0.2197109880538213,0.07699819298999393
0.017015137204468938,1e-10,2895148.94086903,5.8771198138640645e-09
0.017015137204468938,0.0001002005006012024,2.88935576518895,0.005888903474424247
0.017015137204468938,0.00020040090120240482,1.44467860348838,0.011777801071728681
0.017015137204468938,0.0003006013018036072,0.9631192291910058,0.01766669866903311
0.017015137204468938,0.0004008017024048096,0.7223394819678013,0.023555596266337547
0.017015137204468938,0.0005010021030060121,0.5778716144100273,0.029444493863641986
0.017015137204468938,0.0006012025036072144,0.48155969469490556,0.03533339146094641
0.017015137204468938,0.0007014029042084169,0.4127654624037253,0.04122228905825085
0.017015137204468938,0.0008016033048096193,0.36116978603982025,0.04711118665555528
0.017015137204468938,0.0009018037054108217,0.32103981426314154,0.05300008425285972
0.017015137204468938,0.0010020041060120242,0.2889358360408044,0.058888981850164154
0.017015137204468938,0.0011022045066132265,0.26266894423840026,0.06477787944746859
0.017015137204468938,0.0012024049072144288,0.24077986737230847,0.07066677704477302
0.017015137204468938,0.0013026053078156314,0.22225834053478347,0.07655567464207745
0.017112925348747497,1e-10,2928522.1399180465,5.843536272266802e-09
0.017112925348747497,0.0001002005006012024,2.9226621846666747,0.005855252597624177
0.017112925348747497,0.00020040090120240482,1.4613318215371898,0.011710499351712082
0.017112925348747497,0.0003006013018036072,0.9742213764035351,0.017565746105799983
0.017112925348747497,0.0004008017024048096,0.7306660930696947,0.023420992859887888
0.017112925348747497,0.0005010021030060121,0.5845329036239403,0.0292762396139758
0.017112925348747497,0.0006012025036072144,0.4871107692244987,0.0351314863680637
0.017112925348747497,0.0007014029042084169,0.41752352639929435,0.040986733122151606
0.017112925348747497,0.0008016033048096193,0.3653330921101392,0.04684197987623951
0.017112925348747497,0.0009018037054108217,0.32474053082138776,0.052697226630327415
0.017112925348747497,0.0010020041060120242,0.29226648098015917,0.05855247338441533
0.017112925348747497,0.0011022045066132265,0.2656968033016482,0.06440772013850322
0.017112925348747497,0.0012024049072144288,0.2435554048679372,0.07026296689259112
0.017112925348747497,0.0013026053078156314,0.2248203751625235,0.07611821364667903
0.017210713493026053,1e-10,2962086.5893902904,5.8103343618218365e-09
0.017210713493026053,0.0001002005006012024,2.956159471876676,0.005821984117149159
0.017210713493026053,0.00020040090120240482,1.4780804734997595,0.011643962423963957
0.017210713493026053,0.0003006013018036072,0.9853871462358205,0.017465940730778753
0.017210713493026053,0.0004008017024048096,0.7390404211403733,0.02328791903759355
0.017210713493026053,0.0005010021030060121,0.5912323664147863,0.02910989734440835
0.017210713493026053,0.0006012025036072144,0.492693655069261,0.034931875651223146
0.017210713493026053,0.0007014029042084169,0.4223088572370849,0.04075385395803795
0.017210713493026053,0.0008016033048096193,0.36952025666782723,0.04657583226485274
0.017210713493026053,0.0009018037054108217,0.32846245492425596,0.05239781057166754
0.017210713493026053,0.0010020041060120242,0.29561621270988536,0.058219788878482344
0.017210713493026053,0.0011022045066132265,0.268742013992664,0.06404176718529714
0.017210713493026053,0.0012024049072144288,0.24634684802247334,0.06986374549211193
0.017210713493026053,0.0013026053078156314,0.22739709193704127,0.07568572379892673
0.01730850163730461,1e-10,2995842.289285763,5.777507614204591e-09
0.01730850163730461,0.0001002005006012024,2.9898476268189556,0.005789091551705585
0.01730850163730461,0.00020040090120240482,1.4949245593760898,0.011578177325903558
0.01730850163730461,0.0003006013018036072,0.9966165386878619,0.017367263100101525
0.01730850163730461,0.0004008017024048096,0.7474624661798376,0.023156348874299498
0.01730850163730461,0.0005010021030060121,0.5979700027825657,0.028945434648497474
0.01730850163730461,0.0006012025036072144,0.49830835222919273,0.03473452042269544
0.01730850163730461,0.0007014029042084169,0.42712145491709713,0.040523606196893415
0.01730850163730461,0.0008016033048096193,0.37373127971288433,0.04631269197109139
0.01730850163730461,0.0009018037054108217,0.3322055865717463,0.05210177774528936
0.01730850163730461,0.0010020041060120242,0.2989850312299831,0.057890863519487336
0.01730850163730461,0.0011022045066132265,0.2718045763114477,0.0636799492936853
0.01730850163730461,0.0012024049072144288,0.24915419683591702,0.06946903506788327
0.01730850163730461,0.0013026053078156314,0.2299884908583368,0.07525812084208125
0.017406289781583168,1e-10,3029789.2396044657,5.745049706446092e-09
0.017406289781583168,0.0001002005006012024,3.023726649493514,0.005756568565646894
0.017406289781583168,0.00020040090120240482,1.511864079166181,0.011513131386244083
0.017406289781583168,0.0003006013018036072,1.00790955375966,0.017269694206841265
0.017406289781583168,0.0004008017024048096,0.7559322281880878,0.023026257027438456
0.017406289781583168,0.0005010021030060121,0.6047458127272787,0.02878281984803565
0.017406289781583168,0.0006012025036072144,0.5039548607042941,0.03453938266863283
0.017406289781583168,0.0007014029042084169,0.4319613194393312,0.04029594548923002
0.017406289781583168,0.0008016033048096193,0.3779661612453108,0.04605250830982721
0.017406289781583168,0.0009018037054108217,0.3359699257638588,0.0518090711304244
0.017406289781583168,0.0010020041060120242,0.30237293654045244,0.057565633951021586
0.017406289781583168,0.0011022045066132265,0.2748844902579995,0.06332219677161877
0.017406289781583168,0.0012024049072144288,0.2519774513082683,0.06907875959221596
0.017406289781583168,0.0013026053078156314,0.23259457192641023,0.07483532241281315
0.017504077925861724,1e-10,3063927.4403463965,5.71295445687277e-09
0.017504077925861724,0.0001002005006012024,3.0577965399003504,0.0057244089649052185
0.017504077925861724,0.00020040090120240482,1.5288990328700325,0.011448812216855982
0.017504077925861724,0.0003006013018036072,1.0192661914512142,0.017173215468806742
0.017504077925861724,0.0004008017024048096,0.7644497071651235,0.022897618720757504
0.017504077925861724,0.0005010021030060121,0.611559796248925,0.028622021972708273
0.017504077925861724,0.0006012025036072144,0.5096331804945646,0.03434642522465903
0.017504077925861724,0.0007014029042084169,0.4368284508037869,0.040070828476609796
0.017504077925861724,0.0008016033048096193,0.38222490126510633,0.04579523172856056
0.017504077925861724,0.0009018037054108217,0.3397554725005934,0.05151963498051132
0.017504077925861724,0.0010020041060120242,0.30577992864129333,0.05724403823246209
0.017504077925861724,0.0011022045066132265,0.2779817558323191,0.06296844148441284
0.017504077925861724,0.0012024049072144288,0.25481661143952705,0.0686928447363636
0.017504077925861724,0.0013026053078156314,0.2352153351412614,0.07441724798831437
0.017601866070140283,1e-10,3098256.891511557,5.6812158211815675e-09
0.017601866070140283,0.0001002005006012024,3.0920572980394656,0.005692606693058643
0.017601866070140283,0.00020040090120240482,1.546029420487645,0.011385207704901465
0.017601866070140283,0.0003006013018036072,1.030686451762525,0.017077808716744282
0.017601866070140283,0.0004008017024048096,0.7730149031109451,0.022770409728587106
0.017601866070140283,0.0005010021030060121,0.6184119533475048,0.028463010740429933
0.017601866070140283,0.0006012025036072144,0.5153433116000049,0.03415561175227275
0.017601866070140283,0.0007014029042084169,0.4417228490104644,0.03984821276411557
0.017601866070140283,0.0008016033048096193,0.38650749977227117,0.045540813775958394
0.017601866070140283,0.0009018037054108217,0.3435622267819502,0.05123341478780122
0.017601866070140283,0.0010020041060120242,0.3092060075325059,0.05692601579964404
0.017601866070140283,0.0011022045066132265,0.28109637303440677,0.06261861681148687
0.017601866070140283,0.0012024049072144288,0.2576716772296934,0.06831121782332968
0.017601866070140283,0.0013026053078156314,0.23785078050289044,0.0740038188351725
0.01769965421441884,1e-10,3132777.5930999457,5.649827888645194e-09
0.01769965421441884,0.0001002005006012024,3.126508923910858,0.005661155827528829
0.01769965421441884,0.00020040090120240482,1.5632552420190176,0.01132230600522977
0.01769965421441884,0.0003006013018036072,1.0421703346935915,0.016983456182930706
0.01769965421441884,0.0004008017024048096,0.7816278160255521,0.022644606360631647
0.01769965421441884,0.0005010021030060121,0.6253022840230178,0.028305756538332595
0.01769965421441884,0.0006012025036072144,0.5210852540206142,0.03396690671603353
0.01769965421441884,0.0007014029042084169,0.44664451405936345,0.03962805689373447
0.01769965421441884,0.0008016033048096193,0.390813956766805,0.04528920707143541
0.01769965421441884,0.0009018037054108217,0.347390188607929,0.05095035724913635
0.01769965421441884,0.0010020041060120242,0.3126511732140898,0.0566115074268373
0.01769965421441884,0.0011022045066132265,0.2842283418642622,0.062272657604538234
0.01769965421441884,0.0012024049072144288,0.2605426486787672,0.06793380778223916
0.01769965421441884,0.0013026053078156314,0.24050090801129717,0.07359495795994012
0.017797442358697395,1e-10,3167489.545111563,5.618784878442447e-09
0.017797442358697395,0.0001002005006012024,3.161151417514528,0.005630050575903994
0.017797442358697395,0.00020040090120240482,1.5805764974641507,0.01126009553302311
0.017797442358697395,0.0003006013018036072,1.0537178402444143,0.016890140490142223
0.017797442358697395,0.0004008017024048096,0.7902884459089446,0.02252018544726134
0.017797442358697395,0.0005010021030060121,0.6322307882754641,0.02815023040438046
0.017797442358697395,0.0006012025036072144,0.526859007756393,0.03378027536149957
0.017797442358697395,0.0007014029042084169,0.4515934459504842,0.039410320318618686
0.017797442358697395,0.0008016033048096193,0.3951442722487081,0.045040365275737806
0.017797442358697395,0.0009018037054108217,0.3512393579785299,0.05067041023285692
0.017797442358697395,0.0010020041060120242,0.31611542568604534,0.05630045518997604
0.017797442358697395,0.0011022045066132265,0.2873776623218856,0.06193050014709515
0.017797442358697395,0.0012024049072144288,0.2634295257867485,0.06756054510421426
0.017797442358697395,0.0013026053078156314,0.2431657176664817,0.07319059006133338
0.017895230502975954,1e-10,3202392.74754641,5.588081136108872e-09
0.017895230502975954,0.0001002005006012024,3.1959847788504776,0.005599285272382448
0.017895230502975954,0.00020040090120240482,1.5979931868230448,0.011198564956683761
0.017895230502975954,0.0003006013018036072,1.0653289684149938,0.01679784464098507
0.017895230502975954,0.0004008017024048096,0.7989967927611231,0.022397124325286382
0.017895230502975954,0.0005010021030060121,0.6391974661048441,0.027996404009587698
0.017895230502975954,0.0006012025036072144,0.5326645728073415,0.033595683693889
0.017895230502975954,0.0007014029042084169,0.4565696446838267,0.03919496337819032
0.017895230502975954,0.0008016033048096193,0.39949844621798036,0.044794243062491634
0.017895230502975954,0.0009018037054108217,0.35510973489375297,0.05039352274679295
0.017895230502975954,0.0010020041060120242,0.31959876494837247,0.05599280243109426
0.017895230502975954,0.0011022045066132265,0.290544334407277,0.06159208211539557
0.017895230502975954,0.0012024049072144288,0.26633230855363743,0.06719136179969687
0.017895230502975954,0.0013026053078156314,0.24584520946844413,0.07279064148399819
0.017895230502975954,0.0014028057084168337,0.22828483861535884,0.0783899211682995
0.01799301864725451,1e-10,3237487.2004044848,5.557711130103155e-09
0.01799301864725451,0.0001002005006012024,3.231009007918704,0.005568854374332104
0.01799301864725451,0.00020040090120240482,1.6155053100956989,0.01113770319095308
0.01799301864725451,0.0003006013018036072,1.077003719205329,0.016706552007574052
0.01799301864725451,0.0004008017024048096,0.807752856582087,0.02227540082419503
0.01799301864725451,0.0005010021030060121,0.6462023175111572,0.027844249640816006
0.01799301864725451,0.0006012025036072144,0.5385019491734591,0.03341309845743698
0.01799301864725451,0.0007014029042084169,0.46157311025939074,0.03898194727405795
0.01799301864725451,0.0008016033048096193,0.40387647867462173,0.044550796090678926
0.01799301864725451,0.0009018037054108217,0.3590013193535981,0.05011964490729991
0.01799301864725451,0.0010020041060120242,0.3231011910010711,0.05568849372392088
0.01799301864725451,0.0011022045066132265,0.29372835812043624,0.061257342540541854
0.01799301864725451,0.0012024049072144288,0.2692509969794338,0.06682619135716282
0.01799301864725451,0.0013026053078156314,0.24853938341718423,0.0723950401737838
0.01799301864725451,0.0014028057084168337,0.23078657158147867,0.07796388899040477
0.018090806791533066,1e-10,3272772.903685789,5.527669448484874e-09
0.018090806791533066,0.0001002005006012024,3.266224104719209,0.005538752458961568
0.018090806791533066,0.00020040090120240482,1.6331128672821136,0.011077499390253688
0.018090806791533066,0.0003006013018036072,1.0887420926154208,0.016616246321545805
0.018090806791533066,0.0004008017024048096,0.8165566373718366,0.022154993252837926
0.018090806791533066,0.0005010021030060121,0.6532453424944037,0.02769374018413005
0.018090806791533066,0.0006012025036072144,0.5443711368547461,0.03323248711542216
0.018090806791533066,0.0007014029042084169,0.4666038426771766,0.03877123404671429
0.018090806791533066,0.0008016033048096193,0.4082783696186323,0.04430998097800641
0.018090806791533066,0.0009018037054108217,0.36291411135806534,0.04984872790929853
0.018090806791533066,0.0010020041060120242,0.32662270384414127,0.05538747484059065
0.018090806791533066,0.0011022045066132265,0.2969297334613634,0.06092622177188277
0.018090806791533066,0.0012024049072144288,0.27218559106413764,0.06646496870317488
0.018090806791533066,0.0013026053078156314,0.2512482395127022,0.072003715634467
0.018090806791533066,0.0014028057084168337,0.23330193796968127,0.07754246256575913
0.018188594935811625,1e-10,3308249.8573903227,5.4979507956994225e-09
0.018188594935811625,0.0001002005006012024,3.3016300692519933,0.005508974220098611
0.018188594935811625,0.00020040090120240482,1.6508158583822894,0.011017942942246428
0.018188594935811625,0.0003006013018036072,1.1005440886452689,0.016526911664394243
0.018188594935811625,0.0004008017024048096,0.8254081351303721,0.02203588038654206
0.018188594935811625,0.0005010021030060121,0.6603265410545839,0.02754484910868988
0.018188594935811625,0.0006012025036072144,0.5502721358512027,0.03305381783083769
0.018188594935811625,0.0007014029042084169,0.47166184193718425,0.038562786552985506
0.018188594935811625,0.0008016033048096193,0.41270411905001214,0.04407175527513333
0.018188594935811625,0.0009018037054108217,0.3668481109071548,0.04958072399728115
0.018188594935811625,0.0010020041060120242,0.3301633034775831,0.05508969271942896
0.018188594935811625,0.0011022045066132265,0.3001484604300586,0.06059866144157677
0.018188594935811625,0.0012024049072144288,0.27513609080774915,0.06610763016372459
0.018188594935811625,0.0013026053078156314,0.253971777754998,0.0716165988858724
0.018188594935811625,0.0014028057084168337,0.2358309377799666,0.07712556760802022
0.01828638308009018,1e-10,3343918.0615180847,5.468549989466088e-09
0.01828638308009018,0.0001002005006012024,3.3372269015170546,0.005479514465072021
0.01828638308009018,0.00020040090120240482,1.6686142833962252,0.010959023461594053
0.01828638308009018,0.0003006013018036072,1.112409707294873,0.016438532458116082
0.01828638308009018,0.0004008017024048096,0.8343073498576931,0.021918041454638115
0.01828638308009018,0.0005010021030060121,0.6674459131916971,0.02739755045116015
0.01828638308009018,0.0006012025036072144,0.5562049461628286,0.032877059447682176
0.01828638308009018,0.0007014029042084169,0.47674710803941345,0.038356568444204216
0.01828638308009018,0.0008016033048096193,0.4171537269687611,0.04383607744072625
0.01828638308009018,0.0009018037054108217,0.3708033180008663,0.04931558643724828
0.01828638308009018,0.0010020041060120242,0.33372298990139637,0.05479509543377031
0.01828638308009018,0.0011022045066132265,0.3033845390265217,0.06027460443029234
0.01828638308009018,0.0012024049072144288,0.2781024962102681,0.06575411342681436
0.01828638308009018,0.0013026053078156314,0.2567099981440715,0.0712336224233364
0.01828638308009018,0.0014028057084168337,0.2383735710123346,0.07671313141985843
0.018384171224368737,1e-10,3379777.516069075,5.439461957765449e-09
0.018384171224368737,0.0001002005006012024,3.373014601514394,0.0054503681116929445
0.018384171224368737,0.00020040090120240482,1.6865081423239217,0.010900730783923932
0.018384171224368737,0.0003006013018036072,1.1243389485642334,0.016351093456154916
0.018384171224368737,0.0004008017024048096,0.8432542815537996,0.021801456128385906
0.018384171224368737,0.0005010021030060121,0.6746034589057438,0.027251818800616896
0.018384171224368737,0.0006012025036072144,0.5621695677896239,0.03270218147284788
0.018384171224368737,0.0007014029042084169,0.4818596409838643,0.03815254414507887
0.018384171224368737,0.0008016033048096193,0.4216271933748791,0.043602906817309856
0.018384171224368737,0.0009018037054108217,0.37477973263919984,0.04905326948954085
0.018384171224368737,0.0010020041060120242,0.33730176311558124,0.054503632161771835
0.018384171224368737,0.0011022045066132265,0.30663796925075265,0.059953994834002815
0.018384171224368737,0.0012024049072144288,0.28108480727169455,0.0654043575062338
0.018384171224368737,0.0013026053078156314,0.2594629006799229,0.0708547201784648
0.018384171224368737,0.0014028057084168337,0.2409298376667853,0.07630508285069577
0.018481959368647296,1e-10,3415828.221043295,5.41068173592241e-09
0.018481959368647296,0.0001002005006012024,3.4089931692440123,0.005421530185332083
0.018481959368647296,0.00020040090120240482,1.704497435165379,0.010843054959982432
0.018481959368647296,0.0003006013018036072,1.1363318124533504,0.016264579734632776
0.018481959368647296,0.0004008017024048096,0.852248930218692,0.021686104509283124
0.018481959368647296,0.0005010021030060121,0.6817991781967241,0.027107629283933475
0.018481959368647296,0.0006012025036072144,0.5681660007315887,0.032529154058583816
0.018481959368647296,0.0007014029042084169,0.486999440770537,0.03795067883323417
0.018481959368647296,0.0008016033048096193,0.42612451826836645,0.04337220360788452
0.018481959368647296,0.0009018037054108217,0.37877735482215563,0.048793728382534866
0.018481959368647296,0.0010020041060120242,0.3408996231201377,0.054215253157185214
0.018481959368647296,0.0011022045066132265,0.3099087511027516,0.059636777931835555
0.018481959368647296,0.0012024049072144288,0.2840830239920286,0.0650583027064859
0.018481959368647296,0.0013026053078156314,0.26223048536255206,0.07047982748113625
0.018481959368647296,0.0014028057084168337,0.2434997377433188,0.07590135225578659
0.01857974751292585,1e-10,3452070.1764407437,5.382204463781352e-09
0.01857974751292585,0.0001002005006012024,3.4451626047059083,0.0053929958160891765
0.01857974751292585,0.00020040090120240482,1.7225821619205968,0.01078598624997389
0.01857974751292585,0.0003006013018036072,1.1483882989622234,0.0161789766838586
0.01857974751292585,0.0004008017024048096,0.86129129585237,0.021571967117743316
0.01857974751292585,0.0005010021030060121,0.6890330710646375,0.026964957551628033
0.01857974751292585,0.0006012025036072144,0.5741942449887228,0.03235794798551274
0.01857974751292585,0.0007014029042084169,0.4921665073994313,0.03775093841939746
0.01857974751292585,0.0008016033048096193,0.4306457016492229,0.04314392885328217
0.01857974751292585,0.0009018037054108217,0.38279618454973346,0.048536919287166885
0.01857974751292585,0.0010020041060120242,0.3445165699150657,0.0539299097210516
0.01857974751292585,0.0011022045066132265,0.31319688458251843,0.059322900154936305
0.01857974751292585,0.0012024049072144288,0.28709714637127015,0.06471589058882102
0.01857974751292585,0.0013026053078156314,0.265012752191959,0.07010888102270574
0.01857974751292585,0.0014028057084168337,0.24608327124193496,0.07550187145659044
0.01867753565720441,1e-10,3488503.3822614215,5.354025382970017e-09
0.01867753565720441,0.0001002005006012024,3.4815229079000827,0.005364760236051401
0.01867753565720441,0.00020040090120240482,1.740762322589575,0.010729515118077421
0.01867753565720441,0.0003006013018036072,1.160508408090853,0.016094270000103435
0.01867753565720441,0.0004008017024048096,0.8703813784548337,0.021459024882129456
0.01867753565720441,0.0005010021030060121,0.6963051375094845,0.02682377976415548
0.01867753565720441,0.0006012025036072144,0.5802543005610264,0.032188534646181495
0.01867753565720441,0.0007014029042084169,0.4973608408705473,0.037553289528207516
0.01867753565720441,0.0008016033048096193,0.4351907435174486,0.04291804441023354
0.01867753565720441,0.0009018037054108217,0.3868362218219335,0.04828279929225955
0.01867753565720441,0.0010020041060120242,0.34815260350036525,0.05364755417428557
0.01867753565720441,0.0011022045066132265,0.3165023696900533,0.059012309056311586
0.01867753565720441,0.0012024049072144288,0.29012717440941926,0.0643770639383376
0.01867753565720441,0.0013026053078156314,0.2678097011681438,0.06974181882036364
0.01867753565720441,0.0014028057084168337,0.24868043816263385,0.07510657370238964
0.018775323801482967,1e-10,3525127.8385053277,5.3261398342489045e-09
0.018775323801482967,0.0001002005006012024,3.518074078826535,0.005336818776637454
0.018775323801482967,0.00020040090120240482,1.7590379171723136,0.010673632227135075
0.018775323801482967,0.0003006013018036072,1.1726921398392383,0.01601044567763269
0.018775323801482967,0.0004008017024048096,0.8795191780260828,0.021347259128130312
0.018775323801482967,0.0005010021030060121,0.7036153775312648,0.026684072578627937
0.018775323801482967,0.0006012025036072144,0.5863461674484993,0.032020886029125555
0.018775323801482967,0.0007014029042084169,0.502582441183885,0.037357699479623176
0.018775323801482967,0.0008016033048096193,0.43975964387304334,0.0426945129301208
0.018775323801482967,0.0009018037054108217,0.3908974666387555,0.04803132638061842
0.018775323801482967,0.0010020041060120242,0.3518077238760363,0.05336813983111604
0.018775323801482967,0.0011022045066132265,0.319825206425356,0.05870495328161365
0.018775323801482967,0.0012024049072144288,0.29317310810647584,0.06404176673211127
0.018775323801482967,0.0013026053078156314,0.2706213322911063,0.0693785801826089
0.018775323801482967,0.0014028057084168337,0.2512912385054154,0.07471539363310652
0.018873111945761523,1e-10,3561943.5451724627,5.29854325494306e-09
0.018873111945761523,0.0001002005006012024,3.5548161174852653,0.00530916686602419
0.018873111945761523,0.00020040090120240482,1.777408945668813,0.010618328433505126
0.018873111945761523,0.0003006013018036072,1.18493949420738,0.015927490000986057
0.018873111945761523,0.0004008017024048096,0.8887046945661176,0.021236651568466994
0.018873111945761523,0.0005010021030060121,0.7109637911299783,0.026545813135947935
0.018873111945761523,0.0006012025036072144,0.5924698456511417,0.031854974703428865
0.018873111945761523,0.0007014029042084169,0.5078313083394443,0.0371641362709098
0.018873111945761523,0.0008016033048096193,0.4443524027160073,0.04247329783839074
0.018873111945761523,0.0009018037054108217,0.3949799190001997,0.047782459405871676
0.018873111945761523,0.0010020041060120242,0.3554819310420789,0.05309162097335261
0.018873111945761523,0.0011022045066132265,0.3231653947884266,0.05840078254083354
0.018873111945761523,0.0012024049072144288,0.29623494746243995,0.06370994410831447
0.018873111945761523,0.0013026053078156314,0.2734476455608466,0.06901910567579542
0.018873111945761523,0.0014028057084168337,0.2539156722702797,0.07432826724327635
0.018970900090040082,1e-10,3598950.5022628275,5.2712311764533e-09
0.018970900090040082,0.0001002005006012024,3.5917490238762744,0.0052818000266528576
0.018970900090040082,0.00020040090120240482,1.795875408079073,0.01056359478207454
0.018970900090040082,0.0003006013018036072,1.1972504711952783,0.01584538953749622
0.018970900090040082,0.0004008017024048096,0.8979379280749383,0.021127184292917902
0.018970900090040082,0.0005010021030060121,0.7183503783056255,0.026408979048339585
0.018970900090040082,0.0006012025036072144,0.5986253351689536,0.031690773803761264
0.018970900090040082,0.0007014029042084169,0.5131074423372255,0.03697256855918295
0.018970900090040082,0.0008016033048096193,0.4489690200463405,0.04225436331460463
0.018970900090040082,0.0009018037054108217,0.39908357890626606,0.04753615807002631
0.018970900090040082,0.0010020041060120242,0.35917522499849314,0.052817952825447996
0.018970900090040082,0.0011022045066132265,0.32652293477926525,0.05809974758086967
0.018970900090040082,0.0012024049072144288,0.2993126924773116,0.06338154233629135
0.018970900090040082,0.0013026053078156314,0.27628864097736483,0.06866333709171303
0.018970900090040082,0.0014028057084168337,0.25655373945722676,0.07394513184713472
0.019068688234318638,1e-10,3636148.7097764206,5.244199221844019e-09
0.019068688234318638,0.0001002005006012024,3.628872797999561,0.005254713872812068
0.019068688234318638,0.00020040090120240482,1.8144373044030935,0.010509422501424915
0.019068688234318638,0.0003006013018036072,1.2096250708029326,0.01576413113003776
0.019068688234318638,0.0004008017024048096,0.9072188785525446,0.021018839758650605
0.019068688234318638,0.0005010021030060121,0.725775139058206,0.026273548387263458
0.019068688234318638,0.0006012025036072144,0.6048126360019348,0.0315282570158763
0.019068688234318638,0.0007014029042084169,0.5184108431772283,0.03678296564448914
0.019068688234318638,0.0008016033048096193,0.4536094958640428,0.042037674273101996
0.019068688234318638,0.0009018037054108217,0.40320844635695446,0.04729238290171484
0.019068688234318638,0.0010020041060120242,0.3628876057452789,0.05254709153032769
0.019068688234318638,0.0011022045066132265,0.32989782639787174,0.057801800158940535
0.019068688234318638,0.0012024049072144288,0.30240634315109083,0.06305650878755338
0.019068688234318638,0.0013026053078156314,0.27914431854066074,0.06831121741616623
0.019068688234318638,0.0014028057084168337,0.2592054400662565,0.07356592604477907
0.019166476378597197,1e-10,3673538.167713243,5.217443103504821e-09
0.019166476378597197,0.0001002005006012024,3.6661874398551264,0.0052279041082947415
0.019166476378597197,0.00020040090120240482,1.8330946346408747,0.01045580299914638
0.019166476378597197,0.0003006013018036072,1.2220632930303434,0.015683701889998014
0.019166476378597197,0.0004008017024048096,0.9165475459989365,0.020911600780849655
0.019166476378597197,0.0005010021030060121,0.7332380733877198,0.0261394996717013
0.019166476378597197,0.0006012025036072144,0.6110317481500854,0.03136739856255293
0.019166476378597197,0.0007014029042084169,0.5237415108594529,0.03659529745340457
0.019166476378597197,0.0008016033048096193,0.4582738301691144,0.04182319634425621
0.019166476378597197,0.0009018037054108217,0.407354521352265,0.04705109523510785
0.019166476378597197,0.0010020041060120242,0.36661907328243626,0.05227899412595949
0.019166476378597197,0.0011022045066132265,0.33329006964424623,0.057506893016811125
0.019166476378597197,0.0012024049072144288,0.30551589948377755,0.06273479190766276
0.019166476378597197,0.0013026053078156314,0.28201467825073456,0.0679626907985144
0.019166476378597197,0.0014028057084168337,0.261870774097369,0.07319058968936604
0.019264264522875753,1e-10,3711118.8760732934,5.190958620883394e-09
0.019264264522875753,0.0001002005006012024,3.7036929494429693,0.005201366524126432
0.019264264522875753,0.00020040090120240482,1.8518473987924162,0.010402727857294245
0.019264264522875753,0.0003006013018036072,1.2345651378775102,0.015604089190462054
0.019264264522875753,0.0004008017024048096,0.925923930414114,0.02080545052362987
0.019264264522875753,0.0005010021030060121,0.740739181294167,0.026006811856797683
0.019264264522875753,0.0006012025036072144,0.6172826716134054,0.03120817318996549
0.019264264522875753,0.0007014029042084169,0.529099445383899,0.03640953452313331
0.019264264522875753,0.0008016033048096193,0.46296202296155503,0.041610895856301115
0.019264264522875753,0.0009018037054108217,0.41152180389219767,0.04681225718946893
0.019264264522875753,0.0010020041060120242,0.37036962760996506,0.052013618522636744
0.019264264522875753,0.0011022045066132265,0.33669966451838856,0.05721497985580455
0.019264264522875753,0.0012024049072144288,0.30864136147537174,0.06241634118897236
0.019264264522875753,0.0013026053078156314,0.2848997201075861,0.06761770252214018
0.019264264522875753,0.0014028057084168337,0.2645497415505641,0.07281906385530798
0.01936205266715431,1e-10,3748890.8348565726,5.164741658287063e-09
0.01936205266715431,0.0001002005006012024,3.7413893267630907,0.00517509699636248
0.01936205266715431,0.00020040090120240482,1.8706955968577181,0.010350188827983301
0.01936205266715431,0.0003006013018036072,1.2471306053444333,0.01552528065960412
0.01936205266715431,0.0004008017024048096,0.9353480317980771,0.020700372491224944
0.01936205266715431,0.0005010021030060121,0.7482784627775476,0.025875464322845772
0.01936205266715431,0.0006012025036072144,0.6235654063918948,0.03105055615446659
0.01936205266715431,0.0007014029042084169,0.5344846467505667,0.03622564798608741
0.01936205266715431,0.0008016033048096193,0.4676740742413648,0.04140073981770823
0.01936205266715431,0.0009018037054108217,0.41571029397675235,0.046575831649329054
0.01936205266715431,0.0010020041060120242,0.37413926872786546,0.05175092348094988
0.01936205266715431,0.0011022045066132265,0.34012661102029884,0.056926015312570695
0.01936205266715431,0.0012024049072144288,0.31178272912587346,0.062101107144191516
0.01936205266715431,0.0013026053078156314,0.2877994441112154,0.06727619897581234
0.01936205266715431,0.0014028057084168337,0.267242342425842,0.07245129080743316
0.01936205266715431,0.0015030061090180362,0.24942618744948733,0.07762638263905398
0.019459840811432868,1e-10,3786854.044063082,5.138788182750648e-09
0.019459840811432868,0.0001002005006012024,3.779276571815491,0.005149091483951581
0.019459840811432868,0.00020040090120240482,1.8896392288367811,0.01029817782911498
0.019459840811432868,0.0003006013018036072,1.2597596954311128,0.015447264174278375
0.019459840811432868,0.0004008017024048096,0.9448198501508261,0.020596350519441774
0.019459840811432868,0.0005010021030060121,0.7558559178378618,0.02574543686460518
0.019459840811432868,0.0006012025036072144,0.6298799524855538,0.03089452320976857
0.019459840811432868,0.0007014029042084169,0.5398971149594564,0.03604360955493197
0.019459840811432868,0.0008016033048096193,0.47240998400854395,0.041192695900095375
0.019459840811432868,0.0009018037054108217,0.4199199916059293,0.04634178224525877
0.019459840811432868,0.0010020041060120242,0.37792799663613746,0.05149086859042217
0.019459840811432868,0.0011022045066132265,0.3435709091499771,0.05663995493558557
0.019459840811432868,0.0012024049072144288,0.3149400024352828,0.06178904128074896
0.019459840811432868,0.0013026053078156314,0.29071385026162255,0.06693812762591236
0.019459840811432868,0.0014028057084168337,0.2699485767232026,0.07208721397107576
0.019459840811432868,0.0015030061090180362,0.2519520061390276,0.07723630031623917
0.019557628955711424,1e-10,3825008.503692819,5.113094241968271e-09
0.019557628955711424,0.0001002005006012024,3.8173546846001676,0.005123346026663462
0.019557628955711424,0.00020040090120240482,1.9086782947296042,0.010246686940232683
0.019557628955711424,0.0003006013018036072,1.2724524081375483,0.015370027853801902
0.019557628955711424,0.0004008017024048096,0.9543393854723605,0.020493368767371123
0.019557628955711424,0.0005010021030060121,0.763471546475109,0.025616709680940347
0.019557628955711424,0.0006012025036072144,0.636226309894382,0.030740050594509565
0.019557628955711424,0.0007014029042084169,0.5453368500105675,0.03586339150807879
0.019557628955711424,0.0008016033048096193,0.47716975226309205,0.040986732421648006
0.019557628955711424,0.0009018037054108217,0.4241508967797282,0.04611007333521723
0.019557628955711424,0.0010020041060120242,0.38173581133478096,0.051233414248786455
0.019557628955711424,0.0011022045066132265,0.34703255890742324,0.05635675516235567
0.019557628955711424,0.0012024049072144288,0.31811318140359957,0.06148009607592488
0.019557628955711424,0.0013026053078156314,0.29364293855880746,0.06660343698949411
0.019557628955711424,0.0014028057084168337,0.2726684444426459,0.07172677790306332
0.019557628955711424,0.0015030061090180362,0.2544905493559054,0.07685011881663256
0.01965541709998998,1e-10,3863354.2137457845,5.0876559622869046e-09
0.01965541709998998,0.0001002005006012024,3.8556236651171227,0.0050978567430784
0.01965541709998998,0.00020040090120240482,1.9278127945361876,0.010195708398500838
0.01965541709998998,0.0003006013018036072,1.28520874346374,0.015293560053923273
0.01965541709998998,0.0004008017024048096,0.9639066377626805,0.020391411709345712
0.01965541709998998,0.0005010021030060121,0.7711253486892896,0.025489263364768155
0.01965541709998998,0.0006012025036072144,0.6426044786183795,0.030587115020190587
0.01965541709998998,0.0007014029042084169,0.5508038519039004,0.03568496667561303
0.01965541709998998,0.0008016033048096193,0.48195337900500934,0.04078281833103547
0.01965541709998998,0.0009018037054108217,0.4284030094981493,0.04588066998645791
0.01965541709998998,0.0010020041060120242,0.38556271282379595,0.050978521641880346
0.01965541709998998,0.0011022045066132265,0.3505115602926373,0.05607637329730278
0.01965541709998998,0.0012024049072144288,0.32130226603082385,0.06117422495272521
0.01965541709998998,0.0013026053078156314,0.2965867090027701,0.06627207660814766
0.01965541709998998,0.0014028057084168337,0.27540194558417186,0.0713699282635701
0.01965541709998998,0.0015030061090180362,0.2570418171001209,0.07646777991899253
0.01975320524426854,1e-10,3901891.174221981,5.062469546759524e-09
0.01975320524426854,0.0001002005006012024,3.8940835133663576,0.005072619828636465
0.01975320524426854,0.00020040090120240482,1.9470427282565324,0.010145234594803385
0.01975320524426854,0.0003006013018036072,1.2980287014096885,0.0152178493609703
0.01975320524426854,0.0004008017024048096,0.9735216070217865,0.020290464127137222
0.01975320524426854,0.0005010021030060121,0.778817324480404,0.025363078893304143
0.01975320524426854,0.0006012025036072144,0.6490144586575468,0.030435693659471057
0.01975320524426854,0.0007014029042084169,0.5562981206394552,0.03550830842563798
0.01975320524426854,0.0008016033048096193,0.486760864234296,0.040580923191804896
0.01975320524426854,0.0009018037054108217,0.4326763297611926,0.04565353795797182
0.01975320524426854,0.0010020041060120242,0.3894087011031827,0.05072615272413874
0.01975320524426854,0.0011022045066132265,0.3540079133056194,0.055798767490305656
0.01975320524426854,0.0012024049072144288,0.32450725631695576,0.06087138225647257
0.01975320524426854,0.0013026053078156314,0.29954516159351074,0.06594399702263949
0.01975320524426854,0.0014028057084168337,0.27814908014778067,0.0710166117888064
0.01975320524426854,0.0015030061090180362,0.2596058093716742,0.07608922655497333
0.019850993388547095,1e-10,3940619.3851214047,5.037531273255795e-09
0.019850993388547095,0.0001002005006012024,3.9327342293478695,0.005047631553744431
0.019850993388547095,0.00020040090120240482,1.966368095890637,0.01009525806995759
0.019850993388547095,0.0003006013018036072,1.310912281975393,0.015142884586170746
0.019850993388547095,0.0004008017024048096,0.9831842932496779,0.020190511102383905
0.019850993388547095,0.0005010021030060121,0.7865474738484515,0.025238137618597067
0.019850993388547095,0.0006012025036072144,0.6554562500118832,0.030285764134810222
0.019850993388547095,0.0007014029042084169,0.5618196562172314,0.03533339065102338
0.019850993388547095,0.0008016033048096193,0.49159220795095165,0.04038101716723654
0.019850993388547095,0.0009018037054108217,0.4369708575688579,0.0454286436834497
0.019850993388547095,0.0010020041060120242,0.39327377617294085,0.05047627019966286
0.019850993388547095,0.0011022045066132265,0.35752161794636933,0.055523896715876014
0.019850993388547095,0.0012024049072144288,0.32772815226199514,0.06057152323208917
0.019850993388547095,0.0013026053078156314,0.30251829633102906,0.06561914974830234
0.019850993388547095,0.0014028057084168337,0.2809098481334721,0.0706667762645155
0.019850993388547095,0.0015030061090180362,0.2621825261705651,0.07571440278072865
0.01994878153282565,1e-10,3979538.8464440573,5.012837492628327e-09
0.01994878153282565,0.0001002005006012024,3.9715758130616594,0.005022888261938346
0.01994878153282565,0.00020040090120240482,1.9857888974385025,0.0100457715110392
0.01994878153282565,0.0003006013018036072,1.3238594851608534,0.01506865476014005
0.01994878153282565,0.0004008017024048096,0.992894696446355,0.020091538009240906
0.01994878153282565,0.0005010021030060121,0.7943157967934322,0.025114421258341763
0.01994878153282565,0.0006012025036072144,0.661929852681389,0.030137304507442612
0.01994878153282565,0.0007014029042084169,0.5673684586372294,0.03516018775654347
0.01994878153282565,0.0008016033048096193,0.4964474101549765,0.04018307100564432
0.01994878153282565,0.0009018037054108217,0.4412865929211453,0.045205954254745176
0.01994878153282565,0.0010020041060120242,0.39715793803307053,0.05022883750384603
0.01994878153282565,0.0011022045066132265,0.3610526742148872,0.05525172075294688
0.01994878153282565,0.0012024049072144288,0.33096495386594205,0.06027460400204773
0.01994878153282565,0.0013026053078156314,0.30550611321532517,0.06529748725114859
0.01994878153282565,0.0014028057084168337,0.2836842495412462,0.07032037050024945
0.01994878153282565,0.0015030061090180362,0.2647719674967936,0.0753432537493503
0.02004656967710421,1e-10,4018649.5581899397,4.988384626932608e-09
0.02004656967710421,0.0001002005006012024,4.010608264507729,0.004998386368099896
0.02004656967710421,0.00020040090120240482,2.0053051329001286,0.009996767747815164
0.02004656967710421,0.0003006013018036072,1.3368703109660707,0.01499514912753043
0.02004656967710421,0.0004008017024048096,1.0026528166118178,0.0199935305072457
0.02004656967710421,0.0005010021030060121,0.8021222933153467,0.024991911886960972
0.02004656967710421,0.0006012025036072144,0.6684352666660645,0.029990293266676238
0.02004656967710421,0.0007014029042084169,0.5729445278994492,0.03498867464639151
0.02004656967710421,0.0008016033048096193,0.5013264708463706,0.039987056026106776
0.02004656967710421,0.0009018037054108217,0.4456235358180549,0.044985437405822046
0.02004656967710421,0.0010020041060120242,0.4010611866835719,0.049983818785537315
0.02004656967710421,0.0011022045066132265,0.36460108211117304,0.054982200165252584
0.02004656967710421,0.0012024049072144288,0.33421766112879653,0.05998058154496785
0.02004656967710421,0.0013026053078156314,0.30850861224639914,0.06497896292468312
0.02004656967710421,0.0014028057084168337,0.28647228437110317,0.06997734430439839
0.02004656967710421,0.0015030061090180362,0.2673741333503599,0.07497572568411366
0.020144357821382766,1e-10,4057951.52035905,4.964169167698776e-09
0.020144357821382766,0.0001002005006012024,4.049831583686075,0.004974122356724716
0.020144357821382766,0.00020040090120240482,2.024916802275515,0.009948239749280264
0.020144357821382766,0.0003006013018036072,1.3499447593910436,0.014922357141835811
0.020144357821382766,0.0004008017024048096,1.0124586537460663,0.01989647453439136
0.020144357821382766,0.0005010021030060121,0.8099669634141943,0.024870591926946913
0.020144357821382766,0.0006012025036072144,0.6749724919659091,0.029844709319502456
0.020144357821382766,0.0007014029042084169,0.5785478640038905,0.03481882671205801
0.020144357821382766,0.0008016033048096193,0.5062293900251338,0.03979294410461356
0.020144357821382766,0.0009018037054108217,0.44998168625958657,0.04476706149716911
0.020144357821382766,0.0010020041060120242,0.40498352212444466,0.04974117888972465
0.020144357821382766,0.0011022045066132265,0.3681668416352268,0.0547152962822802
0.020144357821382766,0.0012024049072144288,0.3374862740505584,0.059689413674835747
0.020144357821382766,0.0013026053078156314,0.3115257934242508,0.0646635310673913
0.020144357821382766,0.0014028057084168337,0.2892739526230427,0.06963764845994684
0.020144357821382766,0.0015030061090180362,0.26998902373126377,0.0746117658525024
0.020242145965661325,1e-10,4097444.7329513906,4.940187674253486e-09
0.020242145965661325,0.0001002005006012024,4.0892457705967,0.004950092780240891
0.020242145965661325,0.00020040090120240482,2.044623905564663,0.00990018062029411
0.020242145965661325,0.0003006013018036072,1.3630828304357736,0.014850268460347323
0.020242145965661325,0.0004008017024048096,1.0223122078491005,0.019800356300400543
0.020242145965661325,0.0005010021030060121,0.8178498070899756,0.024750444140453763
0.020242145965661325,0.0006012025036072144,0.6815415285809234,0.029700531980506976
0.020242145965661325,0.0007014029042084169,0.5841784669505538,0.0346506198205602
0.020242145965661325,0.0008016033048096193,0.5111561676912664,0.03960070766061341
0.020242145965661325,0.0009018037054108217,0.4543610442457405,0.04455079550066663
0.020242145965661325,0.0010020041060120242,0.40892494435568916,0.04950088334071985
0.020242145965661325,0.0011022045066132265,0.37174995278704853,0.054450971180773064
0.020242145965661325,0.0012024049072144288,0.340770792631228,0.05940105902082628
0.020242145965661325,0.0013026053078156314,0.3145576567488804,0.0643511468608795
0.020242145965661325,0.0014028057084168337,0.29208925429706506,0.06930123470093272
0.020242145965661325,0.0015030061090180362,0.2726166386395054,0.07425132254098593
0.02033993410993988,1e-10,4137129.195966958,4.916436772090191e-09
0.02033993410993988,0.0001002005006012024,4.128850825239603,0.004926294257375968
0.02033993410993988,0.00020040090120240482,2.06442644276757,0.009852583598315165
0.02033993410993988,0.0003006013018036072,1.376284524100259,0.014778872939254359
0.02033993410993988,0.0004008017024048096,1.03221347892092,0.019705162280193554
0.02033993410993988,0.0005010021030060121,0.8257708243426899,0.024631451621132755
0.02033993410993988,0.0006012025036072144,0.6881423765111069,0.02955774096207195
0.02033993410993988,0.0007014029042084169,0.5898363367394384,0.03448403030301114
0.02033993410993988,0.0008016033048096193,0.5161068038447678,0.039410319643950344
0.02033993410993988,0.0009018037054108217,0.45876160977651625,0.04433660898488954
0.02033993410993988,0.0010020041060120242,0.41288545337730503,0.04926289832582874
0.02033993410993988,0.0011022045066132265,0.37535041556663806,0.054189187666767925
0.02033993410993988,0.0012024049072144288,0.34407121687080494,0.05911547700770712
0.02033993410993988,0.0013026053078156314,0.3176042022202877,0.06404176634864632
0.02033993410993988,0.0014028057084168337,0.29491818939317005,0.06896805568958551
0.02033993410993988,0.0015030061090180362,0.2752569780750846,0.07389434503052472
0.020437722254218436,1e-10,4177004.9094057553,4.892913151286199e-09
0.020437722254218436,0.0001002005006012024,4.168646747614783,0.004902723471570839
0.020437722254218436,0.00020040090120240482,2.084324413884238,0.009805442050228527
0.020437722254218436,0.0003006013018036072,1.3895498403845008,0.014708160628886212
0.020437722254218436,0.0004008017024048096,1.0421624669615255,0.0196108792075439
0.020437722254218436,0.0005010021030060121,0.8337300151723377,0.02451359778620159
0.020437722254218436,0.0006012025036072144,0.6947750357564598,0.029416316364859276
0.020437722254218436,0.0007014029042084169,0.5955214733705448,0.034319034943516964
0.020437722254218436,0.0008016033048096193,0.5210812984856386,0.039221753522174656
0.020437722254218436,0.0009018037054108217,0.46318338285191424,0.04412447210083235
0.020437722254218436,0.0010020041060120242,0.4168650491892925,0.04902719067949003
0.020437722254218436,0.0011022045066132265,0.37896822997399554,0.05392990925814772
0.020437722254218436,0.0012024049072144288,0.34738754676928946,0.0588326278368054
0.020437722254218436,0.0013026053078156314,0.32066542983847274,0.06373534641546309
0.020437722254218436,0.0014028057084168337,0.29776075791135775,0.06863806499412078
0.020437722254218436,0.0015030061090180362,0.2779100420380015,0.07354078357277848
0.020535510398496996,1e-10,4217071.873267782,4.869613564964962e-09
0.020535510398496996,0.0001002005006012024,4.2086335377222435,0.0048793771694389506
0.020535510398496996,0.00020040090120240482,2.104317818914667,0.009758749469264336
0.020535510398496996,0.0003006013018036072,1.4028787792884994,0.01463812176908972
0.020535510398496996,0.0004008017024048096,1.0521591719709167,0.019517494068915106
0.020535510398496996,0.0005010021030060121,0.841727379578919,0.024396866368740496
0.020535510398496996,0.0006012025036072144,0.7014395063169823,0.02927623866856588
0.020535510398496996,0.0007014029042084169,0.6012338768438731,0.034155610968391266
0.020535510398496996,0.0008016033048096193,0.5260796516138786,0.03903498326821665
0.020535510398496996,0.0009018037054108217,0.4676263634719345,0.04391435556804204
0.020535510398496996,0.0010020041060120242,0.42086373179165165,0.048793727867867426
0.020535510398496996,0.0011022045066132265,0.3826033960091211,0.053673100167692805
0.020535510398496996,0.0012024049072144288,0.35071978232668155,0.05855247246751819
0.020535510398496996,0.0013026053078156314,0.3237413396034357,0.06343184476734358
0.020535510398496996,0.0014028057084168337,0.3006169598516283,0.06831121706716896
0.020535510398496996,0.0015030061090180362,0.28057583052825613,0.07319058936699435
0.02063329854277555,1e-10,4257330.087553036,4.846534827802099e-09
0.02063329854277555,0.0001002005006012024,4.24881119556198,0.004856252159269325
0.02063329854277555,0.00020040090120240482,2.1244066578588563,0.009712499472003824
0.02063329854277555,0.0003006013018036072,1.4162713408122538,0.01456874678473832
0.02063329854277555,0.0004008017024048096,1.0622035939490932,0.01942499409747282
0.02063329854277555,0.0005010021030060121,0.8497629175624335,0.02428124141020732
0.02063329854277555,0.0006012025036072144,0.708135788192674,0.029137488722941814
0.02063329854277555,0.0007014029042084169,0.6069735471594229,0.03399373603567631
0.02063329854277555,0.0008016033048096193,0.5311018632294876,0.03884998334841081
0.02063329854277555,0.0009018037054108217,0.47209055163657665,0.04370623066114531
0.02063329854277555,0.0010020041060120242,0.4248815011843822,0.04856247797387981
0.02063329854277555,0.0011022045066132265,0.38625591367201445,0.05341872528661431
0.02063329854277555,0.0012024049072144288,0.3540679235429811,0.0582749725993488
0.02063329854277555,0.0013026053078156314,0.32683193151517637,0.0631312199120833
0.02063329854277555,0.0014028057084168337,0.30348679521398136,0.0679874672248178
0.02063329854277555,0.0015030061090180362,0.2832543435458484,0.0728437145375523
0.02073108668705411,1e-10,4297779.552261522,4.823673814573683e-09
0.02073108668705411,0.0001002005006012024,4.289179721133997,0.004833345309571946
0.02073108668705411,0.00020040090120240482,2.1445909307168067,0.009666685795470078
0.02073108668705411,0.0003006013018036072,1.4297275249557648,0.014500026281368207
0.02073108668705411,0.0004008017024048096,1.0722957328960558,0.019333366767266342
0.02073108668705411,0.0005010021030060121,0.8578366291228817,0.024166707253164478
0.02073108668705411,0.0006012025036072144,0.7148638813835353,0.029000047739062604
0.02073108668705411,0.0007014029042084169,0.6127404843171946,0.033833388224960737
0.02073108668705411,0.0008016033048096193,0.536147933332466,0.03866672871085887
0.02073108668705411,0.0009018037054108217,0.47657594734584113,0.043500069196757
0.02073108668705411,0.0010020041060120242,0.4289183573674845,0.048333409682655135
0.02073108668705411,0.0011022045066132265,0.3899257829626759,0.05316675016855327
0.02073108668705411,0.0012024049072144288,0.3574319704181883,0.05800009065445139
0.02073108668705411,0.0013026053078156314,0.329937205573695,0.06283343114034953
0.02073108668705411,0.0014028057084168337,0.3063702639984173,0.06766677162624767
0.02073108668705411,0.0015030061090180362,0.2859455810907784,0.0725001121121458
0.020828874831332667,1e-10,4338420.267393234,4.801027458745444e-09
0.020828874831332667,0.0001002005006012024,4.32973911443829,0.0048106535476641205
0.020828874831332667,0.00020040090120240482,2.1648706374885167,0.009621302294300783
0.020828874831332667,0.0003006013018036072,1.4432473317190317,0.014431951040937443
0.020828874831332667,0.0004008017024048096,1.0824355888118038,0.019242599787574106
0.020828874831332667,0.0005010021030060121,0.865948514260263,0.024053248534210772
0.020828874831332667,0.0006012025036072144,0.7216237858895658,0.028863897280847428
0.020828874831332667,0.0007014029042084169,0.6185346883171877,0.03367454602748409
0.020828874831332667,0.0008016033048096193,0.5412178619228134,0.038485194774120754
0.020828874831332667,0.0009018037054108217,0.48108255059972754,0.04329584352075742
0.020828874831332667,0.0010020041060120242,0.43297430034095813,0.04810649226739408
0.020828874831332667,0.0011022045066132265,0.3936130038811051,0.05291714101403074
0.020828874831332667,0.0012024049072144288,0.3608119229523029,0.0577277897606674
0.020828874831332667,0.0013026053078156314,0.33305716177899125,0.06253843850730406
0.020828874831332667,0.0014028057084168337,0.3092673662049359,0.06734908725394073
0.020828874831332667,0.0015030061090180362,0.288649543163046,0.07215973600057739
0.020926662975611222,1e-10,4379252.232948176,4.778592751101504e-09
0.020926662975611222,0.0001002005006012024,4.370489375474862,0.004788173858296476
0.020926662975611222,0.00020040090120240482,2.1852457781739876,0.009576342938000202
0.020926662975611222,0.0003006013018036072,1.456830761102055,0.014364512017703925
0.020926662975611222,0.0004008017024048096,1.0926231616963373,0.019152681097407653
0.020926662975611222,0.0005010021030060121,0.8740985729745777,0.02394085017711138
0.020926662975611222,0.0006012025036072144,0.7284155017107657,0.028729019256815102
0.020926662975611222,0.0007014029042084169,0.6243561591594027,0.03351718833651883
0.020926662975611222,0.0008016033048096193,0.54631164900053,0.038305357416222555
0.020926662975611222,0.0009018037054108217,0.4856103613982361,0.04309352649592628
0.020926662975611222,0.0010020041060120242,0.4370493301048034,0.04788169557563001
0.020926662975611222,0.0011022045066132265,0.39731757642730225,0.05266986465533373
0.020926662975611222,0.0012024049072144288,0.36420778114532504,0.05745803373503745
0.020926662975611222,0.0013026053078156314,0.3361918001310653,0.062246202814741185
0.020926662975611222,0.0014028057084168337,0.31217810183353717,0.0670343718944449
0.020926662975611222,0.0015030061090180362,0.29136622976265125,0.07182254097414864
0.020926662975611222,0.0016032065096192386,0.27315584153835853,0.07661071005385235
0.02102445111988978,1e-10,4420275.448926347,4.756366738411397e-09
0.02102445111988978,0.0001002005006012024,4.411430504243712,0.0047659032823173025
0.02102445111988978,0.00020040090120240482,2.2057163527732198,0.009531801808267869
0.02102445111988978,0.0003006013018036072,1.4704778131048348,0.01429770033421843
0.02102445111988978,0.0004008017024048096,1.102858451549657,0.019063598860168996
0.02102445111988978,0.0005010021030060121,0.882286805265826,0.023829497386119565
0.02102445111988978,0.0006012025036072144,0.7352390288471353,0.028595395912070123
0.02102445111988978,0.0007014029042084169,0.6302048968438394,0.03336129443802069
0.02102445111988978,0.0008016033048096193,0.5514292945656158,0.038127192963971254
0.02102445111988978,0.0009018037054108217,0.49015937974136686,0.04289309148992182
0.02102445111988978,0.0010020041060120242,0.4411434466590203,0.047658990015872385
0.02102445111988978,0.0011022045066132265,0.4010395006012674,0.05242488854182295
0.02102445111988978,0.0012024049072144288,0.3676195449972548,0.05719078706777351
0.02102445111988978,0.0013026053078156314,0.3393411206299173,0.06195668559372408
0.02102445111988978,0.0014028057084168337,0.3151024708842213,0.06672258411967465
0.02102445111988978,0.0015030061090180362,0.2940956408895942,0.07148848264562521
0.02102445111988978,0.0016032065096192386,0.275714664480508,0.07625438117157578
0.021122239264168337,1e-10,4461489.915327746,4.734346522134114e-09
0.021122239264168337,0.0001002005006012024,4.45256250074484,0.004743838915373998
0.021122239264168337,0.00020040090120240482,2.2262823612862115,0.009487673096401476
0.021122239264168337,0.0003006013018036072,1.4841884877273706,0.014231507277428949
0.021122239264168337,0.0004008017024048096,1.1131414583717618,0.018975341458456425
0.021122239264168337,0.0005010021030060121,0.8905132111340075,0.023719175639483905
0.021122239264168337,0.0006012025036072144,0.7420943672986741,0.02846300982051138
0.021122239264168337,0.0007014029042084169,0.6360809013704977,0.03320684400153886
0.021122239264168337,0.0008016033048096193,0.5565707986180708,0.03795067818256633
0.021122239264168337,0.0009018037054108217,0.4947296056291196,0.04269451236359381
0.021122239264168337,0.0010020041060120242,0.44525665000360864,0.04743834654462129
0.021122239264168337,0.0011022045066132265,0.4047787764030004,0.05218218072564876
0.021122239264168337,0.0012024049072144288,0.37104721450809197,0.05692601490667623
0.021122239264168337,0.0013026053078156314,0.34250512327554694,0.06166984908770372
0.021122239264168337,0.0014028057084168337,0.318040473356988,0.06641368326873119
0.021122239264168337,0.0015030061090180362,0.29683777654387483,0.07115751744975866
0.021122239264168337,0.0016032065096192386,0.2782854166670861,0.07590135163078614
0.021220027408446893,1e-10,4502895.632152374,4.7125292571579704e-09
0.021220027408446893,0.0001002005006012024,4.4938853649782455,0.004721977906650411
0.021220027408446893,0.00020040090120240482,2.246943803712964,0.009443951100771565
0.021220027408446893,0.0003006013018036072,1.4979627849696624,0.014165924294892716
0.021220027408446893,0.0004008017024048096,1.1234721821626523,0.018887897489013872
0.021220027408446893,0.0005010021030060121,0.8987777905791223,0.02360987068313503
0.021220027408446893,0.0006012025036072144,0.7489815170653823,0.02833184387725618
0.021220027408446893,0.0007014029042084169,0.6419841727393776,0.033053817071377334
0.021220027408446893,0.0008016033048096193,0.5617361611578948,0.03777579026549849
0.021220027408446893,0.0009018037054108217,0.4993210390614945,0.04249776345961964
0.021220027408446893,0.0010020041060120242,0.4493889401385685,0.0472197366537408
0.021220027408446893,0.0011022045066132265,0.40853540383250136,0.05194170984786195
0.021220027408446893,0.0012024049072144288,0.37449078967783667,0.0566636830419831
0.021220027408446893,0.0013026053078156314,0.3456838080679544,0.06138565623610426
0.021220027408446893,0.0014028057084168337,0.32099210925183735,0.06610762943022541
0.021220027408446893,0.0015030061090180362,0.2995926367254931,0.07082960262434657
0.021220027408446893,0.0016032065096192386,0.2808680980980929,0.07555157581846772
0.021317815552725453,1e-10,4544492.599400232,4.690912150575162e-09
0.021317815552725453,0.0001002005006012024,4.535399096943931,0.004700317457638942
0.021317815552725453,0.00020040090120240482,2.2677006800534776,0.009400630224365734
0.021317815552725453,0.0003006013018036072,1.5118007048317108,0.014100942991092524
0.021317815552725453,0.0004008017024048096,1.1338506229223286,0.018801255757819317
0.021317815552725453,0.0005010021030060121,0.9070805436011707,0.023501568524546112
0.021317815552725453,0.0006012025036072144,0.75590047814726,0.0282018812912729
0.021317815552725453,0.0007014029042084169,0.6479147109504794,0.03290219405799969
0.021317815552725453,0.0008016033048096193,0.5669253821850883,0.03760250682472649
0.021317815552725453,0.0009018037054108217,0.5039336800384916,0.04230281959145328
0.021317815552725453,0.0010020041060120242,0.4535403170639001,0.04700313235818007
0.021317815552725453,0.0011022045066132265,0.4123093828897703,0.05170344512490686
0.021317815552725453,0.0012024049072144288,0.377950270506489,0.05640375789163365
0.021317815552725453,0.0013026053078156314,0.3488771750071398,0.061104070658360446
0.021317815552725453,0.0014028057084168337,0.32395737856876955,0.06580438342508724
0.021317815552725453,0.0015030061090180362,0.3023602214344491,0.07050469619181403
0.021317815552725453,0.0016032065096192386,0.2834627087735284,0.07520500895854082
0.02141560369700401,1e-10,4586280.817071318,4.669492460489908e-09
0.02141560369700401,0.0001002005006012024,4.577103696641894,0.004678854820946291
0.02141560369700401,0.00020040090120240482,2.288552990307751,0.00935770497240012
0.02141560369700401,0.0003006013018036072,1.5257022473135153,0.014036555123853949
0.02141560369700401,0.0004008017024048096,1.1442767806507905,0.01871540527530778
0.02141560369700401,0.0005010021030060121,0.9154214702001524,0.023394255426761615
0.02141560369700401,0.0006012025036072144,0.762851250544307,0.02807310557821544
0.02141560369700401,0.0007014029042084169,0.6538725160038027,0.03275195572966927
0.02141560369700401,0.0008016033048096193,0.5721384616996507,0.0374308058811231
0.02141560369700401,0.0009018037054108217,0.5085675285601108,0.042109656032576936
0.02141560369700401,0.0010020041060120242,0.4577107807796031,0.04678850618403076
0.02141560369700401,0.0011022045066132265,0.41610071357480716,0.05146735633548459
0.02141560369700401,0.0012024049072144288,0.3814256569940488,0.05614620648693842
0.02141560369700401,0.0013026053078156314,0.35208522409310283,0.06082505663839225
0.02141560369700401,0.0014028057084168337,0.32693628130778446,0.06550390678984608
0.02141560369700401,0.0015030061090180362,0.3051405306707427,0.07018275694129991
0.02141560369700401,0.0016032065096192386,0.28606924869339256,0.07486160709275375
0.021513391841282564,1e-10,4628260.285165632,4.648267494859067e-09
0.021513391841282564,0.0001002005006012024,4.618999164072133,0.004657587299131755
0.021513391841282564,0.00020040090120240482,2.309500734475785,0.009315169949996017
0.021513391841282564,0.0003006013018036072,1.539667412415076,0.013972752600860274
0.021513391841282564,0.0004008017024048096,1.154750655348038,0.01863033525172454
0.021513391841282564,0.0005010021030060121,0.9238005703760673,0.0232879179025888
0.021513391841282564,0.0006012025036072144,0.7698338342565234,0.02794550055345306
0.021513391841282564,0.0007014029042084169,0.6598575878993477,0.03260308320431732
0.021513391841282564,0.0008016033048096193,0.5773753997015822,0.037260665855181584
0.021513391841282564,0.0009018037054108217,0.513222584626352,0.04191824850604584
0.021513391841282564,0.0010020041060120242,0.4619003312856776,0.04657583115691011
0.021513391841282564,0.0011022045066132265,0.41990939588761184,0.05123341380777437
0.021513391841282564,0.0012024049072144288,0.38491694914051605,0.05589099645863862
0.021513391841282564,0.0013026053078156314,0.3553079553258437,0.06054857910950289
0.021513391841282564,0.0014028057084168337,0.329928817468882,0.06520616176036714
0.021513391841282564,0.0015030061090180362,0.307933564434374,0.06986374441123142
0.021513391841282564,0.0016032065096192386,0.2886877178576853,0.07452132706209567
0.021611179985561123,1e-10,4670431.003683177,4.627234610364269e-09
0.021611179985561123,0.0001002005006012024,4.6610854992346535,0.004636512243577094
0.021611179985561123,0.00020040090120240482,2.33054391255758,0.009273019859919579
0.021611179985561123,0.0003006013018036072,1.5536962001363934,0.01390952747626206
0.021611179985561123,0.0004008017024048096,1.1652722470140715,0.018546035092604548
0.021611179985561123,0.0005010021030060121,0.932217844128916,0.023182542708947033
0.021611179985561123,0.0006012025036072144,0.7768482292839094,0.027819050325289515
0.021611179985561123,0.0007014029042084169,0.6658699266371146,0.032455557941632
0.021611179985561123,0.0008016033048096193,0.5826361961908831,0.037092065557974487
0.021611179985561123,0.0009018037054108217,0.5178988482372154,0.04172857317431697
0.021611179985561123,0.0010020041060120242,0.46610896858212386,0.04636508079065946
0.021611179985561123,0.0011022045066132265,0.4237354298281846,0.05100158840700194
0.021611179985561123,0.0012024049072144288,0.38842414694589095,0.055638096023344415
0.021611179985561123,0.0013026053078156314,0.3585453687053624,0.06027460363968691
0.021611179985561123,0.0014028057084168337,0.3329349870520623,0.06491111125602939
0.021611179985561123,0.0015030061090180362,0.31073932272534305,0.06954761887237187
0.021611179985561123,0.0016032065096192386,0.29131811626640686,0.07418412648871436
0.02170896812983968,1e-10,4712792.972623949,4.606391211314496e-09
0.02170896812983968,0.0001002005006012024,4.70336270212945,0.004615627053386917
0.02170896812983968,0.00020040090120240482,2.3516825245531354,0.009231249500382623
0.02170896812983968,0.0003006013018036072,1.5677886104774668,0.013846871947378325
0.02170896812983968,0.0004008017024048096,1.1758415556488901,0.018462494394374033
0.02170896812983968,0.0005010021030060121,0.9406732914586977,0.02307811684136974
0.02170896812983968,0.0006012025036072144,0.7838944356264645,0.027693739288365445
0.02170896812983968,0.0007014029042084169,0.671909532217103,0.03230936173536115
0.02170896812983968,0.0008016033048096193,0.5879208511675531,0.03692498418235686
0.02170896812983968,0.0009018037054108217,0.5225963193927008,0.041540606629352564
0.02170896812983968,0.0010020041060120242,0.4703366926689415,0.04615622907634827
0.02170896812983968,0.0011022045066132265,0.4275788153965252,0.05077185152334397
0.02170896812983968,0.0012024049072144288,0.39194725041017325,0.055387473970339676
0.02170896812983968,0.0013026053078156314,0.36179746423165887,0.06000309641733539
0.02170896812983968,0.0014028057084168337,0.3359547900573253,0.06461871886433108
0.02170896812983968,0.0015030061090180362,0.31355780554364965,0.0692343413113268
0.02170896812983968,0.0016032065096192386,0.293960443919557,0.0738499637583225
0.02180675627411824,1e-10,4755346.191987951,4.585734748578214e-09
0.02180675627411824,0.0001002005006012024,4.745830772756526,0.004594929174318661
0.02180675627411824,0.00020040090120240482,2.3729165704624524,0.009189853762902574
0.02180675627411824,0.0003006013018036072,1.5819446434382967,0.013784778351486485
0.02180675627411824,0.0004008017024048096,1.186458581252495,0.018379702940070398
0.02180675627411824,0.0005010021030060121,0.9491669123654132,0.022974627528654316
0.02180675627411824,0.0006012025036072144,0.7909724532841894,0.027569552117238223
0.02180675627411824,0.0007014029042084169,0.6779764046393133,0.03216447670582214
0.02180675627411824,0.0008016033048096193,0.5932293646315924,0.03675940129440605
0.02180675627411824,0.0009018037054108217,0.5273149980928086,0.04135432588298997
0.02180675627411824,0.0010020041060120242,0.4745835035461309,0.04594925047157388
0.02180675627411824,0.0011022045066132265,0.43143955259263383,0.05054417506015779
0.02180675627411824,0.0012024049072144288,0.39548625953336325,0.055139099648741696
0.02180675627411824,0.0013026053078156314,0.36506424190473324,0.05973402423732562
0.02180675627411824,0.0014028057084168337,0.33898822648467114,0.06432894882590953
0.02180675627411824,0.0015030061090180362,0.31638901288929405,0.06892387341449345
0.02180675627411824,0.0016032065096192386,0.2966147008171359,0.07351879800307735
0.021904544418396794,1e-10,4798090.661775181,4.565262718544094e-09
0.021904544418396794,0.0001002005006012024,4.788489711115879,0.0045744160977412435
0.021904544418396794,0.00020040090120240482,2.3942460502855285,0.009148827630219769
0.021904544418396794,0.0003006013018036072,1.5961642990188825,0.013723239162698292
0.021904544418396794,0.0004008017024048096,1.197123323824885,0.018297650695176818
0.021904544418396794,0.0005010021030060121,0.9576987068490617,0.022872062227655348
0.021904544418396794,0.0006012025036072144,0.7980822822570834,0.027446473760133868
0.021904544418396794,0.0007014029042084169,0.6840705439037451,0.0320208852926124
0.021904544418396794,0.0008016033048096193,0.5985617365830007,0.036595296825090926
0.021904544418396794,0.0009018037054108217,0.5320548843375382,0.041169708357569446
0.021904544418396794,0.0010020041060120242,0.47884940121369163,0.04574411989004797
0.021904544418396794,0.0011022045066132265,0.43531764141651025,0.0503185314225265
0.021904544418396794,0.0012024049072144288,0.3990411743154606,0.05489294295500502
0.021904544418396794,0.0013026053078156314,0.3683457017245853,0.05946735448748355
0.021904544418396794,0.0014028057084168337,0.34203529633409957,0.06404176601996207
0.021904544418396794,0.0015030061090180362,0.319232944762276,0.06861617755244061
0.021904544418396794,0.0016032065096192386,0.2992808869591434,0.07319058908491913
0.02200233256267535,1e-10,4841026.38198564,4.544972662109449e-09
0.02200233256267535,0.0001002005006012024,4.8313395172075095,0.004554085359621463
0.02200233256267535,0.00020040090120240482,2.415670964022365,0.009108166174270266
0.02200233256267535,0.0003006013018036072,1.6104475772192244,0.013662246988919064
0.02200233256267535,0.0004008017024048096,1.207835783366061,0.018216327803567866
0.02200233256267535,0.0005010021030060121,0.9662686749096435,0.02277040861821667
0.02200233256267535,0.0006012025036072144,0.8052239225451469,0.02732448943286547
0.02200233256267535,0.0007014029042084169,0.6901919500103986,0.031878570247514275
0.02200233256267535,0.0008016033048096193,0.6039179670217781,0.03643265106216308
0.02200233256267535,0.0009018037054108217,0.53681597812689,0.04098673187681188
0.02200233256267535,0.0010020041060120242,0.4831343856716239,0.04554081269146068
0.02200233256267535,0.0011022045066132265,0.4392130818681546,0.050094893506109475
0.02200233256267535,0.0012024049072144288,0.40261199475646553,0.05464897432075828
0.02200233256267535,0.0013026053078156314,0.3716418436912151,0.05920305513540708
0.02200233256267535,0.0014028057084168337,0.34509599960561066,0.06375713595005587
0.02200233256267535,0.0015030061090180362,0.3220896011625956,0.06831121676470468
0.02200233256267535,0.0016032065096192386,0.30195900234557954,0.07286529757935349
0.02210012070695391,1e-10,4884153.3526193295,4.524862163695537e-09
0.02210012070695391,0.0001002005006012024,4.874380191031421,0.004533934539537326
0.02210012070695391,0.00020040090120240482,2.4371913116729633,0.00906786455421249
0.02210012070695391,0.0003006013018036072,1.624794478039323,0.01360179456888765
0.02210012070695391,0.0004008017024048096,1.2185959598760228,0.018135724583562815
0.02210012070695391,0.0005010021030060121,0.9748768165471592,0.02266965459823798
0.02210012070695391,0.0006012025036072144,0.8123973741483801,0.02720358461291314
0.02210012070695391,0.0007014029042084169,0.696340622959274,0.0317375146275883
0.02210012070695391,0.0008016033048096193,0.609298055947925,0.036271444642263465
0.02210012070695391,0.0009018037054108217,0.5415982794608641,0.040805374656938634
0.02210012070695391,0.0010020041060120242,0.487438456919928,0.045339304671613796
0.02210012070695391,0.0011022045066132265,0.4431258739475671,0.04987323468628895
0.02210012070695391,0.0012024049072144288,0.4061987208563781,0.054407164700964114
0.02210012070695391,0.0013026053078156314,0.3749526678046229,0.05894109471563928
0.02210012070695391,0.0014028057084168337,0.34817033629920463,0.06347502473031444
0.02210012070695391,0.0015030061090180362,0.3249589820902531,0.06800895474498961
0.02210012070695391,0.0016032065096192386,0.30464904697644446,0.07254288475966476
0.022197908851232465,1e-10,4927471.573676246,4.504928850288879e-09
0.022197908851232465,0.0001002005006012024,4.917611732587608,0.004513961259717448
0.022197908851232465,0.00020040090120240482,2.4588070932373216,0.009027918014506048
0.022197908851232465,0.0003006013018036072,1.6392050014791777,0.013541874769294644
0.022197908851232465,0.0004008017024048096,1.2294038533547698,0.018055831524083243
0.022197908851232465,0.0005010021030060121,0.9835231317616079,0.022569788278871846
0.022197908851232465,0.0006012025036072144,0.8196026370667824,0.027083745033660442
0.022197908851232465,0.0007014029042084169,0.7025165627503709,0.03159770178844904
0.022197908851232465,0.0008016033048096193,0.6147020033614408,0.03611165854323764
0.022197908851232465,0.0009018037054108217,0.5464017883394601,0.04062561529802624
0.022197908851232465,0.0010020041060120242,0.49176161495860343,0.04513957205281484
0.022197908851232465,0.0011022045066132265,0.44705601765474734,0.04965352880760344
0.022197908851232465,0.0012024049072144288,0.40980135261519807,0.05416748556239203
0.022197908851232465,0.0013026053078156314,0.37827817406480835,0.058681442317180636
0.022197908851232465,0.0014028057084168337,0.3512583064148812,0.06319539907196924
0.022197908851232465,0.0015030061090180362,0.32784108754524804,0.06770935582675783
0.022197908851232465,0.0016032065096192386,0.307351020851738,0.07222331258154643
0.022295696995511025,1e-10,4970981.045156393,4.48517039050781e-09
0.022295696995511025,0.0001002005006012024,4.961034141876076,0.0044941631841057305
0.022295696995511025,0.00020040090120240482,2.4805183087154408,0.008988321883041071
0.022295696995511025,0.0003006013018036072,1.653679147538789,0.01348248058197641
0.022295696995511025,0.0004008017024048096,1.240259463802303,0.01797663928091175
0.022295696995511025,0.0005010021030060121,0.9922076205529903,0.022470797979847097
0.022295696995511025,0.0006012025036072144,0.8268397113003543,0.02696495667878243
0.022295696995511025,0.0007014029042084169,0.7087197693836896,0.031459115377717776
0.022295696995511025,0.0008016033048096193,0.620129809262326,0.035953274076653115
0.022295696995511025,0.0009018037054108217,0.5512265047626784,0.04044743277558846
0.022295696995511025,0.0010020041060120242,0.49610385978765054,0.0449415914745238
0.022295696995511025,0.0011022045066132265,0.45100351298969565,0.049435750173459136
0.022295696995511025,0.0012024049072144288,0.4134198900329257,0.053929908872394475
0.022295696995511025,0.0013026053078156314,0.3816183624717717,0.05842406757132982
0.022295696995511025,0.0014028057084168337,0.3543599099526406,0.06291822627026515
0.022295696995511025,0.0015030061090180362,0.3307359175275808,0.0674123849692005
0.022295696995511025,0.0016032065096192386,0.31006492397146024,0.07190654366813584
0.02239348513978958,1e-10,5014681.767059768,4.465584493693492e-09
0.02239348513978958,0.0001002005006012024,5.00464741889682,0.004474538017450549
0.02239348513978958,0.00020040090120240482,2.50232495810732,0.008949071569316605
0.02239348513978958,0.0003006013018036072,1.6682169162181562,0.01342360512118266
0.02239348513978958,0.0004008017024048096,1.2511627912186214,0.017898138673048715
0.02239348513978958,0.0005010021030060121,1.0009302829213056,0.022372672224914774
0.02239348513978958,0.0006012025036072144,0.8341085968490953,0.026847205776780826
0.02239348513978958,0.0007014029042084169,0.7149502428592299,0.03132173932864688
0.02239348513978958,0.0008016033048096193,0.6255814736505801,0.03579627288051294
0.02239348513978958,0.0009018037054108217,0.5560724287305187,0.040270806432379
0.02239348513978958,0.0010020041060120242,0.5004651914070691,0.044745339984245056
0.02239348513978958,0.0011022045066132265,0.45496835995241175,0.049219873536111104
0.02239348513978958,0.0012024049072144288,0.4170543331095607,0.05369440708797716
0.02239348513978958,0.0013026053078156314,0.38497323302551273,0.05816894063984322
0.02239348513978958,0.0014028057084168337,0.35747514691248256,0.06264347419170928
0.02239348513978958,0.0015030061090180362,0.33364347203725114,0.06711800774357533
0.02239348513978958,0.0016032065096192386,0.3127907563356111,0.07159254129544139
0.02239348513978958,0.0017034069102204409,0.2943913011607314,0.07606707484730744
0.022491273284068136,1e-10,5058573.73938637,4.446168909024629e-09
0.022491273284068136,0.0001002005006012024,5.048451563649841,0.004455083504417697
0.022491273284068136,0.00020040090120240482,2.524227041412959,0.008910162562666486
0.022491273284068136,0.0003006013018036072,1.6828183075172791,0.013365241620915272
0.022491273284068136,0.0004008017024048096,1.2621138356037251,0.017820320679164062
0.022491273284068136,0.0005010021030060121,1.0096911188665543,0.022275399737412854
0.022491273284068136,0.0006012025036072144,0.8414092937130058,0.02673047879566164
0.022491273284068136,0.0007014029042084169,0.7212079831769918,0.031185557853910428
0.022491273284068136,0.0008016033048096193,0.6310569965262034,0.03564063691215922
0.022491273284068136,0.0009018037054108217,0.560939560242981,0.04009571597040801
0.022491273284068136,0.0010020041060120242,0.5048456098168591,0.044550795028656796
0.022491273284068136,0.0011022045066132265,0.4589505585428957,0.049005874086905585
0.022491273284068136,0.0012024049072144288,0.4207046818451032,0.053460953145154366
0.022491273284068136,0.0013026053078156314,0.38834278572603154,0.05791603220340316
0.022491273284068136,0.0014028057084168337,0.3606040172944072,0.06237111126165194
0.022491273284068136,0.0015030061090180362,0.3365637510742591,0.06682619031990074
0.022491273284068136,0.0016032065096192386,0.31552851794419057,0.07128126937814952
0.022491273284068136,0.0017034069102204409,0.2969680179782605,0.07573634843639832
0.022589061428346695,1e-10,5102656.962136204,4.426921424655183e-09
0.022589061428346695,0.0001002005006012024,5.092446576135143,0.004435797428726375
0.022589061428346695,0.00020040090120240482,2.5462245586323604,0.008871590430531326
0.022589061428346695,0.0003006013018036072,1.6974833214361593,0.013307383432336273
0.022589061428346695,0.0004008017024048096,1.2731125969576154,0.017743176434141226
0.022589061428346695,0.0005010021030060121,1.0184901283887369,0.022178969435946178
0.022589061428346695,0.0006012025036072144,0.8487418018920859,0.026614762437751127
0.022589061428346695,0.0007014029042084169,0.7274929903369757,0.031050555439556076
0.022589061428346695,0.0008016033048096193,0.6365563778891962,0.03548634844136103
0.022589061428346695,0.0009018037054108217,0.5658278993000656,0.03992214144316598
0.022589061428346695,0.0010020041060120242,0.509245115017021,0.04435793444497093
0.022589061428346695,0.0011022045066132265,0.46295010876114784,0.048793727446775875
0.022589061428346695,0.0012024049072144288,0.4243709362395534,0.05322952044858083
0.022589061428346695,0.0013026053078156314,0.3917270205733283,0.05766531345038578
0.022589061428346695,0.0014028057084168337,0.36374652109841477,0.062101106452190726
0.022589061428346695,0.0015030061090180362,0.3394967546386049,0.06653689945399568
0.022589061428346695,0.0016032065096192386,0.3182782087971989,0.07097269245580064
0.022589061428346695,0.0017034069102204409,0.2995559623199991,0.07540848545760558
0.02268684957262525,1e-10,5146931.435309265,4.407839866874399e-09
0.02268684957262525,0.0001002005006012024,5.13663245635272,0.0044166776123075215
0.02268684957262525,0.00020040090120240482,2.568317509765521,0.008833350816775176
0.02268684957262525,0.0003006013018036072,1.712211957974795,0.013250024021242828
0.02268684957262525,0.0004008017024048096,1.2841590752802905,0.017666697225710484
0.02268684957262525,0.0005010021030060121,1.0273273114878523,0.02208337043017814
0.02268684957262525,0.0006012025036072144,0.8561061213863351,0.02650004363464579
0.02268684957262525,0.0007014029042084169,0.7338052643391809,0.03091671683911345
0.02268684957262525,0.0008016033048096193,0.6420796177395577,0.0353333900435811
0.02268684957262525,0.0009018037054108217,0.5707374459017721,0.03975006324804876
0.02268684957262525,0.0010020041060120242,0.513663707007554,0.04416673645251642
0.02268684957262525,0.0011022045066132265,0.4669670106071676,0.048583409656984065
0.02268684957262525,0.0012024049072144288,0.4280530962929109,0.05300008286145172
0.02268684957262525,0.0013026053078156314,0.39512593756740266,0.05741675606591938
0.02268684957262525,0.0014028057084168337,0.36690265832450486,0.06183342927038703
0.02268684957262525,0.0015030061090180362,0.34244248273028816,0.06625010247485469
0.02268684957262525,0.0016032065096192386,0.3210398288946357,0.07066677567932234
0.02268684957262525,0.0017034069102204409,0.30215513418594686,0.07508344888379
0.022784637716903807,1e-10,5191397.1589055555,4.388922099288439e-09
0.022784637716903807,0.0001002005006012024,5.181009204302577,0.004397721914483817
0.022784637716903807,0.00020040090120240482,2.590505894812442,0.008795439440045537
0.022784637716903807,0.0003006013018036072,1.7270042171331872,0.013193156965607251
0.022784637716903807,0.0004008017024048096,1.2952532705717517,0.017590874491168973
0.022784637716903807,0.0005010021030060121,1.0362026681639016,0.021988592016730694
0.022784637716903807,0.0006012025036072144,0.8635022521957539,0.02638630954229241
0.022784637716903807,0.0007014029042084169,0.740144805183608,0.030784027067854127
0.022784637716903807,0.0008016033048096193,0.6476267160772886,0.035181744593415845
0.022784637716903807,0.0009018037054108217,0.5756682000481009,0.03957946211897757
0.022784637716903807,0.0010020041060120242,0.5181013857884589,0.04397717964453929
0.022784637716903807,0.0011022045066132265,0.4710012640809555,0.048374897170101
0.022784637716903807,0.0012024049072144288,0.43175116200517605,0.05277261469566272
0.022784637716903807,0.0013026053078156314,0.3985395367082549,0.05717033222122444
0.022784637716903807,0.0014028057084168337,0.3700724289726777,0.06156804974678615
0.022784637716903807,0.0015030061090180362,0.3454009353493092,0.06596576727234787
0.022784637716903807,0.0016032065096192386,0.3238133782365013,0.07036348479790959
0.022784637716903807,0.0017034069102204409,0.30476553357610414,0.0747612023234713
0.022882425861182366,1e-10,5236054.1329250755,4.370166022023019e-09
0.022882425861182366,0.0001002005006012024,5.225576819984712,0.004378928231170719
0.022882425861182366,0.00020040090120240482,2.612789713773125,0.008757852092175415
0.022882425861182366,0.0003006013018036072,1.741860098911336,0.01313677595318011
0.022882425861182366,0.0004008017024048096,1.3063951828319986,0.01751569981418481
0.022882425861182366,0.0005010021030060121,1.0451161984168842,0.021894623675189507
0.022882425861182366,0.0006012025036072144,0.8709301943203422,0.0262735475361942
0.022882425861182366,0.0007014029042084169,0.7465116128702569,0.0306524713971989
0.022882425861182366,0.0008016033048096193,0.6531976729023887,0.0350313952582036
0.022882425861182366,0.0009018037054108217,0.5806201617390518,0.039410319119208295
0.022882425861182366,0.0010020041060120242,0.5225581513597353,0.04378924298021299
0.022882425861182366,0.0011022045066132265,0.47505286918251133,0.048168166841217684
0.022882425861182366,0.0012024049072144288,0.4354651333763488,0.052547090702222375
0.022882425861182366,0.0013026053078156314,0.40196781799588505,0.05692601456322708
0.022882425861182366,0.0014028057084168337,0.37325583304293336,0.06130493842423177
0.022882425861182366,0.0015030061090180362,0.34837211249566796,0.06568386228523648
0.022882425861182366,0.0016032065096192386,0.3265988568227956,0.07006278614624117
0.022882425861182366,0.0017034069102204409,0.30738716049047077,0.07444171000724586
0.022980214005460922,1e-10,5280902.357367824,4.3515695709463985e-09
0.022980214005460922,0.0001002005006012024,5.270335303399126,0.0043602944940978865
0.022980214005460922,0.00020040090120240482,2.6351689666475675,0.008720584636626203
0.022980214005460922,0.0003006013018036072,1.7567796033092407,0.013080874779154516
0.022980214005460922,0.0004008017024048096,1.317584812061031,0.017441164921682833
0.022980214005460922,0.0005010021030060121,1.0540679022468,0.021801455064211155
0.022980214005460922,0.0006012025036072144,0.8783899477600999,0.026161745206739466
0.022980214005460922,0.0007014029042084169,0.7529056873991273,0.030522035349267784
0.022980214005460922,0.0008016033048096193,0.658792488214858,0.0348823254917961
0.022980214005460922,0.0009018037054108217,0.5855933309746247,0.039242615634324414
0.022980214005460922,0.0010020041060120242,0.5270340037213832,0.04360290577685273
0.022980214005460922,0.0011022045066132265,0.47912182591183505,0.047963195919381044
0.022980214005460922,0.0012024049072144288,0.439195010406429,0.05232348606190936
0.022980214005460922,0.0013026053078156314,0.4054107814302929,0.05668377620443768
0.022980214005460922,0.0014028057084168337,0.37645287053527166,0.06104406634696599
0.022980214005460922,0.0015030061090180362,0.35135601416936435,0.06540435648949432
0.022980214005460922,0.0016032065096192386,0.3293962646535185,0.06976464663202263
0.022980214005460922,0.0017034069102204409,0.3100200149290467,0.07412493677455094
0.023078002149739478,1e-10,5325941.8322338,4.333130716912117e-09
0.023078002149739478,0.0001002005006012024,5.315284654545817,0.004341818670050412
0.023078002149739478,0.00020040090120240482,2.65764365343577,0.008683633006970106
0.023078002149739478,0.0003006013018036072,1.7717627303269015,0.0130254473438898
0.023078002149739478,0.0004008017024048096,1.3288221582588489,0.017367261680809497
0.023078002149739478,0.0005010021030060121,1.0630577796536491,0.021709076017729194
0.023078002149739478,0.0006012025036072144,0.8858815125150269,0.026050890354648887
0.023078002149739478,0.0007014029042084169,0.7593270287702194,0.030392704691568583
0.023078002149739478,0.0008016033048096193,0.6644111620146964,0.03473451902848828
0.023078002149739478,0.0009018037054108217,0.5905877077548198,0.03907633336540797
0.023078002149739478,0.0010020041060120242,0.5315289428734026,0.04341814770232767
0.023078002149739478,0.0011022045066132265,0.48320813426892667,0.047759962039247365
0.023078002149739478,0.0012024049072144288,0.4429407930954167,0.05210177637616705
0.023078002149739478,0.0013026053078156314,0.4088684270114785,0.05644359071308675
0.023078002149739478,0.0014028057084168337,0.37966354144969267,0.060785405050006444
0.023078002149739478,0.0015030061090180362,0.3543526403703984,0.06512721938692614
0.023078002149739478,0.0016032065096192386,0.33220560172867003,0.06946903372384584
0.023078002149739478,0.0017034069102204409,0.31266409689183194,0.07381084806076553
0.023175790294018037,1e-10,5371172.557523007,4.314847465020913e-09
0.023175790294018037,0.0001002005006012024,5.360424873424787,0.004323498760129246
0.023175790294018037,0.00020040090120240482,2.6802137741377345,0.008646993205411029
0.023175790294018037,0.0003006013018036072,1.786809479964319,0.012970487650692808
0.023175790294018037,0.0004008017024048096,1.3401072214254528,0.01729398209597459
0.023175790294018037,0.0005010021030060121,1.072085830637432,0.021617476541256373
0.023175790294018037,0.0006012025036072144,0.8934048885851235,0.025940970986538154
0.023175790294018037,0.0007014029042084169,0.7657756369835333,0.030264465431819935
0.023175790294018037,0.0008016033048096193,0.6700536943019041,0.03458795987710172
0.023175790294018037,0.0009018037054108217,0.5956032920796371,0.0389114543223835
0.023175790294018037,0.0010020041060120242,0.5360429688157936,0.04323494876766528
0.023175790294018037,0.0011022045066132265,0.4873117942537863,0.04755844321294706
0.023175790294018037,0.0012024049072144288,0.446702481443312,0.051881937658228836
0.023175790294018037,0.0013026053078156314,0.41234075473944204,0.05620543210351062
0.023175790294018037,0.0014028057084168337,0.38288784578619645,0.060528926548792404
0.023175790294018037,0.0015030061090180362,0.3573619910987702,0.06485242099407419
0.023175790294018037,0.0016032065096192386,0.3350268680482504,0.06917591543935597
0.023175790294018037,0.0017034069102204409,0.31531940637882666,0.07349940988463774
0.023273578438296593,1e-10,5416594.53323544,4.296717853901244e-09
0.023273578438296593,0.0001002005006012024,5.405755960036034,0.004305332799030287
0.023273578438296593,0.00020040090120240482,2.7028793287534585,0.00861066130134272
0.023273578438296593,0.0003006013018036072,1.8019198522214923,0.012915989803655152
0.023273578438296593,0.0004008017024048096,1.351440001560842,0.017221318305967584
0.023273578438296593,0.0005010021030060121,1.0811520551981477,0.021526646808280023
0.023273578438296593,0.0006012025036072144,0.9009600759703892,0.02583197531059245
0.023273578438296593,0.0007014029042084169,0.7722515120390688,0.030137303812904886
0.023273578438296593,0.0008016033048096193,0.6757200850764807,0.03444263231521732
0.023273578438296593,0.0009018037054108217,0.6006400839490763,0.03874796081752976
0.023273578438296593,0.0010020041060120242,0.5405760815485562,0.04305328931984219
0.023273578438296593,0.0011022045066132265,0.49143280586641375,0.04735861782215462
0.023273578438296593,0.0012024049072144288,0.4504800754501147,0.051663946324467046
0.023273578438296593,0.0013026053078156314,0.41582776461418325,0.055969274826779485
0.023273578438296593,0.0014028057084168337,0.38612578354478283,0.060274603329091916
0.023273578438296593,0.0015030061090180362,0.36038406635447956,0.06457993183140436
0.023273578438296593,0.0016032065096192386,0.33786006361225923,0.06888526033371678
0.023273578438296593,0.0017034069102204409,0.3179859433900306,0.07319058883602922
0.023371366582575152,1e-10,5462207.759371106,4.2787399550078685e-09
0.023371366582575152,0.0001002005006012024,5.4512779143795616,0.004287318854341546
0.023371366582575152,0.00020040090120240482,2.725640317282944,0.008574633429943138
0.023371366582575152,0.0003006013018036072,1.8170938470984228,0.012861948005544728
0.023371366582575152,0.0004008017024048096,1.3628204986650176,0.01714926258114632
0.023371366582575152,0.0005010021030060121,1.0902564533357975,0.021436577156747915
0.023371366582575152,0.0006012025036072144,0.9085470746708247,0.025723891732349503
0.023371366582575152,0.0007014029042084169,0.7787546539368263,0.030011206307951097
0.023371366582575152,0.0008016033048096193,0.6814103343384269,0.03429852088355269
0.023371366582575152,0.0009018037054108217,0.605698083363138,0.03858583545915428
0.023371366582575152,0.0010020041060120242,0.5451282810716904,0.04287315003475587
0.023371366582575152,0.0011022045066132265,0.4955711691068093,0.047160464610357465
0.023371366582575152,0.0012024049072144288,0.45427357511582517,0.05144777918595905
0.023371366582575152,0.0013026053078156314,0.4193294566357024,0.05573509376156065
0.023371366582575152,0.0014028057084168337,0.38937735472545215,0.060022408337162235
0.023371366582575152,0.0015030061090180362,0.3634188661375267,0.06430972291276384
0.023371366582575152,0.0016032065096192386,0.34070518842069697,0.06859703748836542
0.023371366582575152,0.0017034069102204409,0.3206637079254441,0.07288435206396701
0.023469154726853708,1e-10,5508012.235929998,4.2609118719379665e-09
0.023469154726853708,0.0001002005006012024,5.4969907364553645,0.004269455025857906
0.023469154726853708,0.00020040090120240482,2.748496739726189,0.00853890579080394
0.023469154726853708,0.0003006013018036072,1.8323314645951085,0.012808356555749974
0.023469154726853708,0.0004008017024048096,1.374248712737978,0.01707780732069601
0.023469154726853708,0.0005010021030060121,1.09939902505038,0.021347258085642046
0.023469154726853708,0.0006012025036072144,0.9161658846864292,0.025616708850588078
0.023469154726853708,0.0007014029042084169,0.7852850626768051,0.029886159615534116
0.023469154726853708,0.0008016033048096193,0.6871244420877419,0.03415561038048015
0.023469154726853708,0.0009018037054108217,0.6107772903218214,0.03842506114542619
0.023469154726853708,0.0010020041060120242,0.549699567385196,0.04269451191037222
0.023469154726853708,0.0011022045066132265,0.4997268839749726,0.04696396267531825
0.023469154726853708,0.0012024049072144288,0.45808298044044293,0.05123341344026428
0.023469154726853708,0.0013026053078156314,0.4228458308039992,0.05550286420521033
0.023469154726853708,0.0014028057084168337,0.3926425593282039,0.05977231497015636
0.023469154726853708,0.0015030061090180362,0.3664663904479114,0.0640417657351024
0.023469154726853708,0.0016032065096192386,0.3435622424735632,0.06831121650004843
0.023469154726853708,0.0017034069102204409,0.32335269998506677,0.07258066726499446
0.023566942871132264,1e-10,5554007.962912118,4.243231739764282e-09
0.023566942871132264,0.0001002005006012024,5.542894426263446,0.004251739444912921
0.023566942871132264,0.00020040090120240482,2.7714485960831947,0.008503474646594102
0.023566942871132264,0.0003006013018036072,1.8476327047115506,0.012755209848275282
0.023566942871132264,0.0004008017024048096,1.3857246437797242,0.01700694504995646
0.023566942871132264,0.0005010021030060121,1.108579770341896,0.021258680251637647
0.023566942871132264,0.0006012025036072144,0.9238165060172032,0.025510415453318825
0.023566942871132264,0.0007014029042084169,0.7918427382590056,0.029762150655000007
0.023566942871132264,0.0008016033048096193,0.6928624083244261,0.03401388585668119
0.023566942871132264,0.0009018037054108217,0.615877704825127,0.03826562105836237
0.023566942871132264,0.0010020041060120242,0.5542899404890732,0.042517356260043555
0.023566942871132264,0.0011022045066132265,0.5038999504709039,0.046769091461724734
0.023566942871132264,0.0012024049072144288,0.4619082914239682,0.05102082666340591
0.023566942871132264,0.0013026053078156314,0.4263768871190738,0.0552725618650871
0.023566942871132264,0.0014028057084168337,0.3959213973530385,0.059524297066768275
0.023566942871132264,0.0015030061090180362,0.3695266392856338,0.06377603226844945
0.023566942871132264,0.0016032065096192386,0.3464312257708581,0.06802776747013063
0.023566942871132264,0.0017034069102204409,0.3260529195688988,0.07227950267181181
0.023664731015410823,1e-10,5600194.94031747,4.2256977243848035e-09
0.023664731015410823,0.0001002005006012024,5.588988983803807,0.004234170273727192
0.023664731015410823,0.00020040090120240482,2.7944958863539617,0.00846833632175666
0.023664731015410823,0.0003006013018036072,1.8629975674477495,0.012702502369786125
0.023664731015410823,0.0004008017024048096,1.3972482917902564,0.016936668417815593
0.023664731015410823,0.0005010021030060121,1.1177986892103458,0.021170834465845063
0.023664731015410823,0.0006012025036072144,0.9314989386631469,0.025405000513874527
0.023664731015410823,0.0007014029042084169,0.7984276806834281,0.029639166561903997
0.023664731015410823,0.0008016033048096193,0.6986242330484796,0.033873332609933464
0.023664731015410823,0.0009018037054108217,0.6209993268730549,0.03810749865796293
0.023664731015410823,0.0010020041060120242,0.5588994003833221,0.0423416647059924
0.023664731015410823,0.0011022045066132265,0.5080903685946032,0.046575830754021864
0.023664731015410823,0.0012024049072144288,0.4657495080664012,0.05080999680205133
0.023664731015410823,0.0013026053078156314,0.4299226255809263,0.0550441628500808
0.023664731015410823,0.0014028057084168337,0.39921386879995585,0.059278328898110265
0.023664731015410823,0.0015030061090180362,0.37259961265069397,0.06351249494613974
0.023664731015410823,0.0016032065096192386,0.3493121383125818,0.0677466609941692
0.023664731015410823,0.0017034069102204409,0.3287643666769403,0.07198082704219867
0.02376251915968938,1e-10,5646573.168146048,4.2083080218885e-09
0.02376251915968938,0.0001002005006012024,5.635274409076445,0.004216745704772836
0.02376251915968938,0.00020040090120240482,2.8176386105384883,0.00843348720123765
0.02376251915968938,0.0003006013018036072,1.8784260528037042,0.012650228697702461
0.02376251915968938,0.0004008017024048096,1.4088196567695739,0.016866970194167278
0.02376251915968938,0.0005010021030060121,1.1270557816557285,0.021083711690632095
0.02376251915968938,0.0006012025036072144,0.9392131826242597,0.025300453187096904
0.02376251915968938,0.0007014029042084169,0.805039889950072,0.02951719468356172
0.02376251915968938,0.0008016033048096193,0.7044099162599022,0.033733936180026534
0.02376251915968938,0.0009018037054108217,0.6261421564656047,0.03795067767649135
0.02376251915968938,0.0010020041060120242,0.5635279470679423,0.04216741917295617
0.02376251915968938,0.0011022045066132265,0.5122981383460703,0.04638416066942098
0.02376251915968938,0.0012024049072144288,0.46960663036774153,0.05060090216588579
0.02376251915968938,0.0013026053078156314,0.4334830461895565,0.054817643662350604
0.02376251915968938,0.0014028057084168337,0.4025199736689558,0.059034385158815414
0.02376251915968938,0.0015030061090180362,0.3756853105430917,0.06325112665528024
0.02376251915968938,0.0016032065096192386,0.3522049800987341,0.06746786815174505
0.02376251915968938,0.0017034069102204409,0.33148704130919104,0.07168460964820986
0.02386030730396794,1e-10,5693142.646397858,4.191060857936651e-09
0.02386030730396794,0.0001002005006012024,5.681750702081363,0.004199463960153572
0.02386030730396794,0.00020040090120240482,2.840876768636777,0.008398923729246287
0.02386030730396794,0.0003006013018036072,1.8939181607794158,0.012598383498339
0.02386030730396794,0.0004008017024048096,1.4204387387176778,0.016797843267431715
0.02386030730396794,0.0005010021030060121,1.1363510476780452,0.02099730303652443
0.02386030730396794,0.0006012025036072144,0.9469592379005423,0.025196762805617143
0.02386030730396794,0.0007014029042084169,0.811679366058938,0.02939622257470986
0.02386030730396794,0.0008016033048096193,0.7102194579586942,0.03359568234380258
0.02386030730396794,0.0009018037054108217,0.6313061936027768,0.037795142112895294
0.02386030730396794,0.0010020041060120242,0.5681755805429344,0.04199460188198801
0.02386030730396794,0.0011022045066132265,0.5165232597253056,0.04619406165108072
0.02386030730396794,0.0012024049072144288,0.4734796583279896,0.05039352142017343
0.02386030730396794,0.0013026053078156314,0.4370581489449647,0.05459298118926615
0.02386030730396794,0.0014028057084168337,0.4058397119600387,0.05879244095835886
0.02386030730396794,0.0015030061090180362,0.3787837329628272,0.06299190072745157
0.02386030730396794,0.0016032065096192386,0.35510975112931514,0.0671913604965443
0.02386030730396794,0.0017034069102204409,0.33422094346565134,0.071390820265637
0.023958095448246494,1e-10,5739903.375072894,4.1739544871593315e-09
0.023958095448246494,0.0001002005006012024,5.728417862818557,0.004182323291
0.023958095448246494,0.00020040090120240482,2.8642103606488245,0.008364642408045514
0.023958095448246494,0.0003006013018036072,1.909473891374883,0.012546961525091025
0.023958095448246494,0.0004008017024048096,1.4321055376345666,0.01672928064213654
0.023958095448246494,0.0005010021030060121,1.1456844872772949,0.020911599759182057
0.023958095448246494,0.0006012025036072144,0.9547371044919939,0.025093918876227566
0.023958095448246494,0.0007014029042084169,0.8183461090100252,0.02927623799327308
0.023958095448246494,0.0008016033048096193,0.7160528581448551,0.033458557110318594
0.023958095448246494,0.0009018037054108217,0.6364914382845709,0.03764087622736411
0.023958095448246494,0.0010020041060120242,0.5728423008082977,0.041823195344409626
0.023958095448246494,0.0011022045066132265,0.5207657327323084,0.046005514461455135
0.023958095448246494,0.0012024049072144288,0.477368591947145,0.050187833578500644
0.023958095448246494,0.0013026053078156314,0.44064793384715045,0.05437015269554616
0.023958095448246494,0.0014028057084168337,0.40917308367320404,0.05855247181259167
0.023958095448246494,0.0015030061090180362,0.38189487990990023,0.06273479092963719
0.023958095448246494,0.0016032065096192386,0.35802645140432476,0.0669171100466827
0.023958095448246494,0.0017034069102204409,0.3369660731463208,0.07109942916372822
0.023958095448246494,0.0018036073108216434,0.3182457367872416,0.07528174828077373
0.02405588359252505,1e-10,5786855.354171159,4.156987192566615e-09
0.02405588359252505,0.0001002005006012024,5.77527589128803,0.004165321976879618
0.02405588359252505,0.00020040090120240482,2.8876393865746333,0.008330639796772043
0.02405588359252505,0.0003006013018036072,1.9250932445901063,0.012495957616664466
0.02405588359252505,0.0004008017024048096,1.443820053520241,0.016661275436556894
0.02405588359252505,0.0005010021030060121,1.1550561004534778,0.02082659325644932
0.02405588359252505,0.0006012025036072144,0.9625467823986149,0.024991911076341744
0.02405588359252505,0.0007014029042084169,0.8250401188033343,0.02915722889623417
0.02405588359252505,0.0008016033048096193,0.7219101168183852,0.0333225467161266
0.02405588359252505,0.0009018037054108217,0.641697890510987,0.037487864536019024
0.02405588359252505,0.0010020041060120242,0.5775281078640326,0.04165318235591145
0.02405588359252505,0.0011022045066132265,0.5250255573670793,0.04581850017580387
0.02405588359252505,0.0012024049072144288,0.48127343122520794,0.049983817995696296
0.02405588359252505,0.0013026053078156314,0.44425240089611406,0.05414913581558872
0.02405588359252505,0.0014028057084168337,0.4125200888084522,0.05831445363548115
0.02405588359252505,0.0015030061090180362,0.385018751384311,0.062479771455373576
0.02405588359252505,0.0016032065096192386,0.36095508092376305,0.066645089275266
0.02405588359252505,0.0017034069102204409,0.33972243035119964,0.07081040709515843
0.02405588359252505,0.0018036073108216434,0.3208489630447841,0.07497572491505085
0.02415367173680361,1e-10,5833998.583692655,4.14015728497408e-09
0.02415367173680361,0.0001002005006012024,5.822324787489782,0.004148458325221178
0.02415367173680361,0.00020040090120240482,2.911163846414203,0.008296912510285071
0.02415367173680361,0.0003006013018036072,1.9407762204250867,0.012445366695348964
0.02415367173680361,0.0004008017024048096,1.4555822863747017,0.016593820880412856
0.02415367173680361,0.0005010021030060121,1.1644658872065945,0.020742275065476753
0.02415367173680361,0.0006012025036072144,0.9703882716204056,0.024890729250540644
0.02415367173680361,0.0007014029042084169,0.8317613954388652,0.029039183435604538
0.02415367173680361,0.0008016033048096193,0.7277912339792847,0.03318763762066843
0.02415367173680361,0.0009018037054108217,0.6469255502820256,0.03733609180573233
0.02415367173680361,0.0010020041060120242,0.5822330017101394,0.04148454599079622
0.02415367173680361,0.0011022045066132265,0.5293027336296183,0.04563300017586011
0.02415367173680361,0.0012024049072144288,0.4851941761621785,0.049781454360924
0.02415367173680361,0.0013026053078156314,0.4478715500918556,0.0539299085459879
0.02415367173680361,0.0014028057084168337,0.41588072736578313,0.05807836273105179
0.02415367173680361,0.0015030061090180362,0.3881553473860595,0.06222681691611569
0.02415367173680361,0.0016032065096192386,0.3638956396876301,0.06637527110117958
0.02415367173680361,0.0017034069102204409,0.3424900150802879,0.07052372528624347
0.02415367173680361,0.0018036073108216434,0.3234627930752257,0.07467217947130737
0.024251459881082165,1e-10,5881333.063637378,4.123463102442216e-09
0.024251459881082165,0.0001002005006012024,5.86956455142381,0.0041317306707529715
0.024251459881082165,0.00020040090120240482,2.9347837401675325,0.008263457218042843
0.024251459881082165,0.0003006013018036072,1.9565228188798225,0.01239518376533271
0.024251459881082165,0.0004008017024048096,1.4673922361979472,0.01652691031262258
0.024251459881082165,0.0005010021030060121,1.1739138475366442,0.020658636859912455
0.024251459881082165,0.0006012025036072144,0.9782615721573655,0.02479036340720232
0.024251459881082165,0.0007014029042084169,0.8385099389166175,0.02892208995449219
0.024251459881082165,0.0008016033048096193,0.7336962096275531,0.03305381650178206
0.024251459881082165,0.0009018037054108217,0.6521744175976859,0.037185543049071935
0.024251459881082165,0.0010020041060120242,0.5869569823466174,0.041317269596361804
0.024251459881082165,0.0011022045066132265,0.533597261519925,0.04544899614365167
0.024251459881082165,0.0012024049072144288,0.4891308267580565,0.049580722690941534
0.024251459881082165,0.0013026053078156314,0.45150538143437474,0.05371244923823141
0.024251459881082165,0.0014028057084168337,0.41925499934519667,0.05784417578552128
0.024251459881082165,0.0015030061090180362,0.3913046679151456,0.06197590233281115
0.024251459881082165,0.0016032065096192386,0.36684812769592573,0.06610762888010102
0.024251459881082165,0.0017034069102204409,0.3452688273335855,0.07023935542739089
0.024251459881082165,0.0018036073108216434,0.3260872268785661,0.07437108197468076
0.02434924802536072,1e-10,5928858.79400533,4.1069030097293344e-09
0.02434924802536072,0.0001002005006012024,5.916995183090117,0.004115137374954642
0.02434924802536072,0.00020040090120240482,2.9584990678346226,0.008230270643006275
0.02434924802536072,0.0003006013018036072,1.9723330399543149,0.012345403911057904
0.02434924802536072,0.0004008017024048096,1.4792499029899788,0.016460537179109537
0.02434924802536072,0.0005010021030060121,1.1833999814436273,0.02057567044716117
0.02434924802536072,0.0006012025036072144,0.9861666840094948,0.0246908037152128
0.02434924802536072,0.0007014029042084169,0.8452857492365917,0.028805936983264432
0.02434924802536072,0.0008016033048096193,0.7396250437631907,0.03292107025131607
0.02434924802536072,0.0009018037054108217,0.6574444924579684,0.0370362035193677
0.02434924802536072,0.0010020041060120242,0.591700049773467,0.041151336787419335
0.02434924802536072,0.0011022045066132265,0.5379091410379998,0.04526647005547096
0.02434924802536072,0.0012024049072144288,0.49308338301284205,0.04938160332352259
0.02434924802536072,0.0013026053078156314,0.45515389492367175,0.05349673659157422
0.02434924802536072,0.0014028057084168337,0.42264290474669297,0.05761186985962585
0.02434924802536072,0.0015030061090180362,0.3944667129715694,0.06172700312767749
0.02434924802536072,0.0016032065096192386,0.36981254494865,0.06584213639572913
0.02434924802536072,0.0017034069102204409,0.34805886711109246,0.06995726966378076
0.02434924802536072,0.0018036073108216434,0.32872226445480557,0.07407240293183238
0.02444703616963928,1e-10,5976575.774796512,4.090475397757613e-09
0.02444703616963928,0.0001002005006012024,5.964616682488704,0.004098676825522154
0.02444703616963928,0.00020040090120240482,2.9823098294154744,0.00819734956056891
0.02444703616963928,0.0003006013018036072,1.988206883648564,0.012296022295615666
0.02444703616963928,0.0004008017024048096,1.4911552867507964,0.01639469503066242
0.02444703616963928,0.0005010021030060121,1.1929242889275442,0.020493367765709182
0.02444703616963928,0.0006012025036072144,0.9941036071767938,0.024592040500755936
0.02444703616963928,0.0007014029042084169,0.8520888263987877,0.028690713235802693
0.02444703616963928,0.0008016033048096193,0.7455777363861977,0.03278938597084945
0.02444703616963928,0.0009018037054108217,0.6627357748628733,0.03688805870589621
0.02444703616963928,0.0010020041060120242,0.5964622039906884,0.04098673144094297
0.02444703616963928,0.0011022045066132265,0.5422383721838425,0.04508540417598972
0.02444703616963928,0.0012024049072144288,0.49705184492653526,0.04918407691103647
0.02444703616963928,0.0013026053078156314,0.4588170905597467,0.05328274964608323
0.02444703616963928,0.0014028057084168337,0.4260444435702721,0.05738142238112998
0.02444703616963928,0.0015030061090180362,0.39764148255533094,0.06148009511617675
0.02444703616963928,0.0016032065096192386,0.3727888914458031,0.0655787678512235
0.02444703616963928,0.0017034069102204409,0.35086013441280883,0.06967744058627025
0.02444703616963928,0.0018036073108216434,0.3313679058039441,0.07377611332131702
0.024544824313917836,1e-10,6024484.006010921,4.074178683091908e-09
0.024544824313917836,0.0001002005006012024,6.012429049619566,0.004082347435845567
0.024544824313917836,0.00020040090120240482,3.0062160249100853,0.00816469079751245
0.024544824313917836,0.0003006013018036072,2.0041443499625684,0.012247034159179333
0.024544824313917836,0.0004008017024048096,1.503108387480399,0.01632937752084622
0.024544824313917836,0.0005010021030060121,1.2024867699883939,0.020411720882513106
0.024544824313917836,0.0006012025036072144,1.0020723416592618,0.024494064244179985
0.024544824313917836,0.0007014029042084169,0.8589191704032051,0.02857640760584687
0.024544824313917836,0.0008016033048096193,0.7515542874965736,0.03265875096751376
0.024544824313917836,0.0009018037054108217,0.6680482648123999,0.03674109432918064
0.024544824313917836,0.0010020041060120242,0.601243444998281,0.04082343769084753
0.024544824313917836,0.0011022045066132265,0.546584954957453,0.04490578105251441
0.024544824313917836,0.0012024049072144288,0.5010362124991358,0.04898812441418129
0.024544824313917836,0.0013026053078156314,0.46249496834259923,0.05307046777584818
0.024544824313917836,0.0014028057084168337,0.4294596158159337,0.05715281113751506
0.024544824313917836,0.0015030061090180362,0.40082897666642997,0.061235154499181946
0.024544824313917836,0.0016032065096192386,0.37577716718738474,0.06531749786084882
0.024544824313917836,0.0017034069102204409,0.3536726292387344,0.0693998412225157
0.024544824313917836,0.0018036073108216434,0.3340241509259814,0.0734821845841826
0.024642612458196392,1e-10,6072583.48764856,4.05801130743096e-09
0.024642612458196392,0.0001002005006012024,6.060432284482708,0.0040661476444992205
0.024642612458196392,0.00020040090120240482,3.030217654318457,0.008132291230987134
0.024642612458196392,0.0003006013018036072,2.0201454388963294,0.012198434817475045
0.024642612458196392,0.0004008017024048096,1.5151092051787876,0.01626457840396296
0.024642612458196392,0.0005010021030060121,1.2120874246261772,0.020330721990450877
0.024642612458196392,0.0006012025036072144,1.0100728874568994,0.024396865576938785
0.024642612458196392,0.0007014029042084169,0.8657767812498444,0.0284630091634267
0.024642612458196392,0.0008016033048096193,0.7575546970943188,0.032529152749914615
0.024642612458196392,0.0009018037054108217,0.6733819623065488,0.03659529633640253
0.024642612458196392,0.0010020041060120242,0.6060437727962452,0.040661439922890445
0.024642612458196392,0.0011022045066132265,0.5509488893588316,0.04472758350937835
0.024642612458196392,0.0012024049072144288,0.5050364857306439,0.04879372709586626
0.024642612458196392,0.0013026053078156314,0.46618752827222965,0.05285987068235418
0.024642612458196392,0.0014028057084168337,0.4328884214836782,0.05692601426884209
0.024642612458196392,0.0015030061090180362,0.40402919530486675,0.06099215785533001
0.024642612458196392,0.0016032065096192386,0.3787773721733951,0.06505830144181791
0.024642612458196392,0.0017034069102204409,0.35649635158886944,0.06912444502830584
0.024642612458196392,0.0018036073108216434,0.3366909998209178,0.07319058861479374
0.02474040060247495,1e-10,6120874.219709428,4.041971737110689e-09
0.02474040060247495,0.0001002005006012024,6.108626387078129,0.004050075914744026
0.02474040060247495,0.00020040090120240482,3.0543147176405903,0.008100147787516316
0.02474040060247495,0.0003006013018036072,2.0362101504498473,0.012150219660288604
0.02474040060247495,0.0004008017024048096,1.527157739845962,0.016200291533060896
0.02474040060247495,0.0005010021030060121,1.2217262528408943,0.020250363405833187
0.02474040060247495,0.0006012025036072144,1.0181052445697065,0.024300435278605474
0.02474040060247495,0.0007014029042084169,0.8726616589387053,0.028350507151377765
0.02474040060247495,0.0008016033048096193,0.7635789651794332,0.032400579024150056
0.02474040060247495,0.0009018037054108217,0.6787368673453199,0.03645065089692234
0.02474040060247495,0.0010020041060120242,0.6108631873845812,0.04050072276969464
0.02474040060247495,0.0011022045066132265,0.555330175387978,0.044550794642466925
0.02474040060247495,0.0012024049072144288,0.5090526646210596,0.04860086651523921
0.02474040060247495,0.0013026053078156314,0.4698947703486379,0.052650938388011506
0.02474040060247495,0.0014028057084168337,0.43633086057350534,0.056701010260783793
0.02474040060247495,0.0015030061090180362,0.4072421384706413,0.06075108213355609
0.02474040060247495,0.0016032065096192386,0.38178950640383413,0.06480115400632837
0.02474040060247495,0.0017034069102204409,0.35933130146321385,0.06885122587910066
0.02474040060247495,0.0018036073108216434,0.33936845248875325,0.07290129775187296
0.024838188746753507,1e-10,6169356.202193525,4.026058462619202e-09
0.024838188746753507,0.0001002005006012024,6.1570113574058265,0.0040341307340415146
0.024838188746753507,0.00020040090120240482,3.0785072148764834,0.008068257442024567
0.024838188746753507,0.0003006013018036072,2.052338484623121,0.012102384150007616
0.024838188746753507,0.0004008017024048096,1.5392539914819217,0.016136510857990668
0.024838188746753507,0.0005010021030060121,1.2314032546325444,0.020170637565973724
0.024838188746753507,0.0006012025036072144,1.0261694129976828,0.024204764273956774
0.024838188746753507,0.0007014029042084169,0.879573803469788,0.028238890981939824
0.024838188746753507,0.0008016033048096193,0.7696270917519167,0.03227301768992288
0.024838188746753507,0.0009018037054108217,0.684112979928713,0.03630714439790593
0.024838188746753507,0.0010020041060120242,0.6157016887632886,0.04034127110588898
0.024838188746753507,0.0011022045066132265,0.5597288130448924,0.04437539781387203
0.024838188746753507,0.0012024049072144288,0.5130847491703827,0.04840952452185508
0.024838188746753507,0.0013026053078156314,0.4736166945718239,0.052443651229838135
0.024838188746753507,0.0014028057084168337,0.4397869330854152,0.05647777793782119
0.024838188746753507,0.0015030061090180362,0.41046780616375345,0.06051190464580424
0.024838188746753507,0.0016032065096192386,0.38481356987870186,0.0645460313537873
0.024838188746753507,0.0017034069102204409,0.36217747886176754,0.06858015806177034
0.024838188746753507,0.0018036073108216434,0.3420565089294876,0.0726142847697534
0.024935976891032066,1e-10,6218029.4351008525,4.010269998123227e-09
0.024935976891032066,0.0001002005006012024,6.205587195465804,0.0040183106135793034
0.024935976891032066,0.00020040090120240482,3.1027951460261374,0.00803661721688861
0.024935976891032066,0.0003006013018036072,2.068530441416151,0.012054923820197913
0.024935976891032066,0.0004008017024048096,1.5513979600866676,0.01607323042350722
0.024935976891032066,0.0005010021030060121,1.2411184300011282,0.02009153702681653
0.024935976891032066,0.0006012025036072144,1.034265392740829,0.024109843630125832
0.024935976891032066,0.0007014029042084169,0.8865132148430924,0.02812815023343514
0.024935976891032066,0.0008016033048096193,0.7756990768117696,0.03214645683674445
0.024935976891032066,0.0009018037054108217,0.6895103000567284,0.03616476344005375
0.024935976891032066,0.0010020041060120242,0.6205592769323677,0.04018307004336306
0.024935976891032066,0.0011022045066132265,0.5641448023295749,0.04420137664667236
0.024935976891032066,0.0012024049072144288,0.5171327393786136,0.04821968324998167
0.024935976891032066,0.0013026053078156314,0.47735330094178785,0.05223798985329098
0.024935976891032066,0.0014028057084168337,0.4432566390194079,0.05625629645660028
0.024935976891032066,0.0015030061090180362,0.41370619838420336,0.060274603059909594
0.024935976891032066,0.0016032065096192386,0.3878495625979983,0.06429290966321889
0.024935976891032066,0.0017034069102204409,0.36503488378453075,0.0683112162665282
0.024935976891032066,0.0018036073108216434,0.344755169143121,0.0723295228698375
0.025033765035310622,1e-10,6266893.918431407,3.9946048810056346e-09
0.025033765035310622,0.0001002005006012024,6.2543539012580585,0.0040026140878077114
0.025033765035310622,0.00020040090120240482,3.127178511089552,0.008005224181010542
0.025033765035310622,0.0003006013018036072,2.0847860208289375,0.012007834274213371
0.025033765035310622,0.0004008017024048096,1.5635896456601988,0.016010444367416204
0.025033765035310622,0.0005010021030060121,1.250871778946645,0.020013054460619035
0.025033765035310622,0.0006012025036072144,1.042393183799144,0.024015664553821862
0.025033765035310622,0.0007014029042084169,0.8934798930586184,0.028018274647024694
0.025033765035310622,0.0008016033048096193,0.7817949203589915,0.032020884740227525
0.025033765035310622,0.0009018037054108217,0.6949288277293658,0.036023494833430356
0.025033765035310622,0.0010020041060120242,0.6254359518918182,0.04002610492663319
0.025033765035310622,0.0011022045066132265,0.568578143242025,0.04402871501983602
0.025033765035310622,0.0012024049072144288,0.5211966352457518,0.04803132511303884
0.025033765035310622,0.0013026053078156314,0.4811045894585294,0.05203393520624168
0.025033765035310622,0.0014028057084168337,0.4467399783754832,0.056036545299444504
0.025033765035310622,0.0015030061090180362,0.4169573151319908,0.06003915539264734
0.025033765035310622,0.0016032065096192386,0.39089748456172335,0.06404176548585017
0.025033765035310622,0.0017034069102204409,0.3679035162315032,0.06804437557905299
0.025033765035310622,0.0018036073108216434,0.34746443312965325,0.07204698567225583
0.025131553179589178,1e-10,6315949.652185189,3.979061671413764e-09
0.025131553179589178,0.0001002005006012024,6.30331147478259,0.003987039713987162
0.025131553179589178,0.00020040090120240482,3.1516573100667262,0.007974075448912654
0.025131553179589178,0.0003006013018036072,2.1011052228614795,0.011961111183838144
0.025131553179589178,0.0004008017024048096,1.5758290482025152,0.015948146918763634
0.025131553179589178,0.0005010021030060121,1.260663301469095,0.01993518265368913
0.025131553179589178,0.0006012025036072144,1.0505527861726285,0.023922218388614618
0.025131553179589178,0.0007014029042084169,0.9004738381163659,0.02790925412354011
0.025131553179589178,0.0008016033048096193,0.7879146223935823,0.031896289858465605
0.025131553179589178,0.0009018037054108217,0.7003685629466252,0.035883325593391094
0.025131553179589178,0.0010020041060120242,0.6303317136416402,0.03987036132831659
0.025131553179589178,0.0011022045066132265,0.5730288357822432,0.04385739706324208
0.025131553179589178,0.0012024049072144288,0.5252764367717975,0.047844432798167566
0.025131553179589178,0.0013026053078156314,0.48487056012204877,0.05183146853309306
0.025131553179589178,0.0014028057084168337,0.45023695115364115,0.05581850426801855
0.025131553179589178,0.0015030061090180362,0.42022115640711594,0.059805540002944045
0.025131553179589178,0.0016032065096192386,0.393957335769877,0.06379257573786953
0.025131553179589178,0.0017034069102204409,0.3707833762026849,0.06777961147279503
0.025131553179589178,0.0018036073108216434,0.3501843008890845,0.07176664720772052
0.025229341323867737,1e-10,6365196.636362202,3.963638951818251e-09
0.025229341323867737,0.0001002005006012024,6.352459916039402,0.0039715860717461395
0.025229341323867737,0.00020040090120240482,3.1762315429576624,0.007943168179853327
0.025229341323867737,0.0003006013018036072,2.117488047513779,0.011914750287960513
0.025229341323867737,0.0004008017024048096,1.5881161677136182,0.015886332396067702
0.025229341323867737,0.0005010021030060121,1.270492997568479,0.01985791450417489
0.025229341323867737,0.0006012025036072144,1.058744199861283,0.023829496612282074
0.025229341323867737,0.0007014029042084169,0.9074950500163356,0.027801078720389266
0.025229341323867737,0.0008016033048096193,0.7940581829155429,0.03177266082849645
0.025229341323867737,0.0009018037054108217,0.7058295057085069,0.035744242936603644
0.025229341323867737,0.0010020041060120242,0.635246562181834,0.03971582504471083
0.025229341323867737,0.0011022045066132265,0.5774968799502295,0.04368740715281801
0.025229341323867737,0.0012024049072144288,0.5293721439567509,0.0476589892609252
0.025229341323867737,0.0013026053078156314,0.4886512129323461,0.05163057136903239
0.025229341323867737,0.0014028057084168337,0.453747557353882,0.05560215347713957
0.025229341323867737,0.0015030061090180362,0.4234977222095789,0.05957373558524677
0.025229341323867737,0.0016032065096192386,0.3970291162224595,0.06354531769335395
0.025229341323867737,0.0017034069102204409,0.3736744636980762,0.06751689980146114
0.025229341323867737,0.0018036073108216434,0.35291477242141484,0.07148848190956833
0.025327129468146293,1e-10,6414634.870962443,3.9483353265820795e-09
0.025327129468146293,0.0001002005006012024,6.4017992250284905,0.003956251762649363
0.025327129468146293,0.00020040090120240482,3.2009012097623577,0.0079124995769634
0.025327129468146293,0.0003006013018036072,2.133934494785833,0.011868747391277435
0.025327129468146293,0.0004008017024048096,1.600451004193506,0.015824995205591472
0.025327129468146293,0.0005010021030060121,1.2803608672447961,0.019781243019905515
0.025327129468146293,0.0006012025036072144,1.0669674248651062,0.023737490834219548
0.025327129468146293,0.0007014029042084169,0.9145435287585265,0.027693738648533587
0.025327129468146293,0.0008016033048096193,0.800225601924872,0.031649986462847626
0.025327129468146293,0.0009018037054108217,0.7113116560150106,0.03560623427716166
0.025327129468146293,0.0010020041060120242,0.6401804975123991,0.0395624820914757
0.025327129468146293,0.0011022045066132265,0.5819822757459834,0.043518729905789734
0.025327129468146293,0.0012024049072144288,0.5334837568006116,0.04747497772010377
0.025327129468146293,0.0013026053078156314,0.492446547889421,0.051431225534417806
0.025327129468146293,0.0014028057084168337,0.45727179697620535,0.05538747334873184
0.025327129468146293,0.0015030061090180362,0.4267870125393793,0.059343721163045884
0.025327129468146293,0.0016032065096192386,0.4001128259194705,0.06329996897735991
0.025327129468146293,0.0017034069102204409,0.3765767787176767,0.06725621679167396
0.025327129468146293,0.0018036073108216434,0.355655847726644,0.071212464605988
0.025424917612424852,1e-10,6464264.355985914,3.933149421539569e-09
0.025424917612424852,0.0001002005006012024,6.451329401749859,0.003941035409775944
0.025424917612424852,0.00020040090120240482,3.2256663104808148,0.007882066886402467
0.025424917612424852,0.0003006013018036072,2.1504445646776453,0.01182309836302899
0.025424917612424852,0.0004008017024048096,1.6128335576421802,0.015764129839655514
0.025424917612424852,0.0005010021030060121,1.2902669104980469,0.019705161316282038
0.025424917612424852,0.0006012025036072144,1.0752224611840993,0.023646192792908558
0.025424917612424852,0.0007014029042084169,0.9216192743429396,0.027587224269535082
0.025424917612424852,0.0008016033048096193,0.8064168794215708,0.03152825574616161
0.025424917612424852,0.0009018037054108217,0.7168150138661366,0.03546928722278813
0.025424917612424852,0.0010020041060120242,0.645133519633336,0.03941031869941466
0.025424917612424852,0.0011022045066132265,0.5864850231695055,0.04335135017604118
0.025424917612424852,0.0012024049072144288,0.53761127530338,0.04729238165266769
0.025424917612424852,0.0013026053078156314,0.4962565649932739,0.05123341312929423
0.025424917612424852,0.0014028057084168337,0.46080967002061163,0.05517444460592074
0.025424917612424852,0.0015030061090180362,0.43008902739651755,0.059115476082547275
0.025424917612424852,0.0016032065096192386,0.40320846486091033,0.06305650755917379
0.025424917612424852,0.0017034069102204409,0.37949032126148663,0.06699753903580032
0.025424917612424852,0.0018036073108216434,0.3584075268047723,0.07093857051242684
0.025522705756703408,1e-10,6514085.091432613,3.918079883585051e-09
0.025522705756703408,0.0001002005006012024,6.501050446203504,0.00392593565730723
0.025522705756703408,0.00020040090120240482,3.250526845113032,0.007851867396534576
0.025522705756703408,0.0003006013018036072,2.1670182571892127,0.01177779913576192
0.025522705756703408,0.0004008017024048096,1.6252638280596396,0.015703730874989268
0.025522705756703408,0.0005010021030060121,1.3002111273282306,0.019629662614216618
0.025522705756703408,0.0006012025036072144,1.0835093088182617,0.02355559435344396
0.025522705756703408,0.0007014029042084169,0.9287222867695739,0.027481526092671307
0.025522705756703408,0.0008016033048096193,0.8126320154056386,0.031407457831898654
0.025522705756703408,0.0009018037054108217,0.7223395792618844,0.035333389571126
0.025522705756703408,0.0010020041060120242,0.6501056285446443,0.03925932131035335
0.025522705756703408,0.0011022045066132265,0.5910051222207953,0.043185253049580694
0.025522705756703408,0.0012024049072144288,0.5417546994650559,0.04711118478880803
0.025522705756703408,0.0013026053078156314,0.5000812642439045,0.05103711652803539
0.025522705756703408,0.0014028057084168337,0.46436117648710046,0.054963048267262726
0.025522705756703408,0.0015030061090180362,0.4334037667809934,0.05888898000649008
0.025522705756703408,0.0016032065096192386,0.4063160330467787,0.06281491174571742
0.025522705756703408,0.0017034069102204409,0.38241509132950585,0.06674084348494476
0.025522705756703408,0.0018036073108216434,0.3611698096557995,0.07066677522417211
0.025620493900981964,1e-10,6564097.07730254,3.903125380270959e-09
0.025620493900981964,0.0001002005006012024,6.550962358389427,0.003910951170124085
0.025620493900981964,0.00020040090120240482,3.275482813659009,0.007821898437122792
0.025620493900981964,0.0003006013018036072,2.183655572320536,0.011732845704121494
0.025620493900981964,0.0004008017024048096,1.6377418154458845,0.0156437929711202
0.025620493900981964,0.0005010021030060121,1.3101935177353476,0.019554740238118908
0.025620493900981964,0.0006012025036072144,1.091827967767593,0.02346568750511761
0.025620493900981964,0.0007014029042084169,0.9358525660384299,0.027376634772116316
0.025620493900981964,0.0008016033048096193,0.8188710098770754,0.031287582039115025
0.025620493900981964,0.0009018037054108217,0.7278853522022544,0.03519852930611373
0.025620493900981964,0.0010020041060120242,0.655096824246324,0.03910947657311244
0.025620493900981964,0.0011022045066132265,0.595542572899853,0.043020423840111136
0.025620493900981964,0.0012024049072144288,0.5459140292856393,0.04693137110710984
0.025620493900981964,0.0013026053078156314,0.5039206456413129,0.050842318374108554
0.025620493900981964,0.0014028057084168337,0.467926316375672,0.05475326564110725
0.025620493900981964,0.0015030061090180362,0.4367312306928069,0.058664212908105966
0.025620493900981964,0.0016032065096192386,0.40943553047707576,0.06257516017510467
0.025620493900981964,0.0017034069102204409,0.3853510889217344,0.06648610744210337
0.025620493900981964,0.0018036073108216434,0.3639426962797256,0.07039705470910208
0.025620493900981964,0.0019038077114228457,0.34478781853429624,0.07430800197610078
0.025718282045260523,1e-10,6614300.313595697,3.888284599415086e-09
0.025718282045260523,0.0001002005006012024,6.601065138307629,0.003896080633413373
0.025718282045260523,0.00020040090120240482,3.300534216118747,0.007792157378542147
0.025718282045260523,0.0003006013018036072,2.2003565100716163,0.01168823412367092
0.025718282045260523,0.0004008017024048096,1.6502675198009154,0.015584310868799694
0.025718282045260523,0.0005010021030060121,1.3202140817193984,0.019480387613928472
0.025718282045260523,0.0006012025036072144,1.1001784380320943,0.023376464359057242
0.025718282045260523,0.0007014029042084169,0.9430101121495079,0.02727254110418602
0.025718282045260523,0.0008016033048096193,0.8251338628358815,0.03116861784931479
0.025718282045260523,0.0009018037054108217,0.7334523326872466,0.03506469459444357
0.025718282045260523,0.0010020041060120242,0.6601071067383755,0.03896077133957234
0.025718282045260523,0.0011022045066132265,0.6000973752066788,0.04285684808470112
0.025718282045260523,0.0012024049072144288,0.5500892647651302,0.04675292482982989
0.025718282045260523,0.0013026053078156314,0.507774709185499,0.05064900157495866
0.025718282045260523,0.0014028057084168337,0.4715050896863264,0.05454507832008743
0.025718282045260523,0.0015030061090180362,0.44007141913195813,0.058441155065216216
0.025718282045260523,0.0016032065096192386,0.4125669571518016,0.062337231810344985
0.025718282045260523,0.0017034069102204409,0.38829831403817244,0.06623330855547375
0.025718282045260523,0.0018036073108216434,0.36672618667655077,0.07012938530060253
0.025718282045260523,0.0019038077114228457,0.34742480944424675,0.07402546204573131
0.02581607018953908,1e-10,6664694.800312082,3.873556248716777e-09
0.02581607018953908,0.0001002005006012024,6.6513587859581085,0.003881322752283367
0.02581607018953908,0.00020040090120240482,3.325681052492246,0.007762641631010486
0.02581607018953908,0.0003006013018036072,2.2171210704424524,0.011643960509737603
0.02581607018953908,0.0004008017024048096,1.6628409411247318,0.015525279388464722
0.02581607018953908,0.0005010021030060121,1.3302728192803825,0.019406598267191842
0.02581607018953908,0.0006012025036072144,1.1085607196117648,0.02328791714591896
0.02581607018953908,0.0007014029042084169,0.9501949251028075,0.02716923602464608
0.02581607018953908,0.0008016033048096193,0.8314205742820568,0.031050554903373197
0.02581607018953908,0.0009018037054108217,0.7390405207168609,0.03493187378210032
0.02581607018953908,0.0010020041060120242,0.6651364760207984,0.03881319266082744
0.02581607018953908,0.0011022045066132265,0.6046695291412726,0.04269451153955455
0.02581607018953908,0.0012024049072144288,0.5542804059035287,0.046575830418281665
0.02581607018953908,0.0013026053078156314,0.5116434548764631,0.05045714929700879
0.02581607018953908,0.0014028057084168337,0.47509749641906335,0.054338468175735906
0.02581607018953908,0.0015030061090180362,0.44342433209844695,0.05821978705446303
0.02581607018953908,0.0016032065096192386,0.415710313070956,0.06210110593319015
0.02581607018953908,0.0017034069102204409,0.39125676667881976,0.06598242481191727
0.02581607018953908,0.0018036073108216434,0.3695202808462749,0.06986374369064438
0.02581607018953908,0.0019038077114228457,0.3500718460338151,0.0737450625693715
0.025913858333817635,1e-10,6715280.537451697,3.8589390553818e-09
0.025913858333817635,0.0001002005006012024,6.701843301340865,0.0038666762513878744
0.025913858333817635,0.00020040090120240482,3.350923322779505,0.007733348643836694
0.025913858333817635,0.0003006013018036072,2.2339492534330447,0.011600021036285511
0.025913858333817635,0.0004008017024048096,1.6754620794173338,0.015466693428734331
0.025913858333817635,0.0005010021030060121,1.3403697304182998,0.019333365821183154
0.025913858333817635,0.0006012025036072144,1.1169748125066048,0.02320003821363197
0.025913858333817635,0.0007014029042084169,0.9574070048983286,0.02706671060608079
0.025913858333817635,0.0008016033048096193,0.8377311442156011,0.030933382998529612
0.025913858333817635,0.0009018037054108217,0.7446499162910972,0.034800055390978434
0.025913858333817635,0.0010020041060120242,0.6701849320935929,0.03866672778342725
0.025913858333817635,0.0011022045066132265,0.6092590347036341,0.04253340017587607
0.025913858333817635,0.0012024049072144288,0.5584874527008346,0.04640007256832488
0.025913858333817635,0.0013026053078156314,0.5155268827142049,0.050266744960773706
0.025913858333817635,0.0014028057084168337,0.47870353657388304,0.054133417353222524
0.025913858333817635,0.0015030061090180362,0.44678996959227346,0.05800008974567135
0.025913858333817635,0.0016032065096192386,0.41886559823453906,0.06186676213812017
0.025913858333817635,0.0017034069102204409,0.3942264468436764,0.06573343453056898
0.025913858333817635,0.0018036073108216434,0.372324978788898,0.06960010692301781
0.025913858333817635,0.0019038077114228457,0.3527289283030012,0.07346677931546662
0.026011646478096194,1e-10,6766057.525014541,3.844431765755685e-09
0.026011646478096194,0.0001002005006012024,6.752518684455903,0.0038521398745588412
0.026011646478096194,0.00020040090120240482,3.3762610269805253,0.007704275904685918
0.026011646478096194,0.0003006013018036072,2.250841059043394,0.011556411934812992
0.026011646478096194,0.0004008017024048096,1.6881309346787217,0.015408547964940069
0.026011646478096194,0.0005010021030060121,1.3505048151331507,0.019260683995067147
0.026011646478096194,0.0006012025036072144,1.1254207167166141,0.02311282002519422
0.026011646478096194,0.0007014029042084169,0.9646463515360717,0.026964956055321298
0.026011646478096194,0.0008016033048096193,0.8440655726365149,0.030817092085448375
0.026011646478096194,0.0009018037054108217,0.7502805194099558,0.03466922811557545
0.026011646478096194,0.0010020041060120242,0.6752524749567591,0.03852136414570253
0.026011646478096194,0.0011022045066132265,0.6138658918937637,0.0423735001758296
0.026011646478096194,0.0012024049072144288,0.5627104051570482,0.046225636205956676
0.026011646478096194,0.0013026053078156314,0.5194249926987246,0.050077772236083756
0.026011646478096194,0.0014028057084168337,0.48232321015078555,0.05392990826621083
0.026011646478096194,0.0015030061090180362,0.4501683316134377,0.05778204429633791
0.026011646478096194,0.0016032065096192386,0.42203281264255094,0.061634180326464984
0.026011646478096194,0.0017034069102204409,0.3972073545327425,0.06548631635659205
0.026011646478096194,0.0018036073108216434,0.3751402805044201,0.06933845238671914
0.026011646478096194,0.0019038077114228457,0.35539605625180515,0.07319058841684621
0.02610943462237475,1e-10,6817025.763000613,3.830033144965306e-09
0.02610943462237475,0.0001002005006012024,6.8033849353032165,0.0038377123844472124
0.02610943462237475,0.00020040090120240482,3.401694165095306,0.00767542093886128
0.02610943462237475,0.0003006013018036072,2.267796487273499,0.011513129493275346
0.02610943462237475,0.0004008017024048096,1.700847506908895,0.015350838047689415
0.02610943462237475,0.0005010021030060121,1.3606780734249349,0.019188546602103486
0.02610943462237475,0.0006012025036072144,1.133898432241793,0.02302625515651755
0.02610943462237475,0.0007014029042084169,0.9719129650160363,0.026863963710931617
0.02610943462237475,0.0008016033048096193,0.8504238595447977,0.030701672265345686
0.02610943462237475,0.0009018037054108217,0.7559323300734364,0.034539380819759755
0.02610943462237475,0.0010020041060120242,0.6803391046102967,0.03837708937417383
0.02610943462237475,0.0011022045066132265,0.6184901007116612,0.042214797928587885
0.02610943462237475,0.0012024049072144288,0.5669492632721692,0.04605250648300195
0.02610943462237475,0.0013026053078156314,0.5233377848300219,0.04989021503741602
0.02610943462237475,0.0014028057084168337,0.48595651714977073,0.05372792359183009
0.02610943462237475,0.0015030061090180362,0.4535594181619397,0.05756563214624416
0.02610943462237475,0.0016032065096192386,0.42521195629499137,0.06140334070065823
0.02610943462237475,0.0017034069102204409,0.4001994897460179,0.06524104925507229
0.02610943462237475,0.0018036073108216434,0.37796618599284115,0.06907875780948637
0.02610943462237475,0.0019038077114228457,0.3580732298802269,0.07291646636390042
0.026207222766653306,1e-10,6868185.2514099125,3.815741976568474e-09
0.026207222766653306,0.0001002005006012024,6.854442053882808,0.003823392562171826
0.026207222766653306,0.00020040090120240482,3.427222737123846,0.007646781308601677
0.026207222766653306,0.0003006013018036072,2.28481553812336,0.011470170055031524
0.026207222766653306,0.0004008017024048096,1.7136117961078539,0.015293558801461375
0.026207222766653306,0.0005010021030060121,1.3708895052936523,0.019116947547891228
0.026207222766653306,0.0006012025036072144,1.142407959082141,0.022940336294321077
0.026207222766653306,0.0007014029042084169,0.9792068453382224,0.026763725040750926
0.026207222766653306,0.0008016033048096193,0.8568060049404495,0.030587113787180778
0.026207222766653306,0.0009018037054108217,0.761605348281539,0.03441050253361063
0.026207222766653306,0.0010020041060120242,0.6854448210542058,0.03823389128004048
0.026207222766653306,0.0011022045066132265,0.6231316611573265,0.04205728002647033
0.026207222766653306,0.0012024049072144288,0.5712040270461975,0.045880668772900174
0.026207222766653306,0.0013026053078156314,0.527265259108097,0.049704057519330026
0.026207222766653306,0.0014028057084168337,0.4896034575708385,0.05352744626575988
0.026207222766653306,0.0015030061090180362,0.4569632292377791,0.05735083501218973
0.026207222766653306,0.0016032065096192386,0.4284030291918604,0.06117422375861958
0.026207222766653306,0.0017034069102204409,0.40320285248350257,0.06499761250504943
0.026207222766653306,0.0018036073108216434,0.3808026952541611,0.06882100125147927
0.026207222766653306,0.0019038077114228457,0.3607604491882664,0.07264438999790912
0.026305010910931865,1e-10,6919535.990242444,3.801557062211363e-09
0.026305010910931865,0.0001002005006012024,6.9056900401946795,0.0038091792069761495
0.026305010910931865,0.00020040090120240482,3.4528467430661482,0.007618354612395238
0.026305010910931865,0.0003006013018036072,2.3018982115929782,0.011427530017814323
0.026305010910931865,0.0004008017024048096,1.7264238022755989,0.015236705423233412
0.026305010910931865,0.0005010021030060121,1.3811391107393034,0.019045880828652502
0.026305010910931865,0.0006012025036072144,1.1509492972376587,0.022855056234071587
0.026305010910931865,0.0007014029042084169,0.9865279925026307,0.026664231639490676
0.026305010910931865,0.0008016033048096193,0.8632120088234707,0.030473407044909764
0.026305010910931865,0.0009018037054108217,0.767299574034264,0.03428258245032885
0.026305010910931865,0.0010020041060120242,0.6905696242884866,0.03809175785574794
0.026305010910931865,0.0011022045066132265,0.6277905732307599,0.04190093326116703
0.026305010910931865,0.0012024049072144288,0.5754746964791337,0.04571010866658611
0.026305010910931865,0.0013026053078156314,0.53120741553295,0.049519284072005204
0.026305010910931865,0.0014028057084168337,0.49326403141398917,0.05332845947742429
0.026305010910931865,0.0015030061090180362,0.4603797648409564,0.05713763488284338
0.026305010910931865,0.0016032065096192386,0.4316060313331583,0.06094681028826247
0.026305010910931865,0.0017034069102204409,0.4062174427451967,0.06475598569368154
0.026305010910931865,0.0018036073108216434,0.3836498082883802,0.06856516109910064
0.026305010910931865,0.0019038077114228457,0.3634577141759239,0.07237433650451973
0.02640279905521042,1e-10,6971077.979498202,3.7874772212935375e-09
0.02640279905521042,0.0001002005006012024,6.957128894238828,0.003795071135892635
0.02640279905521042,0.00020040090120240482,3.4785661829222096,0.007590138484308049
0.02640279905521042,0.0003006013018036072,2.3190445076823516,0.011385205832723462
0.02640279905521042,0.0004008017024048096,1.739283525412129,0.015180273181138876
0.02640279905521042,0.0005010021030060121,1.3914268897618876,0.018975340529554293
0.02640279905521042,0.0006012025036072144,1.1595224467083456,0.022770407877969703
0.02640279905521042,0.0007014029042084169,0.9938764065092602,0.02656547522638512
0.02640279905521042,0.0008016033048096193,0.869641871193861,0.030360542574800534
0.02640279905521042,0.0009018037054108217,0.7730150073316109,0.03415560992321595
0.02640279905521042,0.0010020041060120242,0.6957135143131388,0.037950677271631365
0.02640279905521042,0.0011022045066132265,0.6324668369319612,0.04174574462004677
0.02640279905521042,0.0012024049072144288,0.5797612715709773,0.045540811968462186
0.02640279905521042,0.0013026053078156314,0.5351642541045808,0.04933587931687761
0.02640279905521042,0.0014028057084168337,0.49693823867922243,0.05313094666529301
0.02640279905521042,0.0015030061090180362,0.46380902497147125,0.056926014013708434
0.02640279905521042,0.0016032065096192386,0.4348209627188847,0.06072108136212385
0.02640279905521042,0.0017034069102204409,0.40924326053110016,0.06451614871053926
0.02640279905521042,0.0018036073108216434,0.38650752509549813,0.06831121605895467
0.02640279905521042,0.0019038077114228457,0.36616502484319907,0.07210628340737009
0.02650058719948898,1e-10,7022811.219177192,3.773501290640395e-09
0.02650058719948898,0.0001002005006012024,7.008758616015257,0.0037810671834145096
0.02650058719948898,0.00020040090120240482,3.5043810566920337,0.007562130593327729
0.02650058719948898,0.0003006013018036072,2.3362544263914824,0.011343194003240947
0.02650058719948898,0.0004008017024048096,1.7521909655174455,0.015124257413154166
0.02650058719948898,0.0005010021030060121,1.4017528423614056,0.01890532082306739
0.02650058719948898,0.0006012025036072144,1.1681274074942023,0.022686384232980604
0.02650058719948898,0.0007014029042084169,1.0012520873581119,0.026467447642893823
0.02650058719948898,0.0008016033048096193,0.8760955920516207,0.030248511052807046
0.02650058719948898,0.0009018037054108217,0.7787516481735802,0.034029574462720265
0.02650058719948898,0.0010020041060120242,0.7008764911281629,0.03781063787263349
0.02650058719948898,0.0011022045066132265,0.6371604522609305,0.0415917012825467
0.02650058719948898,0.0012024049072144288,0.5840637523217286,0.04537276469245992
0.02650058719948898,0.0013026053078156314,0.5391357748229896,0.04915382810237314
0.02650058719948898,0.0014028057084168337,0.5006260793665386,0.05293489151228636
0.02650058719948898,0.0015030061090180362,0.467251009629324,0.05671595492219958
0.02650058719948898,0.0016032065096192386,0.43804782334904,0.060497018332112795
0.02650058719948898,0.0017034069102204409,0.4122803058412131,0.06427808174202601
0.02650058719948898,0.0018036073108216434,0.3893758456755152,0.06805914515193924
0.02650058719948898,0.0019038077114228457,0.3688823811900922,0.07184020856185246
0.026598375343767536,1e-10,7074735.709279408,3.759628124182846e-09
0.026598375343767536,0.0001002005006012024,7.060579205523961,0.003767166201174807
0.026598375343767536,0.00020040090120240482,3.5302913643756164,0.0075343286427214905
0.026598375343767536,0.0003006013018036072,2.353527967720369,0.011301491084268173
0.026598375343767536,0.0004008017024048096,1.765146122591547,0.015068653525814856
0.026598375343767536,0.0005010021030060121,1.4121169685378567,0.018835815967361544
0.026598375343767536,0.0006012025036072144,1.176764179595228,0.022602978408908223
0.026598375343767536,0.0007014029042084169,1.008655035049185,0.026370140850454905
0.026598375343767536,0.0008016033048096193,0.8825731713967493,0.03013730329200159
0.026598375343767536,0.0009018037054108217,0.7845094965601713,0.03390446573354827
0.026598375343767536,0.0010020041060120242,0.7060585547335582,0.03767162817509496
0.026598375343767536,0.0011022045066132265,0.6418714192176677,0.04143879061664164
0.026598375343767536,0.0012024049072144288,0.5883821387313872,0.04520595305818832
0.026598375343767536,0.0013026053078156314,0.5431219776881758,0.04897311549973501
0.026598375343767536,0.0014028057084168337,0.5043275534759373,0.05274027794128169
0.026598375343767536,0.0015030061090180362,0.4707057188145142,0.05650744038282837
0.026598375343767536,0.0016032065096192386,0.4412866132236238,0.06027460282437506
0.026598375343767536,0.0017034069102204409,0.41532857867553524,0.06404176526592173
0.026598375343767536,0.0018036073108216434,0.3922547700284311,0.06780892770746842
0.026598375343767536,0.0019038077114228457,0.371609783216603,0.0715760901490151
0.02669616348804609,1e-10,7126851.449804853,3.745856592644019e-09
0.02669616348804609,0.0001002005006012024,7.112590662764943,0.00375336705763245
0.02669616348804609,0.00020040090120240482,3.55629710597296,0.007506730369408308
0.02669616348804609,0.0003006013018036072,2.370865131669011,0.011260093681184163
0.02669616348804609,0.0004008017024048096,1.7781489966344342,0.015013456992960023
0.02669616348804609,0.0005010021030060121,1.422519268291241,0.018766820304735882
0.02669616348804609,0.0006012025036072144,1.1854327630114232,0.022520183616511737
0.02669616348804609,0.0007014029042084169,1.0160852495824797,0.026273546928287594
0.02669616348804609,0.0008016033048096193,0.8890746092292471,0.030026910240063456
0.02669616348804609,0.0009018037054108217,0.7902885524913846,0.03378027355183931
0.02669616348804609,0.0010020041060120242,0.7112597051293251,0.037533636863615175
0.02669616348804609,0.0011022045066132265,0.6465997378021726,0.041287000175391025
0.02669616348804609,0.0012024049072144288,0.5927164307999533,0.04504036348716688
0.02669616348804609,0.0013026053078156314,0.54712286270014,0.04879372679894274
0.02669616348804609,0.0014028057084168337,0.5080426610074187,0.0525470901107186
0.02669616348804609,0.0015030061090180362,0.47417315252704206,0.05630045342249446
0.02669616348804609,0.0016032065096192386,0.44453733234263626,0.060053816734270314
0.02669616348804609,0.0017034069102204409,0.4183880790340668,0.06380718004604617
0.02669616348804609,0.0018036073108216434,0.395144298154246,0.06756054335782204
0.02669616348804609,0.0019038077114228457,0.37434723092273164,0.07131390666959789
0.02679395163232465,1e-10,7179158.440753529,3.732185583232837e-09
0.02679395163232465,0.0001002005006012024,7.164792987738206,0.003739668637765208
0.02679395163232465,0.00020040090120240482,3.5823982814840645,0.007479333543344834
0.02679395163232465,0.0003006013018036072,2.3882659182374106,0.011218998448924457
0.02679395163232465,0.0004008017024048096,1.7911995876461075,0.014958663354504083
0.02679395163232465,0.0005010021030060121,1.4329597416215591,0.01869832826008371
0.02679395163232465,0.0006012025036072144,1.194133157742788,0.022437993165663334
0.02679395163232465,0.0007014029042084169,1.0235427309579963,0.02617765807124296
0.02679395163232465,0.0008016033048096193,0.8955999055491143,0.029917322976822584
0.02679395163232465,0.0009018037054108217,0.7960888159672201,0.03365698788240221
0.02679395163232465,0.0010020041060120242,0.7164799423154637,0.037396652787981835
0.02679395163232465,0.0011022045066132265,0.6513454080144457,0.04113631769356146
0.02679395163232465,0.0012024049072144288,0.5970666285274271,0.04487598259914108
0.02679395163232465,0.0013026053078156314,0.5511384298588821,0.048615647504720715
0.02679395163232465,0.0014028057084168337,0.5117714019609829,0.052355312410300336
0.02679395163232465,0.0015030061090180362,0.47765331076690776,0.056094977315879965
0.02679395163232465,0.0016032065096192386,0.4477999807060775,0.05983464222145959
0.02679395163232465,0.0017034069102204409,0.42145880691680776,0.06357430712703921
0.02679395163232465,0.0018036073108216434,0.39804443005296,0.06731397203261884
0.02679395163232465,0.0019038077114228457,0.37709472430847824,0.07105363693819847
0.026891739776603207,1e-10,7231656.68212543,3.7186139993442764e-09
0.026891739776603207,0.0001002005006012024,7.217186180443744,0.003726069842769358
0.026891739776603207,0.00020040090120240482,3.608594890908929,0.007452135966924718
0.026891739776603207,0.0003006013018036072,2.405730327425565,0.011178202091080074
0.026891739776603207,0.0004008017024048096,1.8042978956265658,0.014904268215235434
0.026891739776603207,0.0005010021030060121,1.44343838852881,0.018630334339390795
0.026891739776603207,0.0006012025036072144,1.2028653637893219,0.02235640046354615
0.026891739776603207,0.0007014029042084169,1.0310274791757343,0.02608246658770151
0.026891739776603207,0.0008016033048096193,0.9021490603563502,0.02980853271185687
0.026891739776603207,0.0009018037054108217,0.8019102869876775,0.03353459883601223
0.026891739776603207,0.0010020041060120242,0.7217192662919736,0.03726066496016759
0.026891739776603207,0.0011022045066132265,0.6561084298544865,0.04098673108432295
0.026891739776603207,0.0012024049072144288,0.6014327319138082,0.0447127972084783
0.026891739776603207,0.0013026053078156314,0.5551686791644017,0.04843886333263367
0.026891739776603207,0.0014028057084168337,0.5155137763366298,0.05216492945678902
0.026891739776603207,0.0015030061090180362,0.48114619353411087,0.05589099558094439
0.026891739776603207,0.0016032065096192386,0.4510745583139472,0.05961706170509974
0.026891739776603207,0.0017034069102204409,0.4245407623237579,0.0633431278292551
0.026891739776603207,0.0018036073108216434,0.40095516572457274,0.06706919395341046
0.026891739776603207,0.0019038077114228457,0.3798522633738424,0.07079526007756581
0.026989527920881766,1e-10,7284346.173920564,3.705140760266137e-09
0.026989527920881766,0.0001002005006012024,7.269770240881564,0.0037125695897658657
0.026989527920881766,0.00020040090120240482,3.634886934247555,0.007425135474390972
0.026989527920881766,0.0003006013018036072,2.4232583592334773,0.011137701359016075
0.026989527920881766,0.0004008017024048096,1.8174439205758106,0.014850267243641182
0.026989527920881766,0.0005010021030060121,1.4539552090129952,0.01856283312826629
0.026989527920881766,0.0006012025036072144,1.2116293811510257,0.022275399012891394
0.026989527920881766,0.0007014029042084169,1.0385394942356945,0.0259879648975165
0.026989527920881766,0.0008016033048096193,0.9087220736509558,0.029700530782141608
0.026989527920881766,0.0009018037054108217,0.8077529655527573,0.033413096666766715
0.026989527920881766,0.0010020041060120242,0.7269776770588554,0.037125662551391825
0.026989527920881766,0.0011022045066132265,0.6608888033222956,0.04083822843601693
0.026989527920881766,0.0012024049072144288,0.6058147409590972,0.044550794320642025
0.026989527920881766,0.0013026053078156314,0.5592136106166995,0.04826336020526714
0.026989527920881766,0.0014028057084168337,0.5192697841343594,0.05197592608989224
0.026989527920881766,0.0015030061090180362,0.48465180082865195,0.055688491974517355
0.026989527920881766,0.0016032065096192386,0.45436106516624586,0.05940105785914245
0.026989527920881766,0.0017034069102204409,0.42763394525491766,0.06311362374376756
0.026989527920881766,0.0018036073108216434,0.4038765051690847,0.06682618962839267
0.026989527920881766,0.0019038077114228457,0.38261984811882466,0.07053875551301778
0.027087316065160322,1e-10,7337226.916138925,3.6917648008921746e-09
0.027087316065160322,0.0001002005006012024,7.322545169051659,0.003699166811512942
0.027087316065160322,0.00020040090120240482,3.661274411499941,0.007398329931261084
0.027087316065160322,0.0003006013018036072,2.440850013661145,0.011097493051009223
0.027087316065160322,0.0004008017024048096,1.8306376624938403,0.014796656170757367
0.027087316065160322,0.0005010021030060121,1.464510203074113,0.018495819290505512
0.027087316065160322,0.0006012025036072144,1.2204252098278983,0.02219498241025365
0.027087316065160322,0.0007014029042084169,1.0460787761378758,0.025894145530001793
0.027087316065160322,0.0008016033048096193,0.9153189454329302,0.029593308649749933
0.027087316065160322,0.0009018037054108217,0.8136168516624591,0.03329247176949807
0.027087316065160322,0.0010020041060120242,0.7322551746161086,0.03699163488924622
0.027087316065160322,0.0011022045066132265,0.6656865284178722,0.040690798008994354
0.027087316065160322,0.0012024049072144288,0.6102126556632934,0.044389961128742494
0.027087316065160322,0.0013026053078156314,0.5632732242157749,0.04808912424849064
0.027087316065160322,0.0014028057084168337,0.5230394253541717,0.05178828736823878
0.027087316065160322,0.0015030061090180362,0.4881701326505305,0.05548745048798693
0.027087316065160322,0.0016032065096192386,0.457659501262973,0.05918661360773506
0.027087316065160322,0.0017034069102204409,0.43073835571028657,0.0628857767274832
0.027087316065160322,0.0018036073108216434,0.4068084483864955,0.06658493984723135
0.027087316065160322,0.0019038077114228457,0.3853974785434246,0.07028410296697948
0.027185104209438878,1e-10,7390298.908780513,3.678485071441412e-09
0.027185104209438878,0.0001002005006012024,7.375510964954032,0.0036858604561247925
0.027185104209438878,0.00020040090120240482,3.6877573226660867,0.0073717172337645145
0.027185104209438878,0.0003006013018036072,2.4585052907085685,0.011057574011404234
0.027185104209438878,0.0004008017024048096,1.8438791213806556,0.014743430789043957
0.027185104209438878,0.0005010021030060121,1.4751033707121641,0.01842928756668368
0.027185104209438878,0.0006012025036072144,1.2292528498199404,0.0221151443443234
0.027185104209438878,0.0007014029042084169,1.0536453248822788,0.02580100112196312
0.027185104209438878,0.0008016033048096193,0.9219396757022738,0.029486857899602845
0.027185104209438878,0.0009018037054108217,0.8195019453167828,0.03317271467724257
0.027185104209438878,0.0010020041060120242,0.7375517589637332,0.03685857145488229
0.027185104209438878,0.0011022045066132265,0.6705016051412168,0.04054442823252201
0.027185104209438878,0.0012024049072144288,0.6146264760263971,0.04423028501016173
0.027185104209438878,0.0013026053078156314,0.5673475199616279,0.04791614178780145
0.027185104209438878,0.0014028057084168337,0.5268226999960667,0.05160199856544117
0.027185104209438878,0.0015030061090180362,0.4917011889997467,0.055287855343080894
0.027185104209438878,0.0016032065096192386,0.4609698666041288,0.05897371212072062
0.027185104209438878,0.0017034069102204409,0.4338539936898648,0.06265956889836033
0.027185104209438878,0.0018036073108216434,0.4097509953768052,0.06634542567600006
0.027185104209438878,0.0019038077114228457,0.3881851546476423,0.07003128245363978
0.027185104209438878,0.0020040081120240483,0.36877589788378207,0.07371713923127951
0.027282892353717437,1e-10,7443562.151845333,3.6653005371834956e-09
0.027282892353717437,0.0001002005006012024,7.428667628588685,0.003672649486796423
0.027282892353717437,0.00020040090120240482,3.714335667745994,0.00734529530829231
0.027282892353717437,0.0003006013018036072,2.476224190375749,0.011017941129788194
0.027282892353717437,0.0004008017024048096,1.857168297236257,0.014690586951284081
0.027282892353717437,0.0005010021030060121,1.4857347119271493,0.01836323277277997
0.027282892353717437,0.0006012025036072144,1.2381123011271522,0.022035878594275853
0.027282892353717437,0.0007014029042084169,1.061239140468904,0.02570852441577174
0.027282892353717437,0.0008016033048096193,0.9285842644589868,0.029381170237267627
0.027282892353717437,0.0009018037054108217,0.825408246515729,0.033053816058763515
0.027282892353717437,0.0010020041060120242,0.7428674301017295,0.0367264618802594
0.027282892353717437,0.0011022045066132265,0.6753340334923296,0.04039910770175528
0.027282892353717437,0.0012024049072144288,0.6190562020484085,0.04407175352325117
0.027282892353717437,0.0013026053078156314,0.571436497854259,0.04774439934474706
0.027282892353717437,0.0014028057084168337,0.5306196080600445,0.051417045166242945
0.027282892353717437,0.0015030061090180362,0.49524496987630073,0.05508969098773883
0.027282892353717437,0.0016032065096192386,0.4642921611897134,0.05876233680923472
0.027282892353717437,0.0017034069102204409,0.4369808591936526,0.0624349826307306
0.027282892353717437,0.0018036073108216434,0.4127041461400141,0.0661076284522265
0.027282892353717437,0.0019038077114228457,0.39098287643147794,0.06978027427372238
0.027282892353717437,0.0020040081120240483,0.37143373358540627,0.07345292009521827
0.027380680497995993,1e-10,7497016.64533338,3.652210178169935e-09
0.027380680497995993,0.0001002005006012024,7.482015159955615,0.003659532881534341
0.027380680497995993,0.00020040090120240482,3.7410094467396617,0.007319062110858504
0.027380680497995993,0.0003006013018036072,2.494006712662685,0.010978591340182664
0.027380680497995993,0.0004008017024048096,1.870505190060644,0.014638120569506828
0.027380680497995993,0.0005010021030060121,1.4964042267190674,0.018297649798830994
0.027380680497995993,0.0006012025036072144,1.2470035637495334,0.021957179028155156
0.027380680497995993,0.0007014029042084169,1.0688602228977506,0.025616708257479318
0.027380680497995993,0.0008016033048096193,0.9352527117030688,0.02927623748680348
0.027380680497995993,0.0009018037054108217,0.831335755259297,0.03293576671612764
0.027380680497995993,0.0010020041060120242,0.7482021880300973,0.03659529594545181
0.027380680497995993,0.0011022045066132265,0.6801838134712102,0.040254825174775966
0.027380680497995993,0.0012024049072144288,0.6235018337293273,0.04391435440410013
0.027380680497995993,0.0013026053078156314,0.5755401578936676,0.047573883633424296
0.027380680497995993,0.0014028057084168337,0.5344301495461049,0.051233412862748455
0.027380680497995993,0.0015030061090180362,0.4988014752801923,0.05489294209207262
0.027380680497995993,0.0016032065096192386,0.4676263850197266,0.058552471321396786
0.027380680497995993,0.0017034069102204409,0.44011895222164965,0.062212000550720944
0.027380680497995993,0.0018036073108216434,0.4156679006761218,0.06587152978004511
0.027380680497995993,0.0019038077114228457,0.39379064389493135,0.06953105900936928
0.027380680497995993,0.0020040081120240483,0.37410111268269236,0.07319058823869344
0.02747846864227455,1e-10,7550662.389244657,3.639212988971078e-09
0.02747846864227455,0.0001002005006012024,7.535553559054823,0.003646509632893001
0.02747846864227455,0.00020040090120240482,3.7677786596470897,0.007293015626573014
0.02747846864227455,0.0003006013018036072,2.511852857569378,0.010939521620253023
0.02747846864227455,0.0004008017024048096,1.8838897998538164,0.014586027613933038
0.02747846864227455,0.0005010021030060121,1.5071119150879189,0.018232533607613052
0.02747846864227455,0.0006012025036072144,1.255926637687084,0.02187903960129306
0.02747846864227455,0.0007014029042084169,1.076508572168819,0.025525545594973074
0.02747846864227455,0.0008016033048096193,0.94194501743452,0.02917205158865309
0.02747846864227455,0.0009018037054108217,0.8372844715474872,0.032818557582333104
0.02747846864227455,0.0010020041060120242,0.7535560327488366,0.03646506357601311
0.02747846864227455,0.0011022045066132265,0.6850509450778587,0.040111569569693126
0.02747846864227455,0.0012024049072144288,0.6279633710691537,0.04375807556337313
0.02747846864227455,0.0013026053078156314,0.5796585000798542,0.04740458155705315
0.02747846864227455,0.0014028057084168337,0.538254324454248,0.051051087550733155
0.02747846864227455,0.0015030061090180362,0.5023707052114216,0.05469759354441318
0.02747846864227455,0.0016032065096192386,0.47097253809416845,0.058344099538093185
0.02747846864227455,0.0017034069102204409,0.44326827277385605,0.06199060553177319
0.02747846864227455,0.0018036073108216434,0.4186422589851286,0.0656371115254532
0.02747846864227455,0.0019038077114228457,0.39660845703800257,0.06928361751913321
0.02747846864227455,0.0020040081120240483,0.37677803517564046,0.07293012351281324
0.027576256786553108,1e-10,7604499.383579163,3.6263079784186873e-09
0.027576256786553108,0.0001002005006012024,7.58928282588631,0.0036335787477168673
0.027576256786553108,0.00020040090120240482,3.7946433064682785,0.007267153869125757
0.027576256786553108,0.0003006013018036072,2.529762625095827,0.010900728990534644
0.027576256786553108,0.0004008017024048096,1.897322126615775,0.014534304111943534
0.027576256786553108,0.0005010021030060121,1.5178577770337038,0.018167879233352426
0.027576256786553108,0.0006012025036072144,1.2648815229398038,0.021801454354761312
0.027576256786553108,0.0007014029042084169,1.084184188282109,0.025435029476170202
0.027576256786553108,0.0008016033048096193,0.9486611816533405,0.029068604597579092
0.027576256786553108,0.0009018037054108217,0.8432543953802996,0.03270217971898798
0.027576256786553108,0.0010020041060120242,0.7589289642579476,0.03633575484039687
0.027576256786553108,0.0011022045066132265,0.6899354283122751,0.03996932996180576
0.027576256786553108,0.0012024049072144288,0.6324408140678877,0.04360290508321464
0.027576256786553108,0.0013026053078156314,0.5837915244128187,0.04723648020462354
0.027576256786553108,0.0014028057084168337,0.542092132784474,0.05087005532603242
0.027576256786553108,0.0015030061090180362,0.5059526596699886,0.05450363044744132
0.027576256786553108,0.0016032065096192386,0.47433062041303903,0.0581372055688502
0.027576256786553108,0.0017034069102204409,0.44642882085027186,0.06177078069025909
0.027576256786553108,0.0018036073108216434,0.4216272210670343,0.06540435581166798
0.027576256786553108,0.0019038077114228457,0.3994363158606916,0.06903793093307686
0.027576256786553108,0.0020040081120240483,0.3794645010642506,0.07267150605448576
0.027674044930831664,1e-10,7658527.628336896,3.6134941693539697e-09
0.027674044930831664,0.0001002005006012024,7.643202960450075,0.003620739246887938
0.027674044930831664,0.00020040090120240482,3.821603387203228,0.007241474880281708
0.027674044930831664,0.0003006013018036072,2.5477360152420325,0.010862210513675474
0.027674044930831664,0.0004008017024048096,1.9108021703465186,0.014482946147069246
0.027674044930831664,0.0005010021030060121,1.5286418125564223,0.018103681780463017
0.027674044930831664,0.0006012025036072144,1.2738682195076931,0.02172441741385678
0.027674044930831664,0.0007014029042084169,1.0918870712376207,0.025345153047250553
0.027674044930831664,0.0008016033048096193,0.95540120435953,0.028965888680644324
0.027674044930831664,0.0009018037054108217,0.849245526757734,0.032586624314038096
0.027674044930831664,0.0010020041060120242,0.7643209825574301,0.036207359947431864
0.027674044930831664,0.0011022045066132265,0.6948372631744595,0.03982809558082563
0.027674044930831664,0.0012024049072144288,0.636934162725529,0.04344883121421939
0.027674044930831664,0.0013026053078156314,0.5879392308925607,0.04706956684761317
0.027674044930831664,0.0014028057084168337,0.5459435745367825,0.050690302481006935
0.027674044930831664,0.0015030061090180362,0.5095473386558932,0.05431103811440071
0.027674044930831664,0.0016032065096192386,0.4777006319763383,0.05793177374779448
0.027674044930831664,0.0017034069102204409,0.44960059645089695,0.06155250938118824
0.027674044930831664,0.0018036073108216434,0.42462278692183897,0.06517324501458202
0.027674044930831664,0.0019038077114228457,0.4022742203629985,0.06879398064797579
0.027674044930831664,0.0020040081120240483,0.38216051034852266,0.07241471628136956
0.02777183307511022,1e-10,7712747.123517859,3.600770598380933e-09
0.02777183307511022,0.0001002005006012024,7.697313962746117,0.0036079901650786055
0.02777183307511022,0.00020040090120240482,3.8486589018519375,0.007215976729386613
0.02777183307511022,0.0003006013018036072,2.565773028007994,0.01082396329369462
0.02777183307511022,0.0004008017024048096,1.924329931046048,0.014431949858002628
0.02777183307511022,0.0005010021030060121,1.5394640216560738,0.018039936422310637
0.02777183307511022,0.0006012025036072144,1.2828867273907518,0.021647922986618644
0.02777183307511022,0.0007014029042084169,1.0996172210353539,0.02525590955092665
0.02777183307511022,0.0008016033048096193,0.9621650855530887,0.02886389611523466
0.02777183307511022,0.0009018037054108217,0.8552578656797905,0.032471882679542666
0.02777183307511022,0.0010020041060120242,0.7697320876472841,0.036079869243850676
0.02777183307511022,0.0011022045066132265,0.6997564496644116,0.03968785580815868
0.02777183307511022,0.0012024049072144288,0.641443417042078,0.043295842372466684
0.02777183307511022,0.0013026053078156314,0.5921016195190807,0.0469038289367747
0.02777183307511022,0.0014028057084168337,0.5498086497111738,0.050511815501082705
0.02777183307511022,0.0015030061090180362,0.5131547421691355,0.054119802065390715
0.02777183307511022,0.0016032065096192386,0.48108257278406613,0.05772778862969872
0.02777183307511022,0.0017034069102204409,0.4527835995757314,0.06133577519400672
0.02777183307511022,0.0018036073108216434,0.4276289565495426,0.06494376175831473
0.02777183307511022,0.0019038077114228457,0.4051221705449231,0.06855174832262274
0.02777183307511022,0.0020040081120240483,0.3848660630284567,0.07215973488693075
0.02786962121938878,1e-10,7767157.869122053,3.5881363156249294e-09
0.02786962121938878,0.0001002005006012024,7.75161583277444,0.003595330550509719
0.02786962121938878,0.00020040090120240482,3.8758098504144085,0.007190657512883123
0.02786962121938878,0.0003006013018036072,2.583873663393712,0.010785984475256525
0.02786962121938878,0.0004008017024048096,1.9379054087143637,0.01438131143762993
0.02786962121938878,0.0005010021030060121,1.5503244043326592,0.017976638400003336
0.02786962121938878,0.0006012025036072144,1.2919370465889801,0.021571965362376735
0.02786962121938878,0.0007014029042084169,1.1073746376753093,0.02516729232475014
0.02786962121938878,0.0008016033048096193,0.9689528252340167,0.028762619287123543
0.02786962121938878,0.0009018037054108217,0.8612914121464693,0.03235794624949695
0.02786962121938878,0.0010020041060120242,0.7751622795275098,0.035953273211870355
0.02786962121938878,0.0011022045066132265,0.7046929877821321,0.039548600174243755
0.02786962121938878,0.0012024049072144288,0.6459685770175346,0.043143927136617154
0.02786962121938878,0.0013026053078156314,0.5962786902923786,0.04673925409899057
0.02786962121938878,0.0014028057084168337,0.5536873583076479,0.050334581061363966
0.02786962121938878,0.0015030061090180362,0.5167748702097156,0.05392990802373737
0.02786962121938878,0.0016032065096192386,0.4844764428362228,0.05752523498611077
0.02786962121938878,0.0017034069102204409,0.45597783022477534,0.06112056194848418
0.02786962121938878,0.0018036073108216434,0.43064572995014533,0.06471588891085758
0.02786962121938878,0.0019038077114228457,0.4079801664064657,0.06831121587323098
0.02786962121938878,0.0020040081120240483,0.3875811591040529,0.0719065428356044
0.027967409363667334,1e-10,7821759.865149473,3.5755903844962747e-09
0.027967409363667334,0.0001002005006012024,7.806108570535038,0.003582759464713725
0.027967409363667334,0.00020040090120240482,3.903056232890639,0.007165515353837066
0.027967409363667334,0.0003006013018036072,2.6020379213991855,0.010748271242960405
0.027967409363667334,0.0004008017024048096,1.9515286033514643,0.014331027132083746
0.027967409363667334,0.0005010021030060121,1.5612229605861776,0.01791378302120709
0.027967409363667334,0.0006012025036072144,1.3010191771023776,0.021496538910330428
0.027967409363667334,0.0007014029042084169,1.115159321157486,0.02507929479945377
0.027967409363667334,0.0008016033048096193,0.9757644234023137,0.028662050688577113
0.027967409363667334,0.0009018037054108217,0.86734616615777,0.03224480657770045
0.027967409363667334,0.0010020041060120242,0.7806115581981069,0.035827562466823795
0.027967409363667334,0.0011022045066132265,0.7096468775276201,0.03941031835594713
0.027967409363667334,0.0012024049072144288,0.6505096426518985,0.04299307424507047
0.027967409363667334,0.0013026053078156314,0.600470443212454,0.046575830134193814
0.027967409363667334,0.0014028057084168337,0.5575797003262046,0.05015858602331715
0.027967409363667334,0.0015030061090180362,0.5204077227776331,0.0537413419124405
0.027967409363667334,0.0016032065096192386,0.48788224213280795,0.05732409780156384
0.027967409363667334,0.0017034069102204409,0.45918328839802847,0.06090685369068718
0.027967409363667334,0.0018036073108216434,0.43367310712364693,0.06448960957981052
0.027967409363667334,0.0019038077114228457,0.410848207947626,0.06807236546893386
0.027967409363667334,0.0020040081120240483,0.3903057985753109,0.07165512135805721
0.028065197507945894,1e-10,7876553.111600124,3.5631318814587975e-09
0.028065197507945894,0.0001002005006012024,7.860792176027917,0.0035702759823027564
0.028065197507945894,0.00020040090120240482,3.9303980492806314,0.007140548401473632
0.028065197507945894,0.0003006013018036072,2.6202658020244165,0.010710820820644507
0.028065197507945894,0.0004008017024048096,1.9651995149573511,0.014281093239815383
0.028065197507945894,0.0005010021030060121,1.5721596904166297,0.01785136565898626
0.028065197507945894,0.0006012025036072144,1.3101331189309449,0.021421638078157133
0.028065197507945894,0.0007014029042084169,1.1229712714818847,0.024991910497328008
0.028065197507945894,0.0008016033048096193,0.9825998800579802,0.028562182916498886
0.028065197507945894,0.0009018037054108217,0.8734221277136931,0.03213245533566976
0.028065197507945894,0.0010020041060120242,0.7860799236590758,0.03570272775484064
0.028065197507945894,0.0011022045066132265,0.7146181189008763,0.03927300017401151
0.028065197507945894,0.0012024049072144288,0.6550666139451702,0.04284327259318238
0.028065197507945894,0.0013026053078156314,0.6046768782793075,0.046413545012353265
0.028065197507945894,0.0014028057084168337,0.5614856757668442,0.049983817431524136
0.028065197507945894,0.0015030061090180362,0.5240532998728886,0.053554089850695014
0.028065197507945894,0.0016032065096192386,0.491299970673822,0.057124362269865885
0.028065197507945894,0.0017034069102204409,0.4623999740954911,0.06069463468903676
0.028065197507945894,0.0018036073108216434,0.4367110880700476,0.06426490710820763
0.028065197507945894,0.0019038077114228457,0.41372629516840426,0.06783517952737851
0.028065197507945894,0.0020040081120240483,0.39303998144223107,0.07140545194654939
0.02816298565222445,1e-10,7931537.608474001,3.550759895803218e-09
0.02816298565222445,0.0001002005006012024,7.915666649253072,0.003557879190741557
0.02816298565222445,0.00020040090120240482,3.957835299584383,0.007115754830723219
0.02816298565222445,0.0003006013018036072,2.6385573052694027,0.010673630470704878
0.02816298565222445,0.0004008017024048096,1.9789181435320229,0.01423150611068654
0.02816298565222445,0.0005010021030060121,1.5831345938240147,0.017789381750668205
0.02816298565222445,0.0006012025036072144,1.319278872074681,0.02134725739064986
0.02816298565222445,0.0007014029042084169,1.1308104886485046,0.024905133030631525
0.02816298565222445,0.0008016033048096193,0.9894591952010154,0.028463008670613188
0.02816298565222445,0.0009018037054108217,0.879519296814238,0.03202088431059485
0.02816298565222445,0.0010020041060120242,0.7915673759104159,0.035578759950576515
0.02816298565222445,0.0011022045066132265,0.7196067119019003,0.03913663559055817
0.02816298565222445,0.0012024049072144288,0.6596394908973492,0.04269451123053983
0.02816298565222445,0.0013026053078156314,0.6088979954929385,0.046252386870521495
0.02816298565222445,0.0014028057084168337,0.5654052846295663,0.049810262510503155
0.02816298565222445,0.0015030061090180362,0.5277116014954815,0.05336813815048482
0.02816298565222445,0.0016032065096192386,0.4947296284592645,0.056926013790466475
0.02816298565222445,0.0017034069102204409,0.465627887317163,0.060483889430448134
0.02816298565222445,0.0018036073108216434,0.4397596727893471,0.0640417650704298
0.02816298565222445,0.0019038077114228457,0.4166144280688001,0.06759964071041145
0.02816298565222445,0.0020040081120240483,0.395783707704813,0.07115751635039312
0.028260773796503005,1e-10,7986713.3557711085,3.5384735294252285e-09
0.028260773796503005,0.0001002005006012024,7.9707319902105045,0.003545568190125114
0.028260773796503005,0.00020040090120240482,3.9853679838018947,0.007091132841776699
0.028260773796503005,0.0003006013018036072,2.656912431134145,0.010636697493428281
0.028260773796503005,0.0004008017024048096,1.9926844890754805,0.014182262145079868
0.028260773796503005,0.0005010021030060121,1.5941476708083333,0.017727826796731454
0.028260773796503005,0.0006012025036072144,1.3284564365335867,0.021273391448383035
0.028260773796503005,0.0007014029042084169,1.1386769726573465,0.024818956100034623
0.028260773796503005,0.0008016033048096193,0.9963423688314199,0.028364520751686207
0.028260773796503005,0.0009018037054108217,0.885637673459405,0.03191008540333779
0.028260773796503005,0.0010020041060120242,0.7970739149521276,0.03545565005498938
0.028260773796503005,0.0011022045066132265,0.7246126565306921,0.03900121470664096
0.028260773796503005,0.0012024049072144288,0.6642282735084357,0.04254677935829254
0.028260773796503005,0.0013026053078156314,0.6131337948533475,0.04609234400994413
0.028260773796503005,0.0014028057084168337,0.569338526914371,0.04963790866159571
0.028260773796503005,0.0015030061090180362,0.5313826276454121,0.053183473313247305
0.028260773796503005,0.0016032065096192386,0.49817121548913573,0.056729037964898886
0.028260773796503005,0.0017034069102204409,0.4688670280630442,0.06027460261655047
0.028260773796503005,0.0018036073108216434,0.44281886128154563,0.06382016726820205
0.028260773796503005,0.0019038077114228457,0.41951260664881385,0.06736573191985364
0.028260773796503005,0.0020040081120240483,0.39853697736305704,0.07091129657150523
0.028358561940781565,1e-10,8042080.353491446,3.5262718966081677e-09
0.028358561940781565,0.0001002005006012024,8.025988198900219,0.003533342092960898
0.028358561940781565,0.00020040090120240482,4.012996101933169,0.0070666806596499
0.028358561940781565,0.0003006013018036072,2.6753311796186448,0.0106000192263389
0.028358561940781565,0.0004008017024048096,2.0064985515877245,0.014133357793027903
0.028358561940781565,0.0005010021030060121,1.6051989213695856,0.017666696359716908
0.028358561940781565,0.0006012025036072144,1.3376658123076621,0.021200034926405906
0.028358561940781565,0.0007014029042084169,1.1465707235084102,0.024733373493094908
0.028358561940781565,0.0008016033048096193,1.003249400949194,0.02826671205978391
0.028358561940781565,0.0009018037054108217,0.8917772576491945,0.03180005062647291
0.028358561940781565,0.0010020041060120242,0.8025995407842113,0.03533338919316192
0.028358561940781565,0.0011022045066132265,0.7296359527872521,0.038866727759850915
0.028358561940781565,0.0012024049072144288,0.66883296177843,0.04240006632653991
0.028358561940781565,0.0013026053078156314,0.6173842763605344,0.04593340489322892
0.028358561940781565,0.0014028057084168337,0.5732854026212588,0.04946674345991792
0.028358561940781565,0.0015030061090180362,0.5350663783226806,0.05300008202660693
0.028358561940781565,0.0016032065096192386,0.5016247317634358,0.05653342059329593
0.028358561940781565,0.0017034069102204409,0.47211739633313493,0.060066759159984925
0.028358561940781565,0.0018036073108216434,0.44588865354664325,0.06360009772667392
0.028358561940781565,0.0019038077114228457,0.42242083090844557,0.06713343629336292
0.028358561940781565,0.0020040081120240483,0.4012997904169632,0.07066677486005193
0.02845635008506012,1e-10,8097638.601635011,3.5141541238101735e-09
0.02845635008506012,0.0001002005006012024,8.081435275322207,0.003521200023955592
0.02845635008506012,0.00020040090120240482,4.040719653978202,0.0070423965337570605
0.02845635008506012,0.0003006013018036072,2.6938135507228997,0.010563593043558526
0.02845635008506012,0.0004008017024048096,2.0203603310687535,0.014084789553359995
0.02845635008506012,0.0005010021030060121,1.6162883455077708,0.017605986063161466
0.02845635008506012,0.0006012025036072144,1.3469069993969065,0.021127182572962932
0.02845635008506012,0.0007014029042084169,1.1544917412016953,0.0246483790827644
0.02845635008506012,0.0008016033048096193,1.0101802915543368,0.02816957559256587
0.02845635008506012,0.0009018037054108217,0.8979380493836058,0.031690772102367336
0.02845635008506012,0.0010020041060120242,0.8081442534066661,0.035211968612168805
0.02845635008506012,0.0011022045066132265,0.7346766006715799,0.038733165121970274
0.02845635008506012,0.0012024049072144288,0.6734535557073315,0.042254361631771736
0.02845635008506012,0.0013026053078156314,0.6216494400144988,0.04577555814157321
0.02845635008506012,0.0014028057084168337,0.577245911750229,0.049296754651374675
0.02845635008506012,0.0015030061090180362,0.5387628535272865,0.05281795116117615
0.02845635008506012,0.0016032065096192386,0.5050901772821643,0.05633914767097761
0.02845635008506012,0.0017034069102204409,0.47537899212743484,0.05986034418077908
0.02845635008506012,0.0018036073108216434,0.4489690495846397,0.06338154069058055
0.02845635008506012,0.0019038077114228457,0.42533910084769494,0.06690273720038202
0.02845635008506012,0.0020040081120240483,0.4040721468665312,0.07042393371018349
0.02855413822933868,1e-10,8153388.100201807,3.5021193494557103e-09
0.02855413822933868,0.0001002005006012024,8.137073219476477,0.0035091411198061944
0.02855413822933868,0.00020040090120240482,4.068538639936997,0.00701827873749304
0.02855413822933868,0.0003006013018036072,2.712359544446912,0.010527416355179883
0.02855413822933868,0.0004008017024048096,2.0342698275185684,0.01403655397286673
0.02855413822933868,0.0005010021030060121,1.62741594322289,0.017545691590553577
0.02855413822933868,0.0006012025036072144,1.356179997801321,0.02105482920824042
0.02855413822933868,0.0007014029042084169,1.1624400257372025,0.024563966825927267
0.02855413822933868,0.0008016033048096193,1.0171350406468491,0.028073104443614112
0.02855413822933868,0.0009018037054108217,0.9041200486626394,0.03158224206130096
0.02855413822933868,0.0010020041060120242,0.8137080528194927,0.0350913796789878
0.02855413822933868,0.0011022045066132265,0.7397346001836758,0.038600517296674644
0.02855413822933868,0.0012024049072144288,0.6780900552951408,0.04210965491436149
0.02855413822933868,0.0013026053078156314,0.6259292858152413,0.04561879253204834
0.02855413822933868,0.0014028057084168337,0.5812200543012822,0.04912793014973518
0.02855413822933868,0.0015030061090180362,0.5424720532592303,0.05263706776742203
0.02855413822933868,0.0016032065096192386,0.5085675520453217,0.05614620538510887
0.02855413822933868,0.0017034069102204409,0.4786518154459443,0.059655343002795715
0.02855413822933868,0.0018036073108216434,0.4520600493955353,0.06316448062048256
0.02855413822933868,0.0019038077114228457,0.42826741646656225,0.0666736182381694
0.02855413822933868,0.0020040081120240483,0.4068540467117613,0.07018275585585626
0.028651926373617236,1e-10,8209328.849191829,3.4901667237313667e-09
0.028651926373617236,0.0001002005006012024,8.192902031363023,0.003497164528995414
0.028651926373617236,0.00020040090120240482,4.096453059809551,0.0069943255678241055
0.028651926373617236,0.0003006013018036072,2.7309691607906794,0.010491486606652793
0.028651926373617236,0.0004008017024048096,2.0482270409371686,0.013988647645481486
0.028651926373617236,0.0005010021030060121,1.638581714514942,0.01748580868431018
0.028651926373617236,0.0006012025036072144,1.365484807520904,0.020982969723138865
0.028651926373617236,0.0007014029042084169,1.170415577114931,0.024480130761967558
0.028651926373617236,0.0008016033048096193,1.0241136482267303,0.02797729180079625
0.028651926373617236,0.0009018037054108217,0.9103232554862949,0.03147445283962494
0.028651926373617236,0.0010020041060120242,0.8192909390226906,0.034971613878453635
0.028651926373617236,0.0011022045066132265,0.7448099513235393,0.03846877491728232
0.028651926373617236,0.0012024049072144288,0.6827424605418574,0.041965935956111006
0.028651926373617236,0.0013026053078156314,0.6302238137627614,0.0454630969949397
0.028651926373617236,0.0014028057084168337,0.5852078302744178,0.04896025803376839
0.028651926373617236,0.0015030061090180362,0.5461939775185116,0.052457419072597086
0.028651926373617236,0.0016032065096192386,0.5120568560529076,0.055954580111425775
0.028651926373617236,0.0017034069102204409,0.4819358662886629,0.059451741150254464
0.028651926373617236,0.0018036073108216434,0.4551616529793297,0.06294890218908315
0.028651926373617236,0.0019038077114228457,0.43120577776504726,0.06644606322791184
0.028651926373617236,0.0020040081120240483,0.40964548995265326,0.06994322426674054
0.02874971451789579,1e-10,8265460.84860508,3.4782954083858173e-09
0.02874971451789579,0.0001002005006012024,8.248921710981845,0.0034852694115912264
0.02874971451789579,0.00020040090120240482,4.124462913595867,0.006970535344887045
0.02874971451789579,0.0003006013018036072,2.7496423997542037,0.010455801278182861
0.02874971451789579,0.0004008017024048096,2.0622319713245547,0.01394106721147868
0.02874971451789579,0.0005010021030060121,1.6497856593839275,0.0174263331447745
0.02874971451789579,0.0006012025036072144,1.3748214285556568,0.020911599078070317
0.02874971451789579,0.0007014029042084169,1.1784183953348812,0.024396865011366134
0.02874971451789579,0.0008016033048096193,1.0311161142939806,0.027882130944661954
0.02874971451789579,0.0009018037054108217,0.9165476698545725,0.031367396877957775
0.02874971451789579,0.0010020041060120242,0.8248929120162601,0.03485266281125359
0.02874971451789579,0.0011022045066132265,0.7499026540911709,0.03833792874454941
0.02874971451789579,0.0012024049072144288,0.6874107714474815,0.041823194677845225
0.02874971451789579,0.0013026053078156314,0.6345330238570592,0.04530846061114105
0.02874971451789579,0.0014028057084168337,0.5892092396696362,0.04879372654443686
0.02874971451789579,0.0015030061090180362,0.5499286263051306,0.05227899247773268
0.02874971451789579,0.0016032065096192386,0.5155580893049222,0.0557642584110285
0.02874971451789579,0.0017034069102204409,0.485231144655591,0.05924952434432432
0.02874971451789579,0.0018036073108216434,0.4582738603360231,0.06273479027762013
0.02874971451789579,0.0019038077114228457,0.4341541847431501,0.06622005621091595
0.02874971451789579,0.0020040081120240483,0.41244647658920724,0.06970532214421178
0.02884750266217435,1e-10,8321784.098441563,3.466504576533857e-09
0.02884750266217435,0.0001002005006012024,8.30513225833295,0.0034734549390505157
0.02884750266217435,0.00020040090120240482,4.152568201295943,0.006946906411596456
0.02884750266217435,0.0003006013018036072,2.7683792613374845,0.010420357884142393
0.02884750266217435,0.0004008017024048096,2.076284618680727,0.013893809356688333
0.02884750266217435,0.0005010021030060121,1.6610277778298468,0.017367260829234277
0.02884750266217435,0.0006012025036072144,1.3841898609055794,0.020840712301780213
0.02884750266217435,0.0007014029042084169,1.1864484803970534,0.02431416377432615
0.02884750266217435,0.0008016033048096193,1.0381424388486005,0.027787615246872094
0.02884750266217435,0.0009018037054108217,0.9227932917674725,0.031261066719418036
0.02884750266217435,0.0010020041060120242,0.8305139718002014,0.03473451819196397
0.02884750266217435,0.0011022045066132265,0.7550127084865705,0.038207969664509914
0.02884750266217435,0.0012024049072144288,0.6920949880120134,0.04168142113705585
0.02884750266217435,0.0013026053078156314,0.6388569160981351,0.04515487260960179
0.02884750266217435,0.0014028057084168337,0.5932242824869375,0.04862832408214773
0.02884750266217435,0.0015030061090180362,0.5536759996190874,0.052101775554693676
0.02884750266217435,0.0016032065096192386,0.5190712518013656,0.05557522702723961
0.02884750266217435,0.0017034069102204409,0.4885376505467285,0.05904867849978555
0.02884750266217435,0.0018036073108216434,0.4613966714656156,0.06252212997233149
0.02884750266217435,0.0019038077114228457,0.4371126374008709,0.06599558144487742
0.02884750266217435,0.0020040081120240483,0.41525700662142334,0.06946903291742337
0.02884750266217435,0.0021042085126252506,0.39548286438871716,0.07294248438996931
0.028945290806452906,1e-10,8378298.598701271,3.454793412464405e-09
0.028945290806452906,0.0001002005006012024,8.36153367341633,0.003461720294026697
0.028945290806452906,0.00020040090120240482,4.180768922909779,0.006923437133259982
0.028945290806452906,0.0003006013018036072,2.787179745540521,0.010385153972493264
0.028945290806452906,0.0004008017024048096,2.090384983005684,0.01384687081172655
0.028945290806452906,0.0005010021030060121,1.6723080698526989,0.01730858765095984
0.028945290806452906,0.0006012025036072144,1.393590104570671,0.02077030449019312
0.028945290806452906,0.0007014029042084169,1.194505832301447,0.024232021329426406
0.028945290806452906,0.0008016033048096193,1.0451926218905891,0.02769373816865969
0.028945290806452906,0.0009018037054108217,0.9290601212249944,0.031155455007892977
0.028945290806452906,0.0010020041060120242,0.836154118374514,0.03461717184712626
0.028945290806452906,0.0011022045066132265,0.760140114509738,0.038078888686359544
0.028945290806452906,0.0012024049072144288,0.6967951102354527,0.04154060552559283
0.028945290806452906,0.0013026053078156314,0.6431954904859886,0.04500232236482612
0.028945290806452906,0.0014028057084168337,0.5972529587263213,0.048464039204059395
0.028945290806452906,0.0015030061090180362,0.5574360974603817,0.051925756043292685
0.028945290806452906,0.0016032065096192386,0.5225963435422375,0.05538747288252597
0.028945290806452906,0.0017034069102204409,0.49185538396207523,0.05884918972175925
0.028945290806452906,0.0018036073108216434,0.46453008636810694,0.062310906560992536
0.028945290806452906,0.0019038077114228457,0.4400811357382094,0.06577262340022583
0.028945290806452906,0.0020040081120240483,0.4180770800493013,0.06923434023945911
0.028945290806452906,0.0021042085126252506,0.39816864861212575,0.0726960570786924
0.029043078950731462,1e-10,8435004.34938421,3.4431611114523882e-09
0.029043078950731462,0.0001002005006012024,8.41812595623199,0.0034500646701812175
0.029043078950731462,0.00020040090120240482,4.209065078437376,0.0069001258972013245
0.029043078950731462,0.0003006013018036072,2.8060438523633136,0.010350187124221429
0.029043078950731462,0.0004008017024048096,2.104533064299427,0.013800248351241535
0.029043078950731462,0.0005010021030060121,1.6836265354524846,0.017250309578261645
0.029043078950731462,0.0006012025036072144,1.403022159550932,0.020700370805281747
0.029043078950731462,0.0007014029042084169,1.2025904510480625,0.024150432032301855
0.029043078950731462,0.0008016033048096193,1.0522666634199471,0.027600493259321963
0.029043078950731462,0.0009018037054108217,0.9353481582271383,0.03105055448634207
0.029043078950731462,0.0010020041060120242,0.8418133517391982,0.03450061571336217
0.029043078950731462,0.0011022045066132265,0.7652848721606732,0.03795067694038228
0.029043078950731462,0.0012024049072144288,0.7015111381177994,0.04140073816740238
0.029043078950731462,0.0013026053078156314,0.6475487470206199,0.04485079939442249
0.029043078950731462,0.0014028057084168337,0.6012952683877879,0.0483008606214426
0.029043078950731462,0.0015030061090180362,0.5612089198290138,0.05175092184846271
0.029043078950731462,0.0016032065096192386,0.5261333645275381,0.05520098307548281
0.029043078950731462,0.0017034069102204409,0.4951843449016313,0.05865104430250292
0.029043078950731462,0.0018036073108216434,0.4676741050434973,0.062101105529523026
0.029043078950731462,0.0019038077114228457,0.4430596797551657,0.06555116675654313
0.029043078950731462,0.0020040081120240483,0.4209066968728412,0.06900122798356324
0.029043078950731462,0.0021042085126252506,0.4008635217838054,0.07245128921058334
0.02914086709501002,1e-10,8491901.350490378,3.431606879574412e-09
0.02914086709501002,0.0001002005006012024,8.474909106779927,0.0034384872719988614
0.02914086709501002,0.00020040090120240482,4.237456667878734,0.006876971112390844
0.02914086709501002,0.0003006013018036072,2.824971581805863,0.010315454952782825
0.02914086709501002,0.0004008017024048096,2.118728862561956,0.013753938793174807
0.02914086709501002,0.0005010021030060121,1.694983174629204,0.01719242263356679
0.02914086709501002,0.0006012025036072144,1.4124860258463627,0.020630906473958772
0.02914086709501002,0.0007014029042084169,1.2107023366368996,0.024069390314350757
0.02914086709501002,0.0008016033048096193,1.0593645634366744,0.027507874154742738
0.02914086709501002,0.0009018037054108217,0.9416574027739046,0.030946357995134722
0.02914086709501002,0.0010020041060120242,0.8474916718942541,0.0343848418355267
0.02914086709501002,0.0011022045066132265,0.7704469814393766,0.03782332567591869
0.02914086709501002,0.0012024049072144288,0.7062430716590539,0.041261809516310664
0.02914086709501002,0.0013026053078156314,0.6519166857020291,0.04470029335670265
0.02914086709501002,0.0014028057084168337,0.6053512114713373,0.04813877719709463
0.02914086709501002,0.0015030061090180362,0.5649944667249835,0.05157726103748662
0.02914086709501002,0.0016032065096192386,0.5296823147572676,0.055015744877878595
0.02914086709501002,0.0017034069102204409,0.49852453336539687,0.05845422871827058
0.02914086709501002,0.0018036073108216434,0.4708287274917867,0.06189271255866256
0.02914086709501002,0.0019038077114228457,0.4460482694517399,0.06533119639905455
0.02914086709501002,0.0020040081120240483,0.42374585709204327,0.06876968023944653
0.02914086709501002,0.0021042085126252506,0.4035674839037563,0.07220816407983852
0.029238655239288577,1e-10,8548989.602019774,3.420129933528132e-09
0.029238655239288577,0.0001002005006012024,8.531883125060142,0.003426987314606759
0.029238655239288577,0.00020040090120240482,4.265943691233852,0.006853971209083585
0.029238655239288577,0.0003006013018036072,2.8439629338681685,0.010280955103560408
0.029238655239288577,0.0004008017024048096,2.13297237779327,0.013707938998037236
0.029238655239288577,0.0005010021030060121,1.7063779873828562,0.017134922892514063
0.029238655239288577,0.0006012025036072144,1.4219817034569624,0.020561906786990887
0.029238655239288577,0.0007014029042084169,1.2188414890679584,0.02398889068146771
0.029238655239288577,0.0008016033048096193,1.0664863219407708,0.02741587457594454
0.029238655239288577,0.0009018037054108217,0.9479878548652928,0.030842858470421366
0.029238655239288577,0.0010020041060120242,0.8531890788396814,0.03426984236489819
0.029238655239288577,0.0011022045066132265,0.7756264423458479,0.03769682625937502
0.029238655239288577,0.0012024049072144288,0.7109909108592156,0.04112381015385184
0.029238655239288577,0.0013026053078156314,0.656299306530216,0.044550794048328665
0.029238655239288577,0.0014028057084168337,0.6094207879769693,0.04797777794280549
0.029238655239288577,0.0015030061090180362,0.5687927381482909,0.05140476183728232
0.029238655239288577,0.0016032065096192386,0.5332431942314255,0.05483174573175914
0.029238655239288577,0.0017034069102204409,0.5018759493533718,0.05825872962623597
0.029238655239288577,0.0018036073108216434,0.473993953712975,0.061685713520712795
0.029238655239288577,0.0019038077114228457,0.44904690482793186,0.06511269741518962
0.029238655239288577,0.0020040081120240483,0.4265945607069072,0.06853968130966645
0.029238655239288577,0.0021042085126252506,0.4062805349719782,0.07196666520414327
0.029336443383567133,1e-10,8606269.103972398,3.4087295004552326e-09
0.029336443383567133,0.0001002005006012024,8.589048011072636,0.0034155640235970087
0.029336443383567133,0.00020040090120240482,4.294526148502731,0.006831124638464517
0.029336443383567133,0.0003006013018036072,2.86301790855023,0.010246685253332024
0.029336443383567133,0.0004008017024048096,2.14726360999337,0.013662245868199533
0.029336443383567133,0.0005010021030060121,1.7178109737134422,0.017077806483067046
0.029336443383567133,0.0006012025036072144,1.4315091923827317,0.02049336709793455
0.029336443383567133,0.0007014029042084169,1.2270079083412389,0.02390892771280206
0.029336443383567133,0.0008016033048096193,1.0736319389322362,0.02732448832766957
0.029336443383567133,0.0009018037054108217,0.9543395145013032,0.03074004894253708
0.029336443383567133,0.0010020041060120242,0.8589055725754803,0.03415560955740459
0.029336443383567133,0.0011022045066132265,0.780823254880087,0.03757117017227209
0.029336443383567133,0.0012024049072144288,0.715754655718285,0.0409867307871396
0.029336443383567133,0.0013026053078156314,0.6606966095051807,0.04440229140200711
0.029336443383567133,0.0014028057084168337,0.613503997904684,0.04781785201687462
0.029336443383567133,0.0015030061090180362,0.572603734098936,0.05123341263174213
0.029336443383567133,0.0016032065096192386,0.5368160029500122,0.05464897324660964
0.029336443383567133,0.0017034069102204409,0.505238592865556,0.05806453386147714
0.029336443383567133,0.0018036073108216434,0.4771697837070623,0.06148009447634466
0.029336443383567133,0.0019038077114228457,0.4520555858837417,0.06489565509121216
0.029336443383567133,0.0020040081120240483,0.42945280771743316,0.06831121570607968
0.029336443383567133,0.0021042085126252506,0.40900267498847126,0.07172677632094718
0.029434231527845692,1e-10,8663739.856348254,3.397404817767942e-09
0.029434231527845692,0.0001002005006012024,8.646403764817409,0.003404216634852846
0.029434231527845692,0.00020040090120240482,4.323204039685371,0.006808429872300874
0.029434231527845692,0.0003006013018036072,2.8821365058520483,0.010212643109748901
0.029434231527845692,0.0004008017024048096,2.1616025591622563,0.01361685634719693
0.029434231527845692,0.0005010021030060121,1.7292821336209616,0.01702106958464496
0.029434231527845692,0.0006012025036072144,1.4410684926236708,0.020425282822092987
0.029434231527845692,0.0007014029042084169,1.2352015944567412,0.023829496059541017
0.029434231527845692,0.0008016033048096193,1.080801414411071,0.027233709296989046
0.029434231527845692,0.0009018037054108217,0.9607123816819358,0.030637922534437072
0.029434231527845692,0.0010020041060120242,0.8646411531016509,0.034042135771885106
0.029434231527845692,0.0011022045066132265,0.7860374190420942,0.03744634900933313
0.029434231527845692,0.0012024049072144288,0.720534306236262,0.04085056224678115
0.029434231527845692,0.0013026053078156314,0.6651085946269233,0.04425477548422919
0.029434231527845692,0.0014028057084168337,0.6176008412544816,0.04765898872167721
0.029434231527845692,0.0015030061090180362,0.5764274545769187,0.05106320195912525
0.029434231527845692,0.0016032065096192386,0.5404007409130276,0.05446741519657327
0.029434231527845692,0.0017034069102204409,0.5086124639019496,0.0578716284340213
0.029434231527845692,0.0018036073108216434,0.48035621747404866,0.06127584167146933
0.029434231527845692,0.0019038077114228457,0.4550743126191693,0.06468005490891736
0.029434231527845692,0.0020040081120240483,0.43232059812362117,0.06808426814636538
0.029434231527845692,0.0021042085126252506,0.4117339039532355,0.07148848138381342
0.029532019672124248,1e-10,8721401.859147334,3.386155132978989e-09
0.029532019672124248,0.0001002005006012024,8.703950386294457,0.0033929443943782576
0.029532019672124248,0.00020040090120240482,4.35197736478177,0.006785885402601383
0.029532019672124248,0.0003006013018036072,2.901318725773622,0.010178826410824507
0.029532019672124248,0.0004008017024048096,2.175989225299927,0.013571767419047632
0.029532019672124248,0.0005010021030060121,1.740791467105414,0.01696470842727076
0.029532019672124248,0.0006012025036072144,1.4506596041797786,0.020357649435493883
0.029532019672124248,0.0007014029042084169,1.243422547414465,0.02375059044371701
0.029532019672124248,0.0008016033048096193,1.0879947483772747,0.027143531451940133
0.029532019672124248,0.0009018037054108217,0.9671064564071903,0.03053647246016326
0.029532019672124248,0.0010020041060120242,0.8703958204181927,0.033929413468386384
0.029532019672124248,0.0011022045066132265,0.7912689348318691,0.03732235447660951
0.029532019672124248,0.0012024049072144288,0.7253298624131462,0.04071529548483263
0.029532019672124248,0.0013026053078156314,0.6695352618954435,0.04410823649305576
0.029532019672124248,0.0014028057084168337,0.6217113180263616,0.047501177501278885
0.029532019672124248,0.0015030061090180362,0.580263899582239,0.05089411850950201
0.029532019672124248,0.0016032065096192386,0.5439974081204715,0.05428705951772513
0.029532019672124248,0.0017034069102204409,0.5119975624625523,0.05768000052594826
0.029532019672124248,0.0018036073108216434,0.4835532550139338,0.061072941534171386
0.029532019672124248,0.0019038077114228457,0.4581030850342147,0.0644658825423945
0.029532019672124248,0.0020040081120240483,0.43519793192547107,0.06785882355061763
0.029532019672124248,0.0021042085126252506,0.4144742218662707,0.07125176455884076
0.029629807816402808,1e-10,8779255.11236965,3.3749797035349267e-09
0.029629807816402808,0.0001002005006012024,8.761687875503785,0.003381746558130973
0.029629807816402808,0.00020040090120240482,4.3808461237919305,0.006763489741282243
0.029629807816402808,0.0003006013018036072,2.920564568314953,0.010145232924433511
0.029629807816402808,0.0004008017024048096,2.1904236084063844,0.013526976107584783
0.029629807816402808,0.0005010021030060121,1.7523389741668003,0.016908719290736056
0.029629807816402808,0.0006012025036072144,1.4602825270510562,0.02029046247388732
0.029629807816402808,0.0007014029042084169,1.2516707672144105,0.023672205657038592
0.029629807816402808,0.0008016033048096193,1.0952119408308478,0.027053948840189863
0.029629807816402808,0.0009018037054108217,0.9735217386770671,0.030435692023341135
0.029629807816402808,0.0010020041060120242,0.8761695745251065,0.033817435206492406
0.029629807816402808,0.0011022045066132265,0.7965178022494122,0.03719917838964367
0.029629807816402808,0.0012024049072144288,0.7301413242489383,0.04058092157279494
0.029629807816402808,0.0013026053078156314,0.6739766113107417,0.043962664755946214
0.029629807816402808,0.0014028057084168337,0.6258354282203246,0.04734440793909748
0.029629807816402808,0.0015030061090180362,0.5841130691148971,0.05072615112224876
0.029629807816402808,0.0016032065096192386,0.5476060045723443,0.05410789430540002
0.029629807816402808,0.0017034069102204409,0.5153938885473648,0.05748963748855129
0.029629807816402808,0.0018036073108216434,0.48676089632671815,0.060871380671702564
0.029629807816402808,0.0019038077114228457,0.461141903128878,0.06425312385485384
0.029629807816402808,0.0020040081120240483,0.4380848091229831,0.0676348670380051
0.029629807816402808,0.0021042085126252506,0.4172236287275771,0.07101661022115638
0.029727595960681363,1e-10,8837299.616015188,3.3638777966527494e-09
0.029727595960681363,0.0001002005006012024,8.81961623244539,0.0033706223918587522
0.029727595960681363,0.00020040090120240482,4.409810316715851,0.006741241419839708
0.029727595960681363,0.0003006013018036072,2.9398740334760394,0.010111860447820663
0.029727595960681363,0.0004008017024048096,2.204905708481627,0.013482479475801619
0.029727595960681363,0.0005010021030060121,1.7639246548051197,0.01685309850378258
0.029727595960681363,0.0006012025036072144,1.4699372612375032,0.02022371753176353
0.029727595960681363,0.0007014029042084169,1.2599462538565778,0.023594336559744487
0.029727595960681363,0.0008016033048096193,1.10245299177179,0.026964955587725443
0.029727595960681363,0.0009018037054108217,0.979958228491566,0.030335574615706403
0.029727595960681363,0.0010020041060120242,0.8819624154223915,0.033706193643687356
0.029727595960681363,0.0011022045066132265,0.801784021294723,0.03707681267166831
0.029727595960681363,0.0012024049072144288,0.7349686917436378,0.04044743169964927
0.029727595960681363,0.0013026053078156314,0.6784326428728176,0.043818050727630224
0.029727595960681363,0.0014028057084168337,0.6299731718363701,0.04718866975561118
0.029727595960681363,0.0015030061090180362,0.5879749631748928,0.050559288783592136
0.029727595960681363,0.0016032065096192386,0.5512265302686457,0.05392990781157309
0.029727595960681363,0.0017034069102204409,0.5188014421563863,0.05730052683955404
0.029727595960681363,0.0018036073108216434,0.48997914141240134,0.060671145867535005
0.029727595960681363,0.0019038077114228457,0.464190766903159,0.06404176489551595
0.029727595960681363,0.0020040081120240483,0.440981229716157,0.06741238392349692
0.029727595960681363,0.0021042085126252506,0.4199821245371546,0.07078300295147787
0.02982538410495992,1e-10,8895535.370083958,3.3528486891597195e-09
0.02982538410495992,0.0001002005006012024,8.877735457119275,0.0033595711709388915
0.02982538410495992,0.00020040090120240482,4.438869943553533,0.006719138989029095
0.02982538410495992,0.0003006013018036072,2.9592471212568823,0.010078706807119295
0.02982538410495992,0.0004008017024048096,2.2194355255256553,0.013438274625209499
0.02982538410495992,0.0005010021030060121,1.7755485090203724,0.016797842443299703
0.02982538410495992,0.0006012025036072144,1.4796238067391194,0.020157410261389903
0.02982538410495992,0.0007014029042084169,1.2682490073409667,0.023516978079480107
0.02982538410495992,0.0008016033048096193,1.1097179012001013,0.02687654589757031
0.02982538410495992,0.0009018037054108217,0.9864159258506869,0.030236113715660515
0.02982538410495992,0.0010020041060120242,0.8877743431100482,0.03359568153375072
0.02982538410495992,0.0011022045066132265,0.8070675919678019,0.03695524935184092
0.02982538410495992,0.0012024049072144288,0.7398119648972448,0.04031481716993112
0.02982538410495992,0.0013026053078156314,0.6829033565816713,0.04367438498802133
0.02982538410495992,0.0014028057084168337,0.6341245488744984,0.04703395280611153
0.02982538410495992,0.0015030061090180362,0.5918495817622262,0.050393520624201736
0.02982538410495992,0.0016032065096192386,0.5548589852093756,0.05375308844229193
0.02982538410495992,0.0017034069102204409,0.5222202232896174,0.05711265626038213
0.02982538410495992,0.0018036073108216434,0.4932079902709835,0.06047222407847234
0.02982538410495992,0.0019038077114228457,0.46724967635705794,0.06383179189656255
0.02982538410495992,0.0020040081120240483,0.4438871937049929,0.06719135971465275
0.02982538410495992,0.0021042085126252506,0.4227497092950032,0.07055092753274295
0.02992317224923848,1e-10,8953962.374575958,3.3418916673363375e-09
0.02992317224923848,0.0001002005006012024,8.936045549525439,0.0033485921802208795
0.02992317224923848,0.00020040090120240482,4.468025004304976,0.006697181018550093
0.02992317224923848,0.0003006013018036072,2.978683831657482,0.010045769856879303
0.02992317224923848,0.0004008017024048096,2.2340130595384693,0.013394358695208518
0.02992317224923848,0.0005010021030060121,1.7872105368125588,0.016742947533537732
0.02992317224923848,0.0006012025036072144,1.4893421635559054,0.020091536371866944
0.02992317224923848,0.0007014029042084169,1.2765790276675775,0.023440125210196155
0.02992317224923848,0.0008016033048096193,1.117006669115782,0.02678871404852537
0.02992317224923848,0.0009018037054108217,0.9928948307544302,0.030137302886854584
0.02992317224923848,0.0010020041060120242,0.8936053575880766,0.0334858917251838
0.02992317224923848,0.0011022045066132265,0.8123685142686488,0.036834480563513
0.02992317224923848,0.0012024049072144288,0.7446711437097594,0.040183069401842214
0.02992317224923848,0.0013026053078156314,0.6873887524373029,0.04353165824017143
0.02992317224923848,0.0014028057084168337,0.6382895593347095,0.04688024707850064
0.02992317224923848,0.0015030061090180362,0.5957369248768974,0.05022883591682986
0.02992317224923848,0.0016032065096192386,0.5585033693945345,0.05357742475515907
0.02992317224923848,0.0017034069102204409,0.5256502319470578,0.05692601359348828
0.02992317224923848,0.0018036073108216434,0.49644744290246473,0.060274602431817495
0.02992317224923848,0.0019038077114228457,0.47031863149057473,0.0636231912701467
0.02992317224923848,0.0020040081120240483,0.4468027010894909,0.06697178010847592
0.02992317224923848,0.0021042085126252506,0.42552638300112305,0.07032036894680513
0.030020960393517034,1e-10,9012580.629491184,3.3310060267623815e-09
0.030020960393517034,0.0001002005006012024,8.994546509663879,0.0033376847138721286
0.030020960393517034,0.00020040090120240482,4.497275498970177,0.0066753660967382306
0.030020960393517034,0.0003006013018036072,2.9981841646778373,0.01001304747960433
0.030020960393517034,0.0004008017024048096,2.2486383105200685,0.013350728862470433
0.030020960393517034,0.0005010021030060121,1.7989107381816782,0.016688410245336537
0.030020960393517034,0.0006012025036072144,1.4990923316878604,0.02002609162820264
0.030020960393517034,0.0007014029042084169,1.2849363148364097,0.02336377301106874
0.030020960393517034,0.0008016033048096193,1.1243192955188317,0.026701454393934843
0.030020960393517034,0.0009018037054108217,0.9993949432027952,0.030039135776800945
0.030020960393517034,0.0010020041060120242,0.8994554588564762,0.03337681715966705
0.030020960393517034,0.0011022045066132265,0.8176867881972633,0.03671449854253315
0.030020960393517034,0.0012024049072144288,0.7495462281811813,0.040052179925399244
0.030020960393517034,0.0013026053078156314,0.6918888304397122,0.04338986130826535
0.030020960393517034,0.0014028057084168337,0.6424682032170032,0.046727542691131455
0.030020960393517034,0.0015030061090180362,0.5996369925189061,0.05006522407399756
0.030020960393517034,0.0016032065096192386,0.5621596828241218,0.05340290545686366
0.030020960393517034,0.0017034069102204409,0.5290914681287074,0.056740586839729754
0.030020960393517034,0.0018036073108216434,0.4996974993068448,0.06007826822259586
0.030020960393517034,0.0019038077114228457,0.4733976323037092,0.06341594960546196
0.030020960393517034,0.0020040081120240483,0.44972775186965075,0.06675363098832807
0.030020960393517034,0.0021042085126252506,0.4283121456555138,0.07009131237119416
0.030118748537795594,1e-10,9071390.13482964,3.3201910721659438e-09
0.030118748537795594,0.0001002005006012024,9.053238337534598,0.003326848075226705
0.030118748537795594,0.00020040090120240482,4.526621427549141,0.006653692830262338
0.030118748537795594,0.0003006013018036072,3.0177481203179495,0.00998053758529797
0.030118748537795594,0.0004008017024048096,2.263311278470454,0.013307382340333603
0.030118748537795594,0.0005010021030060121,1.8106491131277314,0.016634227095369238
0.030118748537795594,0.0006012025036072144,1.5088743111349852,0.01996107185040487
0.030118748537795594,0.0007014029042084169,1.2933208688474638,0.023287916605440502
0.030118748537795594,0.0008016033048096193,1.1316557804092506,0.026614761360476136
0.030118748537795594,0.0009018037054108217,1.0059162631957825,0.02994160611551177
0.030118748537795594,0.0010020041060120242,0.9053246469152476,0.0332684508705474
0.030118748537795594,0.0011022045066132265,0.823022413753646,0.03659529562558304
0.030118748537795594,0.0012024049072144288,0.754437218311511,0.03992214038061866
0.030118748537795594,0.0013026053078156314,0.6964035905888993,0.043248985135654304
0.030118748537795594,0.0014028057084168337,0.6466604805213797,0.04657582989068993
0.030118748537795594,0.0015030061090180362,0.6035497846882526,0.04990267464572557
0.030118748537795594,0.0016032065096192386,0.5658279254981379,0.0532295194007612
0.030118748537795594,0.0017034069102204409,0.5325439318345666,0.05655636415579683
0.030118748537795594,0.0018036073108216434,0.502958159484124,0.059883208910832465
0.030118748537795594,0.0019038077114228457,0.4764866787964616,0.0632100536658681
0.030118748537795594,0.0020040081120240483,0.4526623460454727,0.06653689842090374
0.030118748537795594,0.0021042085126252506,0.4311069972581758,0.06986374317593937
0.03021653668207415,1e-10,9130390.890591325,3.3094461172754003e-09
0.03021653668207415,0.0001002005006012024,9.112121033137594,0.003316081576637007
0.03021653668207415,0.00020040090120240482,4.556062790041865,0.006632159843827898
0.03021653668207415,0.0003006013018036072,3.0373756985778173,0.009948238111018786
0.03021653668207415,0.0004008017024048096,2.278031963389625,0.013264316378209677
0.03021653668207415,0.0005010021030060121,1.8224256616507177,0.016580394645400568
0.03021653668207415,0.0006012025036072144,1.518688101897279,0.019896472912591456
0.03021653668207415,0.0007014029042084169,1.3017326897007395,0.023212551179782347
0.03021653668207415,0.0008016033048096193,1.1390161237870386,0.026528629446973238
0.03021653668207415,0.0009018037054108217,1.012458790733392,0.02984470771416413
0.03021653668207415,0.0010020041060120242,0.9112129217643905,0.033160785981355016
0.03021653668207415,0.0011022045066132265,0.8283753909377966,0.036476864248545904
0.03021653668207415,0.0012024049072144288,0.7593441141007481,0.03979294251573679
0.03021653668207415,0.0013026053078156314,0.7009330328848642,0.043109020782927686
0.03021653668207415,0.0014028057084168337,0.6508663912478388,0.04642509905011857
0.03021653668207415,0.0015030061090180362,0.6074753013849368,0.04974117731730947
0.03021653668207415,0.0016032065096192386,0.5695080974165826,0.053057255584500355
0.03021653668207415,0.0017034069102204409,0.536007623064635,0.05637333385169124
0.03021653668207415,0.0018036073108216434,0.5062294234343021,0.05968941211888214
0.03021653668207415,0.0019038077114228457,0.47958577096883176,0.06300549038607303
0.03021653668207415,0.0020040081120240483,0.45560648361695655,0.06632156865326393
0.03021653668207415,0.0021042085126252506,0.4339109378091089,0.06963764692045481
0.030314324826352705,1e-10,9189582.89677624,3.298770484674245e-09
0.030314324826352705,0.0001002005006012024,9.17119459647287,0.003305384539328304
0.030314324826352705,0.00020040090120240482,4.585599586448349,0.006610765779886124
0.030314324826352705,0.0003006013018036072,3.0570668994574417,0.009916147020443942
0.030314324826352705,0.0004008017024048096,2.2928003652775817,0.013221528261001762
0.030314324826352705,0.0005010021030060121,1.8342403837506374,0.016526909501559585
0.030314324826352705,0.0006012025036072144,1.5285337039747426,0.0198322907421174
0.030314324826352705,0.0007014029042084169,1.310171777396237,0.02313767198267522
0.030314324826352705,0.0008016033048096193,1.146400325652196,0.02644305322323304
0.030314324826352705,0.0009018037054108217,1.0190225258156236,0.02974843446379086
0.030314324826352705,0.0010020041060120242,0.917120283403905,0.033053815704348684
0.030314324826352705,0.0011022045066132265,0.833745719749715,0.0363591969449065
0.030314324826352705,0.0012024049072144288,0.7642669155488927,0.039664578185464316
0.030314324826352705,0.0013026053078156314,0.705477157327607,0.042969959426022136
0.030314324826352705,0.0014028057084168337,0.6550859353963807,0.046275340666579956
0.030314324826352705,0.0015030061090180362,0.6114135426089585,0.049580721907137776
0.030314324826352705,0.0016032065096192386,0.5732001985794559,0.052886103147695596
0.030314324826352705,0.0017034069102204409,0.5394825418189128,0.056191484388253415
0.030314324826352705,0.0018036073108216434,0.5095112911573791,0.059496865628811235
0.030314324826352705,0.0019038077114228457,0.4826949088208197,0.06280224686936905
0.030314324826352705,0.0020040081120240483,0.4585601645841024,0.06610762810992687
0.030314324826352705,0.0021042085126252506,0.4367239673083131,0.0694130093504847
0.030412112970631264,1e-10,9248966.153384384,3.2881635056587225e-09
0.030412112970631264,0.0001002005006012024,9.230459027540425,0.003294756293256086
0.030412112970631264,0.00020040090120240482,4.615231816768595,0.006589509298348667
0.030412112970631264,0.0003006013018036072,3.0768217229568227,0.009884262303441246
0.030412112970631264,0.0004008017024048096,2.307616484134324,0.013179015308533827
0.030412112970631264,0.0005010021030060121,1.846093279427491,0.01647376831362641
0.030412112970631264,0.0006012025036072144,1.5384111173673756,0.01976852131871899
0.030412112970631264,0.0007014029042084169,1.3186381319339562,0.02306327432381157
0.030412112970631264,0.0008016033048096193,1.1538083860047226,0.026358027328904153
0.030412112970631264,0.0009018037054108217,1.0256074684424772,0.029652780333996733
0.030412112970631264,0.0010020041060120242,0.923046731833791,0.03294753333908931
0.030412112970631264,0.0011022045066132265,0.8391334001894015,0.03624228634418189
0.030412112970631264,0.0012024049072144288,0.7692056226559449,0.03953703934927447
0.030412112970631264,0.0013026053078156314,0.7100359639171275,0.04283179235436706
0.030412112970631264,0.0014028057084168337,0.6593191129670054,0.046126545359459634
0.030412112970631264,0.0015030061090180362,0.6153645083603181,0.04942129836455222
0.030412112970631264,0.0016032065096192386,0.5769042289867581,0.052716051369644794
0.030412112970631264,0.0017034069102204409,0.5429686880974001,0.05601080437473738
0.030412112970631264,0.0018036073108216434,0.5128037626533553,0.05930555737982996
0.030412112970631264,0.0019038077114228457,0.4858140923524256,0.06260031038492253
0.030412112970631264,0.0020040081120240483,0.4615233889469104,0.06589506339001512
0.030412112970631264,0.0021042085126252506,0.4395460857557884,0.0691898163951077
0.03050990111490982,1e-10,9308540.660415754,3.2776245200982053e-09
0.03050990111490982,0.0001002005006012024,9.289914326340254,0.0032841961769661597
0.03050990111490982,0.00020040090120240482,4.6449594810026,0.0065683890763077995
0.03050990111490982,0.0003006013018036072,3.096640169075959,0.009852581975649437
0.03050990111490982,0.0004008017024048096,2.3224803199598516,0.013136774874991078
0.03050990111490982,0.0005010021030060121,1.857984348681277,0.01642096777433272
0.03050990111490982,0.0006012025036072144,1.5483203420751777,0.01970516067367436
0.03050990111490982,0.0007014029042084169,1.3271317533138969,0.022989353573015996
0.03050990111490982,0.0008016033048096193,1.1612403048446178,0.026273546472357637
0.03050990111490982,0.0009018037054108217,1.032213618613953,0.02955773937169928
0.03050990111490982,0.0010020041060120242,0.9289922670540485,0.03284193227104092
0.03050990111490982,0.0011022045066132265,0.8445384322568558,0.03612612517038256
0.03050990111490982,0.0012024049072144288,0.7741602354219045,0.03941031806972419
0.03050990111490982,0.0013026053078156314,0.7146094526534258,0.04269451096906584
0.03050990111490982,0.0014028057084168337,0.6635659239597126,0.045978703868407474
0.03050990111490982,0.0015030061090180362,0.6193281986390151,0.04926289676774912
0.03050990111490982,0.0016032065096192386,0.5806201886384887,0.052547089667090756
0.03050990111490982,0.0017034069102204409,0.5464660619000965,0.05583128256643239
0.03050990111490982,0.0018036073108216434,0.5161068379222302,0.05911547546577404
0.03050990111490982,0.0019038077114228457,0.48894332156364917,0.06239966836511567
0.03050990111490982,0.0020040081120240483,0.4644961567053802,0.06568386126445731
0.03050990111490982,0.0021042085126252506,0.4423772931515348,0.06896805416379896
0.03050990111490982,0.002204408913226453,0.4222692352840942,0.0722522470631406
0.030607689259188376,1e-10,9368306.417870354,3.2671528762982384e-09
0.030607689259188376,0.0001002005006012024,9.349560492872364,0.0032737035374574177
0.030607689259188376,0.00020040090120240482,4.6747825791503645,0.00654740380776196
0.030607689259188376,0.0003006013018036072,3.1165222378148516,0.0098211040780665
0.030607689259188376,0.0004008017024048096,2.337391872754165,0.013094804348371044
0.030607689259188376,0.0005010021030060121,1.8699135915119969,0.01636850461867559
0.030607689259188376,0.0006012025036072144,1.5582613780981491,0.019642204888980126
0.030607689259188376,0.0007014029042084169,1.3356526415360592,0.02291590515928467
0.030607689259188376,0.0008016033048096193,1.1686960821718826,0.026189605429589213
0.030607689259188376,0.0009018037054108217,1.0388409763300506,0.029463305699893756
0.030607689259188376,0.0010020041060120242,0.9349568890646776,0.032737005970198296
0.030607689259188376,0.0011022045066132265,0.849960815952078,0.036010706240502836
0.030607689259188376,0.0012024049072144288,0.7791307538467717,0.039284406510807376
0.030607689259188376,0.0013026053078156314,0.7191976235365017,0.04255810678111192
0.030607689259188376,0.0014028057084168337,0.6678263683745026,0.045831807051416464
0.030607689259188376,0.0015030061090180362,0.6233046134450498,0.049105507321721004
0.030607689259188376,0.0016032065096192386,0.5843480775346481,0.052379207592025544
0.030607689259188376,0.0017034069102204409,0.5499746632270023,0.055652907862330084
0.030607689259188376,0.0018036073108216434,0.5194205169640043,0.05892660813263463
0.030607689259188376,0.0019038077114228457,0.4920825964544906,0.06220030840293917
0.030607689259188376,0.0020040081120240483,0.467478467859512,0.06547400867324371
0.030607689259188376,0.0021042085126252506,0.4452175894955523,0.06874770894354826
0.030607689259188376,0.002204408913226453,0.4249804272546948,0.07202140921385279
0.030705477403466935,1e-10,9428263.425748186,3.2567479308662066e-09
0.030705477403466935,0.0001002005006012024,9.409397527136752,0.00326327773004724
0.030705477403466935,0.00020040090120240482,4.704701111211892,0.006526552203346549
0.030705477403466935,0.0003006013018036072,3.136467929173502,0.009789826676645857
0.030705477403466935,0.0004008017024048096,2.3523511425172647,0.013053101149945167
0.030705477403466935,0.0005010021030060121,1.8818810079196504,0.016316375623244478
0.030705477403466935,0.0006012025036072144,1.5682342254362904,0.019579650096543787
0.030705477403466935,0.0007014029042084169,1.3442007966004437,0.022842924569843097
0.030705477403466935,0.0008016033048096193,1.1761757179865167,0.026106199043142406
0.030705477403466935,0.0009018037054108217,1.0454895415907708,0.029369473516441716
0.030705477403466935,0.0010020041060120242,0.9409405978656784,0.03263274798974103
0.030705477403466935,0.0011022045066132265,0.8554005512750683,0.035896022463040335
0.030705477403466935,0.0012024049072144288,0.7841171779305466,0.03915929693633964
0.030705477403466935,0.0013026053078156314,0.7238004765663558,0.042422571409638954
0.030705477403466935,0.0014028057084168337,0.6721004462113754,0.04568584588293826
0.030705477403466935,0.0015030061090180362,0.6272937527784224,0.04894912035623757
0.030705477403466935,0.0016032065096192386,0.5880878956752363,0.05221239482953688
0.030705477403466935,0.0017034069102204409,0.5534944920781176,0.055475669302836185
0.030705477403466935,0.0018036073108216434,0.5227447997786773,0.058738943776135505
0.030705477403466935,0.0019038077114228457,0.49523191702494995,0.06200221824943481
0.030705477403466935,0.0020040081120240483,0.470470322409306,0.06526549272273412
0.030705477403466935,0.0021042085126252506,0.448066974787841,0.06852876719603343
0.030705477403466935,0.002204408913226453,0.4277002950395731,0.07179204166933273
0.03080326554774549,1e-10,9488411.684049243,3.2464090485795608e-09
0.03080326554774549,0.0001002005006012024,9.469425429133418,0.0032529181182394517
0.03080326554774549,0.00020040090120240482,4.734715077187179,0.0065058329900698555
0.03080326554774549,0.0003006013018036072,3.156477243151907,0.009758747861900258
0.03080326554774549,0.0004008017024048096,2.367358129249149,0.013011662733730662
0.03080326554774549,0.0005010021030060121,1.893886597904237,0.01626457760556107
0.03080326554774549,0.0006012025036072144,1.578238884089601,0.019517492477391468
0.03080326554774549,0.0007014029042084169,1.3527762185070493,0.022770407349221873
0.03080326554774549,0.0008016033048096193,1.1836792122885196,0.02602332222105228
0.03080326554774549,0.0009018037054108217,1.0521593143961128,0.02927623709288268
0.03080326554774549,0.0010020041060120242,0.9469433934570505,0.032529151964713086
0.03080326554774549,0.0011022045066132265,0.8608576382258263,0.03578206683654349
0.03080326554774549,0.0012024049072144288,0.7891195076732287,0.03903498170837389
0.03080326554774549,0.0013026053078156314,0.7284180117429874,0.04228789658020429
0.03080326554774549,0.0014028057084168337,0.6763881574703309,0.045540811452034695
0.03080326554774549,0.0015030061090180362,0.6312956166391325,0.048793726323865104
0.03080326554774549,0.0016032065096192386,0.591839643060253,0.052046641195695506
0.03080326554774549,0.0017034069102204409,0.5570255484534421,0.05529955606752591
0.03080326554774549,0.0018036073108216434,0.5260796863662492,0.05855247093935632
0.03080326554774549,0.0019038077114228457,0.49839128327502696,0.06180538581118671
0.03080326554774549,0.0020040081120240483,0.47347172035476176,0.06505830068301713
0.03080326554774549,0.0021042085126252506,0.4509254490284007,0.06831121555484752
0.03080326554774549,0.002204408913226453,0.4304288386387287,0.07156413042667792
0.030901053692024047,1e-10,9548751.192773528,3.2361356022565427e-09
0.030901053692024047,0.0001002005006012024,9.52964419886236,0.003242624073594792
0.030901053692024047,0.00020040090120240482,4.764824477076226,0.0064852449110539825
0.030901053692024047,0.0003006013018036072,3.1765501797500684,0.00972786574851317
0.030901053692024047,0.0004008017024048096,2.3824128329498198,0.01297048658597236
0.030901053692024047,0.0005010021030060121,1.9059303614657568,0.016213107423431555
0.030901053692024047,0.0006012025036072144,1.5882753540580805,0.01945572826089074
0.030901053692024047,0.0007014029042084169,1.3613789072558768,0.022698349098349932
0.030901053692024047,0.0008016033048096193,1.1912065650778918,0.025940969935809122
0.030901053692024047,0.0009018037054108217,1.058850294746077,0.029183590773268313
0.030901053692024047,0.0010020041060120242,0.9529652758387942,0.03242621161072751
0.030901053692024047,0.0011022045066132265,0.8663320768043523,0.035668832448186694
0.030901053692024047,0.0012024049072144288,0.7941377430748184,0.03891145328564588
0.030901053692024047,0.0013026053078156314,0.7330502290663968,0.042154074123105074
0.030901053692024047,0.0014028057084168337,0.6806895021513689,0.04539669496056426
0.030901053692024047,0.0015030061090180362,0.6353102050271802,0.048639315798023455
0.030901053692024047,0.0016032065096192386,0.5956033196896985,0.05188193663548264
0.030901053692024047,0.0017034069102204409,0.560567832352976,0.05512455747294183
0.030901053692024047,0.0018036073108216434,0.5294251767267201,0.05836717831040102
0.030901053692024047,0.0019038077114228457,0.5015606952047218,0.06160979914786021
0.030901053692024047,0.0020040081120240483,0.4764826616958796,0.0648524199853194
0.030901053692024047,0.0021042085126252506,0.45379301221723156,0.06809504082277859
0.030901053692024047,0.002204408913226453,0.43316605805216196,0.07133766166023778
0.030998841836302606,1e-10,9609281.951921048,3.2259269726293596e-09
0.030998841836302606,0.0001002005006012024,9.590053836323586,0.0032323949756038316
0.030998841836302606,0.00020040090120240482,4.795029310879035,0.0064647867252806916
0.030998841836302606,0.0003006013018036072,3.1966867389679874,0.00969717847495755
0.030998841836302606,0.0004008017024048096,2.397515253619276,0.01292957022463441
0.030998841836302606,0.0005010021030060121,1.9180122986042107,0.01616196197431127
0.030998841836302606,0.0006012025036072144,1.5983436353417302,0.01939435372398813
0.030998841836302606,0.0007014029042084169,1.3700088628469262,0.02262674547366499
0.030998841836302606,0.0008016033048096193,1.1987577763546335,0.02585913722334185
0.030998841836302606,0.0009018037054108217,1.0655624826406636,0.02909152897301871
0.030998841836302606,0.0010020041060120242,0.9590062450109097,0.03232392072269557
0.030998841836302606,0.0011022045066132265,0.8718238670106465,0.035556312472372426
0.030998841836302606,0.0012024049072144288,0.7991718841353159,0.03878870422204928
0.030998841836302606,0.0013026053078156314,0.7376971285365843,0.042021095971726145
0.030998841836302606,0.0014028057084168337,0.68500448025449,0.045253487721403
0.030998841836302606,0.0015030061090180362,0.6393375179425658,0.048485879471079865
0.030998841836302606,0.0016032065096192386,0.5993789255635726,0.05171827122075672
0.030998841836302606,0.0017034069102204409,0.5641213437767194,0.05495066297043358
0.030998841836302606,0.0018036073108216434,0.5327812708600901,0.05818305472011044
0.030998841836302606,0.0019038077114228457,0.5047401528140346,0.0614154464697873
0.030998841836302606,0.0020040081120240483,0.4795031464326595,0.06464783821946417
0.030998841836302606,0.0021042085126252506,0.4566696643543336,0.06788022996914102
0.030998841836302606,0.002204408913226453,0.4359119532798728,0.07111262171881788
0.031096629980581162,1e-10,9670003.961491792,3.2157825482197512e-09
0.031096629980581162,0.0001002005006012024,9.650654341517084,0.0032222302115622937
0.031096629980581162,0.00020040090120240482,4.825329578595603,0.00644445720734204
0.031096629980581162,0.0003006013018036072,3.216886920805661,0.009666684203121783
0.031096629980581162,0.0004008017024048096,2.412665391257518,0.01288891119890153
0.031096629980581162,0.0005010021030060121,1.9301324093195973,0.01611113819468128
0.031096629980581162,0.0006012025036072144,1.6084437279405488,0.01933336519046102
0.031096629980581162,0.0007014029042084169,1.378666085280197,0.02255559218624077
0.031096629980581162,0.0008016033048096193,1.2063328461187441,0.025777819182020514
0.031096629980581162,0.0009018037054108217,1.072295878079872,0.029000046177800262
0.031096629980581162,0.0010020041060120242,0.9650663009733965,0.03222227317358001
0.031096629980581162,0.0011022045066132265,0.8773330088447083,0.03544450016935975
0.031096629980581162,0.0012024049072144288,0.8042219308547207,0.03866672716513949
0.031096629980581162,0.0013026053078156314,0.7423587101535494,0.04188895416091924
0.031096629980581162,0.0014028057084168337,0.6893330917796935,0.04511118115669899
0.031096629980581162,0.0015030061090180362,0.643377555385289,0.04833340815247874
0.031096629980581162,0.0016032065096192386,0.6031664606818754,0.05155563514825848
0.031096629980581162,0.0017034069102204409,0.567686082724672,0.05477786214403822
0.031096629980581162,0.0018036073108216434,0.536147968766359,0.058000089139817974
0.031096629980581162,0.0019038077114228457,0.5079296561029651,0.06122231613559771
0.031096629980581162,0.0020040081120240483,0.4825331745651013,0.06444454313137747
0.031096629980581162,0.0021042085126252506,0.4595554054397067,0.0676667701271572
0.031096629980581162,0.002204408913226453,0.4386665243218611,0.07088899712293695
0.03119441812485972,1e-10,9730917.221485766,3.2057017252168954e-09
0.03119441812485972,0.0001002005006012024,9.711445714442863,0.003212129176448711
0.03119441812485972,0.00020040090120240482,4.855725280225933,0.006424255147195698
0.03119441812485972,0.0003006013018036072,3.2371507252630924,0.009636381117942681
0.03119441812485972,0.0004008017024048096,2.4278632458645455,0.012848507088689669
0.03119441812485972,0.0005010021030060121,1.9422906936119178,0.016060633059436658
0.03119441812485972,0.0006012025036072144,1.618575631854537,0.01927275903018364
0.03119441812485972,0.0007014029042084169,1.38735057455569,0.022484885000930627
0.03119441812485972,0.0008016033048096193,1.213931774370224,0.025697010971677613
0.03119441812485972,0.0009018037054108217,1.0790504810637025,0.028909136942424602
0.03119441812485972,0.0010020041060120242,0.971145443726255,0.03212126291317159
0.03119441812485972,0.0011022045066132265,0.8828595023065382,0.03533338888391857
0.03119441812485972,0.0012024049072144288,0.8092878832330331,0.03854551485466556
0.03119441812485972,0.0013026053078156314,0.7470349739172922,0.04175764082541254
0.03119441812485972,0.0014028057084168337,0.6936753367269799,0.04496976679615953
0.03119441812485972,0.0015030061090180362,0.6474303173553498,0.04818189276690652
0.03119441812485972,0.0016032065096192386,0.6069659250446069,0.0513940187376535
0.03119441812485972,0.0017034069102204409,0.5712620491968341,0.054606144708400486
0.03119441812485972,0.0018036073108216434,0.5395252704455269,0.05781827067914748
0.03119441812485972,0.0019038077114228457,0.5111292050715136,0.06103039664989446
0.03119441812485972,0.0020040081120240483,0.48557274609320517,0.06424252262064145
0.03119441812485972,0.0021042085126252506,0.4624502354733509,0.06745464859138843
0.03119441812485972,0.002204408913226453,0.441429771178127,0.07066677456213542
0.03129220626913828,1e-10,9792021.731902968,3.195683907357607e-09
0.03129220626913828,0.0001002005006012024,9.77242795510092,0.003202091272804387
0.03129220626913828,0.00020040090120240482,4.886216415770023,0.006404179349924867
0.03129220626913828,0.0003006013018036072,3.2574781523402794,0.009606267427045345
0.03129220626913828,0.0004008017024048096,2.4431088174403586,0.012808355504165826
0.03129220626913828,0.0005010021030060121,1.9544871514811712,0.016010443581286306
0.03129220626913828,0.0006012025036072144,1.6287393470836946,0.019212531658406785
0.03129220626913828,0.0007014029042084169,1.3960623306734044,0.022414619735527264
0.03129220626913828,0.0008016033048096193,1.221554561109073,0.025616707812647747
0.03129220626913828,0.0009018037054108217,1.0858262915921553,0.028818795889768226
0.03129220626913828,0.0010020041060120242,0.977243673269485,0.03202088396688871
0.03129220626913828,0.0011022045066132265,0.888403347396136,0.03522297204400918
0.03129220626913828,0.0012024049072144288,0.814369741270253,0.03842506012112966
0.03129220626913828,0.0013026053078156314,0.751725919827813,0.04162714819825015
0.03129220626913828,0.0014028057084168337,0.6980312150963489,0.044829236275370624
0.03129220626913828,0.0015030061090180362,0.6514958038527483,0.048031324352491106
0.03129220626913828,0.0016032065096192386,0.6107773186517671,0.05123341242961158
0.03129220626913828,0.0017034069102204409,0.5748492431932055,0.054435500506732064
0.03129220626913828,0.0018036073108216434,0.5429131758975938,0.057637588583852546
0.03129220626913828,0.0019038077114228457,0.5143387997196798,0.06083967666097302
0.03129220626913828,0.0020040081120240483,0.48862186101697097,0.0640417647380935
0.03129220626913828,0.0021042085126252506,0.46535415445526623,0.06724385281521399
0.03129220626913828,0.002204408913226453,0.4442016938486703,0.07044594089233445
0.03138999441341683,1e-10,9853317.492743399,3.1857285058087686e-09
0.03138999441341683,0.0001002005006012024,9.833601063491253,0.0031921159106155913
0.03138999441341683,0.00020040090120240482,4.916802985227872,0.006384228635502678
0.03138999441341683,0.0003006013018036072,3.277869202037222,0.009576341360389762
0.03138999441341683,0.0004008017024048096,2.458402105984957,0.012768454085276848
0.03138999441341683,0.0005010021030060121,1.966721782927358,0.01596056681016394
0.03138999441341683,0.0006012025036072144,1.6389348736280211,0.01915267953505102
0.03138999441341683,0.0007014029042084169,1.4048013536333401,0.022344792259938108
0.03138999441341683,0.0008016033048096193,1.2292012063352908,0.025536904984825193
0.03138999441341683,0.0009018037054108217,1.0926233096652298,0.02872901770971228
0.03138999441341683,0.0010020041060120242,0.9833609896030864,0.03192113043459937
0.03138999441341683,0.0011022045066132265,0.8939645441135016,0.03511324315948645
0.03138999441341683,0.0012024049072144288,0.8194675049663802,0.03830535588437353
0.03138999441341683,0.0013026053078156314,0.7564315478851114,0.041497468609260624
0.03138999441341683,0.0014028057084168337,0.7024007268878005,0.04468958133414771
0.03138999441341683,0.0015030061090180362,0.6555740148774843,0.04788169405903479
0.03138999441341683,0.0016032065096192386,0.6146006415033558,0.05107380678392188
0.03138999441341683,0.0017034069102204409,0.5784476647137861,0.05426591950880896
0.03138999441341683,0.0018036073108216434,0.5463116851225595,0.057458032233696055
0.03138999441341683,0.0019038077114228457,0.5175584400474637,0.06065014495858314
0.03138999441341683,0.0020040081120240483,0.4916805193363987,0.06384225768347022
0.03138999441341683,0.0021042085126252506,0.46826716238545263,0.06703437040835732
0.03138999441341683,0.002204408913226453,0.4469822923334912,0.0702264831332444
0.03148778255769539,1e-10,9914804.50400706,3.175834939051963e-09
0.03148778255769539,0.0001002005006012024,9.894965039613867,0.003182202507197958
0.03148778255769539,0.00020040090120240482,4.947484988599483,0.006364401838560978
0.03148778255769539,0.0003006013018036072,3.298323874353921,0.009546601169923995
0.03148778255769539,0.0004008017024048096,2.4737431114983415,0.012728800501287016
0.03148778255769539,0.0005010021030060121,1.9789945879504782,0.015910999832650038
0.03148778255769539,0.0006012025036072144,1.6491622114875175,0.019093199164013055
0.03148778255769539,0.0007014029042084169,1.4135676434354978,0.022275398495376075
0.03148778255769539,0.0008016033048096193,1.2368717100488782,0.025457597826739096
0.03148778255769539,0.0009018037054108217,1.0994415352829268,0.028639797158102116
0.03148778255769539,0.0010020041060120242,0.9894973927270594,0.03182199648946513
0.03148778255769539,0.0011022045066132265,0.8995430924586352,0.03500419582082815
0.03148778255769539,0.0012024049072144288,0.8245811743214152,0.03818639515219117
0.03148778255769539,0.0013026053078156314,0.7611518580891876,0.04136859448355419
0.03148778255769539,0.0014028057084168337,0.706783872101335,0.04455079381491721
0.03148778255769539,0.0015030061090180362,0.6596649504295582,0.04773299314628023
0.03148778255769539,0.0016032065096192386,0.6184358935993732,0.05091519247764325
0.03148778255769539,0.0017034069102204409,0.5820573137585762,0.054097391809006266
0.03148778255769539,0.0018036073108216434,0.5497207981204243,0.05727959114036929
0.03148778255769539,0.0019038077114228457,0.5207881260548655,0.06046179047173231
0.03148778255769539,0.0020040081120240483,0.4947487210514885,0.06364398980309532
0.03148778255769539,0.0021042085126252506,0.47118925926391014,0.06682618913445834
0.03148778255769539,0.002204408913226453,0.4497715666325896,0.07000838846582136
0.03158557070197395,1e-10,9976482.765693953,3.1660026327702373e-09
0.03158557070197395,0.0001002005006012024,9.956519883468761,0.0031723504870830254
0.03158557070197395,0.00020040090120240482,4.978262425884856,0.006344697808163419
0.03158557070197395,0.0003006013018036072,3.3188421692903782,0.00951704512924381
0.03158557070197395,0.0004008017024048096,2.489131833980512,0.012689392450324204
0.03158557070197395,0.0005010021030060121,1.9913055665505328,0.0158617397714046
0.03158557070197395,0.0006012025036072144,1.659421360662184,0.01903408709248499
0.03158557070197395,0.0007014029042084169,1.4223612000798778,0.022206434413565384
0.03158557070197395,0.0008016033048096193,1.244566072249835,0.025378781734645778
0.03158557070197395,0.0009018037054108217,1.1062809684452461,0.02855112905572617
0.03158557070197395,0.0010020041060120242,0.9956528826414045,0.031723476376806566
0.03158557070197395,0.0011022045066132265,0.9051389924315371,0.034895823697886956
0.03158557070197395,0.0012024049072144288,0.8297107493353579,0.038068171018967346
0.03158557070197395,0.0013026053078156314,0.765886850440042,0.041240518340047744
0.03158557070197395,0.0014028057084168337,0.7111806507369524,0.044412865661128134
0.03158557070197395,0.0015030061090180362,0.66376861050897,0.04758521298220853
0.03158557070197395,0.0016032065096192386,0.6222830749398196,0.05075756030328892
0.03158557070197395,0.0017034069102204409,0.5856781903275758,0.05392990762436931
0.03158557070197395,0.0018036073108216434,0.5531405148911883,0.0571022549454497
0.03158557070197395,0.0019038077114228457,0.5240278577418853,0.06027460226653009
0.03158557070197395,0.0020040081120240483,0.49782646616224047,0.06344694958761049
0.03158557070197395,0.0021042085126252506,0.474120445090639,0.06661929690869088
0.03158557070197395,0.002204408913226453,0.45256951674596574,0.06979164422977127
0.03168335884625251,1e-10,10038352.27780407,3.156231019736973e-09
0.03168335884625251,0.0001002005006012024,10.01826559505593,0.0031625592819068825
0.03168335884625251,0.00020040090120240482,5.009135297083988,0.006325115407582745
0.03168335884625251,0.0003006013018036072,3.3394240868465896,0.009487671533258607
0.03168335884625251,0.0004008017024048096,2.5045682734314676,0.012650227658934471
0.03168335884625251,0.0005010021030060121,2.0036547187275198,0.015812783784610335
0.03168335884625251,0.0006012025036072144,1.6697123211520188,0.018975339910286198
0.03168335884625251,0.0007014029042084169,1.4311820235664785,0.02213789603596206
0.03168335884625251,0.0008016033048096193,1.2522842929381606,0.025300452161637923
0.03168335884625251,0.0009018037054108217,1.113141609152187,0.02846300828731379
0.03168335884625251,0.0010020041060120242,1.0018274593461205,0.03162556441298965
0.03168335884625251,0.0011022045066132265,0.9107522440322064,0.034788120538665514
0.03168335884625251,0.0012024049072144288,0.8348562300082079,0.03795067666434137
0.03168335884625251,0.0013026053078156314,0.7706365249376738,0.04111323279001724
0.03168335884625251,0.0014028057084168337,0.7155910627946521,0.0442757889156931
0.03168335884625251,0.0015030061090180362,0.667884995115719,0.047438345041368964
0.03168335884625251,0.0016032065096192386,0.6261421855246944,0.050600901167044826
0.03168335884625251,0.0017034069102204409,0.5893102944207845,0.05376345729272069
0.03168335884625251,0.0018036073108216434,0.556570835434851,0.05692601341839656
0.03168335884625251,0.0019038077114228457,0.5272776351085227,0.060088569544072414
0.03168335884625251,0.0020040081120240483,0.5009137546686542,0.06325112566974828
0.03168335884625251,0.0021042085126252506,0.4770607198656387,0.06641368179542415
0.03168335884625251,0.002204408913226453,0.45537614267361914,0.0695762379211
0.03178114699053106,1e-10,10100413.040337417,3.1465195397068017e-09
0.03178114699053106,0.0001002005006012024,10.080202174375376,0.0031528283303008647
0.03178114699053106,0.00020040090120240482,5.04010360219688,0.0063056535140821905
0.03178114699053106,0.0003006013018036072,3.3600696270225576,0.009458478697863513
0.03178114699053106,0.0004008017024048096,2.520052429851209,0.01261130388164484
0.03178114699053106,0.0005010021030060121,2.01604204448144,0.015764129065426166
0.03178114699053106,0.0006012025036072144,1.6800350929570234,0.01891695424920749
0.03178114699053106,0.0007014029042084169,1.4400301138953013,0.022069779432988816
0.03178114699053106,0.0008016033048096193,1.2600263721138556,0.02522260461677014
0.03178114699053106,0.0009018037054108217,1.1200234574037504,0.02837542980055147
0.03178114699053106,0.0010020041060120242,1.0080211228412084,0.031528254984332794
0.03178114699053106,0.0011022045066132265,0.9163828472606439,0.034681080168114116
0.03178114699053106,0.0012024049072144288,0.8400176163399653,0.03783390535189544
0.03178114699053106,0.0013026053078156314,0.7754008815820834,0.040986730535676766
0.03178114699053106,0.0014028057084168337,0.7200151082744348,0.044139555719458094
0.03178114699053106,0.0015030061090180362,0.6720141042498059,0.04729238090323942
0.03178114699053106,0.0016032065096192386,0.6300132253539978,0.050445206087020744
0.03178114699053106,0.0017034069102204409,0.5929536260382028,0.053598031270802066
0.03178114699053106,0.0018036073108216434,0.5600117597514127,0.056750856454583394
0.03178114699053106,0.0019038077114228457,0.530537458154778,0.059903681638364716
0.03178114699053106,0.0020040081120240483,0.50401058657073,0.06305650682214604
0.03178114699053106,0.0021042085126252506,0.4800100835889096,0.06620933200592737
0.03178114699053106,0.002204408913226453,0.45819144441555015,0.06936215718970869
0.03187893513480962,1e-10,10162665.053293992,3.13686763930853e-09
0.03187893513480962,0.0001002005006012024,10.142329621427102,0.003143157077784267
0.03187893513480962,0.00020040090120240482,5.071167341223533,0.006286311018700895
0.03187893513480962,0.0003006013018036072,3.380778789818282,0.009429464959617521
0.03187893513480962,0.0004008017024048096,2.535584303239736,0.01257261890053415
0.03187893513480962,0.0005010021030060121,2.028467543812294,0.01571577284145078
0.03187893513480962,0.0006012025036072144,1.6903896760771973,0.018858926782367405
0.03187893513480962,0.0007014029042084169,1.4489054710663458,0.022002080723284034
0.03187893513480962,0.0008016033048096193,1.2677923097769195,0.025145234664200662
0.03187893513480962,0.0009018037054108217,1.1269265131999355,0.028288388605117294
0.03187893513480962,0.0010020041060120242,1.0142338731266676,0.03143154254603392
0.03187893513480962,0.0011022045066132265,0.9220308021168492,0.034574696486950544
0.03187893513480962,0.0012024049072144288,0.8451949083306304,0.03771785042786717
0.03187893513480962,0.0013026053078156314,0.7801799203732709,0.0408610043687838
0.03187893513480962,0.0014028057084168337,0.7244527871763,0.04400415830970043
0.03187893513480962,0.0015030061090180362,0.6761559379112304,0.04714731225061706
0.03187893513480962,0.0016032065096192386,0.63389619442773,0.05029046619153369
0.03187893513480962,0.0017034069102204409,0.5966081851798303,0.053433620132450316
0.03187893513480962,0.0018036073108216434,0.5634632878408734,0.05657677407336695
0.03187893513480962,0.0019038077114228457,0.533807326880651,0.05971992801428357
0.03187893513480962,0.0020040081120240483,0.5071169618684677,0.0628630819552002
0.03187893513480962,0.0021042085126252506,0.4829685362604516,0.06600623589611683
0.03187893513480962,0.002204408913226453,0.4610154219717587,0.06914938983703345
0.031976723279088175,1e-10,10225108.316673797,3.1272747719400326e-09
0.031976723279088175,0.0001002005006012024,10.204647936211105,0.0031335449766590234
0.031976723279088175,0.00020040090120240482,5.102326514163947,0.006267086826043275
0.031976723279088175,0.0003006013018036072,3.4015515752337624,0.009400628675427526
0.031976723279088175,0.0004008017024048096,2.5511638935970486,0.012534170524811778
0.031976723279088175,0.0005010021030060121,2.040931216720081,0.015667712374196032
0.031976723279088175,0.0006012025036072144,1.7007760705125405,0.01880125422358028
0.031976723279088175,0.0007014029042084169,1.4578080950796117,0.021934796072964533
0.031976723279088175,0.0008016033048096193,1.2755821059273524,0.025068337922348784
0.031976723279088175,0.0009018037054108217,1.133850776540743,0.028201879771733038
0.031976723279088175,0.0010020041060120242,1.0204657102024983,0.03133542162111729
0.031976723279088175,0.0011022045066132265,0.9276961086008224,0.03446896347050154
0.031976723279088175,0.0012024049072144288,0.8503881059802029,0.037602505319885786
0.031976723279088175,0.0013026053078156314,0.784973641311236,0.04073604716927005
0.031976723279088175,0.0014028057084168337,0.728904099500248,0.043869589018654294
0.031976723279088175,0.0015030061090180362,0.6803104960999925,0.04700313086803855
0.031976723279088175,0.0016032065096192386,0.6377910927458907,0.050136672717422795
0.031976723279088175,0.0017034069102204409,0.600273971845667,0.05327021456680705
0.031976723279088175,0.0018036073108216434,0.566925419703233,0.0564037564161913
0.031976723279088175,0.0019038077114228457,0.5370872412861419,0.05953729826557555
0.031976723279088175,0.0020040081120240483,0.5102328805618674,0.06267084011495981
0.031976723279088175,0.0021042085126252506,0.48593607788026466,0.06580438196434406
0.031976723279088175,0.002204408913226453,0.46384807534224476,0.0689379238137283
0.03207451142336674,1e-10,10287742.830476832,3.1177403976650624e-09
0.03207451142336674,0.0001002005006012024,10.26715711872739,0.003123991485906311
0.03207451142336674,0.00020040090120240482,5.133581121018122,0.006247979854072225
0.03207451142336674,0.0003006013018036072,3.4223879832690005,0.009371968222238137
0.03207451142336674,0.0004008017024048096,2.5667912009231477,0.012495956590404051
0.03207451142336674,0.0005010021030060121,2.0534330632048023,0.015619944958569967
0.03207451142336674,0.0006012025036072144,1.7111942762630539,0.01874393332673588
0.03207451142336674,0.0007014029042084169,1.4667379859351,0.021867921694901794
0.03207451142336674,0.0008016033048096193,1.2833957605651551,0.024991910063067706
0.03207451142336674,0.0009018037054108217,1.1407962474261728,0.028115898431233622
0.03207451142336674,0.0010020041060120242,1.026716634068701,0.031239886799399538
0.03207451142336674,0.0011022045066132265,0.9333787667125638,0.03436387516756545
0.03207451142336674,0.0012024049072144288,0.8555972092886831,0.03748786353573136
0.03207451142336674,0.0013026053078156314,0.7897820443959793,0.040611851903897274
0.03207451142336674,0.0014028057084168337,0.7333690452462789,0.04373584027206319
0.03207451142336674,0.0015030061090180362,0.6844777788160925,0.046859828640229105
0.03207451142336674,0.0016032065096192386,0.6416979203084805,0.049983817008395014
0.03207451142336674,0.0017034069102204409,0.6039509860357134,0.05310780537656093
0.03207451142336674,0.0018036073108216434,0.5703981553384918,0.056231793744726845
0.03207451142336674,0.0019038077114228457,0.5403772013712508,0.05935578211289275
0.03207451142336674,0.0020040081120240483,0.5133583426509293,0.062479770481058676
0.03207451142336674,0.0021042085126252506,0.488912708448349,0.06560375884922458
0.03207451142336674,0.002204408913226453,0.46668940452700847,0.0687277472173905
0.03217229956764529,1e-10,10350568.594703095,3.108263983111949e-09
0.03217229956764529,0.0001002005006012024,10.329857168975948,0.0031144960710850463
0.03217229956764529,0.00020040090120240482,5.164931161786057,0.0062289890339061104
0.03217229956764529,0.0003006013018036072,3.4432880139239934,0.009343481996727172
0.03217229956764529,0.0004008017024048096,2.5824662252180315,0.012457974959548236
0.03217229956764529,0.0005010021030060121,2.065973083266456,0.015572467922369302
0.03217229956764529,0.0006012025036072144,1.721644293328736,0.018686960885190364
0.03217229956764529,0.0007014029042084169,1.4756951436328096,0.021801453848011427
0.03217229956764529,0.0008016033048096193,1.2912332736903267,0.024915946810832493
0.03217229956764529,0.0009018037054108217,1.1477629258562245,0.028030439773653555
0.03217229956764529,0.0010020041060120242,1.032986644725275,0.03114493273647462
0.03217229956764529,0.0011022045066132265,0.9390787764520729,0.03425942569929568
0.03217229956764529,0.0012024049072144288,0.8608222182560707,0.03737391866211674
0.03217229956764529,0.0013026053078156314,0.7946051296275002,0.04048841162493781
0.03217229956764529,0.0014028057084168337,0.7378476244143923,0.04360290458775887
0.03217229956764529,0.0015030061090180362,0.6886577860595301,0.04671739755057994
0.03217229956764529,0.0016032065096192386,0.6456166771154986,0.049831890513401
0.03217229956764529,0.0017034069102204409,0.607639227749969,0.05294638347622206
0.03217229956764529,0.0018036073108216434,0.5738814947466494,0.05606087643904313
0.03217229956764529,0.0019038077114228457,0.5436772071359773,0.059175369401864186
0.03217229956764529,0.0020040081120240483,0.5164933481356531,0.062289862364685256
0.03217229956764529,0.0021042085126252506,0.49189842796470434,0.06540435532750631
0.03217229956764529,0.002204408913226453,0.4695394095260496,0.06851884829032738
0.03217229956764529,0.0023046093138276553,0.44912465347595737,0.07163334125314844
0.03227008771192385,1e-10,10413585.609352585,3.0988450013741314e-09
0.03227008771192385,0.0001002005006012024,10.392748086956786,0.003105058204232217
0.03227008771192385,0.00020040090120240482,5.196376636467751,0.006210113309619433
0.03227008771192385,0.0003006013018036072,3.464251667198743,0.009315168415006648
0.03227008771192385,0.0004008017024048096,2.598188966481701,0.012420223520393864
0.03227008771192385,0.0005010021030060121,2.0785512769050434,0.015525278625781083
0.03227008771192385,0.0006012025036072144,1.7321261217095874,0.018630333731168295
0.03227008771192385,0.0007014029042084169,1.4846795681727407,0.021735388836555514
0.03227008771192385,0.0008016033048096193,1.2990946453028673,0.02484044394194273
0.03227008771192385,0.0009018037054108217,1.1547508118308982,0.027945499047329948
0.03227008771192385,0.0010020041060120242,1.0392757421722203,0.031050554152717163
0.03227008771192385,0.0011022045066132265,0.94479613781935,0.034155609258104375
0.03227008771192385,0.0012024049072144288,0.8660631328823658,0.03726066436349159
0.03227008771192385,0.0013026053078156314,0.7994428970057987,0.04036571946887881
0.03227008771192385,0.0014028057084168337,0.7423398370045885,0.04347077457426602
0.03227008771192385,0.0015030061090180362,0.6928505178303053,0.04657582967965324
0.03227008771192385,0.0016032065096192386,0.6495473631669455,0.04968088478504046
0.03227008771192385,0.0017034069102204409,0.6113386969884339,0.05278593989042767
0.03227008771192385,0.0018036073108216434,0.5773754379277061,0.05589099499581489
0.03227008771192385,0.0019038077114228457,0.5469872585803217,0.058996050101202104
0.03227008771192385,0.0020040081120240483,0.5196378970160387,0.062101105206589326
0.03227008771192385,0.0021042085126252506,0.49489323642933075,0.06520616031197654
0.03227008771192385,0.002204408913226453,0.4723980903393683,0.06831121541736375
0.03227008771192385,0.0023046093138276553,0.45185904382452485,0.07141627052275096
0.032367875856202405,1e-10,10476793.874425305,3.0894829319124995e-09
0.032367875856202405,0.0001002005006012024,10.4558298726699,0.003095677363765029
0.032367875856202405,0.00020040090120240482,5.227917545063207,0.006191351638047128
0.032367875856202405,0.0003006013018036072,3.485278943093248,0.009287025912329223
0.032367875856202405,0.0004008017024048096,2.6139594247141558,0.012382700186611322
0.032367875856202405,0.0005010021030060121,2.091167644120564,0.015478374460893422
0.032367875856202405,0.0006012025036072144,1.7426397614056082,0.018574048735175517
0.032367875856202405,0.0007014029042084169,1.4936912595548935,0.021669723009457614
0.032367875856202405,0.0008016033048096193,1.306979875402777,0.024765397283739714
0.032367875856202405,0.0009018037054108217,1.161759905350194,0.02786107155802181
0.032367875856202405,0.0010020041060120242,1.0455839264095372,0.03095674583230391
0.032367875856202405,0.0011022045066132265,0.9505308508143948,0.034052420106586004
0.032367875856202405,0.0012024049072144288,0.8713199531675684,0.0371480943808681
0.032367875856202405,0.0013026053078156314,0.8042953465308751,0.040243768655150204
0.032367875856202405,0.0014028057084168337,0.7468456830168673,0.043339442929432294
0.032367875856202405,0.0015030061090180362,0.697055974128418,0.0464351172037144
0.032367875856202405,0.0016032065096192386,0.6534899784628209,0.049530791477996494
0.032367875856202405,0.0017034069102204409,0.6150493937511081,0.05262646575227859
0.032367875856202405,0.0018036073108216434,0.5808799848816616,0.05572214002656069
0.032367875856202405,0.0019038077114228457,0.5503073557042838,0.058817814300842784
0.032367875856202405,0.0020040081120240483,0.5227919892920864,0.06191348857512489
0.032367875856202405,0.0021042085126252506,0.4978971338422283,0.06500916284940698
0.032367875856202405,0.002204408913226453,0.47526544696696443,0.06810483712368907
0.032367875856202405,0.0023046093138276553,0.45460173277806976,0.07120051139797118
0.03246566400048096,1e-10,10540193.389921254,3.0801772604594982e-09
0.03246566400048096,0.0001002005006012024,10.519102526115296,0.0030863530343848192
0.03246566400048096,0.00020040090120240482,5.259553887572423,0.0061727029885923785
0.03246566400048096,0.0003006013018036072,3.50636984160751,0.009259052942799936
0.03246566400048096,0.0004008017024048096,2.6297775999153967,0.012345402897007496
0.03246566400048096,0.0005010021030060121,2.1038221849130183,0.015431752851215057
0.03246566400048096,0.0006012025036072144,1.7531852124167986,0.018518102805422612
0.03246566400048096,0.0007014029042084169,1.502730217779268,0.021604452759630174
0.03246566400048096,0.0008016033048096193,1.314888963990056,0.024690802713837733
0.03246566400048096,0.0009018037054108217,1.168790206414112,0.027777152668045292
0.03246566400048096,0.0010020041060120242,1.051911197437226,0.03086350262225285
0.03246566400048096,0.0011022045066132265,0.9562829154372078,0.03394985257646041
0.03246566400048096,0.0012024049072144288,0.8765926791116785,0.037036202530667965
0.03246566400048096,0.0013026053078156314,0.8091624782027294,0.04012255248487553
0.03246566400048096,0.0014028057084168337,0.7513651624512289,0.04320890243908308
0.03246566400048096,0.0015030061090180362,0.7012741549538686,0.046295252393290645
0.03246566400048096,0.0016032065096192386,0.6574445230031251,0.04938160234749821
0.03246566400048096,0.0017034069102204409,0.6187713180379918,0.05246795230170576
0.03246566400048096,0.0018036073108216434,0.5843951356085161,0.055554302255913325
0.03246566400048096,0.0019038077114228457,0.5536374985078638,0.05864065221012088
0.03246566400048096,0.0020040081120240483,0.5259556249637961,0.06172700216432844
0.03246566400048096,0.0021042085126252506,0.500910120203397,0.064813352118536
0.03246566400048096,0.002204408913226453,0.47814147940883817,0.06789970207274355
0.03246566400048096,0.0023046093138276553,0.45735272033659224,0.07098605202695112
0.03256345214475952,1e-10,10603784.15584043,3.0709274789249624e-09
0.03256345214475952,0.0001002005006012024,10.582566047292968,0.0030770847069826967
0.03256345214475952,0.00020040090120240482,5.2912856639954,0.006154166343037915
0.03256345214475952,0.0003006013018036072,3.527524362741528,0.009231247979093131
0.03256345214475952,0.0004008017024048096,2.6456434920854233,0.01230832961514835
0.03256345214475952,0.0005010021030060121,2.116514899282406,0.01538541125120357
0.03256345214475952,0.0006012025036072144,1.7637624747431584,0.018462492887258784
0.03256345214475952,0.0007014029042084169,1.5117964428458643,0.021539574523314006
0.03256345214475952,0.0008016033048096193,1.3228219110647041,0.024616656159369223
0.03256345214475952,0.0009018037054108217,1.1758417150226521,0.02769373779542444
0.03256345214475952,0.0010020041060120242,1.058257555255286,0.03077081943147966
0.03256345214475952,0.0011022045066132265,0.9620523316877886,0.03384790106753487
0.03256345214475952,0.0012024049072144288,0.8818813107146962,0.03692498270359009
0.03256345214475952,0.0013026053078156314,0.8140442920213614,0.040002064339645316
0.03256345214475952,0.0014028057084168337,0.7558982753076731,0.04307914597570053
0.03256345214475952,0.0015030061090180362,0.7055050603066567,0.04615622761175575
0.03256345214475952,0.0016032065096192386,0.661410996787858,0.04923330924781097
0.03256345214475952,0.0017034069102204409,0.6225044698490848,0.05231039088386618
0.03256345214475952,0.0018036073108216434,0.5879208901082696,0.055387472519921405
0.03256345214475952,0.0019038077114228457,0.5569776869910616,0.05846455415597662
0.03256345214475952,0.0020040081120240483,0.5291288040311678,0.06154163579203184
0.03256345214475952,0.0021042085126252506,0.5039321955128367,0.06461871742808706
0.03256345214475952,0.002204408913226453,0.48102618766498945,0.06769579906414228
0.03256345214475952,0.0023046093138276553,0.4601120065000922,0.0707728807001975
0.03266124028903808,1e-10,10667566.172182841,3.061733085303637e-09
0.03266124028903808,0.0001002005006012024,10.646220436202922,0.0030678718785468835
0.03266124028903808,0.00020040090120240482,5.323112874332139,0.006135740695360682
0.03266124028903808,0.0003006013018036072,3.5487425064953038,0.009203609512174478
0.03266124028903808,0.0004008017024048096,2.6615571012242363,0.012271478328988278
0.03266124028903808,0.0005010021030060121,2.129245787228727,0.015339347145802078
0.03266124028903808,0.0006012025036072144,1.7743715483846882,0.018407215962615874
0.03266124028903808,0.0007014029042084169,1.520889934754683,0.021475084779429672
0.03266124028903808,0.0008016033048096193,1.330778716626722,0.02454295359624347
0.03266124028903808,0.0009018037054108217,1.1829144311758146,0.02761082241305727
0.03266124028903808,0.0010020041060120242,1.064622999863718,0.03067869122987107
0.03266124028903808,0.0011022045066132265,0.9678390995661377,0.033746560046684866
0.03266124028903808,0.0012024049072144288,0.8871858479766217,0.03681442886349866
0.03266124028903808,0.0013026053078156314,0.8189407879867715,0.03988229768031246
0.03266124028903808,0.0014028057084168337,0.7604450215862003,0.04295016649712626
0.03266124028903808,0.0015030061090180362,0.7097486901867829,0.04601803531394006
0.03266124028903808,0.0016032065096192386,0.6653893998170197,0.04908590413075386
0.03266124028903808,0.0017034069102204409,0.6262488491843874,0.05215377294756765
0.03266124028903808,0.0018036073108216434,0.5914572483809224,0.055221641764381456
0.03266124028903808,0.0019038077114228457,0.5603279211538774,0.05828951058119525
0.03266124028903808,0.0020040081120240483,0.5323115264942017,0.06135737939800905
0.03266124028903808,0.0021042085126252506,0.5069633597705477,0.06442524821482284
0.03266124028903808,0.002204408913226453,0.4839195717354184,0.06749311703163664
0.03266124028903808,0.0023046093138276553,0.4628795912685698,0.07056098584845044
0.032759028433316635,1e-10,10731539.438948477,3.052593583584361e-09
0.032759028433316635,0.0001002005006012024,10.710065692845152,0.0030587140520717134
0.032759028433316635,0.00020040090120240482,5.355035518582637,0.006117425051549844
0.032759028433316635,0.0003006013018036072,3.5700242728688347,0.009176136051027973
0.032759028433316635,0.0004008017024048096,2.6775184273318344,0.012234847050506103
0.032759028433316635,0.0005010021030060121,2.1420148487519817,0.015293558049984236
0.032759028433316635,0.0006012025036072144,1.785012433341387,0.018352269049462362
0.032759028433316635,0.0007014029042084169,1.5300106935057225,0.021410980048940494
0.032759028433316635,0.0008016033048096193,1.3387593806761084,0.024469691048418625
0.032759028433316635,0.0009018037054108217,1.1900083548735991,0.027528402047896756
0.032759028433316635,0.0010020041060120242,1.0710075312625214,0.030587113047374888
0.032759028433316635,0.0011022045066132265,0.9736432190722545,0.03364582404685301
0.032759028433316635,0.0012024049072144288,0.8925062908974545,0.036704535046331144
0.032759028433316635,0.0013026053078156314,0.8238519660989592,0.039763246045809275
0.032759028433316635,0.0014028057084168337,0.7650054012868102,0.04282195704528741
0.032759028433316635,0.0015030061090180362,0.7140050445942464,0.04588066804476554
0.032759028433316635,0.0016032065096192386,0.66937973209061,0.04893937904424367
0.032759028433316635,0.0017034069102204409,0.6300044560438991,0.051998090043721794
0.032759028433316635,0.0018036073108216434,0.5950042104264739,0.055056801043199925
0.032759028433316635,0.0019038077114228457,0.5636882009963109,0.05811551204267806
0.032759028433316635,0.0020040081120240483,0.5355037923528974,0.06117422304215619
0.032759028433316635,0.0021042085126252506,0.5100036129765299,0.06423293404163431
0.032759028433316635,0.002204408913226453,0.4868216316201247,0.06729164504111244
0.032759028433316635,0.0023046093138276553,0.4656554746420247,0.07035035604059058
0.03285681657759519,1e-10,10795703.956137342,3.043508483660868e-09
0.03285681657759519,0.0001002005006012024,10.774101817219657,0.003049610736468254
0.03285681657759519,0.00020040090120240482,5.387053596746896,0.006099218429428024
0.03285681657759519,0.0003006013018036072,3.5913696618621214,0.009148826122387793
0.03285681657759519,0.0004008017024048096,2.693527470408218,0.012198433815347564
0.03285681657759519,0.0005010021030060121,2.1548220838521694,0.015248041508307338
0.03285681657759519,0.0006012025036072144,1.795685129613255,0.018297649201267106
0.03285681657759519,0.0007014029042084169,1.539158719098984,0.021347256894226875
0.03285681657759519,0.0008016033048096193,1.3467639032128642,0.024396864587186647
0.03285681657759519,0.0009018037054108217,1.1971234861160056,0.02744647228014642
0.03285681657759519,0.0010020041060120242,1.0774111494516962,0.030496079973106188
0.03285681657759519,0.0011022045066132265,0.979464690206139,0.03354568766606596
0.03285681657759519,0.0012024049072144288,0.8978426394771948,0.036595295359025726
0.03285681657759519,0.0013026053078156314,0.8287778263579246,0.0396449030519855
0.03285681657759519,0.0014028057084168337,0.7695794144095025,0.04269451074494527
0.03285681657759519,0.0015030061090180362,0.7182741235290476,0.04574411843790504
0.03285681657759519,0.0016032065096192386,0.6733819936086288,0.04879372613086481
0.03285681657759519,0.0017034069102204409,0.6337712904276203,0.051843333823824576
0.03285681657759519,0.0018036073108216434,0.5985617762449243,0.05489294151678435
0.03285681657759519,0.0019038077114228457,0.5670585265183622,0.05794254920974412
0.03285681657759519,0.0020040081120240483,0.538705601607255,0.060992156902703897
0.03285681657759519,0.0021042085126252506,0.513052955130783,0.06404176459566366
0.03285681657759519,0.002204408913226453,0.4897323673191086,0.06709137228862343
0.03285681657759519,0.0023046093138276553,0.46843965662045717,0.0701409799815832
0.03295460472187375,1e-10,10860059.723749435,3.034477301244175e-09
0.03295460472187375,0.0001002005006012024,10.838328809326443,0.00304056144647652
0.03295460472187375,0.00020040090120240482,5.419167108824914,0.0060811198584757396
0.03295460472187375,0.0003006013018036072,3.6127786734751646,0.009121678270474958
0.03295460472187375,0.0004008017024048096,2.709584230453387,0.012162236682474178
0.03295460472187375,0.0005010021030060121,2.1676674925292905,0.0152027950944734
0.03295460472187375,0.0006012025036072144,1.8063896372002923,0.018243353506472614
0.03295460472187375,0.0007014029042084169,1.5483340115344668,0.021283911918471836
0.03295460472187375,0.0008016033048096193,1.354792284236989,0.024324470330471054
0.03295460472187375,0.0009018037054108217,1.204259824903034,0.027365028742470276
0.03295460472187375,0.0010020041060120242,1.0838338544312425,0.030405587154469494
0.03295460472187375,0.0011022045066132265,0.9853035129677915,0.03344614556646871
0.03295460472187375,0.0012024049072144288,0.9031948937158425,0.03648670397846793
0.03295460472187375,0.0013026053078156314,0.8337183687636678,0.03952726239046715
0.03295460472187375,0.0014028057084168337,0.7741670609542777,0.04256782080246637
0.03295460472187375,0.0015030061090180362,0.7225559269911865,0.04560837921446559
0.03295460472187375,0.0016032065096192386,0.6773961843710763,0.04864893762646481
0.03295460472187375,0.0017034069102204409,0.6375493523355507,0.051689496038464025
0.03295460472187375,0.0018036073108216434,0.6021299458362738,0.05473005445046325
0.03295460472187375,0.0019038077114228457,0.5704388977200313,0.05777061286246246
0.03295460472187375,0.0020040081120240483,0.5419169542572746,0.06081117127446169
0.03295460472187375,0.0021042085126252506,0.5161113862333071,0.0638517296864609
0.03295460472187375,0.002204408913226453,0.49265177883236994,0.06689228809846012
0.03295460472187375,0.0023046093138276553,0.47123213720386703,0.06993284651045933
0.0330523928661523,1e-10,10924606.741784755,3.0254995577765324e-09
0.0330523928661523,0.0001002005006012024,10.902746669165504,0.00303156570257925
0.0330523928661523,0.00020040090120240482,5.451376054816694,0.006063128379658943
0.0330523928661523,0.0003006013018036072,3.6342513077079635,0.009094691056738635
0.0330523928661523,0.0004008017024048096,2.7256887074673415,0.012126253733818327
0.0330523928661523,0.0005010021030060121,2.1805510747833448,0.015157816410898023
0.0330523928661523,0.0006012025036072144,1.817125956102499,0.018189379087977714
0.0330523928661523,0.0007014029042084169,1.5575365708121716,0.021220941765057406
0.0330523928661523,0.0008016033048096193,1.362844523748483,0.0242525044421371
0.0330523928661523,0.0009018037054108217,1.2114173712346845,0.02728406711921679
0.0330523928661523,0.0010020041060120242,1.0902756462011602,0.030315629796296487
0.0330523928661523,0.0011022045066132265,0.9911596873572119,0.033347192473376176
0.0330523928661523,0.0012024049072144288,0.9085630536133977,0.03637875515045587
0.0330523928661523,0.0013026053078156314,0.8386735933161887,0.03941031782753556
0.0330523928661523,0.0014028057084168337,0.7787683409211354,0.042441880504615254
0.0330523928661523,0.0015030061090180362,0.726850454980663,0.04547344318169495
0.0330523928661523,0.0016032065096192386,0.6814223043779525,0.04850500585877464
0.0330523928661523,0.0017034069102204409,0.6413386417676903,0.05153656853585433
0.0330523928661523,0.0018036073108216434,0.605708719200522,0.05456813121293402
0.0330523928661523,0.0019038077114228457,0.5738293146013181,0.057599693890013716
0.0330523928661523,0.0020040081120240483,0.5451378503029563,0.060631256567093415
0.0330523928661523,0.0021042085126252506,0.5191789062841025,0.06366281924417311
0.0330523928661523,0.002204408913226453,0.4955798661599088,0.0666943819212528
0.0330523928661523,0.0023046093138276553,0.47403291639225437,0.06972594459833248
0.033150181010430865,1e-10,10989345.010243312,3.0165747803468863e-09
0.033150181010430865,0.0001002005006012024,10.967355396736851,0.0030226230309172014
0.033150181010430865,0.00020040090120240482,5.4836804347222365,0.006045243045259623
0.033150181010430865,0.0003006013018036072,3.6557875645605207,0.009067863059602043
0.033150181010430865,0.0004008017024048096,2.7418409014500833,0.012090483073944466
0.033150181010430865,0.0005010021030060121,2.193472830614333,0.01511310308828689
0.033150181010430865,0.0006012025036072144,1.827894086319876,0.018135723102629307
0.033150181010430865,0.0007014029042084169,1.5667663969320986,0.02115834311697173
0.033150181010430865,0.0008016033048096193,1.3709206217473466,0.024180963131314154
0.033150181010430865,0.0009018037054108217,1.2185961251109578,0.027203583145656574
0.033150181010430865,0.0010020041060120242,1.0967365247614502,0.030226203159998997
0.033150181010430865,0.0011022045066132265,0.9970332133744008,0.03324882317434141
0.033150181010430865,0.0012024049072144288,0.9139471191698609,0.03627144318868383
0.033150181010430865,0.0013026053078156314,0.8436435000154878,0.03929406320302626
0.033150181010430865,0.0014028057084168337,0.7833832543100763,0.04231668321736868
0.033150181010430865,0.0015030061090180362,0.7311577074974775,0.045339303231711106
0.033150181010430865,0.0016032065096192386,0.6854603536292577,0.048361923246053526
0.033150181010430865,0.0017034069102204409,0.6451391587240398,0.051384543260395946
0.033150181010430865,0.0018036073108216434,0.6092980963376697,0.054407163274738365
0.033150181010430865,0.0019038077114228457,0.5772297771622231,0.057429783289080785
0.033150181010430865,0.0020040081120240483,0.5483682897443001,0.06045240330342321
0.033150181010430865,0.0021042085126252506,0.5222555152831692,0.06347502331776562
0.033150181010430865,0.002204408913226453,0.49851662930172547,0.06649764333210804
0.033150181010430865,0.0023046093138276553,0.4768419941856194,0.06952026334645046
0.03324796915470942,1e-10,11054274.52912509,3.0077025016078454e-09
0.03324796915470942,0.0001002005006012024,11.03215499204047,0.0030137329632059485
0.03324796915470942,0.00020040090120240482,5.516080248541536,0.006027462918709396
0.03324796915470942,0.0003006013018036072,3.6773874440328327,0.009041192874212841
0.03324796915470942,0.0004008017024048096,2.7580408124016094,0.01205492282971629
0.03324796915470942,0.0005010021030060121,2.2064327600222544,0.01506865278521974
0.03324796915470942,0.0006012025036072144,1.8386940278524215,0.018082382740723185
0.03324796915470942,0.0007014029042084169,1.5760234898942467,0.021096112696226632
0.03324796915470942,0.0008016033048096193,1.3790205782335792,0.02410984265173008
0.03324796915470942,0.0009018037054108217,1.225796086531853,0.02712357260723353
0.03324796915470942,0.0010020041060120242,1.1032164901121113,0.030137302562736976
0.03324796915470942,0.0011022045066132265,1.002924091019357,0.03315103251824042
0.03324796915470942,0.0012024049072144288,0.9193470903852313,0.03616476247374387
0.03324796915470942,0.0013026053078156314,0.8486280888615645,0.039178492429247314
0.03324796915470942,0.0014028057084168337,0.7880118011210996,0.04219222238475076
0.03324796915470942,0.0015030061090180362,0.7354776845416294,0.045205952340254214
0.03324796915470942,0.0016032065096192386,0.6895103321249912,0.048219682295757654
0.03324796915470942,0.0017034069102204409,0.6489509032045983,0.0512334122512611
0.03324796915470942,0.0018036073108216434,0.612898077247716,0.054247142206764555
0.03324796915470942,0.0019038077114228457,0.5806402854027456,0.057260872162267995
0.03324796915470942,0.0020040081120240483,0.5516082725813057,0.06027460211777145
0.03324796915470942,0.0021042085126252506,0.5253412132305066,0.06328833207327489
0.03324796915470942,0.002204408913226453,0.5014620682578195,0.06630206202877834
0.03324796915470942,0.0023046093138276553,0.47965937058396174,0.06931579198428178
0.03334575729898798,1e-10,11119395.298430098,2.9988822596940975e-09
0.03334575729898798,0.0001002005006012024,11.097145455076365,0.003004895036654136
0.03334575729898798,0.00020040090120240482,5.548575496274597,0.006009787074426013
0.03334575729898798,0.0003006013018036072,3.6990509461249004,0.009014679112197888
0.03334575729898798,0.0004008017024048096,2.774288440321921,0.012019571149969766
0.03334575729898798,0.0005010021030060121,2.219430863007109,0.015024463187741643
0.03334575729898798,0.0006012025036072144,1.8495257807001366,0.018029355225513518
0.03334575729898798,0.0007014029042084169,1.5853078496986164,0.021034247263285396
0.03334575729898798,0.0008016033048096193,1.3871443932071805,0.024039139301057274
0.03334575729898798,0.0009018037054108217,1.2330172554973697,0.027044031338829152
0.03334575729898798,0.0010020041060120242,1.1097155422531437,0.030048923376601026
0.03334575729898798,0.0011022045066132265,1.0088323202920813,0.033053815414372904
0.03334575729898798,0.0012024049072144288,0.9247629672595091,0.036058707452144775
0.03334575729898798,0.0013026053078156314,0.8536273598544187,0.03906359948991665
0.03334575729898798,0.0014028057084168337,0.7926539813542055,0.04206849152768853
0.03334575729898798,0.0015030061090180362,0.7398103861131189,0.04507338356546041
0.03334575729898798,0.0016032065096192386,0.6935722398651534,0.04807827560323229
0.03334575729898798,0.0017034069102204409,0.652773875209366,0.05108316764100416
0.03334575729898798,0.0018036073108216434,0.6165086619306615,0.05408805967877604
0.03334575729898798,0.0019038077114228457,0.5840608393228859,0.057092951716547914
0.03334575729898798,0.0020040081120240483,0.5548577988139733,0.06009784375431979
0.03334575729898798,0.0021042085126252506,0.5284360001261154,0.06310273579209166
0.03334575729898798,0.002204408913226453,0.5044161830281909,0.06610762782986354
0.03334575729898798,0.0023046093138276553,0.48248504558728156,0.06911251986763542
0.03344354544326653,1e-10,11184707.318158336,2.9901135981422636e-09
0.03344354544326653,0.0001002005006012024,11.162326785844542,0.0029961087938831735
0.03344354544326653,0.00020040090120240482,5.5811661779214194,0.00599221459765275
0.03344354544326653,0.0003006013018036072,3.720778070836725,0.008988320401422323
0.03344354544326653,0.0004008017024048096,2.7905837852110182,0.011984426205191901
0.03344354544326653,0.0005010021030060121,2.232467139568897,0.014980532008961479
0.03344354544326653,0.0006012025036072144,1.860389344863021,0.017976637812731053
0.03344354544326653,0.0007014029042084169,1.594619476345208,0.020972743616500627
0.03344354544326653,0.0008016033048096193,1.3952920666681512,0.023968849420270204
0.03344354544326653,0.0009018037054108217,1.240259632007509,0.026964955224039782
0.03344354544326653,0.0010020041060120242,1.116233681184548,0.02996106102780936
0.03344354544326653,0.0011022045066132265,1.0147579011925736,0.032957166831578934
0.03344354544326653,0.0012024049072144288,0.9301947497926946,0.035953272635348504
0.03344354544326653,0.0013026053078156314,0.858641312994051,0.03894937843911808
0.03344354544326653,0.0014028057084168337,0.7973097950093943,0.04194548424288766
0.03344354544326653,0.0015030061090180362,0.7441558122119463,0.04494159004665724
0.03344354544326653,0.0016032065096192386,0.6976460768497443,0.04793769585042681
0.03344354544326653,0.0017034069102204409,0.6566080747383434,0.050933801654196385
0.03344354544326653,0.0018036073108216434,0.6201298503865058,0.05392990745796596
0.03344354544326653,0.0019038077114228457,0.5874914389226441,0.05692601326173554
0.03344354544326653,0.0020040081120240483,0.558116868442303,0.05992211906550512
0.03344354544326653,0.0021042085126252506,0.5315398759699952,0.06291822486927469
0.03344354544326653,0.002204408913226453,0.50737897361284,0.06591433067304427
0.03344354544326653,0.0023046093138276553,0.4853190191955789,0.06891043647681384
0.03354133358754509,1e-10,11250210.588309804,2.9813960658121543e-09
0.03354133358754509,0.0001002005006012024,11.227698984344997,0.0029873737828483324
0.03354133358754509,0.00020040090120240482,5.613852293482002,0.0059747445843006
0.03354133358754509,0.0003006013018036072,3.742568818168306,0.008962115385752865
0.03354133358754509,0.0004008017024048096,2.8069268470689015,0.011949486187205132
0.03354133358754509,0.0005010021030060121,2.2455415897076185,0.014936856988657403
0.03354133358754509,0.0006012025036072144,1.871284720341075,0.017924227790109666
0.03354133358754509,0.0007014029042084169,1.6039583698340212,0.020911598591561935
0.03354133358754509,0.0008016033048096193,1.4034635986164912,0.0238989693930142
0.03354133358754509,0.0009018037054108217,1.2475232160622702,0.02688634019446647
0.03354133358754509,0.0010020041060120242,1.1227709069063236,0.029873710995918738
0.03354133358754509,0.0011022045066132265,1.0207008337208336,0.032861081797371
0.03354133358754509,0.0012024049072144288,0.9356424379847875,0.035848452598823265
0.03354133358754509,0.0013026053078156314,0.8636699482804611,0.03883582340027553
0.03354133358754509,0.0014028057084168337,0.8019792420866656,0.0418231942017278
0.03354133358754509,0.0015030061090180362,0.7485139628381111,0.04481056500318007
0.03354133358754509,0.0016032065096192386,0.7017318430787639,0.04779793580463233
0.03354133358754509,0.0017034069102204409,0.66045350179153,0.0507853066060846
0.03354133358754509,0.0018036073108216434,0.623761642615249,0.05377267740753687
0.03354133358754509,0.0019038077114228457,0.5909320842020201,0.05676004820898914
0.03354133358754509,0.0020040081120240483,0.5613854814662946,0.05974741901044141
0.03354133358754509,0.0021042085126252506,0.534652840762146,0.06273478981189368
0.03354133358754509,0.002204408913226453,0.5103504400117665,0.06572216061334593
0.03354133358754509,0.0023046093138276553,0.48816129140885367,0.0687095314147982
0.033639121731823644,1e-10,11315905.108884498,2.972729216809395e-09
0.033639121731823644,0.0001002005006012024,11.293262050577727,0.002978689556761217
0.033639121731823644,0.00020040090120240482,5.646633842956344,0.005957376140793219
0.033639121731823644,0.0003006013018036072,3.764423188119643,0.008936062724825217
0.033639121731823644,0.0004008017024048096,2.82331762589557,0.011914749308857218
0.033639121731823644,0.0005010021030060121,2.2586542134232728,0.014893435892889221
0.033639121731823644,0.0006012025036072144,1.8822119071342982,0.01787212247692122
0.033639121731823644,0.0007014029042084169,1.6133245301650558,0.02085080906095322
0.033639121731823644,0.0008016033048096193,1.4116589890522002,0.023829495644985224
0.033639121731823644,0.0009018037054108217,1.2548080076616535,0.026808182229017225
0.033639121731823644,0.0010020041060120242,1.1293272194184707,0.029786868813049226
0.033639121731823644,0.0011022045066132265,1.0266611178768617,0.032765555397081224
0.033639121731823644,0.0012024049072144288,0.9411060318357879,0.03574424198111322
0.033639121731823644,0.0013026053078156314,0.8687132657136488,0.038722928565145226
0.033639121731823644,0.0014028057084168337,0.8066623225860198,0.041701615149177224
0.033639121731823644,0.0015030061090180362,0.7528848379916137,0.04468030173320923
0.033639121731823644,0.0016032065096192386,0.7058295385522122,0.047658988317241226
0.033639121731823644,0.0017034069102204409,0.6643101563689258,0.05063767490127322
0.033639121731823644,0.0018036073108216434,0.6274040386168913,0.05361636148530523
0.033639121731823644,0.0019038077114228457,0.5943827751610139,0.056595048069337225
0.033639121731823644,0.0020040081120240483,0.5646636378859482,0.05957373465336923
0.033639121731823644,0.0021042085126252506,0.5377748945025681,0.06255242123740123
0.033639121731823644,0.002204408913226453,0.5133305822249706,0.06553110782143323
0.033639121731823644,0.0023046093138276553,0.49101186222710597,0.06850979440546523
0.03373690987610221,1e-10,11381790.879882425,2.9641126104094005e-09
0.03373690987610221,0.0001002005006012024,11.35901598454274,0.0029700556740135877
0.03373690987610221,0.00020040090120240482,5.679510826344449,0.0059401083839145654
0.03373690987610221,0.0003006013018036072,3.786341180690737,0.008910161093815542
0.03373690987610221,0.0004008017024048096,2.839756121691025,0.01188021380371652
0.03373690987610221,0.0005010021030060121,2.2718050107158616,0.014850266513617498
0.03373690987610221,0.0006012025036072144,1.8931709052426915,0.017820319223518476
0.03373690987610221,0.0007014029042084169,1.622717957338313,0.02079037193341945
0.03373690987610221,0.0008016033048096193,1.4198782379752788,0.02376042464332043
0.03373690987610221,0.0009018037054108217,1.2621140068056593,0.02673047735322141
0.03373690987610221,0.0010020041060120242,1.1359026187209897,0.02970053006312239
0.03373690987610221,0.0011022045066132265,1.0326387536606578,0.032670582773023364
0.03373690987610221,0.0012024049072144288,0.9465855313456961,0.035640635482924336
0.03373690987610221,0.0013026053078156314,0.8737712652936146,0.038610688192825315
0.03373690987610221,0.0014028057084168337,0.8113590365074568,0.041580740902726294
0.03373690987610221,0.0015030061090180362,0.7572684376724541,0.044550793612627274
0.03373690987610221,0.0016032065096192386,0.7099391632700893,0.04752084632252825
0.03373690987610221,0.0017034069102204409,0.6681780384705313,0.050490899032429225
0.03373690987610221,0.0018036073108216434,0.6310570383914327,0.053460951742330204
0.03373690987610221,0.0019038077114228457,0.5978435117996258,0.05643100445223118
0.03373690987610221,0.0020040081120240483,0.5679513377012639,0.05940105716213216
0.03373690987610221,0.0021042085126252506,0.5409060371912614,0.062371109872033134
0.03373690987610221,0.002204408913226453,0.5163194002524524,0.0653411625819341
0.03373690987610221,0.0023046093138276553,0.49387073165033585,0.06831121529183509
0.03383469802038076,1e-10,11447867.901303578,2.9555458109826702e-09
0.03383469802038076,0.0001002005006012024,11.42496078624003,0.0029614716981025027
0.03383469802038076,0.00020040090120240482,5.7124832436463135,0.005922940440659195
0.03383469802038076,0.0003006013018036072,3.808322795881587,0.008884409183215885
0.03383469802038076,0.0004008017024048096,2.856242334455265,0.011845877925772578
0.03383469802038076,0.0005010021030060121,2.2849939815853832,0.014807346668329271
0.03383469802038076,0.0006012025036072144,1.9041617146662535,0.01776881541088596
0.03383469802038076,0.0007014029042084169,1.6321386513537912,0.020730284153442653
0.03383469802038076,0.0008016033048096193,1.4281213453857262,0.023691752895999348
0.03383469802038076,0.0009018037054108217,1.269441213494287,0.02665322163855604
0.03383469802038076,0.0010020041060120242,1.1424971048138801,0.02961469038111273
0.03383469802038076,0.0011022045066132265,1.038633741072222,0.03257615912366942
0.03383469802038076,0.0012024049072144288,0.9520809365145116,0.035537627866226114
0.03383469802038076,0.0013026053078156314,0.8788439470203581,0.038499096608782805
0.03383469802038076,0.0014028057084168337,0.8160693838509764,0.0414605653513395
0.03383469802038076,0.0015030061090180362,0.761664761880632,0.04442203409389619
0.03383469802038076,0.0016032065096192386,0.714060717232395,0.04738350283645288
0.03383469802038076,0.0017034069102204409,0.672057148096346,0.05034497157900957
0.03383469802038076,0.0018036073108216434,0.634720641938873,0.05330644032156626
0.03383469802038076,0.0019038077114228457,0.6013142941178552,0.056267909064122955
0.03383469802038076,0.0020040081120240483,0.5712485809122415,0.05922937780667965
0.03383469802038076,0.0021042085126252506,0.5440462688282256,0.06219084654923634
0.03383469802038076,0.002204408913226453,0.5193168940942116,0.06515231529179304
0.03383469802038076,0.0023046093138276553,0.4967378996785431,0.06811378403434971
0.03393248616465932,1e-10,11514136.17314796,2.947028387921366e-09
0.03393248616465932,0.0001002005006012024,11.491096455669595,0.0029529371975567536
0.03393248616465932,0.00020040090120240482,5.745551094861938,0.005905871448085119
0.03393248616465932,0.0003006013018036072,3.830368033692192,0.008858805698613484
0.03393248616465932,0.0004008017024048096,2.872776264188291,0.01181173994914185
0.03393248616465932,0.0005010021030060121,2.298221126031838,0.014764674199670218
0.03393248616465932,0.0006012025036072144,1.9151843354049851,0.017717608450198583
0.03393248616465932,0.0007014029042084169,1.641586612211491,0.02067054270072695
0.03393248616465932,0.0008016033048096193,1.4363883112835427,0.023623476951255315
0.03393248616465932,0.0009018037054108217,1.2767896277275366,0.02657641120178368
0.03393248616465932,0.0010020041060120242,1.149110677697142,0.029529345452312047
0.03393248616465932,0.0011022045066132265,1.0446460801115536,0.032482279702840414
0.03393248616465932,0.0012024049072144288,0.9575922473422347,0.03543521395336877
0.03393248616465932,0.0013026053078156314,0.8839313108938792,0.038388148203897146
0.03393248616465932,0.0014028057084168337,0.8207933646165786,0.041341082454425505
0.03393248616465932,0.0015030061090180362,0.7660738106161477,0.04429401670495388
0.03393248616465932,0.0016032065096192386,0.7181942004391292,0.047246950955482245
0.03393248616465932,0.0017034069102204409,0.6759474852463699,0.050199885206010604
0.03393248616465932,0.0018036073108216434,0.6383948492592122,0.05315281945653898
0.03393248616465932,0.0019038077114228457,0.6047951221157025,0.056105753707067336
0.03393248616465932,0.0020040081120240483,0.574555367518881,0.05905868795759571
0.03393248616465932,0.0021042085126252506,0.547195589413461,0.06201162220812407
0.03393248616465932,0.002204408913226453,0.5223230637502483,0.06496455645865243
0.03393248616465932,0.0023046093138276553,0.4996133663117278,0.0679174907091808
0.03393248616465932,0.0024048097144288576,0.4787961435810554,0.07087042495970916
0.034030274308937875,1e-10,11580595.69541557,2.9385599155671667e-09
0.034030274308937875,0.0001002005006012024,11.55742299283144,0.0029444517458645713
0.034030274308937875,0.00020040090120240482,5.778714379991323,0.005888900553169228
0.034030274308937875,0.0003006013018036072,3.852476894122554,0.008833349360473882
0.034030274308937875,0.0004008017024048096,2.889357910890102,0.01177779816777854
0.034030274308937875,0.0005010021030060121,2.3114864440552263,0.014722246975083198
0.034030274308937875,0.0006012025036072144,1.926238767458886,0.017666695782387852
0.034030274308937875,0.0007014029042084169,1.6510618399114128,0.020611144589692508
0.034030274308937875,0.0008016033048096193,1.4446791356687285,0.023555593396997167
0.034030274308937875,0.0009018037054108217,1.2841592495054082,0.026500042204301823
0.034030274308937875,0.0010020041060120242,1.1557433373707755,0.02944449101160648
0.034030274308937875,0.0011022045066132265,1.0506757707786534,0.03238893981891113
0.034030274308937875,0.0012024049072144288,0.9631194638288652,0.03533338862621579
0.034030274308937875,0.0013026053078156314,0.8890333569141782,0.03827783743352045
0.034030274308937875,0.0014028057084168337,0.8255309788042635,0.0412222862408251
0.034030274308937875,0.0015030061090180362,0.7704955838790009,0.04416673504812976
0.034030274308937875,0.0016032065096192386,0.722339612890292,0.04711118385543442
0.034030274308937875,0.0017034069102204409,0.6798490499206032,0.05005563266273907
0.034030274308937875,0.0018036073108216434,0.6420796603524503,0.05300008147004373
0.034030274308937875,0.0019038077114228457,0.6082859957931676,0.05594453027734839
0.034030274308937875,0.0020040081120240483,0.5778716975211826,0.05888897908465304
0.034030274308937875,0.0021042085126252506,0.5503539989469675,0.0618334278919577
0.034030274308937875,0.002204408913226453,0.5253379092205624,0.06477787669926235
0.034030274308937875,0.0023046093138276553,0.5024971315498901,0.06772232550656701
0.034030274308937875,0.0024048097144288576,0.4815597519392906,0.07066677431387165
0.03412806245321643,1e-10,11647246.46810641,2.9301399731403565e-09
0.03412806245321643,0.0001002005006012024,11.623940397725562,0.0029360149214025747
0.03412806245321643,0.00020040090120240482,5.811973099034469,0.005872026912665177
0.03412806245321643,0.0003006013018036072,3.8746493771726724,0.008808038903927777
0.03412806245321643,0.0004008017024048096,2.905987274560699,0.011744050895190379
0.03412806245321643,0.0005010021030060121,2.324789935655548,0.014680062886452985
0.03412806245321643,0.0006012025036072144,1.9373250108279563,0.017616074877715583
0.03412806245321643,0.0007014029042084169,1.6605643344535561,0.020552086868978185
0.03412806245321643,0.0008016033048096193,1.4529938185412834,0.023488098860240787
0.03412806245321643,0.0009018037054108217,1.2915500788279022,0.026424110851503393
0.03412806245321643,0.0010020041060120242,1.1623950838347805,0.029360122842765995
0.03412806245321643,0.0011022045066132265,1.0567228130735211,0.03229613483402859
0.03412806245321643,0.0012024049072144288,0.9686625859744034,0.035232146825291195
0.03412806245321643,0.0013026053078156314,0.8941500850812549,0.0381681588165538
0.03412806245321643,0.0014028057084168337,0.8302822264140313,0.0411041708078164
0.03412806245321643,0.0015030061090180362,0.7749300816691919,0.044040182799079
0.03412806245321643,0.0016032065096192386,0.7264969545858837,0.046976194790341604
0.03412806245321643,0.0017034069102204409,0.683761842119046,0.049912206781604206
0.03412806245321643,0.0018036073108216434,0.6457750752185875,0.05284821877286681
0.03412806245321643,0.0019038077114228457,0.6117869151502505,0.05578423076412941
0.03412806245321643,0.0020040081120240483,0.5811975709191461,0.05872024275539201
0.03412806245321643,0.0021042085126252506,0.553521497428745,0.061656254746654614
0.03412806245321643,0.002204408913226453,0.5283614305051543,0.06459226673791721
0.03412806245321643,0.0023046093138276553,0.5053891953930297,0.06752827872917981
0.03412806245321643,0.0024048097144288576,0.4843313131273105,0.07046429072044241
0.03422585059749499,1e-10,11714088.491220484,2.9217681446701297e-09
0.03422585059749499,0.0001002005006012024,11.690648670351967,0.0029276263073659335
0.03422585059749499,0.00020040090120240482,5.845327251991376,0.005855249692963724
0.03422585059749499,0.0003006013018036072,3.8968854828425483,0.008782873078561512
0.03422585059749499,0.0004008017024048096,2.922664355200083,0.0117104964641593
0.03422585059749499,0.0005010021030060121,2.3381316008328037,0.014638119849757093
0.03422585059749499,0.0006012025036072144,1.9484430655121967,0.01756574323535488
0.03422585059749499,0.0007014029042084169,1.6700940958379218,0.02049336662095267
0.03422585059749499,0.0008016033048096193,1.461332359901208,0.02342099000655046
0.03422585059749499,0.0009018037054108217,1.2989621156950186,0.026348613392148248
0.03422585059749499,0.0010020041060120242,1.1690659170891575,0.02927623677774604
0.03422585059749499,0.0011022045066132265,1.062787206996157,0.032203860163343825
0.03422585059749499,0.0012024049072144288,0.9742216137788493,0.03513148354894161
0.03422585059749499,0.0013026053078156314,0.8992814953951098,0.038059106934539406
0.03422585059749499,0.0014028057084168337,0.8350471074458821,0.040986730320137194
0.03422585059749499,0.0015030061090180362,0.7793773039867208,0.04391435370573499
0.03422585059749499,0.0016032065096192386,0.7306662255259043,0.046841977091332775
0.03422585059749499,0.0017034069102204409,0.6876858618416983,0.04976960047693056
0.03422585059749499,0.0018036073108216434,0.6494810938576239,0.052697223862528356
0.03422585059749499,0.0019038077114228457,0.6152978801869514,0.05562484724812614
0.03422585059749499,0.0020040081120240483,0.584532987712772,0.05855247063372393
0.03422585059749499,0.0021042085126252506,0.5566980848587939,0.06148009401932172
0.03422585059749499,0.002204408913226453,0.5313936276040238,0.0644077174049195
0.03422585059749499,0.0023046093138276553,0.5082895578411472,0.0673353407905173
0.03422585059749499,0.0024048097144288576,0.4871108271451149,0.07026296417611508
0.03432363874177355,1e-10,11781121.76475778,2.9134440189260908e-09
0.03432363874177355,0.0001002005006012024,11.757547810710646,0.002919285491699733
0.03432363874177355,0.00020040090120240482,5.878776838862043,0.005838568069955447
0.03432363874177355,0.0003006013018036072,3.919185211132179,0.008757850648211161
0.03432363874177355,0.0004008017024048096,2.9393891528082507,0.011677133226466876
0.03432363874177355,0.0005010021030060121,2.351511439586992,0.014596415804722592
0.03432363874177355,0.0006012025036072144,1.9595929315116059,0.017515698382978305
0.03432363874177355,0.0007014029042084169,1.6796511240645082,0.020434980961234018
0.03432363874177355,0.0008016033048096193,1.4696947597485013,0.023354263539489734
0.03432363874177355,0.0009018037054108217,1.3063953601067568,0.02627354611774545
0.03432363874177355,0.0010020041060120242,1.1757558371339054,0.029192828696001163
0.03432363874177355,0.0011022045066132265,1.0688689525465607,0.03211211127425688
0.03432363874177355,0.0012024049072144288,0.9797965472422023,0.03503139385251259
0.03432363874177355,0.0013026053078156314,0.9044275878557422,0.037950676430768306
0.03432363874177355,0.0014028057084168337,0.8398256218998151,0.04086995900902402
0.03432363874177355,0.0015030061090180362,0.783837250831587,0.04378924158727974
0.03432363874177355,0.0016032065096192386,0.7348474257103532,0.04670852416553545
0.03432363874177355,0.0017034069102204409,0.6916211090885598,0.049627806743791164
0.03432363874177355,0.0018036073108216434,0.6531977162695589,0.05254708932204688
0.03432363874177355,0.0019038077114228457,0.6188188909032699,0.05546637190030259
0.03432363874177355,0.0020040081120240483,0.5878779479020595,0.058385654478558306
0.03432363874177355,0.0021042085126252506,0.5598837612371137,0.06130493705681402
0.03432363874177355,0.002204408913226453,0.5344345005171705,0.06422421963506973
0.03432363874177355,0.0023046093138276553,0.5111982188942418,0.06714350221332545
0.03432363874177355,0.0024048097144288576,0.48989829399270357,0.07006278479158115
0.034421426886052105,1e-10,11848346.288718307,2.9051671893509146e-09
0.034421426886052105,0.0001002005006012024,11.824637818801603,0.0029109920670314982
0.034421426886052105,0.00020040090120240482,5.912321859646471,0.005821981228895807
0.034421426886052105,0.0003006013018036072,3.9415485620415662,0.008732970390760115
0.034421426886052105,0.0004008017024048096,2.956161667385205,0.011643959552624424
0.034421426886052105,0.0005010021030060121,2.364929451918114,0.014554948714488735
0.034421426886052105,0.0006012025036072144,1.9707746088261844,0.017465937876353043
0.034421426886052105,0.0007014029042084169,1.6892354191333168,0.020376927038217352
0.034421426886052105,0.0008016033048096193,1.4780810180831638,0.023287916200081662
0.034421426886052105,0.0009018037054108217,1.313849812063117,0.02619890536194597
0.034421426886052105,0.0010020041060120242,1.1824648439690253,0.02910989452381028
0.034421426886052105,0.0011022045066132265,1.0749680497247323,0.03202088368567459
0.034421426886052105,0.0012024049072144288,0.9853873863644631,0.034931872847538896
0.034421426886052105,0.0013026053078156314,0.9095883624631524,0.037842862009403205
0.034421426886052105,0.0014028057084168337,0.844617769775831,0.040753851171267515
0.034421426886052105,0.0015030061090180362,0.788309922203791,0.043664840333131824
0.034421426886052105,0.0016032065096192386,0.7390405551392308,0.046575829494996134
0.034421426886052105,0.0017034069102204409,0.6955675838596306,0.04948681865686044
0.034421426886052105,0.0018036073108216434,0.656924942454393,0.05239780781872475
0.034421426886052105,0.0019038077114228457,0.6223499472992063,0.05530879698058906
0.034421426886052105,0.0020040081120240483,0.5912324514870091,0.05821978614245337
0.034421426886052105,0.0021042085126252506,0.5630785265637047,0.06113077530431768
0.034421426886052105,0.002204408913226453,0.5374840492445949,0.06404176446618198
0.034421426886052105,0.0023046093138276553,0.5141151785523139,0.0669527536280463
0.034421426886052105,0.0024048097144288576,0.4926937136700768,0.0698637427899106
0.03451921503033066,1e-10,11915762.06310206,2.896937253994159e-09
0.03451921503033066,0.0001002005006012024,11.891918694624838,0.0029027456306048734
0.03451921503033066,0.00020040090120240482,5.945962314344658,0.005805488364272493
0.03451921503033066,0.0003006013018036072,3.963975535570709,0.008708231097940111
0.03451921503033066,0.0004008017024048096,2.9729818989309442,0.011610973831607732
0.03451921503033066,0.0005010021030060121,2.378385637826169,0.014513716565275354
0.03451921503033066,0.0006012025036072144,1.981988097455932,0.017416459298942973
0.03451921503033066,0.0007014029042084169,1.6988469810443467,0.020319202032610593
0.03451921503033066,0.0008016033048096193,1.4864911349051952,0.023221944766278212
0.03451921503033066,0.0009018037054108217,1.3213254715640992,0.026124687499945832
0.03451921503033066,0.0010020041060120242,1.1891929375945163,0.029027430233613455
0.03451921503033066,0.0011022045066132265,1.0810844985306713,0.03193017296728107
0.03451921503033066,0.0012024049072144288,0.9909941311456311,0.03483291570094869
0.03451921503033066,0.0013026053078156314,0.9147638192173403,0.037735658434616313
0.03451921503033066,0.0014028057084168337,0.8494235510739294,0.040638401168283926
0.03451921503033066,0.0015030061090180362,0.7927953181033325,0.04354114390195155
0.03451921503033066,0.0016032065096192386,0.7432456138125371,0.04644388663561917
0.03451921503033066,0.0017034069102204409,0.6995252861549106,0.049346629369286785
0.03451921503033066,0.0018036073108216434,0.660662772412126,0.05224937210295441
0.03451921503033066,0.0019038077114228457,0.6258910493747605,0.05515211483662203
0.03451921503033066,0.0020040081120240483,0.5945964984676205,0.05805485757028965
0.03451921503033066,0.0021042085126252506,0.5662823808385666,0.06095760030395727
0.03451921503033066,0.002204408913226453,0.5405422737862967,0.06386034303762489
0.03451921503033066,0.0023046093138276553,0.5170404368153635,0.0667630857712925
0.03451921503033066,0.0024048097144288576,0.49549708617723437,0.06966582850496013
0.034617003174609216,1e-10,11983369.087909047,2.8887538154471942e-09
0.034617003174609216,0.0001002005006012024,11.959390438180353,0.002894545784214423
0.034617003174609216,0.00020040090120240482,5.979698202956607,0.005789088679675031
0.034617003174609216,0.0003006013018036072,3.986466131719609,0.008683631575135638
0.034617003174609216,0.0004008017024048096,2.9898498474454698,0.011578174470596246
0.034617003174609216,0.0005010021030060121,2.391879997311158,0.014472717366056856
0.034617003174609216,0.0006012025036072144,1.9932333974008498,0.01736726026151746
0.034617003174609216,0.0007014029042084169,1.7084858097975988,0.020261803156978068
0.034617003174609216,0.0008016033048096193,1.4949251102145962,0.023156346052438676
0.034617003174609216,0.0009018037054108217,1.328822338609704,0.026050888947899285
0.034617003174609216,0.0010020041060120242,1.1959401180103792,0.028945431843359893
0.034617003174609216,0.0011022045066132265,1.087218298964379,0.0318399747388205
0.034617003174609216,0.0012024049072144288,0.996616781585707,0.034734517634281106
0.034617003174609216,0.0013026053078156314,0.9199539581183062,0.037629060529741715
0.034617003174609216,0.0014028057084168337,0.8542429657941109,0.04052360342520232
0.034617003174609216,0.0015030061090180362,0.797293438530212,0.04341814632066293
0.034617003174609216,0.0016032065096192386,0.7474626017302721,0.04631268921612354
0.034617003174609216,0.0017034069102204409,0.7034942159744002,0.04920723211158414
0.034617003174609216,0.0018036073108216434,0.6644112061427582,0.05210177500704476
0.034617003174609216,0.0019038077114228457,0.6294421971299325,0.05499631790250536
0.034617003174609216,0.0020040081120240483,0.5979700888438941,0.05789086079796597
0.034617003174609216,0.0021042085126252506,0.5694953240616999,0.060785403693426575
0.034617003174609216,0.002204408913226453,0.5436091741422762,0.06367994658888718
0.034617003174609216,0.0023046093138276553,0.5199739936833907,0.06657448948434778
0.034617003174609216,0.0024048097144288576,0.4983084115141766,0.0694690323798084
0.03471479131888778,1e-10,12051167.363139262,2.8806164807792335e-09
0.03471479131888778,0.0001002005006012024,12.027053049468147,0.0028863921341415314
0.03471479131888778,0.00020040090120240482,6.013529525482317,0.005772781387666582
0.03471479131888778,0.0003006013018036072,4.009020350488266,0.008659170641191632
0.03471479131888778,0.0004008017024048096,3.006765512928782,0.011545559894716683
0.03471479131888778,0.0005010021030060121,2.4054125303730807,0.014431949148241736
0.03471479131888778,0.0006012025036072144,2.004510508660937,0.017318338401766786
0.03471479131888778,0.0007014029042084169,1.7181519053930727,0.020204727655291837
0.03471479131888778,0.0008016033048096193,1.5033829440113666,0.023091116908816888
0.03471479131888778,0.0009018037054108217,1.336340413199931,0.02597750616234194
0.03471479131888778,0.0010020041060120242,1.2027063852166138,0.02886389541586699
0.03471479131888778,0.0011022045066132265,1.0933694510258545,0.03175028466939204
0.03471479131888778,0.0012024049072144288,1.0022553376846906,0.03463667392291709
0.03471479131888778,0.0013026053078156314,0.92515877916605,0.03752306317644214
0.03471479131888778,0.0014028057084168337,0.859076013936375,0.04040945242996719
0.03471479131888778,0.0015030061090180362,0.8018042834844291,0.043295841683492244
0.03471479131888778,0.0016032065096192386,0.751691518892436,0.046182230937017295
0.03471479131888778,0.0017034069102204409,0.7074743733180994,0.04906862019054234
0.03471479131888778,0.0018036073108216434,0.6681702436462894,0.0519550094440674
0.03471479131888778,0.0019038077114228457,0.6330033905647225,0.05484139869759244
0.03471479131888778,0.0020040081120240483,0.6013532226158298,0.0577277879511175
0.03471479131888778,0.0021042085126252506,0.5727173562331044,0.060614177204642544
0.03471479131888778,0.002204408913226453,0.5466847503125333,0.0635005664581676
0.03471479131888778,0.0023046093138276553,0.5229158491563954,0.06638695571169265
0.03471479131888778,0.0024048097144288576,0.5011276896809033,0.0692733449652177
0.034812579463166335,1e-10,12119156.888792705,2.8725248614744454e-09
0.034812579463166335,0.0001002005006012024,12.094906528488218,0.00287828429109139
0.034812579463166335,0.00020040090120240482,6.047456281921788,0.005756565709657919
0.034812579463166335,0.0003006013018036072,4.031638191876678,0.008634847128224446
0.034812579463166335,0.0004008017024048096,3.0237288953808785,0.011513128546790976
0.034812579463166335,0.0005010021030060121,2.4189832370119357,0.014391409965357507
0.034812579463166335,0.0006012025036072144,2.0158194312361934,0.017269691383924035
0.034812579463166335,0.0007014029042084169,1.7278452678307679,0.020147972802490564
0.034812579463166335,0.0008016033048096193,1.5118646362955057,0.023026254221057092
0.034812579463166335,0.0009018037054108217,1.3438796953347796,0.025904535639623624
0.034812579463166335,0.0010020041060120242,1.2094917392132198,0.028782817058190153
0.034812579463166335,0.0011022045066132265,1.0995379547150979,0.03166109847675668
0.034812579463166335,0.0012024049072144288,1.0079097994425812,0.034539379895323206
0.034812579463166335,0.0013026053078156314,0.9303782823605714,0.03741766131388974
0.034812579463166335,0.0014028057084168337,0.8639226955007218,0.040295942732456264
0.034812579463166335,0.0015030061090180362,0.8063278529659837,0.043174224151022796
0.034812579463166335,0.0016032065096192386,0.7559323652990284,0.04605250556958932
0.034812579463166335,0.0017034069102204409,0.7114657581860075,0.04893078698815585
0.034812579463166335,0.0018036073108216434,0.6719398849227194,0.051809068406722385
0.034812579463166335,0.0019038077114228457,0.6365746296791303,0.05468734982528891
0.034812579463166335,0.0020040081120240483,0.6047458997834273,0.05756563124385544
0.034812579463166335,0.0021042085126252506,0.5759484773527798,0.06044391266242197
0.034812579463166335,0.002204408913226453,0.5497690022970678,0.06332219408098849
0.034812579463166335,0.0023046093138276553,0.5258660032343776,0.06620047549955502
0.034812579463166335,0.0024048097144288576,0.5039549206774144,0.06907875691812154
0.03491036760744489,1e-10,12187337.664869376,2.8644785733701146e-09
0.03491036760744489,0.0001002005006012024,12.162950875240565,0.0028702218701310354
0.03491036760744489,0.00020040090120240482,6.081478472275017,0.005740440875783498
0.03491036760744489,0.0003006013018036072,4.054319655884846,0.008610659881435959
0.03491036760744489,0.0004008017024048096,3.0407399948017604,0.011480878887088422
0.03491036760744489,0.0005010021030060121,2.4325921172277245,0.014351097892740887
0.03491036760744489,0.0006012025036072144,2.027160165126619,0.017221316898393346
0.03491036760744489,0.0007014029042084169,1.7375658971106849,0.02009153590404581
0.03491036760744489,0.0008016033048096193,1.520370187067014,0.022961754909698272
0.03491036760744489,0.0009018037054108217,1.3514401850142506,0.025831973915350737
0.03491036760744489,0.0010020041060120242,1.2162961800001972,0.0287021929210032
0.03491036760744489,0.0011022045066132265,1.105723810032109,0.03157241192665566
0.03491036760744489,0.0012024049072144288,1.0135801668593796,0.03444263093230812
0.03491036760744489,0.0013026053078156314,0.9356124677018706,0.037312849937960586
0.03491036760744489,0.0014028057084168337,0.8687830104871512,0.040183068943613044
0.03491036760744489,0.0015030061090180362,0.8108641469748761,0.043053287949265516
0.03491036760744489,0.0016032065096192386,0.7601851409500494,0.045923506954917974
0.03491036760744489,0.0017034069102204409,0.7154683705781252,0.04879372596057043
0.03491036760744489,0.0018036073108216434,0.6757201299720483,0.0516639449662229
0.03491036760744489,0.0019038077114228457,0.6401559144731557,0.05453416397187536
0.03491036760744489,0.0020040081120240483,0.6081481203466869,0.057404382977527826
0.03491036760744489,0.0021042085126252506,0.5791886874207263,0.060274601983180284
0.03491036760744489,0.002204408913226453,0.5528619300958798,0.06314482098883274
0.03491036760744489,0.0023046093138276553,0.5288244559173372,0.0660150399944852
0.03491036760744489,0.0024048097144288576,0.5067901045037099,0.06888525900013767
0.035008155751723447,1e-10,12255709.691369275,2.856477236595847e-09
0.035008155751723447,0.0001002005006012024,12.231186089725192,0.0028622044906284317
0.035008155751723447,0.00020040090120240482,6.115596096542007,0.005724406124779627
0.035008155751723447,0.0003006013018036072,4.077064742512771,0.00858660775893082
0.035008155751723447,0.0004008017024048096,3.0577988111914283,0.011448809393082016
0.035008155751723447,0.0005010021030060121,2.4462391710204465,0.014311011027233214
0.035008155751723447,0.0006012025036072144,2.038532710332214,0.017173212661384406
0.035008155751723447,0.0007014029042084169,1.7473137932328233,0.0200354142955356
0.035008155751723447,0.0008016033048096193,1.5288995963258913,0.0228976159296868
0.035008155751723447,0.0009018037054108217,1.3590218822383433,0.025759817563837994
0.035008155751723447,0.0010020041060120242,1.223119707577546,0.02862201919798919
0.035008155751723447,0.0011022045066132265,1.111927016976888,0.031484220832140385
0.035008155751723447,0.0012024049072144288,1.0192664399350853,0.034346422466291576
0.035008155751723447,0.0013026053078156314,0.9408613351899475,0.037208624100442775
0.035008155751723447,0.0014028057084168337,0.8736569588956633,0.040070825734593966
0.035008155751723447,0.0015030061090180362,0.815413165511106,0.042933027368745165
0.035008155751723447,0.0016032065096192386,0.764449845845499,0.04579522900289636
0.035008155751723447,0.0017034069102204409,0.719482210494452,0.04865743063704755
0.035008155751723447,0.0018036073108216434,0.6795109787942762,0.051519632271198754
0.035008155751723447,0.0019038077114228457,0.6437472449467989,0.054381833905349945
0.035008155751723447,0.0020040081120240483,0.6115598843056083,0.057244035539501144
0.035008155751723447,0.0021042085126252506,0.5824379864369438,0.060106237173652335
0.035008155751723447,0.002204408913226453,0.5559635337089693,0.06296843880780353
0.035008155751723447,0.0023046093138276553,0.5317912072052742,0.06583064044195472
0.035008155751723447,0.0024048097144288576,0.5096332411597899,0.06869284207610592
0.035105943896002,1e-10,12324272.9682924,2.8485204755137885e-09
0.035105943896002,0.0001002005006012024,12.299612171942094,0.002854231776192567
0.035105943896002,0.00020040090120240482,6.1498091547227585,0.005708460703864659
0.035105943896002,0.0003006013018036072,4.099873451760451,0.00856268963153675
0.035105943896002,0.0004008017024048096,3.0749053445498813,0.011416918559208842
0.035105943896002,0.0005010021030060121,2.459924398390102,0.014271147486880936
0.035105943896002,0.0006012025036072144,2.049937066852978,0.017125376414553025
0.035105943896002,0.0007014029042084169,1.7570889561971834,0.019979605342225117
0.035105943896002,0.0008016033048096193,1.5374528640721379,0.02283383426989721
0.035105943896002,0.0009018037054108217,1.3666247870070583,0.025688063197569302
0.035105943896002,0.0010020041060120242,1.2299623219452664,0.028542292125241394
0.035105943896002,0.0011022045066132265,1.1181475755494348,0.03139652105291348
0.035105943896002,0.0012024049072144288,1.0249686186696985,0.034250749980585575
0.035105943896002,0.0013026053078156314,0.9461248848248022,0.03710497890825767
0.035105943896002,0.0014028057084168337,0.878544540726258,0.03995920783592976
0.035105943896002,0.0015030061090180362,0.8199749085746736,0.04281343676360185
0.035105943896002,0.0016032065096192386,0.7687264799853772,0.045667665691273944
0.035105943896002,0.0017034069102204409,0.7235072779349883,0.04852189461894603
0.035105943896002,0.0018036073108216434,0.6833124313894031,0.05137612354661813
0.035105943896002,0.0019038077114228457,0.64734862110006,0.05423035247429022
0.035105943896002,0.0020040081120240483,0.6149811916601917,0.05708458140196231
0.035105943896002,0.0021042085126252506,0.5856963744014325,0.059938810329634405
0.035105943896002,0.002204408913226453,0.5590738131363363,0.06279303925730649
0.035105943896002,0.0023046093138276553,0.5347662570981887,0.06564726818497858
0.035105943896002,0.0024048097144288576,0.5124843306456542,0.06850149711265067
0.035203732040280565,1e-10,12393027.495638765,2.840607918659837e-09
0.035203732040280565,0.0001002005006012024,12.368229121891282,0.002846303354614553
0.035203732040280565,0.00020040090120240482,6.184117646817273,0.005692603868621188
0.035203732040280565,0.0003006013018036072,4.122745783627891,0.008538904382627822
0.035203732040280565,0.0004008017024048096,3.092059594877122,0.011385204896634457
0.035203732040280565,0.0005010021030060121,2.473647799336692,0.014231505410641094
0.035203732040280565,0.0006012025036072144,2.061373234688913,0.017077805924647728
0.035203732040280565,0.0007014029042084169,1.7668913860037663,0.019924106438654363
0.035203732040280565,0.0008016033048096193,1.5460299903057546,0.022770406952661
0.035203732040280565,0.0009018037054108217,1.374248899320396,0.025616707466667634
0.035203732040280565,0.0010020041060120242,1.2368240231033591,0.02846300798067427
0.035203732040280565,0.0011022045066132265,1.1243854857497504,0.0313093084946809
0.035203732040280565,0.0012024049072144288,1.0306867030632199,0.03415560900868753
0.035203732040280565,0.0013026053078156314,0.9514031166064352,0.03700190952269417
0.035203732040280565,0.0014028057084168337,0.883445755978936,0.039848210036700804
0.035203732040280565,0.0015030061090180362,0.8245493761655793,0.04269451055070744
0.035203732040280565,0.0016032065096192386,0.7730150433696847,0.045540811064714075
0.035203732040280565,0.0017034069102204409,0.7275435728997344,0.04838711157872071
0.035203732040280565,0.0018036073108216434,0.6871244877574294,0.051233412092727346
0.035203732040280565,0.0019038077114228457,0.6509600429329393,0.05407971260673398
0.035203732040280565,0.0020040081120240483,0.6184120424104375,0.056926013120740616
0.035203732040280565,0.0021042085126252506,0.5889638513141926,0.05977231363474725
0.035203732040280565,0.002204408913226453,0.5621927683779812,0.06261861414875389
0.035203732040280565,0.0023046093138276553,0.537749605596081,0.06546491466276051
0.035203732040280565,0.0024048097144288576,0.5153433729613035,0.06831121517676715
0.03530152018455912,1e-10,12461973.27340835,2.83273919868584e-09
0.03530152018455912,0.0001002005006012024,12.437036939572742,0.002838418857809701
0.03530152018455912,0.00020040090120240482,6.218521572825545,0.005676834882880203
0.03530152018455912,0.0003006013018036072,4.145681738115084,0.008515250907950704
0.03530152018455912,0.0004008017024048096,3.109261562173147,0.011353666933021207
0.03530152018455912,0.0005010021030060121,2.4874093738602143,0.014192082958091712
0.03530152018455912,0.0006012025036072144,2.0728412138400163,0.017030498983162213
0.03530152018455912,0.0007014029042084169,1.77672108265257,0.019868915008232714
0.03530152018455912,0.0008016033048096193,1.5546309750267395,0.02270733103330322
0.03530152018455912,0.0009018037054108217,1.3818942191783554,0.025545747058373723
0.03530152018455912,0.0010020041060120242,1.2437048110518227,0.028384163083444224
0.03530152018455912,0.0011022045066132265,1.130640747577833,0.031222579108514725
0.03530152018455912,0.0012024049072144288,1.0364206931156483,0.03406099513358522
0.03530152018455912,0.0013026053078156314,0.9566960305348455,0.036899411158655734
0.03530152018455912,0.0014028057084168337,0.8883606046536963,0.03973782718372623
0.03530152018455912,0.0015030061090180362,0.8291365682838223,0.04257624320879674
0.03530152018455912,0.0016032065096192386,0.7773155359984204,0.04541465923386724
0.03530152018455912,0.0017034069102204409,0.7315910953886893,0.04825307525893774
0.03530152018455912,0.0018036073108216434,0.6909471478983543,0.05109149128400824
0.03530152018455912,0.0019038077114228457,0.654581510445436,0.05392990730907874
0.03530152018455912,0.0020040081120240483,0.6218524365563449,0.05676832333414925
0.03530152018455912,0.0021042085126252506,0.5922404171752236,0.05960673935921975
0.03530152018455912,0.002204408913226453,0.5653203994339033,0.06244515538429025
0.03530152018455912,0.0023046093138276553,0.5407412526989506,0.06528357140936075
0.03530152018455912,0.0024048097144288576,0.5182103681067369,0.06812198743443125
0.03539930832883768,1e-10,12531110.301601164,2.824913952302736e-09
0.03539930832883768,0.0001002005006012024,12.506035624986481,0.0028305779217605532
0.03539930832883768,0.00020040090120240482,6.253020932747577,0.005661153018607155
0.03539930832883768,0.0003006013018036072,4.168681315222033,0.008491728115453755
0.03539930832883768,0.0004008017024048096,3.1265112464379574,0.011322303212300357
0.03539930832883768,0.0005010021030060121,2.50120912196067,0.01415287830914696
0.03539930832883768,0.0006012025036072144,2.084341004306289,0.01698345340599356
0.03539930832883768,0.0007014029042084169,1.786578046143595,0.019814028502840163
0.03539930832883768,0.0008016033048096193,1.5632558182350935,0.022644603599686765
0.03539930832883768,0.0009018037054108217,1.3895607465809365,0.025475178696533367
0.03539930832883768,0.0010020041060120242,1.2506046857906579,0.02830575379337997
0.03539930832883768,0.0011022045066132265,1.136913361033684,0.031136328890226567
0.03539930832883768,0.0012024049072144288,1.042170588826984,0.033966903987073166
0.03539930832883768,0.0013026053078156314,0.9620036266100336,0.03679747908391977
0.03539930832883768,0.0014028057084168337,0.8932890867505392,0.03962805418076637
0.03539930832883768,0.0015030061090180362,0.8337364849294029,0.04245862927761297
0.03539930832883768,0.0016032065096192386,0.7816279578715847,0.045289204374459574
0.03539930832883768,0.0017034069102204409,0.7356498454018536,0.048119779471306176
0.03539930832883768,0.0018036073108216434,0.6947804118121781,0.05095035456815278
0.03539930832883768,0.0019038077114228457,0.6582130236375505,0.05378092966499938
0.03539930832883768,0.0020040081120240483,0.6253023740979143,0.05661150476184598
0.03539930832883768,0.0021042085126252506,0.5955260719845256,0.059442079858692584
0.03539930832883768,0.002204408913226453,0.5684567063041029,0.06227265495553918
0.03539930832883768,0.0023046093138276553,0.5437411984067975,0.06510323005238577
0.03539930832883768,0.0024048097144288576,0.5210853160819547,0.06793380514923238
0.03549709647311623,1e-10,12600438.580217209,2.817131820224652e-09
0.03549709647311623,0.0001002005006012024,12.575225178132499,0.0028227801864608663
0.03549709647311623,0.00020040090120240482,6.287615726583371,0.005645557555789913
0.03549709647311623,0.0003006013018036072,4.19174451494874,0.008468334925118958
0.03549709647311623,0.0004008017024048096,3.1438086476715537,0.011291112294448005
0.03549709647311623,0.0005010021030060121,2.515047043638059,0.014113889663777053
0.03549709647311623,0.0006012025036072144,2.095872606087731,0.016936667033106097
0.03549709647311623,0.0007014029042084169,1.796462276476842,0.019759444402435145
0.03549709647311623,0.0008016033048096193,1.5719045199308168,0.02258222177176419
0.03549709647311623,0.0009018037054108217,1.3972484815281403,0.02540499914109324
0.03549709647311623,0.0010020041060120242,1.2575236473198645,0.028227776510422287
0.03549709647311623,0.0011022045066132265,1.1432033261173025,0.03105055387975133
0.03549709647311623,0.0012024049072144288,1.0479363901972276,0.033873331249080374
0.03549709647311623,0.0013026053078156314,0.9673259048319995,0.036696108618409426
0.03549709647311623,0.0014028057084168337,0.8982312022694648,0.03951888598773847
0.03549709647311623,0.0015030061090180362,0.8383491261023213,0.042341663357067516
0.03549709647311623,0.0016032065096192386,0.7859523089891778,0.04516444072639656
0.03549709647311623,0.0017034069102204409,0.7397198229392273,0.047987218095725606
0.03549709647311623,0.0018036073108216434,0.6986242794989009,0.05080999546505466
0.03549709647311623,0.0019038077114228457,0.6618545825092829,0.0536327728343837
0.03549709647311623,0.0020040081120240483,0.6287618550351458,0.05645555020371275
0.03549709647311623,0.0021042085126252506,0.5988208157420988,0.05927832757304179
0.03549709647311623,0.002204408913226453,0.5716016889885801,0.06210110494237084
0.03549709647311623,0.0023046093138276553,0.546749442719622,0.06492388231169988
0.03549709647311623,0.0024048097144288576,0.523968216886957,0.06774665968102893
0.03559488461739479,1e-10,12669958.109256482,2.8093924471139097e-09
0.03559488461739479,0.0001002005006012024,12.644605599010793,0.0028150252958605076
0.03559488461739479,0.00020040090120240482,6.322305954332925,0.005630047782328569
0.03559488461739479,0.0003006013018036072,4.214871337295201,0.008445070268796628
0.03559488461739479,0.0004008017024048096,3.161153765873935,0.01126009275526469
0.03559488461739479,0.0005010021030060121,2.528923138892381,0.014075115241732753
0.03559488461739479,0.0006012025036072144,2.1074360191843424,0.01689013772820081
0.03559488461739479,0.0007014029042084169,1.8063737736523107,0.019705160214668872
0.03559488461739479,0.0008016033048096193,1.5805770801139094,0.022520182701136936
0.03559488461739479,0.0009018037054108217,1.4049574240199658,0.025335205187604997
0.03559488461739479,0.0010020041060120242,1.264461695639443,0.028150227674073058
0.03559488461739479,0.0011022045066132265,1.1495106428286892,0.030965250160541115
0.03559488461739479,0.0012024049072144288,1.0537180972263784,0.033780272647009175
0.03559488461739479,0.0013026053078156314,0.9726628652007433,0.03659529513347724
0.03559488461739479,0.0014028057084168337,0.9031869512104733,0.0394103176199453
0.03559488461739479,0.0015030061090180362,0.8429744918025773,0.042225340106413364
0.03559488461739479,0.0016032065096192386,0.7902885893511994,0.04504036259288142
0.03559488461739479,0.0017034069102204409,0.7438010280008105,0.04785538507934948
0.03559488461739479,0.0018036073108216434,0.7024787509585227,0.050670407565817546
0.03559488461739479,0.0019038077114228457,0.6655061870606331,0.0534854300522856
0.03559488461739479,0.0020040081120240483,0.6322308793680392,0.05630045253875367
0.03559488461739479,0.0021042085126252506,0.602124648447943,0.05911547502522173
0.03559488461739479,0.002204408913226453,0.5747553474873348,0.06193049751168978
0.03559488461739479,0.0023046093138276553,0.549765985637424,0.06474551999815785
0.03559488461739479,0.0024048097144288576,0.5268590705217439,0.0675605424846259
0.035692672761673344,1e-10,12739668.888718981,2.8016954815269432e-09
0.035692672761673344,0.0001002005006012024,12.714176887621365,0.0028073128978112647
0.035692672761673344,0.00020040090120240482,6.3570916159962385,0.005614622993927049
0.035692672761673344,0.0003006013018036072,4.238061782261419,0.00842193309004283
0.035692672761673344,0.0004008017024048096,3.1785466010451024,0.011229243186158616
0.035692672761673344,0.0005010021030060121,2.5428374077236366,0.014036553282274402
0.035692672761673344,0.0006012025036072144,2.119031243596123,0.016843863378390184
0.035692672761673344,0.0007014029042084169,1.8163125376700011,0.019651173474505967
0.035692672761673344,0.0008016033048096193,1.589273498784371,0.022458483570621753
0.035692672761673344,0.0009018037054108217,1.4126875740564133,0.025265793666737535
0.035692672761673344,0.0010020041060120242,1.2714188307493928,0.02807310376285332
0.035692672761673344,0.0011022045066132265,1.1558353111678437,0.030880413858969103
0.035692672761673344,0.0012024049072144288,1.059515709914437,0.03368772395508488
0.035692672761673344,0.0013026053078156314,0.9780145077162647,0.03649503405120067
0.035692672761673344,0.0014028057084168337,0.9081563335735644,0.039302344147316454
0.035692672761673344,0.0015030061090180362,0.8476125820301709,0.042109654243432236
0.035692672761673344,0.0016032065096192386,0.7946367989576497,0.04491696433954802
0.035692672761673344,0.0017034069102204409,0.7478934605866029,0.0477242744356638
0.035692672761673344,0.0018036073108216434,0.7063438261910435,0.05053158453177959
0.035692672761673344,0.0019038077114228457,0.6691678372916011,0.05333889462789537
0.035692672761673344,0.0020040081120240483,0.6357094470965946,0.056146204724011155
0.035692672761673344,0.0021042085126252506,0.6054375701020585,0.05895351482012694
0.035692672761673344,0.002204408913226453,0.5779176818003671,0.06176082491624272
0.035692672761673344,0.0023046093138276553,0.5527908271602033,0.0645681350123585
0.035692672761673344,0.0024048097144288576,0.529757876986315,0.06737544510847428
0.035692672761673344,0.0025050101150300604,0.5085675627527797,0.07018275520459008
0.03579046090595191,1e-10,12809570.918604719,2.7940405758610985e-09
0.03579046090595191,0.0001002005006012024,12.78393904396422,0.002799642644013539
0.03579046090595191,0.00020040090120240482,6.391972711573317,0.0055992824939865024
0.03579046090595191,0.0003006013018036072,4.261315849847396,0.008398922343959465
0.03579046090595191,0.0004008017024048096,3.1959871531850568,0.01119856219393243
0.03579046090595191,0.0005010021030060121,2.556789850131827,0.013998202043905394
0.03579046090595191,0.0006012025036072144,2.1306582793230744,0.016797841893878354
0.03579046090595191,0.0007014029042084169,1.8262785685299139,0.01959748174385132
0.03579046090595191,0.0008016033048096193,1.5979937759422025,0.022397121593824284
0.03579046090595191,0.0009018037054108217,1.420438931637484,0.025196761443797247
0.03579046090595191,0.0010020041060120242,1.2783950526497145,0.027996401293770214
0.03579046090595191,0.0011022045066132265,1.1621773311347667,0.030796041143743173
0.03579046090595191,0.0012024049072144288,1.0653292282614033,0.03359568099371613
0.03579046090595191,0.0013026053078156314,0.9833808323785646,0.0363953208436891
0.03579046090595191,0.0014028057084168337,0.9131393493587385,0.03919496069366206
0.03579046090595191,0.0015030061090180362,0.8522633967851027,0.04199460054363503
0.03579046090595191,0.0016032065096192386,0.7989969378085291,0.04479424039360799
0.03579046090595191,0.0017034069102204409,0.751997120696605,0.04759388024358095
0.03579046090595191,0.0018036073108216434,0.7102195051964635,0.05039352009355392
0.03579046090595191,0.0019038077114228457,0.6728395332021871,0.05319315994352688
0.03579046090595191,0.0020040081120240483,0.6391975582208124,0.055992799793499845
0.03579046090595191,0.0021042085126252506,0.6087595807044451,0.05879243964347281
0.03579046090595191,0.002204408913226453,0.5810886919276771,0.06159207949344577
0.03579046090595191,0.0023046093138276553,0.5558239672879606,0.06439171934341872
0.03579046090595191,0.0024048097144288576,0.5326646362806711,0.0671913591933917
0.03579046090595191,0.0025050101150300604,0.5113580516800029,0.06999099904336467
0.03588824905023046,1e-10,12879664.198913677,2.7864273863023095e-09
0.03588824905023046,0.0001002005006012024,12.85389206803935,0.0027920141899639137
0.03588824905023046,0.00020040090120240482,6.426949241064152,0.005584025593500442
0.03588824905023046,0.0003006013018036072,4.284633540053127,0.008376036997036969
0.03588824905023046,0.0004008017024048096,3.213475422293796,0.011168048400573496
0.03588824905023046,0.0005010021030060121,2.5707804661169495,0.013960059804110025
0.03588824905023046,0.0006012025036072144,2.142317126365194,0.01675207120764655
0.03588824905023046,0.0007014029042084169,1.8362718662320476,0.01954408261118308
0.03588824905023046,0.0008016033048096193,1.6067379115874025,0.022336094014719608
0.03588824905023046,0.0009018037054108217,1.4282114967631758,0.025128105418256136
0.03588824905023046,0.0010020041060120242,1.2853903613404076,0.027920116821792663
0.03588824905023046,0.0011022045066132265,1.168536702729457,0.03071212822532919
0.03588824905023046,0.0012024049072144288,1.071158652267277,0.03350413962886572
0.03588824905023046,0.0013026053078156314,0.9887618391876417,0.036296151032402246
0.03588824905023046,0.0014028057084168337,0.9181359985659951,0.039088162435938774
0.03588824905023046,0.0015030061090180362,0.8569269360673717,0.0418801738394753
0.03588824905023046,0.0016032065096192386,0.8033690059038369,0.04467218524301183
0.03588824905023046,0.0017034069102204409,0.7561120083308162,0.04746419664654836
0.03588824905023046,0.0018036073108216434,0.7141057879747823,0.050256208050084884
0.03588824905023046,0.0019038077114228457,0.6765212747923909,0.05304821945362141
0.03588824905023046,0.0020040081120240483,0.6426952127406917,0.05584023085715794
0.03588824905023046,0.0021042085126252506,0.6120906802551028,0.05863224226069447
0.03588824905023046,0.002204408913226453,0.5842683778692644,0.061424253664230995
0.03588824905023046,0.0023046093138276553,0.5588654060206949,0.06421626506776752
0.03588824905023046,0.0024048097144288576,0.5355793484048113,0.06700827647130404
0.03588824905023046,0.0025050101150300604,0.5141561753238318,0.06980028787484058
0.03598603719450902,1e-10,12949948.729645865,2.778855572773616e-09
0.03598603719450902,0.0001002005006012024,12.924035959846758,0.0027844271949035732
0.03598603719450902,0.00020040090120240482,6.462021204468748,0.005568851610951575
0.03598603719450902,0.0003006013018036072,4.308014852878614,0.008353276026999574
0.03598603719450902,0.0004008017024048096,3.23101140837132,0.011137700443047575
0.03598603719450902,0.0005010021030060121,2.5848092556790054,0.013922124859095579
0.03598603719450902,0.0006012025036072144,2.154007784722483,0.016706549275143576
0.03598603719450902,0.0007014029042084169,1.846292430776403,0.019490973691191578
0.03598603719450902,0.0008016033048096193,1.6155059057199717,0.02227539810723958
0.03598603719450902,0.0009018037054108217,1.4360052694334897,0.025059822523287582
0.03598603719450902,0.0010020041060120242,1.292404756821472,0.02784424693933558
0.03598603719450902,0.0011022045066132265,1.1749134259519154,0.03062867135538358
0.03598603719450902,0.0012024049072144288,1.077003981932058,0.03341309577143158
0.03598603719450902,0.0013026053078156314,0.9941575281434966,0.036197520187479584
0.03598603719450902,0.0014028057084168337,0.9231462811953344,0.03898194460352758
0.03598603719450902,0.0015030061090180362,0.8616031998769783,0.04176636901957559
0.03598603719450902,0.0016032065096192386,0.8077530032435732,0.044550793435623584
0.03598603719450902,0.0017034069102204409,0.7602381234892366,0.047335217851671586
0.03598603719450902,0.0018036073108216434,0.718002674526,0.05011964226771959
0.03598603719450902,0.0019038077114228457,0.6802130620622123,0.052904066683767584
0.03598603719450902,0.0020040081120240483,0.6462024106562332,0.05568849109981559
0.03598603719450902,0.0021042085126252506,0.6154308687540315,0.05847291551586359
0.03598603719450902,0.002204408913226453,0.5874567396251292,0.06125733993191159
0.03598603719450902,0.0023046093138276553,0.5619151433584069,0.06404176434795959
0.03598603719450902,0.0024048097144288576,0.5385020133587359,0.06682618876400759
0.03598603719450902,0.0025050101150300604,0.5169619336842664,0.0696106131800556
0.036083825338787574,1e-10,13020424.51080128,2.7713247988845306e-09
0.036083825338787574,0.0001002005006012024,12.994370719386442,0.002776881321767565
0.036083825338787574,0.00020040090120240482,6.497188601787104,0.005553759872210332
0.036083825338787574,0.0003006013018036072,4.331459788323857,0.008330638422653098
0.036083825338787574,0.0004008017024048096,3.2485951114176297,0.011107516973095864
0.036083825338787574,0.0005010021030060121,2.5988762188179946,0.013884395523538633
0.036083825338787574,0.0006012025036072144,2.1657302543949415,0.016661274073981398
0.036083825338787574,0.0007014029042084169,1.85634026216298,0.019438152624424165
0.036083825338787574,0.0008016033048096193,1.6242977583399099,0.022215031174866933
0.036083825338787574,0.0009018037054108217,1.4438202496484258,0.0249919097253097
0.036083825338787574,0.0010020041060120242,1.299438239092908,0.027768788275752465
0.036083825338787574,0.0011022045066132265,1.1813075008021416,0.03054566682619523
0.036083825338787574,0.0012024049072144288,1.0828652172557465,0.033322545376637994
0.036083825338787574,0.0013026053078156314,0.9995678992461292,0.036099423927080765
0.036083825338787574,0.0014028057084168337,0.9281701972467562,0.03887630247752353
0.036083825338787574,0.0015030061090180362,0.8662921882139226,0.0416531810279663
0.036083825338787574,0.0016032065096192386,0.8121489298277382,0.044430059578409065
0.036083825338787574,0.0017034069102204409,0.7643754661718665,0.04720693812885183
0.036083825338787574,0.0018036073108216434,0.7219101648501166,0.0499838166792946
0.036083825338787574,0.0019038077114228457,0.6839148950116515,0.052760695229737364
0.036083825338787574,0.0020040081120240483,0.6497191519674365,0.055537573780180136
0.036083825338787574,0.0021042085126252506,0.6187801462012313,0.0583144523306229
0.036083825338787574,0.002204408913226453,0.5906537771952716,0.061091330881065664
0.036083825338787574,0.0023046093138276553,0.5649731793010961,0.06386820943150842
0.036083825338787574,0.0024048097144288576,0.541432631142445,0.06664508798195119
0.036083825338787574,0.0025050101150300604,0.5197753267613067,0.06942196653239396
0.03618161348306613,1e-10,13091091.542379927,2.7638347318812198e-09
0.03618161348306613,0.0001002005006012024,13.064896346658406,0.002769376237134882
0.03618161348306613,0.00020040090120240482,6.532451433019221,0.005538749710435033
0.03618161348306613,0.0003006013018036072,4.354968346388857,0.008308123183735182
0.03618161348306613,0.0004008017024048096,3.2662265314327255,0.011077496657035333
0.03618161348306613,0.0005010021030060121,2.6129813555339174,0.013846870130335486
0.03618161348306613,0.0006012025036072144,2.177484535382569,0.016616243603635634
0.03618161348306613,0.0007014029042084169,1.866415360391779,0.019385617076935785
0.03618161348306613,0.0008016033048096193,1.6331134694472174,0.022154990550235936
0.03618161348306613,0.0009018037054108217,1.4516564374079841,0.024924364023536087
0.03618161348306613,0.0010020041060120242,1.3064908081547155,0.02769373749683624
0.03618161348306613,0.0011022045066132265,1.1877189272801358,0.03046311097013639
0.03618161348306613,0.0012024049072144288,1.0887423582383426,0.03323248444343654
0.03618161348306613,0.0013026053078156314,1.0049929524955397,0.03600185791673669
0.03618161348306613,0.0014028057084168337,0.933207746720261,0.03877123139003684
0.03618161348306613,0.0015030061090180362,0.8709939010782046,0.041540604863336994
0.03618161348306613,0.0016032065096192386,0.816556785656332,0.04430997833663714
0.03618161348306613,0.0017034069102204409,0.7685240363787057,0.04707935180993729
0.03618161348306613,0.0018036073108216434,0.7258282589471323,0.049848725283237444
0.03618161348306613,0.0019038077114228457,0.6876267736407087,0.05261809875653759
0.03618161348306613,0.0020040081120240483,0.6532454366743019,0.055387472229837746
0.03618161348306613,0.0021042085126252506,0.6221385125967023,0.058156845703137894
0.03618161348306613,0.002204408913226453,0.5938594905796916,0.06092621917643804
0.03618161348306613,0.0023046093138276553,0.5680395138487631,0.06369559264973819
0.03618161348306613,0.0024048097144288576,0.5443712017559386,0.06646496612303834
0.03618161348306613,0.0025050101150300604,0.5225963545549529,0.0692343395963385
0.03627940162734469,1e-10,13161949.824381808,2.7563850425974915e-09
0.03627940162734469,0.0001002005006012024,13.135612841662654,0.0027619116111793525
0.03627940162734469,0.00020040090120240482,6.567809698165102,0.005523820465973663
0.03627940162734469,0.0003006013018036072,4.378540527073614,0.008285729320767972
0.03627940162734469,0.0004008017024048096,3.2839056684166086,0.011047638175562282
0.03627940162734469,0.0005010021030060121,2.627124665826775,0.013809547030356594
0.03627940162734469,0.0006012025036072144,2.1892706276853677,0.016571455885150903
0.03627940162734469,0.0007014029042084169,1.8765177254628003,0.01933336473994521
0.03627940162734469,0.0008016033048096193,1.641953039041895,0.022095273594739524
0.03627940162734469,0.0009018037054108217,1.4595138327121653,0.024857182449533836
0.03627940162734469,0.0010020041060120242,1.3135624640068955,0.027619091304328144
0.03627940162734469,0.0011022045066132265,1.1941477053858987,0.030381000159122453
0.03627940162734469,0.0012024049072144288,1.0946354048798468,0.03314290901391676
0.03627940162734469,0.0013026053078156314,1.0104326878917285,0.035904817868711074
0.03627940162734469,0.0014028057084168337,0.9382589296158488,0.03866672672350538
0.03627940162734469,0.0015030061090180362,0.8757083384698248,0.0414286355782997
0.03627940162734469,0.0016032065096192386,0.8209765707293548,0.044190544433094
0.03627940162734469,0.0017034069102204409,0.7726838341097546,0.04695245328788831
0.03627940162734469,0.0018036073108216434,0.7297569568170473,0.04971436214268263
0.03627940162734469,0.0019038077114228457,0.6913486979493839,0.05247627099747693
0.03627940162734469,0.0020040081120240483,0.6567812647768296,0.055238179852271245
0.03627940162734469,0.0021042085126252506,0.6255059679404447,0.05800008870706556
0.03627940162734469,0.002204408913226453,0.5970738797783892,0.06076199756185986
0.03627940162734469,0.0023046093138276553,0.5711141470014077,0.06352390641665417
0.03627940162734469,0.0024048097144288576,0.547317725199217,0.06628581527144847
0.03627940162734469,0.0025050101150300604,0.5254250170652051,0.0690477241262428
0.03637718977162325,1e-10,13232999.356806912,2.748975405406577e-09
0.03637718977162325,0.0001002005006012024,13.206520204399174,0.002754487117621323
0.03637718977162325,0.00020040090120240482,6.60326339722474,0.005508971486267241
0.03637718977162325,0.0003006013018036072,4.4021763303781265,0.008263455854913157
0.03637718977162325,0.0004008017024048096,3.301632522369275,0.011017940223559076
0.03637718977162325,0.0005010021030060121,2.6413061496965637,0.013772424592204997
0.03637718977162325,0.0006012025036072144,2.201088531303334,0.016526908960850913
0.03637718977162325,0.0007014029042084169,1.8866473573760425,0.01928139332949683
0.03637718977162325,0.0008016033048096193,1.6508164671239407,0.02203587769814275
0.03637718977162325,0.0009018037054108217,1.4673924355609678,0.024790362066788668
0.03637718977162325,0.0010020041060120242,1.320653206649446,0.027544846435434586
0.03637718977162325,0.0011022045066132265,1.2005938351194285,0.030299330804080503
0.03637718977162325,0.0012024049072144288,1.1005443571802578,0.03305381517272642
0.03637718977162325,0.0013026053078156314,1.0158871054346945,0.03580829954137234
0.03637718977162325,0.0014028057084168337,0.9433237459335189,0.03856278391001826
0.03637718977162325,0.0015030061090180362,0.8804355003887822,0.04131726827866418
0.03637718977162325,0.0016032065096192386,0.8254082850468059,0.04407175264731009
0.03637718977162325,0.0017034069102204409,0.7768548593650125,0.04682623701595601
0.03637718977162325,0.0018036073108216434,0.7336962584598609,0.04958072138460193
0.03637718977162325,0.0019038077114228457,0.6950806679376766,0.05233520575324785
0.03637718977162325,0.0020040081120240483,0.660326636275019,0.05508969012189377
0.03637718977162325,0.0021042085126252506,0.6288825122324578,0.05784417449053968
0.03637718977162325,0.002204408913226453,0.6002969447913642,0.0605986588591856
0.03637718977162325,0.0023046093138276553,0.5741970787590295,0.06335314322783152
0.03637718977162325,0.0024048097144288576,0.5502722014722794,0.06610762759647743
0.03637718977162325,0.0025050101150300604,0.5282613142920628,0.06886211196512336
0.036474977915901804,1e-10,13304240.139655242,2.741605498173682e-09
0.036474977915901804,0.0001002005006012024,13.277618434867971,0.002747102433680118
0.036474977915901804,0.00020040090120240482,6.638812530198138,0.005494202125754738
0.036474977915901804,0.0003006013018036072,4.4258757563023945,0.008241301817829356
0.036474977915901804,0.0004008017024048096,3.3194070932907276,0.010988401509903977
0.036474977915901804,0.0005010021030060121,2.6555258071432863,0.0137355012019786
0.036474977915901804,0.0006012025036072144,2.21293824623647,0.016482600894053217
0.036474977915901804,0.0007014029042084169,1.8968042561315062,0.019229700586127836
0.036474977915901804,0.0008016033048096193,1.6597037536933557,0.02197680027820246
0.036474977915901804,0.0009018037054108217,1.4752922459543922,0.024723899970277078
0.036474977915901804,0.0010020041060120242,1.327763036082368,0.0274709996623517
0.036474977915901804,0.0011022045066132265,1.2070573164807263,0.030218099354426316
0.036474977915901804,0.0012024049072144288,1.1064692151395763,0.032965199046500936
0.036474977915901804,0.0013026053078156314,1.0213562051244385,0.03571229873857556
0.036474977915901804,0.0014028057084168337,0.9484021956732716,0.038459398430650174
0.036474977915901804,0.0015030061090180362,0.8851753868350771,0.0412064981227248
0.036474977915901804,0.0016032065096192386,0.8298519286086855,0.04395359781479942
0.036474977915901804,0.0017034069102204409,0.7810371121444798,0.046700697506874035
0.036474977915901804,0.0018036073108216434,0.7376461638755734,0.04944779719894866
0.036474977915901804,0.0019038077114228457,0.6988226836055871,0.052194896891023274
0.036474977915901804,0.0020040081120240483,0.6638815511688703,0.054941996583097896
0.036474977915901804,0.0021042085126252506,0.6322681454727421,0.05768909627517252
0.036474977915901804,0.002204408913226453,0.6035286856186166,0.060436195967247135
0.036474977915901804,0.0023046093138276553,0.5772883091216288,0.06318329565932175
0.036474977915901804,0.0024048097144288576,0.5532346305751265,0.06593039535139637
0.036474977915901804,0.0025050101150300604,0.5311052462355262,0.068677495043471
0.03657276606018036,1e-10,13375672.172926804,2.7342750022093037e-09
0.03657276606018036,0.0001002005006012024,13.348907533069047,0.0027397572400272604
0.03657276606018036,0.00020040090120240482,6.674457097085297,0.005479511745779519
0.03657276606018036,0.0003006013018036072,4.449638804846419,0.008219266251531776
0.03657276606018036,0.0004008017024048096,3.3372293811809657,0.010959020757284034
0.03657276606018036,0.0005010021030060121,2.6697836381669426,0.013698775263036296
0.03657276606018036,0.0006012025036072144,2.224819772484776,0.01643852976878855
0.03657276606018036,0.0007014029042084169,1.906988421729192,0.01917828427454081
0.03657276606018036,0.0008016033048096193,1.66861489875014,0.02191803878029307
0.03657276606018036,0.0009018037054108217,1.483213263892439,0.024657793286045327
0.03657276606018036,0.0010020041060120242,1.334891952305662,0.027397547791797587
0.03657276606018036,0.0011022045066132265,1.2135381494697923,0.030137302297549844
0.03657276606018036,0.0012024049072144288,1.1124099787578026,0.0328770568033021
0.03657276606018036,0.0013026053078156314,1.0268399869609601,0.035616811309054364
0.03657276606018036,0.0014028057084168337,0.9534942788351071,0.03835656581480662
0.03657276606018036,0.0015030061090180362,0.8899279978087098,0.04109632032055888
0.03657276606018036,0.0016032065096192386,0.834307501414994,0.04383607482631113
0.03657276606018036,0.0017034069102204409,0.7852305924481564,0.04657582933206339
0.03657276606018036,0.0018036073108216434,0.741606673064185,0.04931558383781565
0.03657276606018036,0.0019038077114228457,0.7025747449531156,0.05205533834356791
0.03657276606018036,0.0020040081120240483,0.6674460094583836,0.05479509284932017
0.03657276606018036,0.0021042085126252506,0.6356628676612975,0.05753484735507243
0.03657276606018036,0.002204408913226453,0.6067691022601467,0.06027460186082468
0.03657276606018036,0.0023046093138276553,0.5803878380892056,0.06301435636657694
0.03657276606018036,0.0024048097144288576,0.5562050125077579,0.0657541108723292
0.03657276606018036,0.0025050101150300604,0.5339568128955956,0.06849386537808146
0.036670554204458916,1e-10,13447295.456621595,2.726983602223296e-09
0.036670554204458916,0.0001002005006012024,13.420387499002404,0.0027324512207404445
0.036670554204458916,0.00020040090120240482,6.710197097886218,0.005464899714497287
0.036670554204458916,0.0003006013018036072,4.473465476010201,0.008197348208254128
0.036670554204458916,0.0004008017024048096,3.3550993860399903,0.01092979670201097
0.036670554204458916,0.0005010021030060121,2.6840796427675326,0.013662245195767815
0.036670554204458916,0.0006012025036072144,2.236733110048251,0.016394693689524655
0.036670554204458916,0.0007014029042084169,1.9171998541690993,0.019127142183281497
0.036670554204458916,0.0008016033048096193,1.6775499022942935,0.02185959067703834
0.036670554204458916,0.0009018037054108217,1.491155489375108,0.024592039170795187
0.036670554204458916,0.0010020041060120242,1.3420399553193274,0.02732448766455203
0.036670554204458916,0.0011022045066132265,1.2200363340866263,0.03005693615830887
0.036670554204458916,0.0012024049072144288,1.1183666480349366,0.03278938465206571
0.036670554204458916,0.0013026053078156314,1.0323384509442597,0.03552183314582255
0.036670554204458916,0.0014028057084168337,0.9585999954190255,0.0382542816395794
0.036670554204458916,0.0015030061090180362,0.8946933333096803,0.040986730133336244
0.036670554204458916,0.0016032065096192386,0.8387750034657312,0.04371917862709308
0.036670554204458916,0.0017034069102204409,0.7894353002760426,0.04645162712084992
0.036670554204458916,0.0018036073108216434,0.7455777860256957,0.04918407561460677
0.036670554204458916,0.0019038077114228457,0.7063368519802617,0.05191652410836361
0.036670554204458916,0.0020040081120240483,0.671020011143559,0.054648972602120455
0.036670554204458916,0.0021042085126252506,0.6390666787981242,0.057381421095877294
0.036670554204458916,0.002204408913226453,0.6100181947159543,0.060113869589634134
0.036670554204458916,0.0023046093138276553,0.5834956656617599,0.06284631808339097
0.036670554204458916,0.0024048097144288576,0.5591833472701739,0.06557876657714781
0.036670554204458916,0.0025050101150300604,0.5368160142722708,0.06831121507090467
0.03676834234873747,1e-10,13519109.990739614,2.7197309862796615e-09
0.03676834234873747,0.0001002005006012024,13.492058332668035,0.00272518406325824
0.03676834234873747,0.00020040090120240482,6.746032532600898,0.005450365406785494
0.03676834234873747,0.0003006013018036072,4.497355769793738,0.008175546750312747
0.03676834234873747,0.0004008017024048096,3.3730171078677995,0.010900728093840002
0.03676834234873747,0.0005010021030060121,2.6984138209450554,0.013625909437367257
0.03676834234873747,0.0006012025036072144,2.248678258926895,0.016351090780894507
0.03676834234873747,0.0007014029042084169,1.9274385534512282,0.019076272124421763
0.03676834234873747,0.0008016033048096193,1.6865087643258159,0.021801453467949018
0.03676834234873747,0.0009018037054108217,1.4991189224023989,0.024526634811476274
0.03676834234873747,0.0010020041060120242,1.3492070451233642,0.027251816155003526
0.03676834234873747,0.0011022045066132265,1.2265518703312281,0.029976997498530777
0.03676834234873747,0.0012024049072144288,1.1243392229709777,0.03270217884205803
0.03676834234873747,0.0013026053078156314,1.037851597074337,0.03542736018558529
0.03676834234873747,0.0014028057084168337,0.9637193454250264,0.03815254152911254
0.03676834234873747,0.0015030061090180362,0.8994713933379883,0.0408777228726398
0.03676834234873747,0.0016032065096192386,0.8432544347608969,0.04360290421616705
0.03676834234873747,0.0017034069102204409,0.7936512356281379,0.0463280855596943
0.03676834234873747,0.0018036073108216434,0.7495595027601051,0.04905326690322156
0.03676834234873747,0.0019038077114228457,0.7101090046870258,0.05177844824674881
0.03676834234873747,0.0020040081120240483,0.6746035562243963,0.05450362959027607
0.03676834234873747,0.0021042085126252506,0.6424795788832217,0.05722881093380332
0.03676834234873747,0.002204408913226453,0.6132759629860394,0.05995399227733057
0.03676834234873747,0.0023046093138276553,0.5866117918392917,0.06267917362085783
0.03676834234873747,0.0024048097144288576,0.5621696348623743,0.06540435496438507
0.03676834234873747,0.0025050101150300604,0.5396828503655516,0.06812953630791234
0.036866130493016035,1e-10,13591115.775280867,2.7125168457520684e-09
0.036866130493016035,0.0001002005006012024,13.563920034065951,0.0027179554583355177
0.036866130493016035,0.00020040090120240482,6.7819634012293415,0.00543590820415419
0.036866130493016035,0.0003006013018036072,4.521309686197033,0.008153860949972861
0.036866130493016035,0.0004008017024048096,3.390982546664396,0.010871813695791533
0.036866130493016035,0.0005010021030060121,2.712786172699513,0.013589766441610208
0.036866130493016035,0.0006012025036072144,2.26065521912071,0.016307719187428876
0.036866130493016035,0.0007014029042084169,1.9377045195755795,0.01902567193324755
0.036866130493016035,0.0008016033048096193,1.6954914848447082,0.021743624679066223
0.036866130493016035,0.0009018037054108217,1.5071035629743124,0.024461577424884896
0.036866130493016035,0.0010020041060120242,1.3563932217177732,0.02717953017070357
0.036866130493016035,0.0011022045066132265,1.2330847582035982,0.02989748291652224
0.036866130493016035,0.0012024049072144288,1.130327703565927,0.03261543566234091
0.036866130493016035,0.0013026053078156314,1.0433794253511925,0.03533338840815958
0.036866130493016035,0.0014028057084168337,0.9688523288531103,0.038051341153978256
0.036866130493016035,0.0015030061090180362,0.9042621778936344,0.04076929389979693
0.036866130493016035,0.0016032065096192386,0.8477457953004917,0.0434872466456156
0.036866130493016035,0.0017034069102204409,0.7978783985044429,0.04620519939143427
0.036866130493016035,0.0018036073108216434,0.7535518232674139,0.04892315213725294
0.036866130493016035,0.0019038077114228457,0.7138912030734078,0.051641104883071616
0.036866130493016035,0.0020040081120240483,0.6781966447008959,0.05435905762889029
0.036866130493016035,0.0021042085126252506,0.6459015679165907,0.05707701037470896
0.036866130493016035,0.002204408913226453,0.6165424070704022,0.05979496312052763
0.036866130493016035,0.0023046093138276553,0.5897362166218012,0.0625129158663463
0.036866130493016035,0.0024048097144288576,0.5651638752843593,0.06523086861216497
0.036866130493016035,0.0025050101150300604,0.5425573211754385,0.06794882135798365
0.03696391863729459,1e-10,13663312.810245343,2.7053408752800746e-09
0.03696391863729459,0.0001002005006012024,13.63597260319614,0.002710765099999585
0.03696391863729459,0.00020040090120240482,6.817989703771543,0.005421527494658296
0.03696391863729459,0.0003006013018036072,4.545327225220082,0.008132289889317005
0.03696391863729459,0.0004008017024048096,3.408995702429777,0.010843052283975715
0.03696391863729459,0.0005010021030060121,2.7271966980309026,0.013553814678634427
0.03696391863729459,0.0006012025036072144,2.272663990629693,0.016264577073293134
0.03696391863729459,0.0007014029042084169,1.947997752542152,0.018975339467951845
0.03696391863729459,0.0008016033048096193,1.704498063850969,0.021686101862610555
0.03696391863729459,0.0009018037054108217,1.5151094110908476,0.02439686425726927
0.03696391863729459,0.0010020041060120242,1.3635984851025533,0.02710762665192798
0.03696391863729459,0.0011022045066132265,1.2396349977037358,0.029818389046586687
0.03696391863729459,0.0012024049072144288,1.136332089819783,0.032529151441245394
0.03696391863729459,0.0013026053078156314,1.0489219357748254,0.03523991383590411
0.03696391863729459,0.0014028057084168337,0.9739989457032767,0.037950676230562815
0.03696391863729459,0.0015030061090180362,0.9090656869766177,0.04066143862522153
0.03696391863729459,0.0016032065096192386,0.8522490850845147,0.043372201019880235
0.03696391863729459,0.0017034069102204409,0.802116788904957,0.04608296341453894
0.03696391863729459,0.0018036073108216434,0.7575547475476213,0.048793725809197656
0.03696391863729459,0.0019038077114228457,0.7176834471394075,0.05150448820385636
0.03696391863729459,0.0020040081120240483,0.6817992765730572,0.05421525059851508
0.03696391863729459,0.0021042085126252506,0.6493326458982306,0.05692601299317379
0.03696391863729459,0.002204408913226453,0.6198175269690424,0.0596367753878325
0.03696391863729459,0.0023046093138276553,0.5928689400092879,0.062347537782491205
0.03696391863729459,0.0024048097144288576,0.5681660685361286,0.0650583001771499
0.03696391863729459,0.0025050101150300604,0.545439426701931,0.06776906257180863
0.037061706781573146,1e-10,13735701.095633049,2.6982027727260363e-09
0.037061706781573146,0.0001002005006012024,13.708216040058609,0.0027036126855070116
0.037061706781573146,0.00020040090120240482,6.854111440227506,0.005407222672811251
0.037061706781573146,0.0003006013018036072,4.5694083868628885,0.008110832660115488
0.037061706781573146,0.0004008017024048096,3.427056575163944,0.01081444264741973
0.037061706781573146,0.0005010021030060121,2.741645396939226,0.01351805263472397
0.037061706781573146,0.0006012025036072144,2.284704573453846,0.016221662622028208
0.037061706781573146,0.0007014029042084169,1.9583182523509461,0.018925272609332446
0.037061706781573146,0.0008016033048096193,1.7135285013445993,0.021628882596636687
0.037061706781573146,0.0009018037054108217,1.523136466752005,0.024332492583940928
0.037061706781573146,0.0010020041060120242,1.370822835277705,0.027036102571245165
0.037061706781573146,0.0011022045066132265,1.2462025888316415,0.029739712558549403
0.037061706781573146,0.0012024049072144288,1.142352381732547,0.032443322545853644
0.037061706781573146,0.0013026053078156314,1.0544791283452362,0.035146932533157885
0.037061706781573146,0.0014028057084168337,0.9791591959755259,0.03785054252046212
0.037061706781573146,0.0015030061090180362,0.9138819205869388,0.04055415250776636
0.037061706781573146,0.0016032065096192386,0.8567643041129666,0.0432577624950706
0.037061706781573146,0.0017034069102204409,0.8063664068296804,0.045961372482374835
0.037061706781573146,0.0018036073108216434,0.7615682756007279,0.04866498246967908
0.037061706781573146,0.0019038077114228457,0.721485736885025,0.05136859245698332
0.037061706781573146,0.0020040081120240483,0.6854114518408806,0.05407220244428756
0.037061706781573146,0.0021042085126252506,0.6527728128281416,0.0567758124315918
0.037061706781573146,0.002204408913226453,0.6231013226819601,0.05947942241889603
0.037061706781573146,0.0023046093138276553,0.5960099620017522,0.06218303240620027
0.037061706781573146,0.0024048097144288576,0.5711762146176825,0.0648866423935045
0.037061706781573146,0.0025050101150300604,0.5483291669450293,0.06759025238080875
0.0371594949258517,1e-10,13808280.631443983,2.6911022391327077e-09
0.0371594949258517,0.0001002005006012024,13.780650344653353,0.00269649791530114
0.0371594949258517,0.00020040090120240482,6.890328610597227,0.005392993139500041
0.0371594949258517,0.0003006013018036072,4.593553171125451,0.008089488363698941
0.0371594949258517,0.0004008017024048096,3.4451651648668955,0.010785983587897842
0.0371594949258517,0.0005010021030060121,2.7561322694244823,0.013482478812096745
0.0371594949258517,0.0006012025036072144,2.2967769675931677,0.016178974036295646
0.0371594949258517,0.0007014029042084169,1.9686660190019618,0.018875469260494545
0.0371594949258517,0.0008016033048096193,1.7225827973255985,0.021571964484693448
0.0371594949258517,0.0009018037054108217,1.5311847299577843,0.02426845970889235
0.0371594949258517,0.0010020041060120242,1.378066272243228,0.02696495493309125
0.0371594949258517,0.0011022045066132265,1.252787531587315,0.02966145015729015
0.0371594949258517,0.0012024049072144288,1.1483885793042183,0.03235794538148905
0.0371594949258517,0.0013026053078156314,1.0600510030624246,0.03505444060568795
0.0371594949258517,0.0014028057084168337,0.9843330796698577,0.03775093582988685
0.0371594949258517,0.0015030061090180362,0.9187108787245976,0.040447431054085756
0.0371594949258517,0.0016032065096192386,0.8612914523858469,0.04314392627828466
0.0371594949258517,0.0017034069102204409,0.8106272522786132,0.045840421502483554
0.0371594949258517,0.0018036073108216434,0.7655924074267332,0.04853691672668246
0.0371594949258517,0.0019038077114228457,0.7252980723102603,0.05123341195088136
0.0371594949258517,0.0020040081120240483,0.6890331705043659,0.05392990717508026
0.0371594949258517,0.0021042085126252506,0.6562220687063236,0.05662640239927916
0.0371594949258517,0.002204408913226453,0.6263937942091552,0.05932289762347806
0.0371594949258517,0.0023046093138276553,0.5991592825991938,0.062019392847676956
0.0371594949258517,0.0024048097144288576,0.5741943135290207,0.06471588807187585
0.0371594949258517,0.0025050101150300604,0.5512265419047333,0.06741238329607477
0.03725728307013026,1e-10,13881051.417678146,2.684038978681501e-09
0.03725728307013026,0.0001002005006012024,13.853275516980377,0.002689420492970264
0.03725728307013026,0.00020040090120240482,6.926641214880711,0.00537883830190155
0.03725728307013026,0.0003006013018036072,4.6177615780077685,0.008068256110832835
0.03725728307013026,0.0004008017024048096,3.4633214715386336,0.010757673919764121
0.03725728307013026,0.0005010021030060121,2.7706573154866723,0.013447091728695409
0.03725728307013026,0.0006012025036072144,2.308881173047659,0.016136509537626693
0.03725728307013026,0.0007014029042084169,1.9790410524951991,0.01882592734655798
0.03725728307013026,0.0008016033048096193,1.7316609517939667,0.021515345155489266
0.03725728307013026,0.0009018037054108217,1.5392542007081857,0.02420476296442055
0.03725728307013026,0.0010020041060120242,1.3853287959991227,0.026894180773351838
0.03725728307013026,0.0011022045066132265,1.2593898259707563,0.029583598582283124
0.03725728307013026,0.0012024049072144288,1.1544406825347973,0.03227301639121441
0.03725728307013026,0.0013026053078156314,1.0656375599263908,0.0349624342001457
0.03725728307013026,0.0014028057084168337,0.9895205967862722,0.03765185200907698
0.03725728307013026,0.0015030061090180362,0.923552561389594,0.04034126981800827
0.03725728307013026,0.0016032065096192386,0.8658305299031561,0.043030687626939554
0.03725728307013026,0.0017034069102204409,0.8148993252517553,0.045720105435870836
0.03725728307013026,0.0018036073108216434,0.7696271430256376,0.048409523244802126
0.03725728307013026,0.0019038077114228457,0.7291204534151134,0.05109894105373341
0.03725728307013026,0.0020040081120240483,0.6926644325635132,0.0537883588626647
0.03725728307013026,0.0021042085126252506,0.6596804135327768,0.05647777667159598
0.03725728307013026,0.002204408913226453,0.629694941550628,0.05916719448052726
0.03725728307013026,0.0023046093138276553,0.602316901801613,0.06185661228945855
0.03725728307013026,0.0024048097144288576,0.5772203652701435,0.06454603009838983
0.03725728307013026,0.0025050101150300604,0.5541315515810431,0.06723544790732112
0.03735507121440882,1e-10,13954013.454335544,2.6770126986514058e-09
0.03735507121440882,0.0001002005006012024,13.926091557039683,0.0026823801252064666
0.03735507121440882,0.00020040090120240482,6.9630492530779575,0.005364757573400235
0.03735507121440882,0.0003006013018036072,4.642033607509846,0.008047135021594001
0.03735507121440882,0.0004008017024048096,3.4815254951791585,0.01072951246978777
0.03735507121440882,0.0005010021030060121,2.7852205351257964,0.01341188991798154
0.03735507121440882,0.0006012025036072144,2.321017189817321,0.016094267366175304
0.03735507121440882,0.0007014029042084169,1.9894433528306592,0.018776644814369074
0.03735507121440882,0.0008016033048096193,1.7407629647497052,0.021459022262562844
0.03735507121440882,0.0009018037054108217,1.54734487900321,0.02414139971075661
0.03735507121440882,0.0010020041060120242,1.3926104065453895,0.02682377715895038
0.03735507121440882,0.0011022045066132265,1.2660094719819663,0.029506154607144147
0.03735507121440882,0.0012024049072144288,1.1605086914242841,0.032188532055337914
0.03735507121440882,0.0013026053078156314,1.0712387989371355,0.03487090950353168
0.03735507121440882,0.0014028057084168337,0.9947217473247699,0.03755328695172545
0.03735507121440882,0.0015030061090180362,0.9284069685819284,0.04023566439991922
0.03735507121440882,0.0016032065096192386,0.8703815366648943,0.04291804184811299
0.03735507121440882,0.0017034069102204409,0.8191826257491072,0.04560041929630675
0.03735507121440882,0.0018036073108216434,0.7736724823974414,0.04828279674450053
0.03735507121440882,0.0019038077114228457,0.7329528801995846,0.050965174192694286
0.03735507121440882,0.0020040081120240483,0.6963052380183227,0.05364755164088806
0.03735507121440882,0.0021042085126252506,0.6631478473075014,0.056329929089081826
0.03735507121440882,0.002204408913226453,0.6330047647063786,0.05901230653727559
0.03735507121440882,0.0023046093138276553,0.60548281960901,0.06169468398546936
0.03735507121440882,0.0024048097144288576,0.5802543698410509,0.06437706143366312
0.03735507121440882,0.0025050101150300604,0.5570441959739589,0.0670594388818569
0.037452859358687376,1e-10,14027166.741416166,2.6700231093785502e-09
0.037452859358687376,0.0001002005006012024,13.999098464831265,0.002675376521765097
0.037452859358687376,0.00020040090120240482,6.999552725188963,0.005350750373507085
0.037452859358687376,0.0003006013018036072,4.666369259631677,0.008026124225249072
0.037452859358687376,0.0004008017024048096,3.4997772357884678,0.010701498076991061
0.037452859358687376,0.0005010021030060121,2.7998219283418533,0.01337687192873305
0.037452859358687376,0.0006012025036072144,2.333185017902151,0.016052245780475035
0.037452859358687376,0.0007014029042084169,1.99987292000834,0.018727619632217026
0.037452859358687376,0.0008016033048096193,1.749888836192812,0.021402993483959014
0.037452859358687376,0.0009018037054108217,1.5554567648428559,0.024078367335701
0.037452859358687376,0.0010020041060120242,1.3999111038820273,0.026753741187442993
0.037452859358687376,0.0011022045066132265,1.2726464696209436,0.029429115039184977
0.037452859358687376,0.0012024049072144288,1.166592605972678,0.032104488890926965
0.037452859358687376,0.0013026053078156314,1.0768547200946574,0.034779862742668956
0.037452859358687376,0.0014028057084168337,0.99993653128535,0.03745523659441094
0.037452859358687376,0.0015030061090180362,0.9332741003016003,0.04013061044615293
0.037452859358687376,0.0016032065096192386,0.8749444726710608,0.042805984297894915
0.037452859358687376,0.0017034069102204409,0.8234771537706681,0.04548135814963691
0.037452859358687376,0.0018036073108216434,0.7777284255421438,0.0481567320013789
0.037452859358687376,0.0019038077114228457,0.7367953526636735,0.05083210585312088
0.037452859358687376,0.0020040081120240483,0.699955586868794,0.05350747970486287
0.037452859358687376,0.0021042085126252506,0.6666243700304969,0.05618285355660486
0.037452859358687376,0.002204408913226453,0.6363232636764063,0.05885822740834684
0.037452859358687376,0.0023046093138276553,0.6086570360213842,0.06153360126008883
0.037452859358687376,0.0024048097144288576,0.5832963272417427,0.06420897511183081
0.037452859358687376,0.0025050101150300604,0.5599644750834805,0.06688434896357282
0.037452859358687376,0.0026052105156312627,0.538427380714655,0.06955972281531479
0.03755064750296593,1e-10,14100511.278920015,2.663069924216394e-09
0.03755064750296593,0.0001002005006012024,14.07229624035512,0.0026684093954248878
0.03755064750296593,0.00020040090120240482,7.036151631213726,0.005336816127779852
0.03755064750296593,0.0003006013018036072,4.690768534373263,0.008005222860134815
0.03755064750296593,0.0004008017024048096,3.518076693366562,0.01067362959248978
0.03755064750296593,0.0005010021030060121,2.814461495134843,0.013342036324844745
0.03755064750296593,0.0006012025036072144,2.3453846573021506,0.016010443057199706
0.03755064750296593,0.0007014029042084169,2.0103297540282425,0.018678849789554672
0.03755064750296593,0.0008016033048096193,1.7590385661232877,0.021347256521909636
0.03755064750296593,0.0009018037054108217,1.5635898582271237,0.024015663254264602
0.03755064750296593,0.0010020041060120242,1.4072308880090365,0.026684069986619565
0.03755064750296593,0.0011022045066132265,1.2793008188876887,0.029352476718974528
0.03755064750296593,0.0012024049072144288,1.1726924261799794,0.03202088345132949
0.03755064750296593,0.0013026053078156314,1.0824853233989569,0.034689290183684454
0.03755064750296593,0.0014028057084168337,1.0051649486680125,0.03735769691603942
0.03755064750296593,0.0015030061090180362,0.9381539565486096,0.04002610364839439
0.03755064750296593,0.0016032065096192386,0.8795193379216559,0.04269451038074935
0.03755064750296593,0.0017034069102204409,0.8277829093164383,0.045362917113104306
0.03755064750296593,0.0018036073108216434,0.781794972459745,0.04803132384545928
0.03755064750296593,0.0019038077114228457,0.7406478708073799,0.05069973057781424
0.03755064750296593,0.0020040081120240483,0.7036154791149273,0.053368137310169206
0.03755064750296593,0.0021042085126252506,0.6701099817017634,0.056036544042524165
0.03755064750296593,0.002204408913226453,0.6396504384607117,0.05870495077487913
0.03755064750296593,0.0023046093138276553,0.6118395510387358,0.06137335750723409
0.03755064750296593,0.0024048097144288576,0.5863462374722188,0.06404176423958906
0.03755064750296593,0.0025050101150300604,0.5628923889096076,0.06671017097194402
0.03755064750296593,0.0026052105156312627,0.5412426824748691,0.06937857770429899
0.03764843564724449,1e-10,14174047.066847095,2.6561528594965424e-09
0.03764843564724449,0.0001002005006012024,14.145684883611258,0.0026614784619486877
0.03764843564724449,0.00020040090120240482,7.072845971152253,0.005322954267744516
0.03764843564724449,0.0003006013018036072,4.715231431734607,0.007984430073540343
0.03764843564724449,0.0004008017024048096,3.5364238679134434,0.010645905879336172
0.03764843564724449,0.0005010021030060121,2.829139235504767,0.013307381685132002
0.03764843564724449,0.0006012025036072144,2.3576161080173197,0.01596885749092783
0.03764843564724449,0.0007014029042084169,2.020813854890367,0.01863033329672366
0.03764843564724449,0.0008016033048096193,1.7682121545411331,0.021291809102519488
0.03764843564724449,0.0009018037054108217,1.5717441591560137,0.023953284908315314
0.03764843564724449,0.0010020041060120242,1.4145697589264177,0.026614760714111143
0.03764843564724449,0.0011022045066132265,1.285972519782202,0.02927623651990697
0.03764843564724449,0.0012024049072144288,1.1788081520461886,0.0319377123257028
0.03764843564724449,0.0013026053078156314,1.0881306088500344,0.03459918813149863
0.03764843564724449,0.0014028057084168337,1.010406999472758,0.03726066393729446
0.03764843564724449,0.0015030061090180362,0.9430465373229568,0.039922139743090286
0.03764843564724449,0.0016032065096192386,0.8841061324166798,0.04258361554888611
0.03764843564724449,0.0017034069102204409,0.832099892386418,0.04524509135468194
0.03764843564724449,0.0018036073108216434,0.7858721231502455,0.04790656716047777
0.03764843564724449,0.0019038077114228457,0.7445104346307044,0.050568042966273596
0.03764843564724449,0.0020040081120240483,0.7072849147567226,0.053229518772069426
0.03764843564724449,0.0021042085126252506,0.6736046823213012,0.055890994577865255
0.03764843564724449,0.002204408913226453,0.6429862890592947,0.05855247038366108
0.03764843564724449,0.0023046093138276553,0.615030364661065,0.06121394618945691
0.03764843564724449,0.0024048097144288576,0.5894041005324795,0.06387542199525273
0.03764843564724449,0.0025050101150300604,0.5658279374523406,0.06653689780104857
0.03764843564724449,0.0026052105156312627,0.544065325308754,0.0691983736068444
0.037746223791523044,1e-10,14247774.105197402,2.6492716344901704e-09
0.037746223791523044,0.0001002005006012024,14.219264394599671,0.0026545834400448077
0.037746223791523044,0.00020040090120240482,7.109635745004538,0.005309164230817981
0.037746223791523044,0.0003006013018036072,4.739757951715707,0.007963745021591154
0.037746223791523044,0.0004008017024048096,3.554818759429109,0.010618325812364326
0.037746223791523044,0.0005010021030060121,2.8438551494516235,0.013272906603137503
0.037746223791523044,0.0006012025036072144,2.3698793700476584,0.015927487393910672
0.037746223791523044,0.0007014029042084169,2.0313252225947127,0.01858206818468385
0.037746223791523044,0.0008016033048096193,1.7774096014463474,0.02123664897545702
0.037746223791523044,0.0009018037054108217,1.5799196676295257,0.023891229766230194
0.037746223791523044,0.0010020041060120242,1.42192771663417,0.02654581055700337
0.037746223791523044,0.0011022045066132265,1.292661572304483,0.02920039134777654
0.037746223791523044,0.0012024049072144288,1.184939783571305,0.03185497213854971
0.037746223791523044,0.0013026053078156314,1.0937905764478897,0.03450955292932289
0.037746223791523044,0.0014028057084168337,1.0156626836995861,0.03716413372009606
0.037746223791523044,0.0015030061090180362,0.9479518426246415,0.039818714510869234
0.037746223791523044,0.0016032065096192386,0.8887048561561323,0.04247329530164241
0.037746223791523044,0.0017034069102204409,0.8364281029806069,0.04512787609241558
0.037746223791523044,0.0018036073108216434,0.7899598776136447,0.04778245688318875
0.037746223791523044,0.0019038077114228457,0.7483830441336466,0.050437037673961925
0.037746223791523044,0.0020040081120240483,0.7109638937941798,0.053091618464735105
0.037746223791523044,0.0021042085126252506,0.6771084718891099,0.05574619925550828
0.037746223791523044,0.002204408913226453,0.646330815472155,0.05840078004628144
0.037746223791523044,0.0023046093138276553,0.6182294768883716,0.061055360837054616
0.037746223791523044,0.0024048097144288576,0.5924699164225246,0.06370994162782778
0.037746223791523044,0.0025050101150300604,0.5687711207116793,0.06636452241860097
0.037746223791523044,0.0026052105156312627,0.5468953092163094,0.06901910320937414
0.03784401193580161,1e-10,14321692.393970944,2.6424259713700414e-09
0.03784401193580161,0.0001002005006012024,14.293034773320368,0.002647724051328967
0.03784401193580161,0.00020040090120240482,7.1465209527705875,0.005295445460231962
0.03784401193580161,0.0003006013018036072,4.764348094316565,0.007943166869134956
0.03784401193580161,0.0004008017024048096,3.5732613679135623,0.010590888278037953
0.03784401193580161,0.0005010021030060121,2.858609236975415,0.01323860968694095
0.03784401193580161,0.0006012025036072144,2.382174443393167,0.015886331095843944
0.03784401193580161,0.0007014029042084169,2.041863857141281,0.01853405250474694
0.03784401193580161,0.0008016033048096193,1.7866309068389314,0.021181773913649934
0.03784401193580161,0.0009018037054108217,1.5881163836476606,0.02382949532255293
0.03784401193580161,0.0010020041060120242,1.4293047611322944,0.02647721673145593
0.03784401193580161,0.0011022045066132265,1.2993679764545325,0.029124938140358922
0.03784401193580161,0.0012024049072144288,1.1910873207553294,0.031772659549261915
0.03784401193580161,0.0013026053078156314,1.0994652261925233,0.034420380958164916
0.03784401193580161,0.0014028057084168337,1.0209320013484973,0.03706810236706791
0.03784401193580161,0.0015030061090180362,0.9528698724536643,0.03971582377597091
0.03784401193580161,0.0016032065096192386,0.8933155091400138,0.0423635451848739
0.03784401193580161,0.0017034069102204409,0.8407675410990054,0.04501126659377689
0.03784401193580161,0.0018036073108216434,0.7940582358499433,0.04765898800267989
0.03784401193580161,0.0019038077114228457,0.7522656993162069,0.050306709411582884
0.03784401193580161,0.0020040081120240483,0.7146524162272994,0.052954430820485884
0.03784401193580161,0.0021042085126252506,0.68062135040519,0.05560215222938888
0.03784401193580161,0.002204408913226453,0.6496840176992932,0.05824987363829187
0.03784401193580161,0.0023046093138276553,0.6214368877206559,0.060897595047194865
0.03784401193580161,0.0024048097144288576,0.5955436851423542,0.06354531645609786
0.03784401193580161,0.0025050101150300604,0.5717219386876241,0.06619303786500086
0.03784401193580161,0.0026052105156312627,0.5497326341975357,0.06884075927390386
0.03794180008008016,1e-10,14395801.933167709,2.6356155951731198e-09
0.03794180008008016,0.0001002005006012024,14.366996019773339,0.002640900020286826
0.03794180008008016,0.00020040090120240482,7.183501594450394,0.005281797404958058
0.03794180008008016,0.0003006013018036072,4.789001859537177,0.007922694789629287
0.03794180008008016,0.0004008017024048096,3.5917516933667994,0.010563592174300519
0.03794180008008016,0.0005010021030060121,2.8734014980761384,0.013204489558971752
0.03794180008008016,0.0006012025036072144,2.394501328053844,0.015845386943642983
0.03794180008008016,0.0007014029042084169,2.0524297585300704,0.01848628432831421
0.03794180008008016,0.0008016033048096193,1.795876070718884,0.021127181712985443
0.03794180008008016,0.0009018037054108217,1.5963343072104168,0.023768079097656675
0.03794180008008016,0.0010020041060120242,1.43670089242079,0.026408976482327907
0.03794180008008016,0.0011022045066132265,1.3060917322323493,0.029049873866999136
0.03794180008008016,0.0012024049072144288,1.197250763598261,0.031690771251670365
0.03794180008008016,0.0013026053078156314,1.1051545580839341,0.0343316686363416
0.03794180008008016,0.0014028057084168337,1.0262149524194908,0.03697256602101283
0.03794180008008016,0.0015030061090180362,0.9578006268100244,0.039613463405684064
0.03794180008008016,0.0016032065096192386,0.8979380913683236,0.04225436079035529
0.03794180008008016,0.0017034069102204409,0.8451182067416131,0.04489525817502652
0.03794180008008016,0.0018036073108216434,0.7981671978591405,0.04753615555969776
0.03794180008008016,0.0019038077114228457,0.7561584001783848,0.050177052944368986
0.03794180008008016,0.0020040081120240483,0.7183504820560805,0.05281795032904022
0.03794180008008016,0.0021042085126252506,0.6841433178695411,0.05545884771371145
0.03794180008008016,0.002204408913226453,0.6530458957407086,0.05809974509838268
0.03794180008008016,0.0023046093138276553,0.6246525971579175,0.06074064248305391
0.03794180008008016,0.0024048097144288576,0.5986254066919683,0.06338153986772514
0.03794180008008016,0.0025050101150300604,0.5746803913801745,0.06602243725239637
0.03794180008008016,0.0026052105156312627,0.5525773002524326,0.0686633346370676
0.03803958822435872,1e-10,14470102.722787702,2.628840233763751e-09
0.03803958822435872,0.0001002005006012024,14.441148133958588,0.002634111074237098
0.03803958822435872,0.00020040090120240482,7.220577670043962,0.005268219519633963
0.03803958822435872,0.0003006013018036072,4.813719247377546,0.007902327965030825
0.03803958822435872,0.0004008017024048096,3.6102897357888226,0.01053643641042769
0.03803958822435872,0.0005010021030060121,2.8882319327537953,0.013170544855824556
0.03803958822435872,0.0006012025036072144,2.4068600240296907,0.015804653301221418
0.03803958822435872,0.0007014029042084169,2.0630229267610813,0.018438761746618283
0.03803958822435872,0.0008016033048096193,1.8051450930862056,0.021072870192015147
0.03803958822435872,0.0009018037054108217,1.6045734383177952,0.023706978637412012
0.03803958822435872,0.0010020041060120242,1.4441161104996572,0.026341087082808877
0.03803958822435872,0.0011022045066132265,1.3128328396379343,0.028975195528205742
0.03803958822435872,0.0012024049072144288,1.2034301121000999,0.0316093039736026
0.03803958822435872,0.0013026053078156314,1.1108585721221227,0.03424341241899947
0.03803958822435872,0.0014028057084168337,1.031511536912567,0.036877520864396336
0.03803958822435872,0.0015030061090180362,0.9627441056937222,0.0395116293097932
0.03803958822435872,0.0016032065096192386,0.9025726028410621,0.042145737755190066
0.03803958822435872,0.0017034069102204409,0.8494800999084301,0.04477984620058693
0.03803958822435872,0.0018036073108216434,0.8022867636412367,0.047413954645983795
0.03803958822435872,0.0019038077114228457,0.7600611467201803,0.05004806309138066
0.03803958822435872,0.0020040081120240483,0.7220580912805238,0.052682171536777525
0.03803958822435872,0.0021042085126252506,0.6876743742821632,0.055316279982174386
0.03803958822435872,0.002204408913226453,0.6564164495964016,0.05795038842757125
0.03803958822435872,0.0023046093138276553,0.6278766052001565,0.06058449687296811
0.03803958822435872,0.0024048097144288576,0.6017150810713667,0.06321860531836497
0.03803958822435872,0.0025050101150300604,0.5776464787893306,0.06585271376376184
0.03803958822435872,0.0026052105156312627,0.555429307381,0.06848682220915871
0.038137376368637274,1e-10,14544594.762830928,2.622099617797416e-09
0.038137376368637274,0.0001002005006012024,14.515491115876115,0.0026273569432952257
0.038137376368637274,0.00020040090120240482,7.257749179551291,0.005254711264490834
0.038137376368637274,0.0003006013018036072,4.838500257837671,0.007882065585686441
0.038137376368637274,0.0004008017024048096,3.6288754951796314,0.01050941990688205
0.038137376368637274,0.0005010021030060121,2.903100541008386,0.01313677422807766
0.038137376368637274,0.0006012025036072144,2.419250531320707,0.015764128549273265
0.038137376368637274,0.0007014029042084169,2.0736433618343137,0.018391482870468875
0.038137376368637274,0.0008016033048096193,1.814437973940897,0.02101883719166448
0.038137376368637274,0.0009018037054108217,1.612833776969796,0.02364619151286009
0.038137376368637274,0.0010020041060120242,1.4515504153688958,0.026273545834055702
0.038137376368637274,0.0011022045066132265,1.319591298671287,0.028900900155251305
0.038137376368637274,0.0012024049072144288,1.2096253662608467,0.031528254476446915
0.038137376368637274,0.0013026053078156314,1.1165772683070891,0.034155608797642525
0.038137376368637274,0.0014028057084168337,1.0368217548277259,0.03678296311883813
0.038137376368637274,0.0015030061090180362,0.9677003091047577,0.03941031744003374
0.038137376368637274,0.0016032065096192386,0.9072190435582294,0.04203767176122935
0.038137376368637274,0.0017034069102204409,0.8538532205994566,0.04466502608242495
0.038137376368637274,0.0018036073108216434,0.806416933196232,0.04729238040362056
0.038137376368637274,0.0019038077114228457,0.7639739389415939,0.04991973472481617
0.038137376368637274,0.0020040081120240483,0.7257752439006291,0.05254708904601178
0.038137376368637274,0.0021042085126252506,0.6912145196430564,0.055174443367207386
0.038137376368637274,0.002204408913226453,0.6597956792663722,0.057801797688402996
0.038137376368637274,0.0023046093138276553,0.6311089118473732,0.0604291520095986
0.038137376368637274,0.0024048097144288576,0.6048127082805498,0.06305650633079421
0.038137376368637274,0.0025050101150300604,0.5806202009150926,0.06568386065198982
0.038137376368637274,0.0026052105156312627,0.5582886555832384,0.06831121497318543
0.03823516451291583,1e-10,14619278.05329738,2.6153934806850385e-09
0.03823516451291583,0.0001002005006012024,14.59002496552592,0.0026206373603376203
0.03823516451291583,0.00020040090120240482,7.295016122972379,0.005241272105281761
0.03823516451291583,0.0003006013018036072,4.863344890917552,0.007861906850225898
0.03823516451291583,0.0004008017024048096,3.647508971539226,0.01048254159517004
0.03823516451291583,0.0005010021030060121,2.9180073228399097,0.013103176340114183
0.03823516451291583,0.0006012025036072144,2.4316728499268927,0.01572381108505832
0.03823516451291583,0.0007014029042084169,2.0842910637497685,0.01834444583000246
0.03823516451291583,0.0008016033048096193,1.823754713282957,0.0209650805749466
0.03823516451291583,0.0009018037054108217,1.6211153231664186,0.023585715319890743
0.03823516451291583,0.0010020041060120242,1.459003807028506,0.026206350064834884
0.03823516451291583,0.0011022045066132265,1.3263671093324079,0.02882698480977902
0.03823516451291583,0.0012024049072144288,1.2158365260805009,0.03144761955472316
0.03823516451291583,0.0013026053078156314,1.1223106466388335,0.034068254299667304
0.03823516451291583,0.0014028057084168337,1.0421456061649677,0.03668888904461144
0.03823516451291583,0.0015030061090180362,0.9726692370431308,0.03930952378955559
0.03823516451291583,0.0016032065096192386,0.9118774135198252,0.041930158534499724
0.03823516451291583,0.0017034069102204409,0.8582375688146923,0.04455079327944386
0.03823516451291583,0.0018036073108216434,0.8105577065241262,0.047171428024388
0.03823516451291583,0.0019038077114228457,0.7678967768426253,0.04979206276933214
0.03823516451291583,0.0020040081120240483,0.7295019399163963,0.05241269751427628
0.03823516451291583,0.0021042085126252506,0.6947637539522208,0.05503333225922042
0.03823516451291583,0.002204408913226453,0.6631835847506202,0.05765396700416456
0.03823516451291583,0.0023046093138276553,0.6343495170995672,0.060274601749108696
0.03823516451291583,0.0024048097144288576,0.6079182883195172,0.06289523649405283
0.03823516451291583,0.0025050101150300604,0.5836015577574603,0.06551587123899698
0.03823516451291583,0.0026052105156312627,0.5611553448591472,0.06813650598394112
0.03833295265719439,1e-10,14694152.594187066,2.6087215585578387e-09
0.03833295265719439,0.0001002005006012024,14.66474968290801,0.002613952060966444
0.03833295265719439,0.00020040090120240482,7.3323785003072315,0.005227901513211329
0.03833295265719439,0.0003006013018036072,4.888253146617191,0.007841850965456214
0.03833295265719439,0.0004008017024048096,3.6661901648676074,0.010455800417701099
0.03833295265719439,0.0005010021030060121,2.932952278248368,0.013069749869945987
0.03833295265719439,0.0006012025036072144,2.4441269798482486,0.01568369932219087
0.03833295265719439,0.0007014029042084169,2.094966032507445,0.01829764877443576
0.03833295265719439,0.0008016033048096193,1.833095311112387,0.020911598226680643
0.03833295265719439,0.0009018037054108217,1.629418076907664,0.023525547678925528
0.03833295265719439,0.0010020041060120242,1.4664762854784885,0.026139497131170416
0.03833295265719439,0.0011022045066132265,1.3331602716212971,0.028753446583415297
0.03833295265719439,0.0012024049072144288,1.222063591559063,0.03136739603566018
0.03833295265719439,0.0013026053078156314,1.128058707117356,0.033981345487905074
0.03833295265719439,0.0014028057084168337,1.0474830909242925,0.03659529494014995
0.03833295265719439,0.0015030061090180362,0.977650889508842,0.03920924439239484
0.03833295265719439,0.0016032065096192386,0.9165477127258501,0.04182319384463973
0.03833295265719439,0.0017034069102204409,0.8626331445541378,0.04443714329688461
0.03833295265719439,0.0018036073108216434,0.8147090836249197,0.0470510927491295
0.03833295265719439,0.0019038077114228457,0.7718296604232747,0.04966504220137438
0.03833295265719439,0.0020040081120240483,0.7332381793278258,0.052278991653619274
0.03833295265719439,0.0021042085126252506,0.6983220772096566,0.05489294110586415
0.03833295265719439,0.002204408913226453,0.6665801660491462,0.057506890558109036
0.03833295265719439,0.0023046093138276553,0.637598420956739,0.06012084001035392
0.03833295265719439,0.0024048097144288576,0.6110318211882694,0.0627347894625988
0.03833295265719439,0.0025050101150300604,0.5865905493164341,0.0653487389148437
0.03833295265719439,0.0026052105156312627,0.5640293752087271,0.06796268836708858
0.03843074080147295,1e-10,14769218.385499977,2.602083590232725e-09
0.03843074080147295,0.0001002005006012024,14.73966526802237,0.0026073007834749307
0.03843074080147295,0.00020040090120240482,7.369836311555841,0.005214598964866271
0.03843074080147295,0.0003006013018036072,4.913225024936584,0.007821897146257611
0.03843074080147295,0.0004008017024048096,3.684919075164773,0.010429195327648952
0.03843074080147295,0.0005010021030060121,2.9479354072337585,0.013036493509040294
0.03843074080147295,0.0006012025036072144,2.4566129210847727,0.015643791690431633
0.03843074080147295,0.0007014029042084169,2.1056682681073426,0.018251089871822973
0.03843074080147295,0.0008016033048096193,1.8424597674291854,0.020858388053214317
0.03843074080147295,0.0009018037054108217,1.6377420381935308,0.023465686234605657
0.03843074080147295,0.0010020041060120242,1.4739678507188416,0.026072984415996998
0.03843074080147295,0.0011022045066132265,1.3399707855379535,0.028680282597388335
0.03843074080147295,0.0012024049072144288,1.2283065626965322,0.031287580778779675
0.03843074080147295,0.0013026053078156314,1.1338214497426558,0.033894878960171015
0.03843074080147295,0.0014028057084168337,1.0528342091056995,0.036502177141562356
0.03843074080147295,0.0015030061090180362,0.9826452665018904,0.0391094753229537
0.03843074080147295,0.0016032065096192386,0.9212299411763033,0.04171677350434504
0.03843074080147295,0.0017034069102204409,0.8670399478177921,0.04432407168573638
0.03843074080147295,0.0018036073108216434,0.8188710644986117,0.046931369867127724
0.03843074080147295,0.0019038077114228457,0.7757725896835416,0.04953866804851906
0.03843074080147295,0.0020040081120240483,0.736983962134917,0.052145966229910405
0.03843074080147295,0.0021042085126252506,0.701889489415363,0.054753264411301746
0.03843074080147295,0.002204408913226453,0.6699854231619492,0.05736056259269308
0.03843074080147295,0.0023046093138276553,0.6408556234188879,0.05996786077408442
0.03843074080147295,0.0024048097144288576,0.6141533068868057,0.06257515895547576
0.03843074080147295,0.0025050101150300604,0.5895871755920133,0.06518245713686711
0.03843074080147295,0.0026052105156312627,0.5669107466319773,0.06778975531825844
0.038528528945751504,1e-10,14844475.427236116,2.59547931717821e-09
0.038528528945751504,0.0001002005006012024,14.81477172086901,0.002600683268813236
0.038528528945751504,0.00020040090120240482,7.407389556718211,0.005201363942147155
0.038528528945751504,0.0003006013018036072,4.938260525875735,0.0078020446154810725
0.038528528945751504,0.0004008017024048096,3.7036957024307244,0.010402725288814993
0.038528528945751504,0.0005010021030060121,2.9629567097960825,0.013003405962148913
0.038528528945751504,0.0006012025036072144,2.4691306736364664,0.015604086635482831
0.038528528945751504,0.0007014029042084169,2.1163977705494625,0.01820476730881675
0.038528528945751504,0.0008016033048096193,1.8518480822333532,0.02080544798215067
0.038528528945751504,0.0009018037054108217,1.64608720702402,0.02340612865548459
0.038528528945751504,0.0010020041060120242,1.4814785027495665,0.02600680932881851
0.038528528945751504,0.0011022045066132265,1.3467986510823782,0.028607490002152427
0.038528528945751504,0.0012024049072144288,1.2345654394929089,0.03120817067548634
0.038528528945751504,0.0013026053078156314,1.1395988745147336,0.033808851348820265
0.038528528945751504,0.0014028057084168337,1.0581989607091893,0.03640953202215418
0.038528528945751504,0.0015030061090180362,0.9876523680222766,0.03901021269548811
0.038528528945751504,0.0016032065096192386,0.9259240988711852,0.04161089336882202
0.038528528945751504,0.0017034069102204409,0.871457978605656,0.044211574042155935
0.038528528945751504,0.0018036073108216434,0.8230436491452029,0.04681225471548986
0.038528528945751504,0.0019038077114228457,0.7797255646234263,0.04941293538882378
0.038528528945751504,0.0020040081120240483,0.7407392883376702,0.0520136160621577
0.038528528945751504,0.0021042085126252506,0.7054659905693408,0.05461429673549162
0.038528528945751504,0.002204408913226453,0.6733993560890299,0.057214977408825536
0.038528528945751504,0.0023046093138276553,0.6441211244860144,0.05981565808215945
0.038528528945751504,0.0024048097144288576,0.6172827454151265,0.062416338755493364
0.038528528945751504,0.0025050101150300604,0.5925914365841984,0.06501701942882729
0.038528528945751504,0.0026052105156312627,0.5697994591288983,0.06761770010216121
0.03862631709003006,1e-10,14919923.719395483,2.588908483480846e-09
0.03862631709003006,0.0001002005006012024,14.890069041447928,0.002594099260554805
0.03862631709003006,0.00020040090120240482,7.4450382357943425,0.005188195932201127
0.03862631709003006,0.0003006013018036072,4.963359649434641,0.0077822926038474466
0.03862631709003006,0.0004008017024048096,3.7225200466654615,0.01037638927549377
0.03862631709003006,0.0005010021030060121,2.97801618593534,0.012970485947140092
0.03862631709003006,0.0006012025036072144,2.4816802375033298,0.015564582618786411
0.03862631709003006,0.0007014029042084169,2.1271545398338034,0.018158679290432734
0.03862631709003006,0.0008016033048096193,1.86126025552489,0.020752775962079056
0.03862631709003006,0.0009018037054108217,1.654453583399131,0.02334687263372538
0.03862631709003006,0.0010020041060120242,1.489008241570663,0.0259409693053717
0.03862631709003006,0.0011022045066132265,1.3536438682545706,0.02853506597701802
0.03862631709003006,0.0012024049072144288,1.240840221948193,0.03112916264866434
0.03862631709003006,0.0013026053078156314,1.145390981433589,0.033723259320310665
0.03862631709003006,0.0014028057084168337,1.063577345734762,0.036317355991956984
0.03862631709003006,0.0015030061090180362,0.9926721940700004,0.03891145266360331
0.03862631709003006,0.0016032065096192386,0.9306301858104957,0.04150554933524963
0.03862631709003006,0.0017034069102204409,0.8758872369177292,0.04409964600689595
0.03862631709003006,0.0018036073108216434,0.827226837564693,0.046693742678542274
0.03862631709003006,0.0019038077114228457,0.783688585242929,0.04928783935018859
0.03862631709003006,0.0020040081120240483,0.7445041579360854,0.05188193602183492
0.03862631709003006,0.0021042085126252506,0.7090515806715896,0.05447603269348124
0.03862631709003006,0.002204408913226453,0.676821964830388,0.05707012936512756
0.03862631709003006,0.0023046093138276553,0.6473949241581185,0.059664226036773876
0.03862631709003006,0.0024048097144288576,0.6204201367732318,0.062258322708420195
0.03862631709003006,0.0025050101150300604,0.5956033322929892,0.06485241938006653
0.03862631709003006,0.0026052105156312627,0.5726955126994898,0.06744651605171284
0.038724105234308616,1e-10,14995563.261978079,2.5823708358121707e-09
0.038724105234308616,0.0001002005006012024,14.965557229759122,0.0025875485048632496
0.038724105234308616,0.00020040090120240482,7.482782348784234,0.005175094427355664
0.038724105234308616,0.0003006013018036072,4.988522395613303,0.007762640349848077
0.038724105234308616,0.0004008017024048096,3.7413921078689842,0.010350186272340491
0.038724105234308616,0.0005010021030060121,2.9931138356515303,0.012937732194832907
0.038724105234308616,0.0006012025036072144,2.4942616126853623,0.01552527811732532
0.038724105234308616,0.0007014029042084169,2.137938575960366,0.018112824039817736
0.038724105234308616,0.0008016033048096193,1.870696287303796,0.020700369962310148
0.038724105234308616,0.0009018037054108217,1.662841167318864,0.023287915884802564
0.038724105234308616,0.0010020041060120242,1.4965570671821309,0.02587546180729498
0.038724105234308616,0.0011022045066132265,1.3605064370545308,0.028463007729787392
0.038724105234308616,0.0012024049072144288,1.2471309100623846,0.0310505536522798
0.038724105234308616,0.0013026053078156314,1.1511977704992222,0.03363809957477222
0.038724105234308616,0.0014028057084168337,1.0689693641824172,0.03622564549726463
0.038724105234308616,0.0015030061090180362,0.9977047446450619,0.03881319141975705
0.038724105234308616,0.0016032065096192386,0.935348201994235,0.041400737342249465
0.038724105234308616,0.0017034069102204409,0.8803277227540116,0.04398828326474187
0.038724105234308616,0.0018036073108216434,0.831420629757082,0.04657582918723429
0.038724105234308616,0.0019038077114228457,0.7876616515420493,0.0491633751097267
0.038724105234308616,0.0020040081120240483,0.7482785709301625,0.05175092103221912
0.038724105234308616,0.0021042085126252506,0.7126462597221094,0.054338466954711534
0.038724105234308616,0.002204408913226453,0.6802532493860237,0.056926012877203946
0.038724105234308616,0.0023046093138276553,0.6506770224351999,0.05951355879969636
0.038724105234308616,0.0024048097144288576,0.6235654809611215,0.06210110472218877
0.038724105234308616,0.0025050101150300604,0.5986228627183859,0.0646886506446812
0.038724105234308616,0.0026052105156312627,0.5755989073437522,0.06727619656717361
0.03882189337858717,1e-10,15071394.054983905,2.57586612339615e-09
0.03882189337858717,0.0001002005006012024,15.041236285802597,0.002581030750459728
0.03882189337858717,0.00020040090120240482,7.520621895687886,0.005162058925053333
0.03882189337858717,0.0003006013018036072,5.013748764411722,0.0077430870996469375
0.03882189337858717,0.0004008017024048096,3.7603118860412925,0.010324115274240543
0.03882189337858717,0.0005010021030060121,3.0082496589446546,0.01290514344883415
0.03882189337858717,0.0006012025036072144,2.5068747991825644,0.015486171623427752
0.03882189337858717,0.0007014029042084169,2.148749878929151,0.01806719979802136
0.03882189337858717,0.0008016033048096193,1.8801561775700713,0.020648227972614962
0.03882189337858717,0.0009018037054108217,1.6712499587832197,0.02322925614720857
0.03882189337858717,0.0010020041060120242,1.5041249795839706,0.025810284321802174
0.03882189337858717,0.0011022045066132265,1.3673863574822593,0.028391312496395777
0.03882189337858717,0.0012024049072144288,1.2534375038354841,0.03097234067098938
0.03882189337858717,0.0013026053078156314,1.1570192417116334,0.03355336884558299
0.03882189337858717,0.0014028057084168337,1.074375016052155,0.036134397020176595
0.03882189337858717,0.0015030061090180362,1.002750019747461,0.0387154251947702
0.03882189337858717,0.0016032065096192386,0.9400781474224029,0.04129645336936381
0.03882189337858717,0.0017034069102204409,0.8847794361145036,0.04387748154395741
0.03882189337858717,0.0018036073108216434,0.8356250257223701,0.04645850971855101
0.03882189337858717,0.0019038077114228457,0.7916447635207876,0.049039537893144615
0.03882189337858717,0.0020040081120240483,0.7520625273199018,0.051620566067738224
0.03882189337858717,0.0021042085126252506,0.7162500277209005,0.05420159424233183
0.03882189337858717,0.002204408913226453,0.6836932097559371,0.05678262241692543
0.03882189337858717,0.0023046093138276553,0.6539674193172589,0.05936365059151903
0.03882189337858717,0.0024048097144288576,0.6267187779787958,0.061944678766112635
0.03882189337858717,0.0025050101150300604,0.6016500278603883,0.06452570694070625
0.03882189337858717,0.0026052105156312627,0.5785096430616852,0.06710673511529985
0.038919681522865734,1e-10,15147416.098412963,2.56939409797711e-09
0.038919681522865734,0.0001002005006012024,15.117106209578354,0.002574545748590813
0.038919681522865734,0.00020040090120240482,7.558556876505301,0.005149088927787529
0.038919681522865734,0.0003006013018036072,5.039038755829898,0.007723632106984243
0.038919681522865734,0.0004008017024048096,3.7792793811823877,0.010298175286180959
0.038919681522865734,0.0005010021030060121,3.023423655814713,0.012872718465377676
0.038919681522865734,0.0006012025036072144,2.5195197969949366,0.015447261644574389
0.038919681522865734,0.0007014029042084169,2.1595884487401578,0.018021804823771106
0.038919681522865734,0.0008016033048096193,1.8896399263237162,0.02059634800296782
0.038919681522865734,0.0009018037054108217,1.6796799577921975,0.023170891182164536
0.038919681522865734,0.0010020041060120242,1.5117119787761821,0.025745434361361254
0.038919681522865734,0.0011022045066132265,1.3742836295377558,0.028319977540557966
0.038919681522865734,0.0012024049072144288,1.2597600032674914,0.03089452071975468
0.038919681522865734,0.0013026053078156314,1.1628553950708225,0.0334690638989514
0.038919681522865734,0.0014028057084168337,1.0797943013439761,0.03604360707814811
0.038919681522865734,0.0015030061090180362,1.0078080193771983,0.03861815025734483
0.038919681522865734,0.0016032065096192386,0.9448200220949997,0.04119269343654154
0.038919681522865734,0.0017034069102204409,0.889242376999205,0.04376723661573826
0.038919681522865734,0.0018036073108216434,0.8398400254605574,0.04634177979493498
0.038919681522865734,0.0019038077114228457,0.7956379211791439,0.04891632297413169
0.038919681522865734,0.0020040081120240483,0.7558560271053031,0.05149086615332841
0.038919681522865734,0.0021042085126252506,0.7198628846679628,0.05406540933252512
0.038919681522865734,0.002204408913226453,0.6871418459401281,0.05663995251172183
0.038919681522865734,0.0023046093138276553,0.6572661148042955,0.05921449569091855
0.038919681522865734,0.0024048097144288576,0.6298800278262546,0.06178903887011526
0.038919681522865734,0.0025050101150300604,0.6046848277189968,0.06436358204931199
0.038919681522865734,0.0026052105156312627,0.581427719853289,0.0669381252285087
0.03901746966714429,1e-10,15223629.392265249,2.562954513788158e-09
0.03901746966714429,0.0001002005006012024,15.193167001086385,0.0025680932529968475
0.03901746966714429,0.00020040090120240482,7.596587291236475,0.005136183943039181
0.03901746966714429,0.0003006013018036072,5.0643923698678295,0.007704274633081514
0.03901746966714429,0.0004008017024048096,3.7982945932922676,0.01027236532312385
0.03901746966714429,0.0005010021030060121,3.038635826261704,0.012840456013166184
0.03901746966714429,0.0006012025036072144,2.5321966061224774,0.015408546703208516
0.03901746966714429,0.0007014029042084169,2.1704542853933857,0.01797663739325085
0.03901746966714429,0.0008016033048096193,1.8991475335647299,0.020544728083293187
0.03901746966714429,0.0009018037054108217,1.6881311643457972,0.02311281877333552
0.03901746966714429,0.0010020041060120242,1.519318064758765,0.025680909463377855
0.03901746966714429,0.0011022045066132265,1.3811982532210203,0.028249000153420186
0.03901746966714429,0.0012024049072144288,1.2660984083584057,0.030817090843462517
0.03901746966714429,0.0013026053078156314,1.1687062305767892,0.03338518153350485
0.03901746966714429,0.0014028057084168337,1.0852272200578796,0.03595327222354719
0.03901746966714429,0.0015030061090180362,1.0128787435342728,0.03852136291358952
0.03901746966714429,0.0016032065096192386,0.9495738260120251,0.04108945360363186
0.03901746966714429,0.0017034069102204409,0.8937165454081158,0.04365754429367419
0.03901746966714429,0.0018036073108216434,0.8440656289716435,0.046225634983716526
0.03901746966714429,0.0019038077114228457,0.7996411245171178,0.04879372567375886
0.03901746966714429,0.0020040081120240483,0.7596590702863664,0.051361816363801195
0.03901746966714429,0.0021042085126252506,0.7234848305632962,0.053929907053843526
0.03901746966714429,0.002204408913226453,0.6905991579385964,0.05649799774388586
0.03901746966714429,0.0023046093138276553,0.6605731088963095,0.05906608843392819
0.03901746966714429,0.0024048097144288576,0.6330492305034979,0.06163417912397052
0.03901746966714429,0.0025050101150300604,0.6077272622942109,0.06420226981401286
0.03901746966714429,0.0026052105156312627,0.5843531377185635,0.06677036050405519
0.039115257811422846,1e-10,15300033.936540758,2.5565471275200687e-09
0.039115257811422846,0.0001002005006012024,15.269418660326693,0.002561673019880769
0.039115257811422846,0.00020040090120240482,7.634713139881408,0.005123343483214411
0.039115257811422846,0.0003006013018036072,5.089809606525517,0.007685013946548051
0.039115257811422846,0.0004008017024048096,3.8173575223709326,0.010246684409881694
0.039115257811422846,0.0005010021030060121,3.053886170285628,0.012808354873215338
0.039115257811422846,0.0006012025036072144,2.5449052265651875,0.015370025336548977
0.039115257811422846,0.0007014029042084169,2.181347388888835,0.01793169579988262
0.039115257811422846,0.0008016033048096193,1.9086789992931126,0.02049336626321626
0.039115257811422846,0.0009018037054108217,1.6966035784440188,0.023055036726549905
0.039115257811422846,0.0010020041060120242,1.526943237531719,0.025616707189883545
0.039115257811422846,0.0011022045066132265,1.3881302285320523,0.028178377653217186
0.039115257811422846,0.0012024049072144288,1.2724527191082275,0.030740048116550824
0.039115257811422846,0.0013026053078156314,1.1745717482295337,0.03330171857988447
0.039115257811422846,0.0014028057084168337,1.0906737721938657,0.03586338904321811
0.039115257811422846,0.0015030061090180362,1.017962192218685,0.038425059506551756
0.039115257811422846,0.0016032065096192386,0.9543395591734789,0.040986729969885394
0.039115257811422846,0.0017034069102204409,0.8982019413412357,0.04354840043321903
0.039115257811422846,0.0018036073108216434,0.8483018362556284,0.04611007089655268
0.039115257811422846,0.0019038077114228457,0.8036543735347095,0.04867174135988632
0.039115257811422846,0.0020040081120240483,0.7634716568630915,0.051233411823219964
0.039115257811422846,0.0021042085126252506,0.7271158654069004,0.0537950822865536
0.039115257811422846,0.002204408913226453,0.6940651457513423,0.056356752749887246
0.039115257811422846,0.0023046093138276553,0.6638884015933009,0.05891842321322088
0.039115257811422846,0.0024048097144288576,0.6362263860105255,0.06148009367655452
0.039115257811422846,0.0025050101150300604,0.6107773315860306,0.06404176413988817
0.039115257811422846,0.0026052105156312627,0.5872858966575084,0.06660343460322181
0.0392130459557014,1e-10,15376629.7312395,2.550171698290641e-09
0.0392130459557014,0.0001002005006012024,15.34586118729928,0.0025552848078774074
0.0392130459557014,0.00020040090120240482,7.672934422440102,0.005110567065583117
0.0392130459557014,0.0003006013018036072,5.1152904658029605,0.007665849323288824
0.0392130459557014,0.0004008017024048096,3.836468168418384,0.010221131580994535
0.0392130459557014,0.0005010021030060121,3.0691746878864854,0.012776413838700245
0.0392130459557014,0.0006012025036072144,2.557645658323067,0.015331696096405953
0.0392130459557014,0.0007014029042084169,2.1922677592265067,0.01788697835411166
0.0392130459557014,0.0008016033048096193,1.9182343235088644,0.02044226061181737
0.0392130459557014,0.0009018037054108217,1.7050972000868627,0.02299754286952308
0.0392130459557014,0.0010020041060120242,1.5345874970950448,0.02555282512722879
0.0392130459557014,0.0011022045066132265,1.3950795554708524,0.0281081073849345
0.0392130459557014,0.0012024049072144288,1.278822935516957,0.030663389642640208
0.0392130459557014,0.0013026053078156314,1.1804519480290558,0.03321867190034592
0.0392130459557014,0.0014028057084168337,1.0961339577519345,0.035773954158051624
0.0392130459557014,0.0015030061090180362,1.0230583654304348,0.03832923641575734
0.0392130459557014,0.0016032065096192386,0.9591172215793615,0.040884518673463044
0.0392130459557014,0.0017034069102204409,0.902698564798565,0.043439800931168754
0.0392130459557014,0.0018036073108216434,0.8525486473125123,0.045995083188874464
0.0392130459557014,0.0019038077114228457,0.807677668231919,0.048550365446580174
0.0392130459557014,0.0020040081120240483,0.7672937868354787,0.051105647704285884
0.0392130459557014,0.0021042085126252506,0.7307559891987759,0.053660929961991594
0.0392130459557014,0.002204408913226453,0.6975398093783656,0.0562162122196973
0.0392130459557014,0.0023046093138276553,0.6672119928952698,0.058771494477403007
0.0392130459557014,0.0024048097144288576,0.6394114943473377,0.061326776735108716
0.0392130459557014,0.0025050101150300604,0.6138350355944563,0.06388205899281443
0.0392130459557014,0.0026052105156312627,0.5902259966701242,0.06643734125052014
0.0392130459557014,0.002705410916232465,0.5683657753792493,0.06899262350822585
0.03931083409997996,1e-10,15453416.77636147,2.5438279876145135e-09
0.03931083409997996,0.0001002005006012024,15.422494582004145,0.0025489283780232353
0.03931083409997996,0.00020040090120240482,7.711251138912557,0.005097854212218483
0.03931083409997996,0.0003006013018036072,5.140834947700161,0.00764678004641373
0.03931083409997996,0.0004008017024048096,3.8556265314346203,0.01019570588060898
0.03931083409997996,0.0005010021030060121,3.0845013790642763,0.012744631714804229
0.03931083409997996,0.0006012025036072144,2.5704179013961164,0.015293557548999474
0.03931083409997996,0.0007014029042084169,2.2032153964063994,0.017842483383194722
0.03931083409997996,0.0008016033048096193,1.9278135062119854,0.02039140921738997
0.03931083409997996,0.0009018037054108217,1.7136120292743287,0.022940335051585218
0.03931083409997996,0.0010020041060120242,1.542250843448742,0.02548926088578047
0.03931083409997996,0.0011022045066132265,1.4020462340374202,0.028038186719975714
0.03931083409997996,0.0012024049072144288,1.2852090575845938,0.03058711255417096
0.03931083409997996,0.0013026053078156314,1.186346829975356,0.033136038388366214
0.03931083409997996,0.0014028057084168337,1.101607776732086,0.035684964222561455
0.03931083409997996,0.0015030061090180362,1.0281672631695224,0.03823389005675671
0.03931083409997996,0.0016032065096192386,0.9639068132296729,0.04078281589095195
0.03931083409997996,0.0017034069102204409,0.9072064157801037,0.0433317417251472
0.03931083409997996,0.0018036073108216434,0.8568060621422953,0.04588066755934245
0.03931083409997996,0.0019038077114228457,0.8117110086087462,0.048429593393537695
0.03931083409997996,0.0020040081120240483,0.7711254602035278,0.05097851922773295
0.03931083409997996,0.0021042085126252506,0.7344052019389226,0.05352744506192819
0.03931083409997996,0.002204408913226453,0.7010231488196665,0.05607637089612344
0.03931083409997996,0.0023046093138276553,0.6705438828022161,0.05862529673031869
0.03931083409997996,0.0024048097144288576,0.6426045555139341,0.06117422256451393
0.03931083409997996,0.0025050101150300604,0.6169003743194876,0.06372314839870918
0.03931083409997996,0.0026052105156312627,0.5931734377564105,0.06627207423290443
0.03931083409997996,0.002705410916232465,0.5712040519848934,0.06882100006709968
0.03940862224425852,1e-10,15530395.071906675,2.5375157593734225e-09
0.03940862224425852,0.0001002005006012024,15.499318844441293,0.002542603493726572
0.03940862224425852,0.00020040090120240482,7.749663289298775,0.0050852044499373845
0.03940862224425852,0.0003006013018036072,5.166443052217119,0.0076278054061481955
0.03940862224425852,0.0004008017024048096,3.8748326114196443,0.010170406362359009
0.03940862224425852,0.0005010021030060121,3.099866243819002,0.012713007318569823
0.03940862224425852,0.0006012025036072144,2.5832219557843357,0.015255608274780633
0.03940862224425852,0.0007014029042084169,2.214190300428515,0.017798209230991447
0.03940862224425852,0.0008016033048096193,1.9374165474024763,0.02034081018720226
0.03940862224425852,0.0009018037054108217,1.7221480660064172,0.022883411143413072
0.03940862224425852,0.0010020041060120242,1.5499332765928115,0.025426012099623887
0.03940862224425852,0.0011022045066132265,1.4090302642317567,0.027968613055834698
0.03940862224425852,0.0012024049072144288,1.2916110853111387,0.030511214012045505
0.03940862224425852,0.0013026053078156314,1.1922563940684343,0.03305381496825632
0.03940862224425852,0.0014028057084168337,1.1070952291343206,0.035596415924467134
0.03940862224425852,0.0015030061090180362,1.0332888854359479,0.03813901688067795
0.03940862224425852,0.0016032065096192386,0.9687083341244132,0.040681617836888756
0.03940862224425852,0.0017034069102204409,0.911725494285852,0.04322421879309957
0.03940862224425852,0.0018036073108216434,0.8610740807449775,0.045766819749310385
0.03940862224425852,0.0019038077114228457,0.8157543946651917,0.048309420705521196
0.03940862224425852,0.0020040081120240483,0.7749666769672392,0.050852021661732014
0.03940862224425852,0.0021042085126252506,0.7380635036273405,0.053394622617942825
0.03940862224425852,0.002204408913226453,0.7045151640752452,0.055937223574153636
0.03940862224425852,0.0023046093138276553,0.6738840713141403,0.05847982453036444
0.03940862224425852,0.0024048097144288576,0.6458055695103154,0.06102242548657525
0.03940862224425852,0.0025050101150300604,0.619973347761125,0.06356502644278607
0.03940862224425852,0.0026052105156312627,0.5961282199163679,0.06610762739899688
0.03940862224425852,0.002705410916232465,0.5740493977726011,0.06865022835520769
0.039506410388537076,1e-10,15607564.617875103,2.5312347797869116e-09
0.039506410388537076,0.0001002005006012024,15.576333974610714,0.0025363099207382288
0.039506410388537076,0.00020040090120240482,7.788170873598752,0.005072617310241678
0.039506410388537076,0.0003006013018036072,5.192114779353831,0.007608924699745125
0.039506410388537076,0.0004008017024048096,3.894086408373452,0.010145232089248574
0.039506410388537076,0.0005010021030060121,3.11526928215066,0.012681539478752026
0.039506410388537076,0.0006012025036072144,2.5960578214877237,0.015217846868255473
0.039506410388537076,0.0007014029042084169,2.2251924712928517,0.017754154257758923
0.039506410388537076,0.0008016033048096193,1.947043447080336,0.02029046164726237
0.039506410388537076,0.0009018037054108217,1.7307053102831276,0.022826769036765823
0.039506410388537076,0.0010020041060120242,1.5576347965272521,0.02536307642626927
0.039506410388537076,0.0011022045066132265,1.4160316460538604,0.027899383815772717
0.039506410388537076,0.0012024049072144288,1.2980290186965908,0.030435691205276165
0.039506410388537076,0.0013026053078156314,1.19818064030829,0.03297199859477962
0.039506410388537076,0.0014028057084168337,1.1125963149586378,0.03550830598428306
0.039506410388537076,0.0015030061090180362,1.038423232229711,0.038044613373786514
0.039506410388537076,0.0016032065096192386,0.9735217842635818,0.040580920763289965
0.039506410388537076,0.0017034069102204409,0.9162558003158094,0.04311722815279341
0.039506410388537076,0.0018036073108216434,0.8653527031205585,0.04565353554229686
0.039506410388537076,0.0019038077114228457,0.8198078264012547,0.04818984293180031
0.039506410388537076,0.0020040081120240483,0.7788174371266123,0.05072615032130376
0.039506410388537076,0.0021042085126252506,0.7417308942640294,0.05326245771080721
0.039506410388537076,0.002204408913226453,0.7080158551451012,0.055798765100310656
0.039506410388537076,0.0023046093138276553,0.6772325584310417,0.0583350724898141
0.039506410388537076,0.0024048097144288576,0.649014536336481,0.06087137987931755
0.039506410388537076,0.0025050101150300604,0.6230539559193681,0.06340768726882101
0.039506410388537076,0.0026052105156312627,0.5990903431499957,0.06594399465832446
0.039506410388537076,0.002705410916232465,0.5769018127423718,0.0684803020478279
0.03960419853281563,1e-10,15684925.41426676,2.5249848173834657e-09
0.03960419853281563,0.0001002005006012024,15.653539972512414,0.0025300474271225887
0.03960419853281563,0.00020040090120240482,7.826773891812488,0.005060092329260361
0.03960419853281563,0.0003006013018036072,5.2178501291103,0.007590137231398131
0.03960419853281563,0.0004008017024048096,3.913387922296046,0.010120182133535903
0.03960419853281563,0.0005010021030060121,3.130710494059251,0.012650227035673678
0.03960419853281563,0.0006012025036072144,2.608925498506281,0.015180271937811447
0.03960419853281563,0.0007014029042084169,2.2362219089994095,0.017710316839949218
0.03960419853281563,0.0008016033048096193,1.9566942052455645,0.02024036174208699
0.03960419853281563,0.0009018037054108217,1.7392837621044597,0.022770406644224764
0.03960419853281563,0.0010020041060120242,1.565355403252064,0.025300451546362537
0.03960419853281563,0.0011022045066132265,1.4230503795037324,0.027830496448500306
0.03960419853281563,0.0012024049072144288,1.3044628577409503,0.030360541350638075
0.03960419853281563,0.0013026053078156314,1.2041195686949233,0.03289058625277585
0.03960419853281563,0.0014028057084168337,1.1181110342050373,0.03542063115491362
0.03960419853281563,0.0015030061090180362,1.0435703035508113,0.037950676057051394
0.03960419853281563,0.0016032065096192386,0.9783471636471791,0.04048072095918916
0.03960419853281563,0.0017034069102204409,0.9207973338699762,0.04301076586132693
0.03960419853281563,0.0018036073108216434,0.8696419292690383,0.04554081076346471
0.03960419853281563,0.0019038077114228457,0.8238713038169355,0.04807085566560248
0.03960419853281563,0.0020040081120240483,0.7826777406816474,0.050600900567740255
0.03960419853281563,0.0021042085126252506,0.7454073738489894,0.053130945469878024
0.03960419853281563,0.002204408913226453,0.7115252220292347,0.055660990372015794
0.03960419853281563,0.0023046093138276553,0.6805893441529205,0.05819103527415356
0.03960419853281563,0.0024048097144288576,0.6522314559924309,0.06072108017629133
0.03960419853281563,0.0025050101150300604,0.6261421987942168,0.06325112507842912
0.03960419853281563,0.0026052105156312627,0.6020598074572941,0.06578116998056688
0.03960419853281563,0.002705410916232465,0.579761296894206,0.06831121488270465
0.03970198667709419,1e-10,15762477.461081645,2.5187656429720777e-09
0.03970198667709419,0.0001002005006012024,15.730936838146391,0.002523815783229116
0.03970198667709419,0.00020040090120240482,7.865472343939985,0.00504762904769259
0.03970198667709419,0.0003006013018036072,5.2436491014865245,0.007571442312156062
0.03970198667709419,0.0004008017024048096,3.932737153187425,0.010095255576619536
0.03970198667709419,0.0005010021030060121,3.1461898795447754,0.012619068841083011
0.03970198667709419,0.0006012025036072144,2.621824986840007,0.015142882105546483
0.03970198667709419,0.0007014029042084169,2.2472786135481893,0.017666695370009956
0.03970198667709419,0.0008016033048096193,1.966368821898162,0.02019050863447343
0.03970198667709419,0.0009018037054108217,1.747883421470414,0.022714321898936903
0.03970198667709419,0.0010020041060120242,1.5730950967672475,0.02523813516340038
0.03970198667709419,0.0011022045066132265,1.430086464581372,0.02776194842786385
0.03970198667709419,0.0012024049072144288,1.3109126024442173,0.030285761692327322
0.03970198667709419,0.0013026053078156314,1.2100731792283346,0.0328095749567908
0.03970198667709419,0.0014028057084168337,1.1236393868735197,0.03533338822125427
0.03970198667709419,0.0015030061090180362,1.0487300993992494,0.037857201485717744
0.03970198667709419,0.0016032065096192386,0.983184472275205,0.040381014750181216
0.03970198667709419,0.0017034069102204409,0.9253500949483523,0.04290482801464469
0.03970198667709419,0.0018036073108216434,0.8739417591904171,0.045428641279108166
0.03970198667709419,0.0019038077114228457,0.827944826912234,0.04795245454357164
0.03970198667709419,0.0020040081120240483,0.7865475876323446,0.05047626780803511
0.03970198667709419,0.0021042085126252506,0.7490929423822204,0.05300008107249858
0.03970198667709419,0.002204408913226453,0.7150432647276457,0.05552389433696205
0.03970198667709419,0.0023046093138276553,0.6839544284797767,0.058047707601425524
0.03970198667709419,0.0024048097144288576,0.6554563284781654,0.060571520865888996
0.03970198667709419,0.0025050101150300604,0.6292380763856713,0.06309533413035248
0.03970198667709419,0.0026052105156312627,0.6050366128382633,0.06561914739481595
0.03970198667709419,0.002705410916232465,0.5826278502281034,0.06814296065927943
0.039799774821372744,1e-10,15840220.758319756,2.5125770296142313e-09
0.039799774821372744,0.0001002005006012024,15.808524571512645,0.002517614761664281
0.039799774821372744,0.00020040090120240482,7.904266229981242,0.005035227010751533
0.039799774821372744,0.0003006013018036072,5.269511696482506,0.007552839259838784
0.039799774821372744,0.0004008017024048096,3.9521341010475894,0.010070451508926036
0.039799774821372744,0.0005010021030060121,3.161707438607233,0.01258806375801329
0.039799774821372744,0.0006012025036072144,2.634756286488903,0.015105676007100539
0.039799774821372744,0.0007014029042084169,2.2583625849391904,0.01762328825618779
0.039799774821372744,0.0008016033048096193,1.9760672970381288,0.020140900505275044
0.039799774821372744,0.0009018037054108217,1.7565042883809905,0.022658512754362297
0.039799774821372744,0.0010020041060120242,1.5808538770728024,0.02517612500344955
0.039799774821372744,0.0011022045066132265,1.4371399012867794,0.0276937372525368
0.039799774821372744,0.0012024049072144288,1.3173782528063918,0.03021134950162405
0.039799774821372744,0.0013026053078156314,1.2160414719085235,0.032728961750711306
0.039799774821372744,0.0014028057084168337,1.1291813729640847,0.03524657399979855
0.039799774821372744,0.0015030061090180362,1.0539026197750254,0.037764186248885806
0.039799774821372744,0.0016032065096192386,0.9880337101476595,0.04028179849797306
0.039799774821372744,0.0017034069102204409,0.9299140835509377,0.042799410747060306
0.039799774821372744,0.0018036073108216434,0.8782521928846948,0.045317022996147566
0.039799774821372744,0.0019038077114228457,0.8320283956871504,0.04783463524523481
0.039799774821372744,0.0020040081120240483,0.7904269779787035,0.050352247494322065
0.039799774821372744,0.0021042085126252506,0.7527875998637225,0.05286985974340932
0.039799774821372744,0.002204408913226453,0.7185699832403343,0.055387471992496565
0.039799774821372744,0.0023046093138276553,0.6873278114116105,0.05790508424158382
0.039799774821372744,0.0024048097144288576,0.6586891537936843,0.060422696490671064
0.039799774821372744,0.0025050101150300604,0.6323415886937316,0.06294030873975832
0.039799774821372744,0.0026052105156312627,0.608020759292903,0.06545792098884558
0.039799774821372744,0.002705410916232465,0.5855014727440639,0.06797553323793283
0.0398975629656513,1e-10,15918155.3059811,2.5064187525962984e-09
0.0398975629656513,0.0001002005006012024,15.886303172611179,0.0025114441372639036
0.0398975629656513,0.00020040090120240482,7.94315554993626,0.005022885768109055
0.0398975629656513,0.0003006013018036072,5.295437914098243,0.007534327398954205
0.0398975629656513,0.0004008017024048096,3.97157876587654,0.010045769029799357
0.0398975629656513,0.0005010021030060121,3.1772631712466244,0.01255721066064451
0.0398975629656513,0.0006012025036072144,2.6477193974529687,0.015068652291489659
0.0398975629656513,0.0007014029042084169,2.269473823172414,0.01758009392233481
0.0398975629656513,0.0008016033048096193,1.985789630665465,0.020091535553179964
0.0398975629656513,0.0009018037054108217,1.765146362836189,0.022602977184025114
0.0398975629656513,0.0010020041060120242,1.588631744168729,0.025114418814870268
0.0398975629656513,0.0011022045066132265,1.444210689619955,0.027625860445715415
0.0398975629656513,0.0012024049072144288,1.3238598088274738,0.030137302076560565
0.0398975629656513,0.0013026053078156314,1.2220244467354904,0.03264874370740572
0.0398975629656513,0.0014028057084168337,1.1347369924767325,0.03516018533825087
0.0398975629656513,0.0015030061090180362,1.059087864678139,0.037671626969096025
0.0398975629656513,0.0016032065096192386,0.9928948772645428,0.040183068599941175
0.0398975629656513,0.0017034069102204409,0.9344892996777325,0.04269451023078632
0.0398975629656513,0.0018036073108216434,0.8825732303518716,0.045205951861631476
0.0398975629656513,0.0019038077114228457,0.8361220101416846,0.047717393492476626
0.0398975629656513,0.0020040081120240483,0.7943159117207247,0.05022883512332178
0.0398975629656513,0.0021042085126252506,0.7564913462934957,0.05274027675416693
0.0398975629656513,0.002204408913226453,0.7221053775673003,0.055251718385012076
0.0398975629656513,0.0023046093138276553,0.6907094929484218,0.057763160015857226
0.0398975629656513,0.0024048097144288576,0.6619299319389876,0.060274601646702376
0.0398975629656513,0.0025050101150300604,0.6354527357183978,0.06278604327754754
0.0398975629656513,0.0026052105156312627,0.6110122468212136,0.06529748490839268
0.0398975629656513,0.002705410916232465,0.5883821644420879,0.06780892653923784
0.03999535110992986,1e-10,15996281.104065677,2.5002905894023382e-09
0.03999535110992986,0.0001002005006012024,15.964272641441998,0.002505303687065897
0.03999535110992986,0.00020040090120240482,7.982140303805042,0.005010604873841205
0.03999535110992986,0.0003006013018036072,5.321427754333739,0.007515906060616512
0.03999535110992986,0.0004008017024048096,3.991071147674278,0.01002120724739182
0.03999535110992986,0.0005010021030060121,3.1928570774629503,0.01252650843416713
0.03999535110992986,0.0006012025036072144,2.6607143197322047,0.015031809620942435
0.03999535110992986,0.0007014029042084169,2.280612328247859,0.017537110807717745
0.03999535110992986,0.0008016033048096193,1.995535822780171,0.020042411994493053
0.03999535110992986,0.0009018037054108217,1.7738096448360103,0.022547713181268362
0.03999535110992986,0.0010020041060120242,1.596428698055028,0.02505301436804367
0.03999535110992986,0.0011022045066132265,1.451298829580899,0.027558315554818975
0.03999535110992986,0.0012024049072144288,1.3303572705074638,0.03006361674159428
0.03999535110992986,0.0013026053078156314,1.2280221037092356,0.03256891792836959
0.03999535110992986,0.0014028057084168337,1.1403062454114634,0.0350742191151449
0.03999535110992986,0.0015030061090180362,1.0642858341085906,0.03757952030192021
0.03999535110992986,0.0016032065096192386,0.9977679736258552,0.040084821488695514
0.03999535110992986,0.0017034069102204409,0.9390757433287371,0.04259012267547082
0.03999535110992986,0.0018036073108216434,0.8869048715919478,0.04509542386224613
0.03999535110992986,0.0019038077114228457,0.840225670275837,0.047600725049021436
0.03999535110992986,0.0020040081120240483,0.798214388858408,0.05010602623579675
0.03999535110992986,0.0021042085126252506,0.7602041816715405,0.05261132742257205
0.03999535110992986,0.002204408913226453,0.7256494477085442,0.05511662860934736
0.03999535110992986,0.0023046093138276553,0.6940994730902108,0.05762192979612266
0.03999535110992986,0.0024048097144288576,0.6651786629140758,0.060127230982897975
0.03999535110992986,0.0025050101150300604,0.6385715174596699,0.0626325321696733
0.03999535110992986,0.0026052105156312627,0.614011075423195,0.0651378333564486
0.03999535110992986,0.002705410916232465,0.5912699253221755,0.0676431345432239
0.04009313925420842,1e-10,16074598.152573477,2.4941923196872993e-09
0.04009313925420842,0.0001002005006012024,16.042432978005085,0.002499193190283416
0.04009313925420842,0.00020040090120240482,8.02122049158758,0.004998383886374513
0.04009313925420842,0.0003006013018036072,5.347481217188989,0.007497574582465609
0.04009313925420842,0.0004008017024048096,4.010611246440799,0.009996765278556705
0.04009313925420842,0.0005010021030060121,3.208489157256208,0.012495955974647805
0.04009313925420842,0.0006012025036072144,2.673741053326609,0.0149951466707389
0.04009313925420842,0.0007014029042084169,2.291778100165526,0.017494337366829996
0.04009313925420842,0.0008016033048096193,2.0053058733822455,0.019993528062921092
0.04009313925420842,0.0009018037054108217,1.7824941343804532,0.02249271875901219
0.04009313925420842,0.0010020041060120242,1.6042447387316976,0.024991909455103288
0.04009313925420842,0.0011022045066132265,1.4584043211696103,0.027491100151194384
0.04009313925420842,0.0012024049072144288,1.3368706378463608,0.029990290847285477
0.04009313925420842,0.0013026053078156314,1.2340344428297578,0.03248948154337658
0.04009313925420842,0.0014028057084168337,1.1458891317682767,0.03498867223946767
0.04009313925420842,0.0015030061090180362,1.0694965280663793,0.03748786293555877
0.04009313925420842,0.0016032065096192386,1.0026529992315958,0.039987053631649866
0.04009313925420842,0.0017034069102204409,0.9436734145039506,0.04248624432774096
0.04009313925420842,0.0018036073108216434,0.8912471166049224,0.04498543502383206
0.04009313925420842,0.0019038077114228457,0.8443393760896069,0.04748462571992316
0.04009313925420842,0.0020040081120240483,0.802122409391753,0.04998381641601426
0.04009313925420842,0.0021042085126252506,0.7639261059978558,0.05248300711210535
0.04009313925420842,0.002204408913226453,0.7292021936640654,0.054982197808196444
0.04009313925420842,0.0023046093138276553,0.697497751836977,0.05748138850428754
0.04009313925420842,0.0024048097144288576,0.668435346718948,0.059980579200378636
0.04009313925420842,0.0025050101150300604,0.6416979339175476,0.06247976989646974
0.04009313925420842,0.0026052105156312627,0.6170172450988468,0.06497896059256084
0.04009313925420842,0.002705410916232465,0.594164755384326,0.06747815128865194
0.040190927398486974,1e-10,16153106.451504508,2.4881237252506045e-09
0.040190927398486974,0.0001002005006012024,16.120784182300454,0.0024931124282783915
0.040190927398486974,0.00020040090120240482,8.06039611328388,0.004986222368433059
0.040190927398486974,0.0003006013018036072,5.3735983026639955,0.007479332308587724
0.040190927398486974,0.0004008017024048096,4.0301990621761075,0.009972442248742391
0.040190927398486974,0.0005010021030060121,3.2241594106263998,0.012465552188897059
0.040190927398486974,0.0006012025036072144,2.6867995982361825,0.014958662129051723
0.040190927398486974,0.0007014029042084169,2.302971138925414,0.01745177206920639
0.040190927398486974,0.0008016033048096193,2.015099782471689,0.019944882009361058
0.040190927398486974,0.0009018037054108217,1.7911998314695181,0.022437991949515727
0.040190927398486974,0.0010020041060120242,1.6120798661987388,0.024931101889670394
0.040190927398486974,0.0011022045066132265,1.4655271643860897,0.027424211829825056
0.040190927398486974,0.0012024049072144288,1.3433999108441657,0.029917321769979723
0.040190927398486974,0.0013026053078156314,1.2400614640970582,0.03241043171013439
0.040190927398486974,0.0014028057084168337,1.1514856515471728,0.034903541650289055
0.040190927398486974,0.0015030061090180362,1.074719946551506,0.037396651590443725
0.040190927398486974,0.0016032065096192386,1.0075499540817652,0.03988976153059839
0.040190927398486974,0.0017034069102204409,0.9482823132033735,0.04238287147075306
0.040190927398486974,0.0018036073108216434,0.8955999653907962,0.04487598141090773
0.040190927398486974,0.0019038077114228457,0.8484631275829946,0.04736909135106239
0.040190927398486974,0.0020040081120240483,0.8060399733207602,0.04986220129121706
0.040190927398486974,0.0021042085126252506,0.7676571192724425,0.05235531123137172
0.040190927398486974,0.002204408913226453,0.7327636154338641,0.05484842117152639
0.040190927398486974,0.0023046093138276553,0.7009043291887208,0.057341531111681054
0.040190927398486974,0.0024048097144288576,0.6716999833536048,0.05983464105183572
0.040190927398486974,0.0025050101150300604,0.6448319850920311,0.062327750991990394
0.040190927398486974,0.0026052105156312627,0.6200307558481694,0.06482086093214506
0.040190927398486974,0.002705410916232465,0.5970666546285399,0.06731397087229972
0.04028871554276553,1e-10,16231806.000858767,2.482084590010132e-09
0.04028871554276553,0.0001002005006012024,16.199326254328103,0.0024870611845354542
0.04028871554276553,0.00020040090120240482,8.09966716889394,0.0049741198869863185
0.04028871554276553,0.0003006013018036072,5.399779010758758,0.007461178589437182
0.04028871554276553,0.0004008017024048096,4.0498345948802,0.009948237291888047
0.04028871554276553,0.0005010021030060121,3.2398678375735246,0.012435295994338912
0.04028871554276553,0.0006012025036072144,2.6998899544609256,0.014922354696789776
0.04028871554276553,0.0007014029042084169,2.314191444527524,0.01740941339924064
0.04028871554276553,0.0008016033048096193,2.0249175500485017,0.019896472101691504
0.04028871554276553,0.0009018037054108217,1.7999267361032052,0.02238353080414237
0.04028871554276553,0.0010020041060120242,1.6199340804561517,0.024870589506593235
0.04028871554276553,0.0011022045066132265,1.472667359230337,0.027357648209044096
0.04028871554276553,0.0012024049072144288,1.3499450895008778,0.02984470691149496
0.04028871554276553,0.0013026053078156314,1.246103167511136,0.03233176561394583
0.04028871554276553,0.0014028057084168337,1.1570958047481514,0.03481882431639669
0.04028871554276553,0.0015030061090180362,1.0799560895639702,0.03730588301884756
0.04028871554276553,0.0016032065096192386,1.0124588381763633,0.03979294172129842
0.04028871554276553,0.0017034069102204409,0.9529024394270058,0.042280000423749284
0.04028871554276553,0.0018036073108216434,0.8999634179495689,0.04476705912620015
0.04028871554276553,0.0019038077114228457,0.852596924756,0.047254117828651014
0.04028871554276553,0.0020040081120240483,0.8099670806454292,0.04974117653110188
0.04028871554276553,0.0021042085126252506,0.7713972214953002,0.052228235233552744
0.04028871554276553,0.002204408913226453,0.7363337130179404,0.054715293936003606
0.04028871554276553,0.0023046093138276553,0.704319205145442,0.05720235263845447
0.04028871554276553,0.0024048097144288576,0.6749725728180461,0.05968941134090533
0.04028871554276553,0.0025050101150300604,0.6479736709831203,0.062176470043356205
0.04028871554276553,0.0026052105156312627,0.6230516076711626,0.06466352874580707
0.04028871554276553,0.002705410916232465,0.5999756230548171,0.06715058744825793
0.040386503687044085,1e-10,16310696.800636256,2.4760746999765622e-09
0.040386503687044085,0.0001002005006012024,16.278059194088026,0.0024810392446362357
0.040386503687044085,0.00020040090120240482,8.139033658417762,0.004962076013197772
0.040386503687044085,0.0003006013018036072,5.426023341473277,0.007443112781759306
0.040386503687044085,0.0004008017024048096,4.069517844553079,0.009924149550320843
0.040386503687044085,0.0005010021030060121,3.255614438097583,0.012405186318882381
0.040386503687044085,0.0006012025036072144,2.7130121220008387,0.014886223087443914
0.040386503687044085,0.0007014029042084169,2.3254390169718557,0.01736725985600545
0.040386503687044085,0.0008016033048096193,2.0347591761126838,0.019848296624566986
0.040386503687044085,0.0009018037054108217,1.8086748482815145,0.022329333393128523
0.040386503687044085,0.0010020041060120242,1.6278073815039362,0.02481037016169006
0.040386503687044085,0.0011022045066132265,1.4798249057023523,0.027291406930251595
0.040386503687044085,0.0012024049072144288,1.3565061738164976,0.029772443698813128
0.040386503687044085,0.0013026053078156314,1.252159553071992,0.03225348046737467
0.040386503687044085,0.0014028057084168337,1.162719591371213,0.0347345172359362
0.040386503687044085,0.0015030061090180362,1.0852049571037723,0.03721555400449774
0.040386503687044085,0.0016032065096192386,1.01737965151539,0.03969659077305927
0.040386503687044085,0.0017034069102204409,0.9575337931748474,0.042177627541620806
0.040386503687044085,0.0018036073108216434,0.9043374742812407,0.044658664310182346
0.040386503687044085,0.0019038077114228457,0.8567407676086235,0.04713970107874388
0.040386503687044085,0.0020040081120240483,0.8139037313657603,0.04962073784730542
0.040386503687044085,0.0021042085126252506,0.7751464126664291,0.05210177461586695
0.040386503687044085,0.002204408913226453,0.7399124864162941,0.054582811384428484
0.040386503687044085,0.0023046093138276553,0.7077423797071408,0.05706384815299002
0.040386503687044085,0.0024048097144288576,0.6782531151122718,0.05954488492155156
0.040386503687044085,0.0025050101150300604,0.6511229915908154,0.062025921690113096
0.040386503687044085,0.0026052105156312627,0.6260798005678266,0.06450695845867463
0.040386503687044085,0.002705410916232465,0.6028916606631576,0.06698799522723617
0.04048429183132265,1e-10,16389778.850836977,2.4700938432281065e-09
0.04048429183132265,0.0001002005006012024,16.356983001580236,0.0024750463962340424
0.04048429183132265,0.00020040090120240482,8.178495581855348,0.004950090322374242
0.04048429183132265,0.0003006013018036072,5.4523312948075535,0.00742513424851444
0.04048429183132265,0.0004008017024048096,4.089248811194746,0.00990017817465464
0.04048429183132265,0.0005010021030060121,3.2713992121985758,0.012375222100794841
0.04048429183132265,0.0006012025036072144,2.7261661008559215,0.014850266026935038
0.04048429183132265,0.0007014029042084169,2.33671385625841,0.017325309953075237
0.04048429183132265,0.0008016033048096193,2.0446246606642355,0.01980035387921544
0.04048429183132265,0.0009018037054108217,1.8174441680044464,0.02227539780535564
0.04048429183132265,0.0010020041060120242,1.6356997693420927,0.024750441731495838
0.04048429183132265,0.0011022045066132265,1.486999803802136,0.027225485657636037
0.04048429183132265,0.0012024049072144288,1.3630831637910252,0.029700529583776232
0.04048429183132265,0.0013026053078156314,1.258230620779626,0.032175573509916434
0.04048429183132265,0.0014028057084168337,1.1683570114163573,0.03465061743605663
0.04048429183132265,0.0015030061090180362,1.0904665491709122,0.03712566136219684
0.04048429183132265,0.0016032065096192386,1.0223123940988457,0.039600705288337035
0.04048429183132265,0.0017034069102204409,0.9621763744468987,0.04207574921447723
0.04048429183132265,0.0018036073108216434,0.9087221343858116,0.04455079314061743
0.04048429183132265,0.0019038077114228457,0.8608946561408649,0.04702583706675763
0.04048429183132265,0.0020040081120240483,0.8178499254817536,0.04950088099289783
0.04048429183132265,0.0021042085126252506,0.7789046927858293,0.05197592491903803
0.04048429183132265,0.002204408913226453,0.7434999356289257,0.05445096884517823
0.04048429183132265,0.0023046093138276553,0.7111738528738172,0.056926012771318424
0.04048429183132265,0.0024048097144288576,0.6815416102362822,0.05940105669745862
0.04048429183132265,0.0025050101150300604,0.6542799469151165,0.06187610062359883
0.04048429183132265,0.0026052105156312627,0.6291153345381614,0.06435114454973903
0.04048429183132265,0.002705410916232465,0.6058147674535616,0.06682618847587922
0.040582079975601204,1e-10,16469052.151460921,2.4641418098855973e-09
0.040582079975601204,0.0001002005006012024,16.436097676804717,0.0024690824290288975
0.040582079975601204,0.00020040090120240482,8.21805293920669,0.004938162393915985
0.040582079975601204,0.0003006013018036072,5.478702870761585,0.007407242358803072
0.040582079975601204,0.0004008017024048096,4.109027494805195,0.00987632232369016
0.040582079975601204,0.0005010021030060121,3.287222159876501,0.01234540228857725
0.040582079975601204,0.0006012025036072144,2.739351891026173,0.014814482253464337
0.040582079975601204,0.0007014029042084169,2.348015962387185,0.017283562218351423
0.040582079975601204,0.0008016033048096193,2.054514003703156,0.019752642183238512
0.040582079975601204,0.0009018037054108217,1.8262346952719999,0.0222217221481256
0.040582079975601204,0.0010020041060120242,1.6436112439706203,0.02469080211301269
0.040582079975601204,0.0011022045066132265,1.4941920535296869,0.027159882077899777
0.040582079975601204,0.0012024049072144288,1.36967605942446,0.029628962042786863
0.040582079975601204,0.0013026053078156314,1.2643163706340375,0.03209804200767395
0.040582079975601204,0.0014028057084168337,1.1740080648835842,0.03456712197256104
0.040582079975601204,0.0015030061090180362,1.0957408657653893,0.03703620193744813
0.040582079975601204,0.0016032065096192386,1.0272570659267297,0.03950528190233522
0.040582079975601204,0.0017034069102204409,0.9668301832431591,0.0419743618672223
0.040582079975601204,0.0018036073108216434,0.9131173982632813,0.04444344183210939
0.040582079975601204,0.0019038077114228457,0.8650585903527239,0.046912521796996474
0.040582079975601204,0.0020040081120240483,0.8218056629934087,0.04938160176188357
0.040582079975601204,0.0021042085126252506,0.7826720618535005,0.05185068172677065
0.040582079975601204,0.002204408913226453,0.7470960606558344,0.05431976169165774
0.040582079975601204,0.0023046093138276553,0.7146136246454708,0.056788841656544825
0.040582079975601204,0.0024048097144288576,0.6848380581900769,0.05925792162143191
0.040582079975601204,0.0025050101150300604,0.6574445369560231,0.06172700158631901
0.040582079975601204,0.0026052105156312627,0.6321582095821667,0.0641960815512061
0.040582079975601204,0.002705410916232465,0.6087449434260287,0.06666516151609318
0.04067986811987976,1e-10,16548516.702508096,2.458218392087933e-09
0.04067986811987976,0.0001002005006012024,16.515403219761474,0.0024631471347429375
0.04067986811987976,0.00020040090120240482,8.257705730471791,0.004926291811267484
0.04067986811987976,0.0003006013018036072,5.505138069335373,0.007389436487792028
0.04067986811987976,0.0004008017024048096,4.128853895384431,0.009852581164316573
0.04067986811987976,0.0005010021030060121,3.303083281131359,0.012315725840841122
0.04067986811987976,0.0006012025036072144,2.7525694925115936,0.014778870517365665
0.04067986811987976,0.0007014029042084169,2.3593453353581815,0.017242015193890212
0.04067986811987976,0.0008016033048096193,2.0644272052294457,0.019705159870414758
0.04067986811987976,0.0009018037054108217,1.8350464300841753,0.022168304546939303
0.04067986811987976,0.0010020041060120242,1.6515418053895192,0.02463144922346385
0.04067986811987976,0.0011022045066132265,1.5014016548850058,0.027094593899988393
0.04067986811987976,0.0012024049072144288,1.3762848607168021,0.029557738576512938
0.04067986811987976,0.0013026053078156314,1.2704168026352267,0.03202088325303749
0.04067986811987976,0.0014028057084168337,1.1796727517728935,0.03448402792956203
0.04067986811987976,0.0015030061090180362,1.1010279068872044,0.03694717260608658
0.04067986811987976,0.0016032065096192386,1.0322136669990423,0.03941031728261112
0.04067986811987976,0.0017034069102204409,0.9714952195636287,0.04187346195913567
0.04067986811987976,0.0018036073108216434,0.9175232659136499,0.04433660663566021
0.04067986811987976,0.0019038077114228457,0.8692325702442006,0.04679975131218476
0.04067986811987976,0.0020040081120240483,0.8257709439007257,0.04926289598870931
0.04067986811987976,0.0021042085126252506,0.7864485198694426,0.051726040665233855
0.04067986811987976,0.002204408913226453,0.7507008614970209,0.05418918534175839
0.04067986811987976,0.0023046093138276553,0.718061695022102,0.05665233001828294
0.04067986811987976,0.0024048097144288576,0.688142458973656,0.059115474694807484
0.04067986811987976,0.0025050101150300604,0.6606167617135356,0.061578619371332036
0.04067986811987976,0.0026052105156312627,0.6352084256998426,0.06404176404785658
0.04067986811987976,0.002705410916232465,0.611682188580559,0.06650490872438113
0.040777656264158316,1e-10,16628172.503978498,2.4523233839678864e-09
0.040777656264158316,0.0001002005006012024,16.59489963045051,0.002457240307096169
0.040777656264158316,0.00020040090120240482,8.297453955650655,0.004914478161868955
0.040777656264158316,0.0003006013018036072,5.531636890528916,0.007371716016641739
0.040777656264158316,0.0004008017024048096,4.148728012932453,0.009828953871414525
0.040777656264158316,0.0005010021030060121,3.3189825759631506,0.012286191726187312
0.040777656264158316,0.0006012025036072144,2.7658189053121833,0.014743429580960095
0.040777656264158316,0.0007014029042084169,2.3707019751713996,0.01720066743573288
0.040777656264158316,0.0008016033048096193,2.074364265243104,0.019657905290505668
0.040777656264158316,0.0009018037054108217,1.8438793724409728,0.022115143145278453
0.040777656264158316,0.0010020041060120242,1.6594914535987897,0.024572381000051238
0.040777656264158316,0.0011022045066132265,1.5086286078680926,0.027029618854824022
0.040777656264158316,0.0012024049072144288,1.3829095676680518,0.029486856709596804
0.040777656264158316,0.0013026053078156314,1.2765319167831937,0.03194409456436959
0.040777656264158316,0.0014028057084168337,1.1853510720842857,0.03440133241914237
0.040777656264158316,0.0015030061090180362,1.1063276725363569,0.03685857027391517
0.040777656264158316,0.0016032065096192386,1.0371821973157835,0.03931580812868795
0.040777656264158316,0.0017034069102204409,0.9761714834083077,0.04177304598346073
0.040777656264158316,0.0018036073108216434,0.9219397373369174,0.04423028383823352
0.040777656264158316,0.0019038077114228457,0.8734165958152952,0.0466875216930063
0.040777656264158316,0.0020040081120240483,0.8297457682037047,0.04914475954777909
0.040777656264158316,0.0021042085126252506,0.7902340668336558,0.05160199740255188
0.040777656264158316,0.002204408913226453,0.7543143381524846,0.05405923525732466
0.040777656264158316,0.0023046093138276553,0.7215180640037107,0.05651647311209744
0.040777656264158316,0.0024048097144288576,0.6914548125870196,0.05897371096687023
0.040777656264158316,0.0025050101150300604,0.6637966211876537,0.06143094882164302
0.040777656264158316,0.0026052105156312627,0.6382659828911893,0.0638881866764158
0.040777656264158316,0.002705410916232465,0.6146265029171527,0.06634542453118858
0.04087544440843687,1e-10,16708019.55587213,2.446456581628249e-09
0.04087544440843687,0.0001002005006012024,16.674586908871827,0.0024513617417825694
0.04087544440843687,0.00020040090120240482,8.337297614743278,0.004902721037108558
0.04087544440843687,0.0003006013018036072,5.558199334342216,0.007354080332434545
0.04087544440843687,0.0004008017024048096,4.1686498474492595,0.009805439627760534
0.04087544440843687,0.0005010021030060121,3.334920044371876,0.012256798923086523
0.04087544440843687,0.0006012025036072144,2.779100129427943,0.01470815821841251
0.04087544440843687,0.0007014029042084169,2.3820858818268396,0.0171595175137385
0.04087544440843687,0.0008016033048096193,2.0843251837441317,0.01961087680906449
0.04087544440843687,0.0009018037054108217,1.8527335223423926,0.022062236104390474
0.04087544440843687,0.0010020041060120242,1.667460188598432,0.024513595399716464
0.04087544440843687,0.0011022045066132265,1.5158729124789476,0.02696495469504245
0.04087544440843687,0.0012024049072144288,1.3895501802782093,0.029416313990368436
0.04087544440843687,0.0013026053078156314,1.2826617130779385,0.031867673285694426
0.04087544440843687,0.0014028057084168337,1.191043025817761,0.03431903258102041
0.04087544440843687,0.0015030061090180362,1.1116401627128472,0.036770391876346405
0.04087544440843687,0.0016032065096192386,1.0421626568769538,0.03922175117167239
0.04087544440843687,0.0017034069102204409,0.9808589747771962,0.04167311046699838
0.04087544440843687,0.0018036073108216434,0.926366812533084,0.04412446976232437
0.04087544440843687,0.0019038077114228457,0.8776106670660077,0.046575829057650356
0.04087544440843687,0.0020040081120240483,0.8337301359023457,0.04902718835297635
0.04087544440843687,0.0021042085126252506,0.7940287027461402,0.051478547648302335
0.04087544440843687,0.002204408913226453,0.7579364906222261,0.05392990694362832
0.04087544440843687,0.0023046093138276553,0.7249827315902968,0.05638126623895431
0.04087544440843687,0.0024048097144288576,0.6947751190301676,0.05883262553428029
0.04087544440843687,0.0025050101150300604,0.6669841153783778,0.061283984829606286
0.04087544440843687,0.0026052105156312627,0.6413308811562066,0.06373534412493227
0.04087544440843687,0.002705410916232465,0.6175778864358097,0.06618670342025826
0.040973232552715434,1e-10,16788057.858188998,2.440617783118327e-09
0.040973232552715434,0.0001002005006012024,16.754465055025424,0.0024455112364465317
0.040973232552715434,0.00020040090120240482,8.377236707749665,0.004891020032275281
0.040973232552715434,0.0003006013018036072,5.584825400775275,0.007336528828104028
0.040973232552715434,0.0004008017024048096,4.188619398934854,0.009782037623932777
0.040973232552715434,0.0005010021030060121,3.3508956863575357,0.012227546419761528
0.040973232552715434,0.0006012025036072144,2.792413164858873,0.014673055215590274
0.040973232552715434,0.0007014029042084169,2.3934970553245023,0.017118564011419025
0.040973232552715434,0.0008016033048096193,2.0943099607325295,0.019564072807247774
0.040973232552715434,0.0009018037054108217,1.8616088797884351,0.022009581603076523
0.040973232552715434,0.0010020041060120242,1.6754480103884464,0.024455090398905272
0.040973232552715434,0.0011022045066132265,1.5231345687175708,0.026900599194734018
0.040973232552715434,0.0012024049072144288,1.3962066985472747,0.029346107990562767
0.040973232552715434,0.0013026053078156314,1.2888061915194615,0.031791616786391516
0.040973232552715434,0.0014028057084168337,1.196748612973319,0.034237125582220265
0.040973232552715434,0.0015030061090180362,1.1169653774166755,0.036682634378049014
0.040973232552715434,0.0016032065096192386,1.0471550456825527,0.039128143173877764
0.040973232552715434,0.0017034069102204409,0.9855576936702943,0.04157365196970651
0.040973232552715434,0.0018036073108216434,0.9308044915021498,0.04401916076553526
0.040973232552715434,0.0019038077114228457,0.8818147839963383,0.04646466956136401
0.040973232552715434,0.0020040081120240483,0.837724046996649,0.04891017835719276
0.040973232552715434,0.0021042085126252506,0.7978324276068961,0.05135568715302151
0.040973232552715434,0.002204408913226453,0.7615673189062453,0.05380119594885025
0.040973232552715434,0.0023046093138276553,0.7284556977818607,0.056246704744679
0.040973232552715434,0.0024048097144288576,0.6981033783031004,0.05869221354050775
0.040973232552715434,0.0025050101150300604,0.6701792442857077,0.061137722336336506
0.040973232552715434,0.0026052105156312627,0.6444031204948949,0.06358323113216525
0.040973232552715434,0.002705410916232465,0.6205363391365302,0.066028739927994
0.04107102069699399,1e-10,16868287.410929088,2.4348067884107654e-09
0.04107102069699399,0.0001002005006012024,16.834534068911296,0.0024396885906596455
0.04107102069699399,0.00020040090120240482,8.41727123466981,0.004879374746512503
0.04107102069699399,0.0003006013018036072,5.611515089828087,0.007319060902365359
0.04107102069699399,0.0004008017024048096,4.208636667389232,0.009758747058218217
0.04107102069699399,0.0005010021030060121,3.3669095019201274,0.012198433214071077
0.04107102069699399,0.0006012025036072144,2.8057580116049716,0.014638119369923932
0.04107102069699399,0.0007014029042084169,2.4049354956643856,0.017077805525776788
0.04107102069699399,0.0008016033048096193,2.1043185962082958,0.019517491681629646
0.04107102069699399,0.0009018037054108217,1.870505444779099,0.021957177837482505
0.04107102069699399,0.0010020041060120242,1.6834549189688315,0.024396863993335363
0.04107102069699399,0.0011022045066132265,1.5304135765839615,0.026836550149188218
0.04107102069699399,0.0012024049072144288,1.402879122475247,0.029276236305041073
0.04107102069699399,0.0013026053078156314,1.294965352107762,0.031715922460893935
0.04107102069699399,0.0014028057084168337,1.2024678335509593,0.03415560861674679
0.04107102069699399,0.0015030061090180362,1.122303316647841,0.03659529477259965
0.04107102069699399,0.0016032065096192386,1.0521593637325801,0.039034980928452506
0.04107102069699399,0.0017034069102204409,0.9902676400876014,0.04147466708430536
0.04107102069699399,0.0018036073108216434,0.9352527742441143,0.04391435324015822
0.04107102069699399,0.0019038077114228457,0.8860289466062863,0.04635403939601108
0.04107102069699399,0.0020040081120240483,0.841727501486614,0.04879372555186394
0.04107102069699399,0.0021042085126252506,0.8016452414159226,0.051233411707716794
0.04107102069699399,0.002204408913226453,0.7652068230045418,0.05367309786356965
0.04107102069699399,0.0023046093138276553,0.7319369625784018,0.056112784019422504
0.04107102069699399,0.0024048097144288576,0.7014395904058174,0.05855247017527536
0.04107102069699399,0.0025050101150300604,0.6733820079096433,0.06099215633112823
0.04107102069699399,0.0026052105156312627,0.6474827009072536,0.06343184248698108
0.04107102069699399,0.002705410916232465,0.6235018610193137,0.06587152864283394
0.04107102069699399,0.0028056113168336673,0.6012339382051736,0.06831121479868679
0.041168808841272546,1e-10,16948708.214092404,2.429023399378707e-09
0.041168808841272546,0.0001002005006012024,16.914793950529447,0.002433893605897808
0.041168808841272546,0.00020040090120240482,8.457401195503715,0.004867784782772218
0.041168808841272546,0.0003006013018036072,5.638268401500656,0.007301675959646625
0.041168808841272546,0.0004008017024048096,4.228701652812396,0.009735567136521035
0.041168808841272546,0.0005010021030060121,3.382961491059653,0.012169458313395446
0.041168808841272546,0.0006012025036072144,2.8191346696662394,0.014603349490269852
0.041168808841272546,0.0007014029042084169,2.4164012028464907,0.017037240667144262
0.041168808841272546,0.0008016033048096193,2.1143510901714313,0.01947113184401867
0.041168808841272546,0.0009018037054108217,1.8794232173143852,0.02190502302089308
0.041168808841272546,0.0010020041060120242,1.6914809143395884,0.02433891419776749
0.041168808841272546,0.0011022045066132265,1.5377099360781203,0.026772805374641898
0.041168808841272546,0.0012024049072144288,1.4095674520621269,0.029206696551516306
0.041168808841272546,0.0013026053078156314,1.3011391948428401,0.031640587728390714
0.041168808841272546,0.0014028057084168337,1.2082006875506823,0.034074478905265125
0.041168808841272546,0.0015030061090180362,1.1276539804063443,0.03650837008213954
0.041168808841272546,0.0016032065096192386,1.0571756110270363,0.03894226125901394
0.041168808841272546,0.0017034069102204409,0.9949888140291179,0.04137615243588835
0.041168808841272546,0.0018036073108216434,0.9397116607589778,0.043810043612762764
0.041168808841272546,0.0019038077114228457,0.8902531548958522,0.04624393478963717
0.041168808841272546,0.0020040081120240483,0.845740499372241,0.04867782596651158
0.041168808841272546,0.0021042085126252506,0.8054671441732205,0.051111717143385985
0.041168808841272546,0.002204408913226453,0.7688550029171158,0.053545608320260396
0.041168808841272546,0.0023046093138276553,0.7354265259799203,0.0559794994971348
0.041168808841272546,0.0024048097144288576,0.7047837553383189,0.05841339067400921
0.041168808841272546,0.0025050101150300604,0.6765924062501847,0.060847281850883624
0.041168808841272546,0.0026052105156312627,0.650569622393283,0.06328117302775803
0.041168808841272546,0.002705410916232465,0.6264744520841606,0.06571506420463244
0.041168808841272546,0.0028056113168336673,0.6041003653072028,0.06814895538150685
0.0412665969855511,1e-10,17029320.267678954,2.4232674197732745e-09
0.0412665969855511,0.0001002005006012024,16.995244699879876,0.0024281260855186617
0.0412665969855511,0.00020040090120240482,8.497626590251382,0.004856249747769904
0.0412665969855511,0.0003006013018036072,5.665085335792981,0.007284373410021145
0.0412665969855511,0.0004008017024048096,4.248814355204346,0.009712497072272388
0.0412665969855511,0.0005010021030060121,3.3990516537761115,0.012140620734523632
0.0412665969855511,0.0006012025036072144,2.8325431390426767,0.014568744396774871
0.0412665969855511,0.0007014029042084169,2.4278941768708178,0.016996868059026116
0.0412665969855511,0.0008016033048096193,2.1244074426219357,0.019424991721277356
0.0412665969855511,0.0009018037054108217,1.8883621973942932,0.0218531153835286
0.0412665969855511,0.0010020041060120242,1.6995259965007168,0.02428123904577984
0.0412665969855511,0.0011022045066132265,1.5450236472000467,0.026709362708031082
0.0412665969855511,0.0012024049072144288,1.4162716873079144,0.029137486370282323
0.0412665969855511,0.0013026053078156314,1.3073277197246962,0.03156561003253357
0.0412665969855511,0.0014028057084168337,1.2139471749724882,0.03399373369478481
0.0412665969855511,0.0015030061090180362,1.1330173686921854,0.036421857357036055
0.0412665969855511,0.0016032065096192386,1.062203787565921,0.03884998101928729
0.0412665969855511,0.0017034069102204409,0.9997212154948437,0.04127810468153854
0.0412665969855511,0.0018036073108216434,0.9441811510467404,0.04370622834378978
0.0412665969855511,0.0019038077114228457,0.8944874088650359,0.04613435200604102
0.0412665969855511,0.0020040081120240483,0.84976304065353,0.04856247566829226
0.0412665969855511,0.0021042085126252506,0.8092981358787893,0.05099059933054351
0.0412665969855511,0.002204408913226453,0.7725118586439673,0.053418722992794744
0.0412665969855511,0.0023046093138276553,0.7389243879864165,0.05584684665504599
0.0412665969855511,0.0024048097144288576,0.7081358731006049,0.058274970317297226
0.0412665969855511,0.0025050101150300604,0.6798104393073319,0.06070309397954848
0.0412665969855511,0.0026052105156312627,0.653663884952983,0.06313121764179971
0.0412665969855511,0.002705410916232465,0.6294541123310708,0.06555934130405096
0.0412665969855511,0.0028056113168336673,0.6069736091205162,0.0679874649663022
0.04136438512982966,1e-10,17110123.571688727,2.4175386552013716e-09
0.04136438512982966,0.0001002005006012024,17.07588631696258,0.0024223858347393505
0.04136438512982966,0.00020040090120240482,8.537947418912808,0.004844769251940047
0.04136438512982966,0.0003006013018036072,5.6919658927050625,0.007267152669140741
0.04136438512982966,0.0004008017024048096,4.2689747745650815,0.009689536086341438
0.04136438512982966,0.0005010021030060121,3.415179990069504,0.012111919503542136
0.04136438512982966,0.0006012025036072144,2.8459834197342833,0.014534302920742828
0.04136438512982966,0.0007014029042084169,2.4394144177373662,0.016956686337943526
0.04136438512982966,0.0008016033048096193,2.1344876535598094,0.01937906975514422
0.04136438512982966,0.0009018037054108217,1.8973223850188237,0.021801453172344918
0.04136438512982966,0.0010020041060120242,1.7075901654522168,0.024223836589545612
0.04136438512982966,0.0011022045066132265,1.5523547099497412,0.026646220006746307
0.04136438512982966,0.0012024049072144288,1.4229918282126093,0.029068603423947
0.04136438512982966,0.0013026053078156314,1.31353092675333,0.0314909868411477
0.04136438512982966,0.0014028057084168337,1.2197072958163766,0.033913370258348396
0.04136438512982966,0.0015030061090180362,1.138393481505364,0.036335753675549094
0.04136438512982966,0.0016032065096192386,1.0672438933492343,0.038758137092749785
0.04136438512982966,0.0017034069102204409,1.0044648444847788,0.04118052050995048
0.04136438512982966,0.0018036073108216434,0.9486612451074018,0.04360290392715118
0.04136438512982966,0.0019038077114228457,0.8987317085138374,0.04602528734435187
0.04136438512982966,0.0020040081120240483,0.853795125330481,0.04844767076155257
0.04136438512982966,0.0021042085126252506,0.8131382165326293,0.05087005417875327
0.04136438512982966,0.002204408913226453,0.7761773901850963,0.05329243759595396
0.04136438512982966,0.0023046093138276553,0.7424305485978899,0.055714821013154656
0.04136438512982966,0.0024048097144288576,0.7114959436926752,0.058137204430355346
0.04136438512982966,0.0025050101150300604,0.6830361070810848,0.06055958784755605
0.04136438512982966,0.0026052105156312627,0.6567654885863538,0.06298197126475674
0.04136438512982966,0.002705410916232465,0.6324408417600443,0.06540435468195743
0.04136438512982966,0.0028056113168336673,0.6098536696451141,0.06782673809915814
0.04146217327410822,1e-10,17191118.126121737,2.411836913103799e-09
0.04146217327410822,0.0001002005006012024,17.15671880177757,0.0024166726606145933
0.04146217327410822,0.00020040090120240482,8.578363681487998,0.004833342909392274
0.04146217327410822,0.0003006013018036072,5.718910072236902,0.007250013158169953
0.04146217327410822,0.0004008017024048096,4.289182910894604,0.009666683406947634
0.04146217327410822,0.0005010021030060121,3.43134649993983,0.012083353655725318
0.04146217327410822,0.0006012025036072144,2.8594555117410603,0.014500023904502996
0.04146217327410822,0.0007014029042084169,2.450961925446137,0.016916694153280676
0.04146217327410822,0.0008016033048096193,2.144591722985053,0.019333364402058358
0.04146217327410822,0.0009018037054108217,1.9063037801879765,0.02175003465083604
0.04146217327410822,0.0010020041060120242,1.7156734211940887,0.02416670489961372
0.04146217327410822,0.0011022045066132265,1.5597031243272041,0.0265833751483914
0.04146217327410822,0.0012024049072144288,1.429727874776212,0.029000045397169077
0.04146217327410822,0.0013026053078156314,1.3197488159287418,0.03141671564594676
0.04146217327410822,0.0014028057084168337,1.2254810500823483,0.03383338589472444
0.04146217327410822,0.0015030061090180362,1.1437823188458807,0.03625005614350212
0.04146217327410822,0.0016032065096192386,1.0722959283769768,0.038666726392279804
0.04146217327410822,0.0017034069102204409,1.0092197009989237,0.04108339664105748
0.04146217327410822,0.0018036073108216434,0.9531519429409625,0.04350006688983516
0.04146217327410822,0.0019038077114228457,0.902986053842257,0.04591673713861284
0.04146217327410822,0.0020040081120240483,0.8578367534030942,0.048333407387390524
0.04146217327410822,0.0021042085126252506,0.8169873861347406,0.050750077636168206
0.04146217327410822,0.002204408913226453,0.7798515975405033,0.05316674788494588
0.04146217327410822,0.0023046093138276553,0.7459450078143413,0.05558341813372356
0.04146217327410822,0.0024048097144288576,0.7148639671145303,0.05800008838250124
0.04146217327410822,0.0025050101150300604,0.6862694095714438,0.060416758631278926
0.04146217327410822,0.0026052105156312627,0.6598744332933955,0.06283342888005661
0.04146217327410822,0.002705410916232465,0.6354346403710813,0.06525009912883428
0.04146217327410822,0.0028056113168336673,0.6127405468809964,0.06766676937761197
0.041559961418386776,1e-10,17272303.930977974,2.4061620027336802e-09
0.041559961418386776,0.0001002005006012024,17.23774215432483,0.002410986372015065
0.041559961418386776,0.00020040090120240482,8.618875377976945,0.004821970337868128
0.041559961418386776,0.0003006013018036072,5.745917874388496,0.007232954303721189
0.041559961418386776,0.0004008017024048096,4.30943876419291,0.009643938269574251
0.041559961418386776,0.0005010021030060121,3.4475511833870893,0.012054922235427316
0.041559961418386776,0.0006012025036072144,2.8729594150630056,0.014465906201280375
0.041559961418386776,0.0007014029042084169,2.462536699997129,0.016876890167133438
0.041559961418386776,0.0008016033048096193,2.1547196508976647,0.0192878741329865
0.041559961418386776,0.0009018037054108217,1.9153063829017511,0.021698858098839563
0.041559961418386776,0.0010020041060120242,1.7237757637263318,0.024109842064692626
0.041559961418386776,0.0011022045066132265,1.5670688903324346,0.02652082603054569
0.041559961418386776,0.0012024049072144288,1.4364798269987222,0.028931809996398748
0.041559961418386776,0.0013026053078156314,1.3259813872509314,0.031342793962251814
0.041559961418386776,0.0014028057084168337,1.2312684377704024,0.033753777928104876
0.041559961418386776,0.0015030061090180362,1.1491838807137347,0.03616476189395794
0.041559961418386776,0.0016032065096192386,1.0773598926491474,0.038575745859811
0.041559961418386776,0.0017034069102204409,1.0139857850372778,0.04098672982566406
0.041559961418386776,0.0018036073108216434,0.957653244547422,0.04339771379151713
0.041559961418386776,0.0019038077114228457,0.9072504448502942,0.04580869775737018
0.041559961418386776,0.0020040081120240483,0.8618879248713692,0.04821968172322325
0.041559961418386776,0.0021042085126252506,0.8208456446851229,0.05063066568907631
0.041559961418386776,0.002204408913226453,0.7835344807101874,0.05304164965492937
0.041559961418386776,0.0023046093138276553,0.7494677656357698,0.055452633620782434
0.041559961418386776,0.0024048097144288576,0.7182399433661697,0.05786361758663549
0.041559961418386776,0.0025050101150300604,0.6895103467784083,0.060274601552488566
0.041559961418386776,0.0026052105156312627,0.6629907190741076,0.06268558551834162
0.041559961418386776,0.002705410916232465,0.6384355081641814,0.06509656948419468
0.041559961418386776,0.0028056113168336673,0.615634240828163,0.06750755345004775
0.04165774956266533,1e-10,17353680.986257434,2.400513735135188e-09
0.04165774956266533,0.0001002005006012024,17.318956374604372,0.0024053267796060804
0.04165774956266533,0.00020040090120240482,8.659482508379654,0.004810651158698426
0.04165774956266533,0.0003006013018036072,5.772989299159846,0.00721597553779077
0.04165774956266533,0.0004008017024048096,4.329742334460002,0.009621299916883116
0.04165774956266533,0.0005010021030060121,3.4637940404112815,0.012026624295975463
0.04165774956266533,0.0006012025036072144,2.8864951297001205,0.014431948675067805
0.04165774956266533,0.0007014029042084169,2.474138741390343,0.016837273054160152
0.04165774956266533,0.0008016033048096193,2.164871437297646,0.019242597433252497
0.04165774956266533,0.0009018037054108217,1.9243301931601478,0.021647921812344845
0.04165774956266533,0.0010020041060120242,1.7318971930489464,0.02405324619143719
0.04165774956266533,0.0011022045066132265,1.5744520079654327,0.026458570570529534
0.04165774956266533,0.0012024049072144288,1.4432476848801397,0.028863894949621875
0.04165774956266533,0.0013026053078156314,1.3322286407198984,0.03126921932871422
0.04165774956266533,0.0014028057084168337,1.2370694588805389,0.03367454370780657
0.04165774956266533,0.0015030061090180362,1.1545981671089263,0.03607986808689892
0.04165774956266533,0.0016032065096192386,1.082435786165747,0.03848519246599126
0.04165774956266533,0.0017034069102204409,1.0187630965998409,0.0408905168450836
0.04165774956266533,0.0018036073108216434,0.9621651499267803,0.04329584122417595
0.04165774956266533,0.0019038077114228457,0.9115248815379492,0.0457011656032683
0.04165774956266533,0.0020040081120240483,0.8659486397353061,0.048106489982360646
0.04165774956266533,0.0021042085126252506,0.8247129921837761,0.05051181436145299
0.04165774956266533,0.002204408913226453,0.7872260396941491,0.05291713874054533
0.04165774956266533,0.0023046093138276553,0.7529988220621757,0.05532246311963768
0.04165774956266533,0.0024048097144288576,0.7216238724475934,0.05772778749873002
0.04165774956266533,0.0025050101150300604,0.6927589187019786,0.06013311187782237
0.04165774956266533,0.0026052105156312627,0.6661143459284903,0.06253843625691471
0.04165774956266533,0.002705410916232465,0.6414434451393447,0.06494376063600706
0.04165774956266533,0.0028056113168336673,0.6185347514866137,0.0673490850150994
0.04175553770694389,1e-10,17435249.291960128,2.394891923122574e-09
0.04175553770694389,0.0001002005006012024,17.400361462616193,0.0023996936958265826
0.04175553770694389,0.00020040090120240482,8.700185072696122,0.004799384996761242
0.04175553770694389,0.0003006013018036072,5.800124346550953,0.0071990762976959005
0.04175553770694389,0.0004008017024048096,4.350093621695881,0.009598767598630561
0.04175553770694389,0.0005010021030060121,3.4800750710124073,0.011998458899565223
0.04175553770694389,0.0006012025036072144,2.900062655652405,0.014398150200499879
0.04175553770694389,0.0007014029042084169,2.4857680496257784,0.01679784150143454
0.04175553770694389,0.0008016033048096193,2.1750470821849968,0.0191975328023692
0.04175553770694389,0.0009018037054108217,1.9333752109631668,0.02159722410330386
0.04175553770694389,0.0010020041060120242,1.7400377091619328,0.023996915404238522
0.04175553770694389,0.0011022045066132265,1.581852477226199,0.026396606705173176
0.04175553770694389,0.0012024049072144288,1.4500314484204648,0.028796298006107834
0.04175553770694389,0.0013026053078156314,1.3384905763356436,0.0311959893070425
0.04175553770694389,0.0014028057084168337,1.2428841134127584,0.03359568060797716
0.04175553770694389,0.0015030061090180362,1.1600251780314557,0.03599537190891182
0.04175553770694389,0.0016032065096192386,1.087523608926775,0.038395063209846474
0.04175553770694389,0.0017034069102204409,1.0235516356866137,0.040794754510781135
0.04175553770694389,0.0018036073108216434,0.9666876590790378,0.0431944458117158
0.04175553770694389,0.0019038077114228457,0.915809363905222,0.04559413711265045
0.04175553770694389,0.0020040081120240483,0.8700188979949052,0.04799382841358512
0.04175553770694389,0.0021042085126252506,0.8285894286307006,0.050393519714519774
0.04175553770694389,0.002204408913226453,0.7909262744923883,0.05279321101545443
0.04175553770694389,0.0023046093138276553,0.7565381770935593,0.05519290231638909
0.04175553770694389,0.0024048097144288576,0.7250157543588018,0.057592593617323745
0.04175553770694389,0.0025050101150300604,0.6960151253421547,0.059992284918258414
0.04175553770694389,0.0026052105156312627,0.6692453138565438,0.062391976219193075
0.04175553770694389,0.002705410916232465,0.6444584512965715,0.06479166752012773
0.04175553770694389,0.0028056113168336673,0.621442078856349,0.06719135882106239
0.041853325851222443,1e-10,17517008.848086048,2.3892963812594888e-09
0.041853325851222443,0.0001002005006012024,17.481957418360288,0.0023940869348684215
0.041853325851222443,0.00020040090120240482,8.740983070926351,0.004788171480440462
0.041853325851222443,0.0003006013018036072,5.827323016561815,0.007182256026012501
0.041853325851222443,0.0004008017024048096,4.370492625900544,0.009576340571584541
0.041853325851222443,0.0005010021030060121,3.496394275190466,0.011970425117156585
0.041853325851222443,0.0006012025036072144,2.9136619929198586,0.014364509662728623
0.041853325851222443,0.0007014029042084169,2.497424624703435,0.016758594208300663
0.041853325851222443,0.0008016033048096193,2.185246585559716,0.019152678753872703
0.041853325851222443,0.0009018037054108217,1.9424414363108073,0.021546763299444743
0.041853325851222443,0.0010020041060120242,1.7481973120652903,0.023940847845016787
0.041853325851222443,0.0011022045066132265,1.589270298114733,0.026334932390588824
0.041853325851222443,0.0012024049072144288,1.4568311176196973,0.028729016936160864
0.041853325851222443,0.0013026053078156314,1.3447671940981663,0.031123101481732907
0.041853325851222443,0.0014028057084168337,1.2487124013670605,0.03351718602730495
0.041853325851222443,0.0015030061090180362,1.1654649134813224,0.035911270572876984
0.041853325851222443,0.0016032065096192386,1.0926233609322318,0.03830535511844903
0.041853325851222443,0.0017034069102204409,1.0283514022975955,0.040699439664021064
0.041853325851222443,0.0018036073108216434,0.971220772004194,0.04309352420959311
0.041853325851222443,0.0019038077114228457,0.9201038919521126,0.045487608755165145
0.041853325851222443,0.0020040081120240483,0.874098699650166,0.04788169330073719
0.041853325851222443,0.0021042085126252506,0.8324749540258961,0.050275777846309225
0.041853325851222443,0.002204408913226453,0.7946351851049049,0.05266986239188127
0.041853325851222443,0.0023046093138276553,0.7600858307299202,0.055063946937453305
0.041853325851222443,0.0024048097144288576,0.7284155890997944,0.05745803148302534
0.041853325851222443,0.0025050101150300604,0.6992789666989365,0.05985211602859739
0.041853325851222443,0.0026052105156312627,0.672383622858268,0.06224620057416943
0.041853325851222443,0.002705410916232465,0.6474805266358614,0.06464028511974147
0.041853325851222443,0.0028056113168336673,0.6243562229373684,0.06703436966531351
0.041951113995501,1e-10,17598959.654635195,2.383726925838594e-09
0.041951113995501,0.0001002005006012024,17.563744241836662,0.0023885063126559236
0.041951113995501,0.00020040090120240482,8.781876503070341,0.004777010241584922
0.041951113995501,0.0003006013018036072,5.8545853091924345,0.0071655141705139185
0.041951113995501,0.0004008017024048096,4.390939347073993,0.009554018099442917
0.041951113995501,0.0005010021030060121,3.5127516529454583,0.011942522028371916
0.041951113995501,0.0006012025036072144,2.9272931415024814,0.014331025957300913
0.041951113995501,0.0007014029042084169,2.5091084666233137,0.016719529886229913
0.041951113995501,0.0008016033048096193,2.1954699474218047,0.01910803381515891
0.041951113995501,0.0009018037054108217,1.9515288692030703,0.02149653774408791
0.041951113995501,0.0010020041060120242,1.7563760017590195,0.023885041673016905
0.041951113995501,0.0011022045066132265,1.596705470631035,0.0262735456019459
0.041951113995501,0.0012024049072144288,1.4636466924778375,0.028662049530874898
0.041951113995501,0.0013026053078156314,1.3510584940074668,0.0310505534598039
0.041951113995501,0.0014028057084168337,1.2545543227434452,0.033439057388732894
0.041951113995501,0.0015030061090180362,1.1709173734585272,0.0358275613176619
0.041951113995501,0.0016032065096192386,1.0977350421821173,0.038216065246590894
0.041951113995501,0.0017034069102204409,1.033162396432787,0.04060456917551989
0.041951113995501,0.0018036073108216434,0.9757644887022493,0.04299307310444889
0.041951113995501,0.0019038077114228457,0.924408465678621,0.04538157703337788
0.041951113995501,0.0020040081120240483,0.8781880447010889,0.047770080962306886
0.041951113995501,0.0021042085126252506,0.8363695683693628,0.05015858489123588
0.041951113995501,0.002204408913226453,0.7983527715316991,0.05254708882016488
0.041951113995501,0.0023046093138276553,0.7636417829712587,0.054935592749093876
0.041951113995501,0.0024048097144288576,0.7318233766705716,0.05732409667802287
0.041951113995501,0.0025050101150300604,0.7025504427723243,0.059712600606951875
0.041951113995501,0.0026052105156312627,0.6755292729336628,0.06210110453588087
0.041951113995501,0.002705410916232465,0.6505096711572147,0.06448960846480987
0.041951113995501,0.0028056113168336673,0.6272771837296721,0.06687811239373886
0.04204890213977956,1e-10,17681101.71160758,2.3781833748614547e-09
0.04204890213977956,0.0001002005006012024,17.645721933045323,0.0023829516468257474
0.04204890213977956,0.00020040090120240482,8.822865369128094,0.004765900915468121
0.04204890213977956,0.0003006013018036072,5.881911224442812,0.007148850184110492
0.04204890213977956,0.0004008017024048096,4.4114337852162295,0.009531799452752865
0.04204890213977956,0.0005010021030060121,3.5291472042773853,0.01191474872139524
0.04204890213977956,0.0006012025036072144,2.940956101400275,0.01429769799003761
0.04204890213977956,0.0007014029042084169,2.520819575385415,0.016680647258679984
0.04204890213977956,0.0008016033048096193,2.2057171677712635,0.019063596527322358
0.04204890213977956,0.0009018037054108217,1.9606375096399562,0.02144654579596473
0.04204890213977956,0.0010020041060120242,1.764573778243121,0.023829495064607104
0.04204890213977956,0.0011022045066132265,1.6041579947751057,0.026212444333249475
0.04204890213977956,0.0012024049072144288,1.4704781729948855,0.028595393601891846
0.04204890213977956,0.0013026053078156314,1.3573644760635457,0.03097834287053422
0.04204890213977956,0.0014028057084168337,1.2604098775419132,0.033361292139176595
0.04204890213977956,0.0015030061090180362,1.1763825579630698,0.03574424140781897
0.04204890213977956,0.0016032065096192386,1.1028586526764317,0.03812719067646134
0.04204890213977956,0.0017034069102204409,1.037984618092188,0.04051013994510371
0.04204890213977956,0.0018036073108216434,0.9803188091732039,0.042893089213746086
0.04204890213977956,0.0019038077114228457,0.9287230850847475,0.04527603848238845
0.04204890213977956,0.0020040081120240483,0.8822869331476741,0.047658987751030835
0.04204890213977956,0.0021042085126252506,0.8402732716611009,0.0500419370196732
0.04204890213977956,0.002204408913226453,0.8020790337727712,0.05242488628831558
0.04204890213977956,0.0023046093138276553,0.7672060338175749,0.054807835556957944
0.04204890213977956,0.0024048097144288576,0.7352391170711335,0.05719078482560031
0.04204890213977956,0.0025050101150300604,0.7058295535623179,0.05957373409424269
0.04204890213977956,0.0026052105156312627,0.6786822640827286,0.06195668336288507
0.04204890213977956,0.002705410916232465,0.6535458848606315,0.06433963263152744
0.04204890213977956,0.0028056113168336673,0.6302049612332604,0.0667225819001698
0.04214669028405812,1e-10,17763435.01900319,2.3726655480187197e-09
0.04214669028405812,0.0001002005006012024,17.727890491986255,0.0023774227567070192
0.04214669028405812,0.00020040090120240482,8.863949669099606,0.004754843140748491
0.04214669028405812,0.0003006013018036072,5.909300762312943,0.007132263524789961
0.04214669028405812,0.0004008017024048096,4.43197594032725,0.009509683908831433
0.04214669028405812,0.0005010021030060121,3.5455809291862446,0.011887104292872907
0.04214669028405812,0.0006012025036072144,2.9546508726132372,0.014264524676914376
0.04214669028405812,0.0007014029042084169,2.532557950989737,0.01664194506095585
0.04214669028405812,0.0008016033048096193,2.2159882466080902,0.01901936544499732
0.04214669028405812,0.0009018037054108217,1.9697673576214634,0.021396785829038794
0.04214669028405812,0.0010020041060120242,1.7727906415175934,0.023774206213080264
0.04214669028405812,0.0011022045066132265,1.6116278705469438,0.026151626597121735
0.04214669028405812,0.0012024049072144288,1.4773255591708407,0.028529046981163205
0.04214669028405812,0.0013026053078156314,1.3636851402664019,0.03090646736520468
0.04214669028405812,0.0014028057084168337,1.2662790657624634,0.03328388774924615
0.04214669028405812,0.0015030061090180362,1.18186046699495,0.03566130813328763
0.04214669028405812,0.0016032065096192386,1.1079941924151746,0.03803872851732909
0.04214669028405812,0.0017034069102204409,1.042818067275798,0.04041614890137056
0.04214669028405812,0.0018036073108216434,0.9848837334170573,0.04279356928541204
0.04214669028405812,0.0019038077114228457,0.9330477501704917,0.04517098966945351
0.04214669028405812,0.0020040081120240483,0.8863953649899211,0.04754841005349498
0.04214669028405812,0.0021042085126252506,0.8441860639011097,0.04992583043753645
0.04214669028405812,0.002204408913226453,0.8058139718281206,0.05230325082157792
0.04214669028405812,0.0023046093138276553,0.7707785832688684,0.05468067120561939
0.04214669028405812,0.0024048097144288576,0.7386628103014797,0.05705809158966086
0.04214669028405812,0.0025050101150300604,0.7091162990689172,0.05943551197370234
0.04214669028405812,0.0026052105156312627,0.6818425963054648,0.06181293235774381
0.04214669028405812,0.002705410916232465,0.6565891677461114,0.06419035274178528
0.04214669028405812,0.0028056113168336673,0.6331395554481329,0.06656777312582675
0.042244478428336674,1e-10,17845959.576822024,2.3671732666705667e-09
0.042244478428336674,0.0001002005006012024,17.810249918659462,0.0023719194633017434
0.042244478428336674,0.00020040090120240482,8.905129402984876,0.0047438365594302204
0.042244478428336674,0.0003006013018036072,5.936753922802831,0.007115753655558697
0.042244478428336674,0.0004008017024048096,4.452565812407057,0.009487670751687174
0.042244478428336674,0.0005010021030060121,3.562052827672037,0.011859587847815652
0.042244478428336674,0.0006012025036072144,2.9683774551413684,0.014231504943944128
0.042244478428336674,0.0007014029042084169,2.544323593436281,0.016603422040072605
0.042244478428336674,0.0008016033048096193,2.2262831839322867,0.018975339136201082
0.042244478428336674,0.0009018037054108217,1.9789184131475928,0.02134725623232956
0.042244478428336674,0.0010020041060120242,1.7810265915824373,0.023719173328458038
0.042244478428336674,0.0011022045066132265,1.6191150979465496,0.026091090424586513
0.042244478428336674,0.0012024049072144288,1.4841888510057035,0.028463007520714987
0.042244478428336674,0.0013026053078156314,1.370020486616036,0.03083492461684347
0.042244478428336674,0.0014028057084168337,1.2721618874050964,0.033206841712971946
0.042244478428336674,0.0015030061090180362,1.1873511005541677,0.03557875880910042
0.042244478428336674,0.0016032065096192386,1.113141661398346,0.037950675905228895
0.042244478428336674,0.0017034069102204409,1.0476627439836175,0.040322593001357376
0.042244478428336674,0.0018036073108216434,0.9894592614338095,0.04269451009748585
0.042244478428336674,0.0019038077114228457,0.9373824609358536,0.045066427193614325
0.042244478428336674,0.0020040081120240483,0.89051334022783,0.047438344289742806
0.042244478428336674,0.0021042085126252506,0.8481079450893898,0.04981026138587128
0.042244478428336674,0.002204408913226453,0.8095575856977475,0.052182178481999755
0.042244478428336674,0.0023046093138276553,0.7743594313251393,0.05455409557812824
0.042244478428336674,0.0024048097144288576,0.7420944563616104,0.05692601267425671
0.042244478428336674,0.0025050101150300604,0.7124106792921222,0.05929792977038519
0.042244478428336674,0.0026052105156312627,0.6850102696018717,0.06166984686651367
0.042244478428336674,0.002705410916232465,0.6596395198136547,0.06404176396264215
0.042244478428336674,0.0028056113168336673,0.6360809663742897,0.06641368105877062
0.04234226657261523,1e-10,17928675.385064088,2.3617063538274257e-09
0.04234226657261523,0.0001002005006012024,17.89280021306495,0.002366441589265485
0.04234226657261523,0.00020040090120240482,8.946404570783908,0.004732880816824617
0.04234226657261523,0.0003006013018036072,5.964270705912475,0.007099320044383747
0.04234226657261523,0.0004008017024048096,4.473203401455649,0.009465759271942879
0.04234226657261523,0.0005010021030060121,3.578562899734763,0.011832198499502011
0.04234226657261523,0.0006012025036072144,2.982135848984669,0.01419863772706114
0.04234226657261523,0.0007014029042084169,2.5561165027250463,0.016565076954620273
0.04234226657261523,0.0008016033048096193,2.236601979743852,0.018931516182179406
0.04234226657261523,0.0009018037054108217,1.9880906762183441,0.021297955409738535
0.04234226657261523,0.0010020041060120242,1.7892816284376527,0.023664394637297668
0.04234226657261523,0.0011022045066132265,1.6266196769739234,0.026030833864856797
0.04234226657261523,0.0012024049072144288,1.4910680484994736,0.028397273092415926
0.04234226657261523,0.0013026053078156314,1.3763705151124477,0.030763712319975062
0.04234226657261523,0.0014028057084168337,1.2780583424698122,0.03313015154753419
0.04234226657261523,0.0015030061090180362,1.192854458640723,0.035496590775093324
0.04234226657261523,0.0016032065096192386,1.1183010596259462,0.037863030002652454
0.04234226657261523,0.0017034069102204409,1.0525186482156461,0.04022946923021158
0.04234226657261523,0.0018036073108216434,0.9940453932234606,0.04259590845777072
0.04234226657261523,0.0019038077114228457,0.9417272173808333,0.04496234768532985
0.04234226657261523,0.0020040081120240483,0.8946408588614009,0.047328786912888984
0.04234226657261523,0.0021042085126252506,0.8520389152259409,0.049695226140448114
0.04234226657261523,0.002204408913226453,0.8133098753816519,0.05206166536800724
0.04234226657261523,0.0023046093138276553,0.7779485779863876,0.05442810459556637
0.04234226657261523,0.0024048097144288576,0.7455340552515254,0.0567945438231255
0.04234226657261523,0.0025050101150300604,0.7157126942319331,0.05916098305068464
0.04234226657261523,0.0026052105156312627,0.6881852839719493,0.06152742227824377
0.04234226657261523,0.002705410916232465,0.662696941063261,0.0638938615058029
0.04234226657261523,0.0028056113168336673,0.6390291940117308,0.06626030073336203
0.042440054716893785,1e-10,18011582.443729386,2.356264634130968e-09
0.042440054716893785,0.0001002005006012024,17.975541375202717,0.0023609889588883204
0.042440054716893785,0.00020040090120240482,8.987775172496702,0.004721975561512007
0.042440054716893785,0.0003006013018036072,5.991851111641876,0.007082962164135692
0.042440054716893785,0.0004008017024048096,4.493888707473027,0.009443948766759379
0.042440054716893785,0.0005010021030060121,3.5951111453744224,0.011804935369383067
0.042440054716893785,0.0006012025036072144,2.9959260541431396,0.01416592197200675
0.042440054716893785,0.0007014029042084169,2.5679366788560336,0.016526908574630437
0.042440054716893785,0.0008016033048096193,2.2469446340427868,0.018887895177254126
0.042440054716893785,0.0009018037054108217,1.997284146833718,0.021248881779877812
0.042440054716893785,0.0010020041060120242,1.79755575208324,0.0236098683825015
0.042440054716893785,0.0011022045066132265,1.6341416076290651,0.025970854985125184
0.042440054716893785,0.0012024049072144288,1.4979631516521514,0.028331841587748867
0.042440054716893785,0.0013026053078156314,1.3827352257556373,0.030692828190372556
0.042440054716893785,0.0014028057084168337,1.2839684309566106,0.03305381479299624
0.042440054716893785,0.0015030061090180362,1.198370541254616,0.03541480139561993
0.042440054716893785,0.0016032065096192386,1.123472387097975,0.03777578799824362
0.042440054716893785,0.0017034069102204409,1.0573857799718844,0.0401367746008673
0.042440054716893785,0.0018036073108216434,0.998642128786011,0.04249776120349099
0.042440054716893785,0.0019038077114228457,0.9460820195054309,0.04485874780611467
0.042440054716893785,0.0020040081120240483,0.8987779208906338,0.04721973440873836
0.042440054716893785,0.0021042085126252506,0.8559789743107632,0.049580721011362044
0.042440054716893785,0.002204408913226453,0.8170708408798338,0.05194170761398573
0.042440054716893785,0.0023046093138276553,0.7815460232526136,0.054302694216609416
0.042440054716893785,0.0024048097144288576,0.7489816069712251,0.0566636808192331
0.042440054716893785,0.0025050101150300604,0.7190223438883497,0.059024667421856795
0.042440054716893785,0.0026052105156312627,0.6913676394156977,0.06138565402448048
0.042440054716893785,0.002705410916232465,0.6657614314949309,0.06374664062710417
0.042440054716893785,0.0028056113168336673,0.6419842383604563,0.06610762722972785
0.04253784286117235,1e-10,18094680.752817914,2.3508479338353545e-09
0.04253784286117235,0.0001002005006012024,18.058473405072768,0.0023555613980760486
0.04253784286117235,0.00020040090120240482,9.029241208123258,0.004711120445304164
0.04253784286117235,0.0003006013018036072,6.019495139991034,0.007066679492532277
0.04253784286117235,0.0004008017024048096,4.514621730459191,0.009422238539760394
0.04253784286117235,0.0005010021030060121,3.611697564591016,0.01177779758698851
0.04253784286117235,0.0006012025036072144,3.00974807061678,0.014133356634216623
0.04253784286117235,0.0007014029042084169,2.5797841218292428,0.016488915681444737
0.04253784286117235,0.0008016033048096193,2.257311146829091,0.018844474728672855
0.04253784286117235,0.0009018037054108217,2.006498824993714,0.02120003377590097
0.04253784286117235,0.0010020041060120242,1.805848962519199,0.023555592823129086
0.04253784286117235,0.0011022045066132265,1.6416808899119752,0.0259111518703572
0.04253784286117235,0.0012024049072144288,1.504874160463737,0.02826671091758531
0.04253784286117235,0.0013026053078156314,1.3891146185456051,0.03062226996481343
0.04253784286117235,0.0014028057084168337,1.289892152865492,0.03297782901204154
0.04253784286117235,0.0015030061090180362,1.2038993483958471,0.03533338805926966
0.04253784286117235,0.0016032065096192386,1.1286556438144328,0.037688947106497776
0.04253784286117235,0.0017034069102204409,1.0622641392523322,0.04004450615372589
0.04253784286117235,0.0018036073108216434,1.0032494681214603,0.042400065200954004
0.04253784286117235,0.0019038077114228457,0.9504468673096466,0.04475562424818212
0.04253784286117235,0.0020040081120240483,0.902924526315529,0.04711118329541024
0.04253784286117235,0.0021042085126252506,0.8599281223438567,0.04946674234263835
0.04253784286117235,0.002204408913226453,0.8208404821922934,0.05182230138986646
0.04253784286117235,0.0023046093138276553,0.7851517671238172,0.05417786043709458
0.04253784286117235,0.0024048097144288576,0.7524371115207092,0.05653341948432269
0.04253784286117235,0.0025050101150300604,0.7223396282613723,0.05888897853155081
0.04253784286117235,0.0026052105156312627,0.6945573359331167,0.06124453757877892
0.04253784286117235,0.002705410916232465,0.6688329911086642,0.06360009662600703
0.04253784286117235,0.0028056113168336673,0.6449460994204661,0.06595565567323515
0.042635631005450904,1e-10,18177970.312329665,2.3454560807887455e-09
0.042635631005450904,0.0001002005006012024,18.141596302675087,0.002350158734331665
0.042635631005450904,0.00020040090120240482,9.070802677663572,0.00470031512320725
0.042635631005450904,0.0003006013018036072,6.047202790959946,0.007050471512082834
0.042635631005450904,0.0004008017024048096,4.53540247041414,0.009400627900958419
0.042635631005450904,0.0005010021030060121,3.628322157384542,0.011750784289834006
0.042635631005450904,0.0006012025036072144,3.023601898405589,0.014100940678709588
0.042635631005450904,0.0007014029042084169,2.5916588316446734,0.016451097067585175
0.042635631005450904,0.0008016033048096193,2.267701518102764,0.01880125345646076
0.042635631005450904,0.0009018037054108217,2.015734710698332,0.021151409845336346
0.042635631005450904,0.0010020041060120242,1.814161259745529,0.02350156623421193
0.042635631005450904,0.0011022045066132265,1.6492375238226529,0.025851722623087513
0.042635631005450904,0.0012024049072144288,1.5118010749342299,0.028201879011963093
0.042635631005450904,0.0013026053078156314,1.3955086934823502,0.030552035400838683
0.042635631005450904,0.0014028057084168337,1.295829508196456,0.032902191789714264
0.042635631005450904,0.0015030061090180362,1.2094408800644154,0.035252348178589854
0.042635631005450904,0.0016032065096192386,1.133850829775319,0.03760250456746544
0.042635631005450904,0.0017034069102204409,1.067153726056989,0.03995266095634102
0.042635631005450904,0.0018036073108216434,1.0078674112298085,0.042302817345216605
0.042635631005450904,0.0019038077114228457,0.9548217607934797,0.04465297373409219
0.042635631005450904,0.0020040081120240483,0.9070806751360858,0.04700313012296778
0.042635631005450904,0.0021042085126252506,0.8638863593252212,0.04935328651184336
0.042635631005450904,0.002204408913226453,0.8246187993190305,0.05170344290071894
0.042635631005450904,0.0023046093138276553,0.788765809599998,0.05405359928959452
0.042635631005450904,0.0024048097144288576,0.7559005688999777,0.056403755678470106
0.042635631005450904,0.0025050101150300604,0.7256645473510005,0.0587539120673457
0.042635631005450904,0.0026052105156312627,0.6977543735242064,0.06110406845622128
0.042635631005450904,0.002705410916232465,0.6719116199044606,0.06345422484509687
0.042635631005450904,0.0028056113168336673,0.6479147771917602,0.06580438123397245
0.04273341914972946,1e-10,18261451.122264642,2.3400889044150612e-09
0.04273341914972946,0.0001002005006012024,18.224910068009688,0.0023447807967370837
0.04273341914972946,0.00020040090120240482,9.112459581117644,0.0046895592533852636
0.04273341914972946,0.0003006013018036072,6.0749740645486145,0.0070343377100334425
0.04273341914972946,0.0004008017024048096,4.556230927337874,0.009379116166681623
0.04273341914972946,0.0005010021030060121,3.6449849237550014,0.011723894623329805
0.04273341914972946,0.0006012025036072144,3.037487537509567,0.014068673079977981
0.04273341914972946,0.0007014029042084169,2.6035608083023254,0.016413451536626163
0.04273341914972946,0.0008016033048096193,2.278115747863806,0.018758229993274343
0.04273341914972946,0.0009018037054108217,2.0249918039475716,0.021103008449922522
0.04273341914972946,0.0010020041060120242,1.8224926437622306,0.023447786906570702
0.04273341914972946,0.0011022045066132265,1.6568115093610982,0.025792565363218882
0.04273341914972946,0.0012024049072144288,1.51874389506363,0.02813734381986706
0.04273341914972946,0.0013026053078156314,1.4019174505658731,0.03048212227651524
0.04273341914972946,0.0014028057084168337,1.3017804969495024,0.03282690073316342
0.04273341914972946,0.0015030061090180362,1.2149951362603213,0.0351716791898116
0.04273341914972946,0.0016032065096192386,1.1390579449806337,0.03751645764645978
0.04273341914972946,0.0017034069102204409,1.0720545403858552,0.039861236103107954
0.04273341914972946,0.0018036073108216434,1.0124959581110557,0.04220601455975614
0.04273341914972946,0.0019038077114228457,0.9592066999569306,0.04455079301640432
0.04273341914972946,0.0020040081120240483,0.9112463673523047,0.046895571473052504
0.04273341914972946,0.0021042085126252506,0.8678536852548567,0.04924034992970068
0.04273341914972946,0.002204408913226453,0.828405792260045,0.05158512838634886
0.04273341914972946,0.0023046093138276553,0.7923881506811563,0.05392990684299703
0.04273341914972946,0.0024048097144288576,0.7593719791090306,0.05627468529964521
0.04273341914972946,0.0025050101150300604,0.7289971011572345,0.0586194637562934
0.04273341914972946,0.0026052105156312627,0.7009587521889666,0.060964242212941576
0.04273341914972946,0.002705410916232465,0.6749973178823202,0.06330902066958975
0.04273341914972946,0.0028056113168336673,0.6508902716743385,0.06565379912623794
0.042831207294008015,1e-10,18345123.182622854,2.334746235695994e-09
0.042831207294008015,0.0001002005006012024,18.30841470107657,0.0023394274159351147
0.042831207294008015,0.00020040090120240482,9.15421191848548,0.004678852497123994
0.042831207294008015,0.0003006013018036072,6.102808960757041,0.007018277578312871
0.042831207294008015,0.0004008017024048096,4.5771071012303945,0.00935770265950175
0.042831207294008015,0.0005010021030060121,3.6616858637023944,0.011697127740690632
0.042831207294008015,0.0006012025036072144,3.051404987928715,0.01403655282187951
0.042831207294008015,0.0007014029042084169,2.6154900518021997,0.016375977903068387
0.042831207294008015,0.0008016033048096193,2.2885538361122175,0.01871540298425727
0.042831207294008015,0.0009018037054108217,2.0342701047414335,0.02105482806544615
0.042831207294008015,0.0010020041060120242,1.830843114569304,0.023394253146635027
0.042831207294008015,0.0011022045066132265,1.6644028465273117,0.025733678227823905
0.042831207294008015,0.0012024049072144288,1.525702620851938,0.028073103309012783
0.042831207294008015,0.0013026053078156314,1.408340889796174,0.030412528390201664
0.042831207294008015,0.0014028057084168337,1.3077451191246316,0.03275195347139054
0.042831207294008015,0.0015030061090180362,1.2205621169835652,0.035091378552579426
0.042831207294008015,0.0016032065096192386,1.1442769894303773,0.0374308036337683
0.042831207294008015,0.0017034069102204409,1.0769665822389307,0.039770228714957175
0.042831207294008015,0.0018036073108216434,1.0171351087652019,0.04210965379614606
0.042831207294008015,0.0019038077114228457,0.9636016847999995,0.04444907887733494
0.042831207294008015,0.0020040081120240483,0.9154216029641855,0.04678850395852382
0.042831207294008015,0.0021042085126252506,0.8718301001327634,0.0491279290397127
0.042831207294008015,0.002204408913226453,0.832201461015337,0.05146735412090157
0.042831207294008015,0.0023046093138276553,0.7960187903672922,0.05380677920209045
0.042831207294008015,0.0024048097144288576,0.7628513421478681,0.05614620428327933
0.042831207294008015,0.0025050101150300604,0.7323372896800743,0.05848562936446822
0.042831207294008015,0.0026052105156312627,0.7041704719273977,0.06082505444565709
0.042831207294008015,0.002705410916232465,0.6780900850422432,0.06316447952684597
0.042831207294008015,0.0028056113168336673,0.6538725828682013,0.06550390460803485
0.04292899543828657,1e-10,18428986.49340429,2.3294279071532665e-09
0.04292899543828657,0.0001002005006012024,18.392110201875724,0.002334098424111685
0.04292899543828657,0.00020040090120240482,9.196059689767075,0.004668194518795464
0.04292899543828657,0.0003006013018036072,6.130707479585222,0.00700229061347924
0.04292899543828657,0.0004008017024048096,4.598030992091701,0.009336386708163018
0.04292899543828657,0.0005010021030060121,3.6784249772267206,0.011670482802846799
0.04292899543828657,0.0006012025036072144,3.065354249663032,0.014004578897530574
0.04292899543828657,0.0007014029042084169,2.627446562144295,0.016338674992214353
0.04292899543828657,0.0008016033048096193,2.299015782847998,0.018672771086898132
0.04292899543828657,0.0009018037054108217,2.0435696130799177,0.02100686718158191
0.04292899543828657,0.0010020041060120242,1.8392126721667488,0.02334096327626569
0.04292899543828657,0.0011022045066132265,1.6720115353212932,0.025675059370949466
0.04292899543828657,0.0012024049072144288,1.5326772522991534,0.02800915546563324
0.04292899543828657,0.0013026053078156314,1.4147790111732526,0.030343251560317024
0.04292899543828657,0.0014028057084168337,1.3137233747218435,0.0326773476550008
0.04292899543828657,0.0015030061090180362,1.2261418222341465,0.03501144374968458
0.04292899543828657,0.0016032065096192386,1.1495079631245495,0.03734553984436836
0.04292899543828657,0.0017034069102204409,1.0818898516162156,0.03967963593905213
0.04292899543828657,0.0018036073108216434,1.0217848631922468,0.042013732033735915
0.04292899543828657,0.0019038077114228457,0.9680067153226861,0.04434782812841969
0.04292899543828657,0.0020040081120240483,0.9196063819717284,0.04668192422310347
0.04292899543828657,0.0021042085126252506,0.8758156039589412,0.04901602031778725
0.04292899543828657,0.002204408913226453,0.8360058055849066,0.051350116412471024
0.04292899543828657,0.0023046093138276553,0.7996577286584055,0.0536842125071548
0.04292899543828657,0.0024048097144288576,0.7663386580164899,0.056018308601838575
0.04292899543828657,0.0025050101150300604,0.7356851129195198,0.058352404696522364
0.04292899543828657,0.0026052105156312627,0.7073895327394994,0.06068650079120614
0.04292899543828657,0.002705410916232465,0.6811899213842295,0.06302059688588992
0.04292899543828657,0.0028056113168336673,0.6568617107733483,0.06535469298057368
0.04292899543828657,0.0029058117174348697,0.634211307733064,0.06768878907525747
0.04302678358256513,1e-10,18513041.05460896,2.3241337528311314e-09
0.04302678358256513,0.0001002005006012024,18.47599657040716,0.0023287936549783055
0.04302678358256513,0.00020040090120240482,9.238002894962431,0.004657584985822859
0.04302678358256513,0.0003006013018036072,6.15866962103316,0.006986376316667411
0.04302678358256513,0.0004008017024048096,4.619002599921792,0.009315167647511965
0.04302678358256513,0.0005010021030060121,3.69520226432798,0.01164395897835652
0.04302678358256513,0.0006012025036072144,3.079335322712519,0.01397275030920107
0.04302678358256513,0.0007014029042084169,2.6394303393286123,0.016301541640045623
0.04302678358256513,0.0008016033048096193,2.3095015880711474,0.018630332970890177
0.04302678358256513,0.0009018037054108217,2.052890328963024,0.02095912430173473
0.04302678358256513,0.0010020041060120242,1.847601316554565,0.023287915632579283
0.04302678358256513,0.0011022045066132265,1.6796375757430424,0.025616706963423837
0.04302678358256513,0.0012024049072144288,1.5396677894052762,0.027945498294268387
0.04302678358256513,0.0013026053078156314,1.4212318146971088,0.030274289625112943
0.04302678358256513,0.0014028057084168337,1.3197152637411382,0.03260308095595749
0.04302678358256513,0.0015030061090180362,1.2317342520120655,0.03493187228680205
0.04302678358256513,0.0016032065096192386,1.1547508660631502,0.0372606636176466
0.04302678358256513,0.0017034069102204409,1.08682434851771,0.03958945494849115
0.04302678358256513,0.0018036073108216434,1.0264452213921909,0.04191824627933571
0.04302678358256513,0.0019038077114228457,0.9724217915249905,0.04424703761018026
0.04302678358256513,0.0020040081120240483,0.9238007043749332,0.04657582894102481
0.04302678358256513,0.0021042085126252506,0.8798101967333901,0.04890462027186937
0.04302678358256513,0.002204408913226453,0.8398188259687537,0.05123341160271392
0.04302678358256513,0.0023046093138276553,0.8033049655544963,0.05356220293355847
0.04302678358256513,0.0024048097144288576,0.7698339267148964,0.05589099426440302
0.04302678358256513,0.0025050101150300604,0.7390405708755711,0.05821978559524758
0.04302678358256513,0.0026052105156312627,0.7106159346252717,0.06054857692609213
0.04302678358256513,0.002705410916232465,0.6842968269082791,0.06287736825693668
0.04302678358256513,0.0028056113168336673,0.6598576553897796,0.06520615958778124
0.04302678358256513,0.0029058117174348697,0.6371039439180012,0.06753495091862578
0.04312457172684369,1e-10,18597286.86623686,2.3188636082791088e-09
0.04312457172684369,0.0001002005006012024,18.56007380667088,0.002323512943754772
0.04312457172684369,0.00020040090120240482,9.280041534071552,0.004647023568645937
0.04312457172684369,0.0003006013018036072,6.186695385100856,0.006970534193537099
0.04312457172684369,0.0004008017024048096,4.640021924720671,0.009294044818428264
0.04312457172684369,0.0005010021030060121,3.7120177250061746,0.01161755544331943
0.04312457172684369,0.0006012025036072144,3.093348207077176,0.013941066068210592
0.04312457172684369,0.0007014029042084169,2.6514413833551522,0.016264576693101756
0.04312457172684369,0.0008016033048096193,2.320011251781667,0.01858808731799292
0.04312457172684369,0.0009018037054108217,2.0622322523907535,0.020911597942884087
0.04312457172684369,0.0010020041060120242,1.8560090477327538,0.02323510856777525
0.04312457172684369,0.0011022045066132265,1.6872809677925604,0.025558619192666412
0.04312457172684369,0.0012024049072144288,1.5466742321703073,0.027882129817557576
0.04312457172684369,0.0013026053078156314,1.4276993003677436,0.030205640442448743
0.04312457172684369,0.0014028057084168337,1.3257207861825162,0.032529151067339904
0.04312457172684369,0.0015030061090180362,1.2373394063173229,0.03485266169223107
0.04312457172684369,0.0016032065096192386,1.1600056982461802,0.03717617231712223
0.04312457172684369,0.0017034069102204409,1.091770072943414,0.0394996829420134
0.04312457172684369,0.0018036073108216434,1.0311161833650344,0.041823193566904567
0.04312457172684369,0.0019038077114228457,0.9768469134069132,0.04414670419179573
0.04312457172684369,0.0020040081120240483,0.9280045701738004,0.046470214816686894
0.04312457172684369,0.0021042085126252506,0.8838138784561105,0.048793725441578055
0.04312457172684369,0.002204408913226453,0.8436405221668787,0.051117236066469215
0.04312457172684369,0.0023046093138276553,0.8069605010555648,0.053440746691360376
0.04312457172684369,0.0024048097144288576,0.7733371482430874,0.05576425731625154
0.04312457172684369,0.0025050101150300604,0.7424036635482285,0.05808776794114271
0.04312457172684369,0.0026052105156312627,0.7138496775847151,0.06041127856603388
0.04312457172684369,0.002705410916232465,0.6874108016143923,0.06273478919092504
0.04312457172684369,0.0028056113168336673,0.6628604167174956,0.0650582998158162
0.04312457172684369,0.0029058117174348697,0.6400031617552213,0.06738181044070736
0.043222359871122246,1e-10,18681723.928287983,2.3136173105349595e-09
0.043222359871122246,0.0001002005006012024,18.644341910666867,0.0023182561271521047
0.043222359871122246,0.00020040090120240482,9.322175607094428,0.0046365099406868995
0.043222359871122246,0.0003006013018036072,6.214784771788306,0.006954763754221692
0.043222359871122246,0.0004008017024048096,4.661088966488333,0.009273017567756487
0.043222359871122246,0.0005010021030060121,3.728871359261301,0.011591271381291283
0.043222359871122246,0.0006012025036072144,3.107392902757001,0.013909525194826076
0.043222359871122246,0.0007014029042084169,2.6634796942239127,0.016227779008360872
0.043222359871122246,0.0008016033048096193,2.330544773979555,0.018546032821895667
0.043222359871122246,0.0009018037054108217,2.071595383363104,0.02086428663543046
0.043222359871122246,0.0010020041060120242,1.8644358657013131,0.023182540448965255
0.043222359871122246,0.0011022045066132265,1.6949417114698453,0.02550079426250005
0.043222359871122246,0.0012024049072144288,1.553696580594245,0.02781904807603484
0.043222359871122246,0.0013026053078156314,1.4341814681851555,0.03013730188956964
0.043222359871122246,0.0014028057084168337,1.3317399420459761,0.03245555570310443
0.043222359871122246,0.0015030061090180362,1.242957285149917,0.03477380951663923
0.043222359871122246,0.0016032065096192386,1.1652724596736383,0.03709206333017402
0.043222359871122246,0.0017034069102204409,1.096727024893327,0.039410317143708816
0.043222359871122246,0.0018036073108216434,1.0357977491107764,0.04172857095724361
0.043222359871122246,0.0019038077114228457,0.9812820809684533,0.044046824770778405
0.043222359871122246,0.0020040081120240483,0.9322179793683292,0.0463650785843132
0.043222359871122246,0.0021042085126252506,0.8878266491271015,0.04868333239784799
0.043222359871122246,0.002204408913226453,0.8474708941792808,0.05100158621138279
0.043222359871122246,0.0023046093138276553,0.8106243351616106,0.053319840024917575
0.043222359871122246,0.0024048097144288576,0.7768483226010626,0.05563809383845237
0.043222359871122246,0.0025050101150300604,0.7457743909374914,0.05795634765198717
0.043222359871122246,0.0026052105156312627,0.7170907616178288,0.060274601465521965
0.043222359871122246,0.002705410916232465,0.6905318455025684,0.06259285527905675
0.043222359871122246,0.0028056113168336673,0.6658699947564956,0.06491110909259155
0.043222359871122246,0.0029058117174348697,0.6429089612447236,0.06722936290612634
0.0433201480154008,1e-10,18766352.240762338,2.3083946981078843e-09
0.0433201480154008,0.0001002005006012024,18.728800882395134,0.002313023043355715
0.0433201480154008,0.00020040090120240482,9.364405114031065,0.004626043778316732
0.0433201480154008,0.0003006013018036072,6.242937781095512,0.006939064513277748
0.0433201480154008,0.0004008017024048096,4.682203725224782,0.009252085248238767
0.0433201480154008,0.0005010021030060121,3.7457631670933607,0.011565105983199785
0.0433201480154008,0.0006012025036072144,3.121469409751996,0.013878126718160801
0.0433201480154008,0.0007014029042084169,2.675545271934895,0.016191147453121817
0.0433201480154008,0.0008016033048096193,2.3411021546648123,0.018504168188082835
0.0433201480154008,0.0009018037054108217,2.0809797218800763,0.020817188923043854
0.0433201480154008,0.0010020041060120242,1.872881770460244,0.02313020965800487
0.0433201480154008,0.0011022045066132265,1.7026198067748983,0.025443230392965886
0.0433201480154008,0.0012024049072144288,1.5607348346770904,0.0277562511279269
0.0433201480154008,0.0013026053078156314,1.4406783181493452,0.030069271862887922
0.0433201480154008,0.0014028057084168337,1.3377727313315189,0.03238229259784894
0.0433201480154008,0.0015030061090180362,1.2485878885098491,0.03469531333280996
0.0433201480154008,0.0016032065096192386,1.170551150345525,0.03700833406777097
0.0433201480154008,0.0017034069102204409,1.1016952043674493,0.03932135480273199
0.0433201480154008,0.0018036073108216434,1.0404899186294172,0.04163437553769301
0.0433201480154008,0.0019038077114228457,0.9857272942096111,0.043947396272654024
0.0433201480154008,0.0020040081120240483,0.93644093195852,0.046260417007615046
0.0433201480154008,0.0021042085126252506,0.8918485087463638,0.04857343774257606
0.0433201480154008,0.002204408913226453,0.8513099420059604,0.050886458477537075
0.0433201480154008,0.0023046093138276553,0.8142964678726338,0.05319947921249809
0.0433201480154008,0.0024048097144288576,0.7803674497888224,0.055512499947459104
0.0433201480154008,0.0025050101150300604,0.7491527530433602,0.057825520682420126
0.0433201480154008,0.0026052105156312627,0.7203391867246132,0.06013854141738115
0.0433201480154008,0.002705410916232465,0.6936599585728079,0.06245156215234216
0.0433201480154008,0.0028056113168336673,0.6688863895067798,0.06476458288730318
0.0433201480154008,0.0029058117174348697,0.6458213423865087,0.06707760362226418
0.04341793615967936,1e-10,18851171.803659923,2.3031956109619583e-09
0.04341793615967936,0.0001002005006012024,18.813450721855684,0.0023078135320088043
0.04341793615967936,0.00020040090120240482,9.406730054881464,0.004615624760821998
0.04341793615967936,0.0003006013018036072,6.271154413022476,0.00692343598963519
0.04341793615967936,0.0004008017024048096,4.703366200930017,0.009231247218448384
0.04341793615967936,0.0005010021030060121,3.762693148502354,0.01153905844726158
0.04341793615967936,0.0006012025036072144,3.1355777280621604,0.013846869676074772
0.04341793615967936,0.0007014029042084169,2.6876381164880994,0.016154680904887964
0.04341793615967936,0.0008016033048096193,2.3516833938374386,0.018462492133701162
0.04341793615967936,0.0009018037054108217,2.090385267941671,0.020770303362514356
0.04341793615967936,0.0010020041060120242,1.8813467620095468,0.02307811459132755
0.04341793615967936,0.0011022045066132265,1.7103152537077195,0.02538592582014074
0.04341793615967936,0.0012024049072144288,1.5677889944188437,0.02769373704895393
0.04341793615967936,0.0013026053078156314,1.4471898502603129,0.030001548277767128
0.04341793615967936,0.0014028057084168337,1.3438191540391444,0.03230935950658032
0.04341793615967936,0.0015030061090180362,1.254231216397119,0.03461717073539352
0.04341793615967936,0.0016032065096192386,1.1758417702618407,0.03692498196420671
0.04341793615967936,0.0017034069102204409,1.106674611365781,0.0392327931930199
0.04341793615967936,0.0018036073108216434,1.0451926919209573,0.0415406044218331
0.04341793615967936,0.0019038077114228457,0.9901825531303869,0.04384841565064629
0.04341793615967936,0.0020040081120240483,0.9406734279443728,0.046156226879459486
0.04341793615967936,0.0021042085126252506,0.8958794573138972,0.048464038108272676
0.04341793615967936,0.002204408913226453,0.8551576656469178,0.05077184933708587
0.04341793615967936,0.0023046093138276553,0.8179768991886346,0.05307966056589906
0.04341793615967936,0.0024048097144288576,0.7838945298063666,0.055387471794712255
0.04341793615967936,0.0025050101150300604,0.7525387498658347,0.05769528302352545
0.04341793615967936,0.0026052105156312627,0.7235949529050684,0.06000309425233864
0.04341793615967936,0.002705410916232465,0.6967951408251107,0.06231090548115184
0.04341793615967936,0.0028056113168336673,0.6719096009683485,0.06461871670996502
0.04341793615967936,0.0029058117174348697,0.6487403051805765,0.06692652793877822
0.04351572430395791,1e-10,18936182.616980735,2.2980198904997805e-09
0.04351572430395791,0.0001002005006012024,18.89829142904851,0.0023026274341959832
0.04351572430395791,0.00020040090120240482,9.449150429645623,0.004605252570372077
0.04351572430395791,0.0003006013018036072,6.299434667569195,0.006907877706548169
0.04351572430395791,0.0004008017024048096,4.724576393604036,0.009210502842724263
0.04351572430395791,0.0005010021030060121,3.7796613034882807,0.011513127978900356
0.04351572430395791,0.0006012025036072144,3.1497178576874942,0.013815753115076448
0.04351572430395791,0.0007014029042084169,2.699758227883525,0.016118378251252542
0.04351572430395791,0.0008016033048096193,2.3622884914974343,0.018421003387428636
0.04351572430395791,0.0009018037054108217,2.099812021547888,0.02072362852360473
0.04351572430395791,0.0010020041060120242,1.889830840349221,0.023026253659780824
0.04351572430395791,0.0011022045066132265,1.7180280522683085,0.025328878795956914
0.04351572430395791,0.0012024049072144288,1.5748590598195042,0.027631503932133004
0.04351572430395791,0.0013026053078156314,1.4537160645180582,0.0299341290683091
0.04351572430395791,0.0014028057084168337,1.3498792101688528,0.03223675420448519
0.04351572430395791,0.0015030061090180362,1.2598872688117264,0.034539379340661286
0.04351572430395791,0.0016032065096192386,1.181144319422585,0.03684200447683738
0.04351572430395791,0.0017034069102204409,1.111665245888322,0.03914462961301347
0.04351572430395791,0.0018036073108216434,1.0499060689853963,0.04144725474918957
0.04351572430395791,0.0019038077114228457,0.9946478577307805,0.043749879885365654
0.04351572430395791,0.0020040081120240483,0.9449154673258877,0.046052505021541755
0.04351572430395791,0.0021042085126252506,0.8999194948297017,0.04835513015771784
0.04351572430395791,0.002204408913226453,0.8590140651021525,0.050657755293893936
0.04351572430395791,0.0023046093138276553,0.8216656291096128,0.05296038043007003
0.04351572430395791,0.0024048097144288576,0.7874295626536955,0.055263005566246116
0.04351572430395791,0.0025050101150300604,0.7559323814049149,0.05756563070242222
0.04351572430395791,0.0026052105156312627,0.7268580601591942,0.05986825583859831
0.04351572430395791,0.002705410916232465,0.6999373922594768,0.0621708809747744
0.04351572430395791,0.0028056113168336673,0.6749396291412015,0.06447350611095048
0.04351572430395791,0.0029058117174348697,0.6516658496269268,0.06677613124712659
0.043613512448236476,1e-10,19021384.680724777,2.292867379546348e-09
0.043613512448236476,0.0001002005006012024,18.98332300397362,0.002297464592427112
0.043613512448236476,0.00020040090120240482,9.491666238323544,0.0045949268919868455
0.043613512448236476,0.0003006013018036072,6.327778544735672,0.006892389191546577
0.043613512448236476,0.0004008017024048096,4.745834303246842,0.00918985149110631
0.043613512448236476,0.0005010021030060121,3.7966676320511414,0.011487313790666046
0.043613512448236476,0.0006012025036072144,3.163889798627998,0.013784776090225777
0.043613512448236476,0.0007014029042084169,2.7119056061211735,0.016082238389785508
0.043613512448236476,0.0008016033048096193,2.3729174476447996,0.018379700689345243
0.043613512448236476,0.0009018037054108217,2.109259982698727,0.020677162988904978
0.043613512448236476,0.0010020041060120242,1.898334005479267,0.02297462528846471
0.043613512448236476,0.0011022045066132265,1.7257582024566658,0.02527208758802444
0.043613512448236476,0.0012024049072144288,1.5819450308790726,0.02756954988758417
0.043613512448236476,0.0013026053078156314,1.4602569609225817,0.029867012187143906
0.043613512448236476,0.0014028057084168337,1.355952899720644,0.03216447448670364
0.043613512448236476,0.0015030061090180362,1.2655560457536716,0.03446193678626337
0.043613512448236476,0.0016032065096192386,1.186458797827758,0.036759399085823104
0.043613512448236476,0.0017034069102204409,1.1166671079350727,0.039056861385382835
0.043613512448236476,0.0018036073108216434,1.0546300498227346,0.04135432368494257
0.043613512448236476,0.0019038077114228457,0.9991232080107921,0.043651785984502305
0.043613512448236476,0.0020040081120240483,0.9491670501030647,0.04594924828406204
0.043613512448236476,0.0021042085126252506,0.9039686212937775,0.04824671058362177
0.043613512448236476,0.002204408913226453,0.862879140371665,0.0505441728831815
0.043613512448236476,0.0023046093138276553,0.8253626576355687,0.05284163518274123
0.043613512448236476,0.0024048097144288576,0.7909725483308088,0.05513909748230096
0.043613512448236476,0.0025050101150300604,0.7593336476606012,0.057436559781860706
0.043613512448236476,0.0026052105156312627,0.7301285084869907,0.05973402208142044
0.043613512448236476,0.002705410916232465,0.7030867128759064,0.06203148438098017
0.043613512448236476,0.0028056113168336673,0.677976474025339,0.0643289466805399
0.043613512448236476,0.0029058117174348697,0.6545979757255598,0.06662640898009962
0.04371130059251503,1e-10,19106777.99489205,2.2877379223331473e-09
0.04371130059251503,0.0001002005006012024,19.068545446631003,0.0022923248506213603
0.04371130059251503,0.00020040090120240482,9.534277480915225,0.004584647413504799
0.04371130059251503,0.0003006013018036072,6.3561860445219045,0.006876969976388236
0.04371130059251503,0.0004008017024048096,4.767139929858434,0.009169292539271675
0.04371130059251503,0.0005010021030060121,3.813712134190935,0.011461615102155114
0.04371130059251503,0.0006012025036072144,3.1780935508836707,0.013753937665038551
0.04371130059251503,0.0007014029042084169,2.7240802512010425,0.01604626022792199
0.04371130059251503,0.0008016033048096193,2.3835702622795334,0.018338582790805427
0.04371130059251503,0.0009018037054108217,2.1187291513941884,0.020630905353688868
0.04371130059251503,0.0010020041060120242,1.9068562573996843,0.022923227916572305
0.04371130059251503,0.0011022045066132265,1.7335057042727908,0.025215550479455742
0.04371130059251503,0.0012024049072144288,1.5890469075975482,0.02750787304233918
0.04371130059251503,0.0013026053078156314,1.466812539473883,0.02980019560522262
0.04371130059251503,0.0014028057084168337,1.3620402226945179,0.03209251816810606
0.04371130059251503,0.0015030061090180362,1.2712375472229547,0.0343848407309895
0.04371130059251503,0.0016032065096192386,1.1917852054773599,0.03667716329387293
0.04371130059251503,0.0017034069102204409,1.1216801975060327,0.03896948585675637
0.04371130059251503,0.0018036073108216434,1.0593646344329715,0.04126180841963981
0.04371130059251503,0.0019038077114228457,1.0036086039704213,0.04355413098252325
0.04371130059251503,0.0020040081120240483,0.9534281762759036,0.04584645354540669
0.04371130059251503,0.0021042085126252506,0.9080268367061243,0.04813877610829013
0.04371130059251503,0.002204408913226453,0.8667528914554549,0.05043109867117356
0.04371130059251503,0.0023046093138276553,0.829067984766502,0.052723421234056995
0.04371130059251503,0.0024048097144288576,0.7945234868377065,0.055015743796940436
0.04371130059251503,0.0025050101150300604,0.7627425486328931,0.057308066359823884
0.04371130059251503,0.0026052105156312627,0.733406297888458,0.05960038892270732
0.04371130059251503,0.002705410916232465,0.7062431026743992,0.06189271148559075
0.04371130059251503,0.0028056113168336673,0.6810201356207607,0.06418503404847418
0.04371130059251503,0.0029058117174348697,0.6575366834764753,0.06647735661135763
0.04380908873679359,1e-10,19192362.55948255,2.2826313644824527e-09
0.04380908873679359,0.0001002005006012024,19.15395875702066,0.0022872080540914746
0.04380908873679359,0.00020040090120240482,9.576984157420664,0.004574413825551586
0.04380908873679359,0.0003006013018036072,6.384657166927892,0.006861619597011695
0.04380908873679359,0.0004008017024048096,4.78849327343881,0.009148825368471804
0.04380908873679359,0.0005010021030060121,3.8307948099076614,0.011436031139931918
0.04380908873679359,0.0006012025036072144,3.1923291144545125,0.013723236911392026
0.04380908873679359,0.0007014029042084169,2.7362821631231333,0.016010442682852136
0.04380908873679359,0.0008016033048096193,2.3942469354016365,0.018297648454312247
0.04380908873679359,0.0009018037054108217,2.1282195276342715,0.02058485422577236
0.04380908873679359,0.0010020041060120242,1.915397596110473,0.02287205999723247
0.04380908873679359,0.0011022045066132265,1.7412705577166834,0.02515926576869258
0.04380908873679359,0.0012024049072144288,1.5961646899749313,0.027446471540152687
0.04380908873679359,0.0013026053078156314,1.4733828001719615,0.0297336773116128
0.04380908873679359,0.0014028057084168337,1.368141179090474,0.03202088308307291
0.04380908873679359,0.0015030061090180362,1.2769317732195749,0.03430808885453302
0.04380908873679359,0.0016032065096192386,1.19712354237139,0.03659529462599313
0.04380908873679359,0.0017034069102204409,1.1267045146012018,0.03888250039745324
0.04380908873679359,0.0018036073108216434,1.0641098228161072,0.04116970616891335
0.04380908873679359,0.0019038077114228457,1.0081040456096684,0.04345691194037346
0.04380908873679359,0.0020040081120240483,0.9576988458444043,0.04574411771183357
0.04380908873679359,0.0021042085126252506,0.912094141066742,0.048031323483293684
0.04380908873679359,0.002204408913226453,0.8706353183535221,0.05031852925475379
0.04380908873679359,0.0023046093138276553,0.8327816105024126,0.0526057350262139
0.04380908873679359,0.0024048097144288576,0.7980823781743885,0.05489294079767401
0.04380908873679359,0.0025050101150300604,0.7661590843217907,0.05718014656913413
0.04380908873679359,0.0026052105156312627,0.7366914283635958,0.059467352340594234
0.04380908873679359,0.002705410916232465,0.7094065616549551,0.061754558112054346
0.04380908873679359,0.0028056113168336673,0.6840706139274666,0.06404176388351446
0.04380908873679359,0.0029058117174348697,0.6604819728796734,0.06632896965497456
0.04390687688107214,1e-10,19278138.374496274,2.2775475529918435e-09
0.04390687688107214,0.0001002005006012024,19.2395629351426,0.0022821140495282626
0.04390687688107214,0.00020040090120240482,9.619786267839865,0.004564225821508973
0.04390687688107214,0.0003006013018036072,6.413191911953636,0.006846337593489681
0.04390687688107214,0.0004008017024048096,4.809894333987973,0.009128449365470392
0.04390687688107214,0.0005010021030060121,3.8479156592013215,0.011410561137451104
0.04390687688107214,0.0006012025036072144,3.206596489340524,0.01369267290943181
0.04390687688107214,0.0007014029042084169,2.7485113418874456,0.015974784681412522
0.04390687688107214,0.0008016033048096193,2.4049474670111084,0.01825689645339323
0.04390687688107214,0.0009018037054108217,2.1377311114189768,0.020539008225373943
0.04390687688107214,0.0010020041060120242,1.9239580216116334,0.02282111999735465
0.04390687688107214,0.0011022045066132265,1.749052762788344,0.02510323176933536
0.04390687688107214,0.0012024049072144288,1.6032983780112218,0.027385343541316068
0.04390687688107214,0.0013026053078156314,1.479967743016818,0.02966745531329678
0.04390687688107214,0.0014028057084168337,1.3742557689085133,0.03194956708527749
0.04390687688107214,0.0015030061090180362,1.282638723743533,0.0342316788572582
0.04390687688107214,0.0016032065096192386,1.202473808509849,0.03651379062923891
0.04390687688107214,0.0017034069102204409,1.1317400592205802,0.03879590240121962
0.04390687688107214,0.0018036073108216434,1.068865614972142,0.04107801417320033
0.04390687688107214,0.0019038077114228457,1.0126095329285332,0.04336012594518104
0.04390687688107214,0.0020040081120240483,0.961979058808567,0.04564223771716175
0.04390687688107214,0.0021042085126252506,0.916170534375631,0.04792434948914246
0.04390687688107214,0.002204408913226453,0.8745264210658671,0.050206461261123166
0.04390687688107214,0.0023046093138276553,0.8365035348433008,0.05248857303310388
0.04390687688107214,0.0024048097144288576,0.8016492223408551,0.05477068480508458
0.04390687688107214,0.0025050101150300604,0.7695832547272942,0.0570527965770653
0.04390687688107214,0.0026052105156312627,0.7399838999124043,0.059334908349046006
0.04390687688107214,0.002705410916232465,0.7125770898175744,0.06161702012102672
0.04390687688107214,0.0028056113168336673,0.6871279089454568,0.06389913189300743
0.04390687688107214,0.0029058117174348697,0.6634338439351541,0.06618124366498813
0.0440046650253507,1e-10,19364105.43993323,2.2724863362189187e-09
0.0440046650253507,0.0001002005006012024,19.325357980996817,0.00227704268498528
0.0440046650253507,0.00020040090120240482,9.662683812172826,0.004554083097484224
0.0440046650253507,0.0003006013018036072,6.441790279599136,0.006831123509983167
0.0440046650253507,0.0004008017024048096,4.831343111505921,0.009108163922482112
0.0440046650253507,0.0005010021030060121,3.865074682071915,0.011385204334981058
0.0440046650253507,0.0006012025036072144,3.2208956755417044,0.01366224474748
0.0440046650253507,0.0007014029042084169,2.7607677874939798,0.015939285159978944
0.0440046650253507,0.0008016033048096193,2.4156718571079496,0.01821632557247789
0.0440046650253507,0.0009018037054108217,2.1472639027483043,0.020493365984976832
0.0440046650253507,0.0010020041060120242,1.9325375339031654,0.022770406397475778
0.0440046650253507,0.0011022045066132265,1.7568523194877725,0.02504744680997472
0.0440046650253507,0.0012024049072144288,1.61044797170642,0.027324487222473662
0.0440046650253507,0.0013026053078156314,1.4865673680084524,0.029601527634972608
0.0440046650253507,0.0014028057084168337,1.3803839921486352,0.03187856804747155
0.0440046650253507,0.0015030061090180362,1.2883583987948288,0.034155608459970496
0.0440046650253507,0.0016032065096192386,1.2078360038927365,0.03643264887246944
0.0440046650253507,0.0017034069102204409,1.136786831364168,0.03870968928496838
0.0440046650253507,0.0018036073108216434,1.073632010901076,0.040986729697467326
0.0440046650253507,0.0019038077114228457,1.0171250659270157,0.04326377010996627
0.0440046650253507,0.0020040081120240483,0.9662688151683918,0.04554081052246522
0.0440046650253507,0.0021042085126252506,0.920256016632791,0.047817850934964164
0.0440046650253507,0.002204408913226453,0.8784261995924895,0.0500948913474631
0.0440046650253507,0.0023046093138276553,0.8402337577891663,0.05237193175996204
0.0440046650253507,0.0024048097144288576,0.8052240193371061,0.05464897217246099
0.0440046650253507,0.0025050101150300604,0.7730150598494034,0.05692601258495994
0.0440046650253507,0.0026052105156312627,0.7432837125348835,0.05920305299745888
0.0440046650253507,0.002705410916232465,0.715754687162257,0.061480093409957824
0.0440046650253507,0.0028056113168336673,0.6901920206747314,0.06375713382245676
0.0440046650253507,0.0029058117174348697,0.6663922966429174,0.06603417423495571
0.04410245316962926,1e-10,19450263.75579342,2.267447563866222e-09
0.04410245316962926,0.0001002005006012024,19.411343894583315,0.002271993809863723
0.04410245316962926,0.00020040090120240482,9.70567679041955,0.004543985352279882
0.04410245316962926,0.0003006013018036072,6.470452269864395,0.00681597689469604
0.04410245316962926,0.0004008017024048096,4.852839605992656,0.009087968437112199
0.04410245316962926,0.0005010021030060121,3.8822718785194428,0.01135995997952836
0.04410245316962926,0.0006012025036072144,3.2352266730580554,0.013631951521944517
0.04410245316962926,0.0007014029042084169,2.7730514999427367,0.015903943064360677
0.04410245316962926,0.0008016033048096193,2.426420105692161,0.01817593460677684
0.04410245316962926,0.0009018037054108217,2.1568179016222544,0.020447926149192996
0.04410245316962926,0.0010020041060120242,1.9411361329850694,0.022719917691609155
0.04410245316962926,0.0011022045066132265,1.7646692278149696,0.024991909234025313
0.04410245316962926,0.0012024049072144288,1.617613471060526,0.02726390077644147
0.04410245316962926,0.0013026053078156314,1.493181675146865,0.029535892318857632
0.04410245316962926,0.0014028057084168337,1.38652584881084,0.03180788386127379
0.04410245316962926,0.0015030061090180362,1.2940907983734626,0.03407987540368995
0.04410245316962926,0.0016032065096192386,1.213210128520053,0.03635186694610611
0.04410245316962926,0.0017034069102204409,1.1418448310319658,0.03862385848852227
0.04410245316962926,0.0018036073108216434,1.0784090106029092,0.04089585003093843
0.04410245316962926,0.0019038077114228457,1.0216506446051166,0.043167841573354584
0.04410245316962926,0.0020040081120240483,0.9705681149238788,0.045439833115770746
0.04410245316962926,0.0021042085126252506,0.9243505878382224,0.04771182465818691
0.04410245316962926,0.002204408913226453,0.8823346539333897,0.04998381620060306
0.04410245316962926,0.0023046093138276553,0.8439722793400097,0.05225580774301922
0.04410245316962926,0.0024048097144288576,0.8088067691631419,0.05452779928543538
0.04410245316962926,0.0025050101150300604,0.7764544996881186,0.05679979082785154
0.04410245316962926,0.0026052105156312627,0.7465908662310335,0.0590717823702677
0.04410245316962926,0.002705410916232465,0.7189393536890031,0.061343773912683856
0.04410245316962926,0.0028056113168336673,0.6932629491152905,0.06361576545510002
0.04410245316962926,0.0029058117174348697,0.6693573310029636,0.06588775699751617
0.04420024131390782,1e-10,19536613.322076835,2.2624310869663628e-09
0.04420024131390782,0.0001002005006012024,19.497520675902088,0.0022669672748975205
0.04420024131390782,0.00020040090120240482,9.748765202580033,0.004533932287363954
0.04420024131390782,0.0003006013018036072,6.499177882749408,0.006800897299830386
0.04420024131390782,0.0004008017024048096,4.874383817448176,0.009067862312296822
0.04420024131390782,0.0005010021030060121,3.899507248543903,0.011334827324763257
0.04420024131390782,0.0006012025036072144,3.249589481889575,0.013601792337229688
0.04420024131390782,0.0007014029042084169,2.785362479233714,0.015868757349696123
0.04420024131390782,0.0008016033048096193,2.437192212763741,0.018135722362162557
0.04420024131390782,0.0009018037054108217,2.166393108040826,0.02040268737462899
0.04420024131390782,0.0010020041060120242,1.9497538188573444,0.022669652387095424
0.04420024131390782,0.0011022045066132265,1.7725034877699342,0.024936617399561857
0.04420024131390782,0.0012024049072144288,1.6247948760735393,0.027203582412028287
0.04420024131390782,0.0013026053078156314,1.4998106644320548,0.029470547424494724
0.04420024131390782,0.0014028057084168337,1.3926813388951274,0.03173751243696116
0.04420024131390782,0.0015030061090180362,1.2998359224794338,0.03400447744942759
0.04420024131390782,0.0016032065096192386,1.218596182391798,0.036271442461894024
0.04420024131390782,0.0017034069102204409,1.1469140582239723,0.03853840747436046
0.04420024131390782,0.0018036073108216434,1.083196614077641,0.04080537248682689
0.04420024131390782,0.0019038077114228457,1.026186268962835,0.043072337499293324
0.04420024131390782,0.0020040081120240483,0.9748769580750276,0.045339302511759765
0.04420024131390782,0.0021042085126252506,0.9284542479919247,0.04760626752422619
0.04420024131390782,0.002204408913226453,0.8862517840885672,0.049873232536692624
0.04420024131390782,0.0023046093138276553,0.8477190994958304,0.05214019754915906
0.04420024131390782,0.0024048097144288576,0.8123974718189618,0.05440716256162549
0.04420024131390782,0.0025050101150300604,0.7799015742434394,0.05667412757409193
0.04420024131390782,0.0026052105156312627,0.7499053610008541,0.058941092586558365
0.04420024131390782,0.002705410916232465,0.7221310893978123,0.06120805759902479
0.04420024131390782,0.0028056113168336673,0.6963406942671339,0.06347502261149122
0.04420024131390782,0.0029058117174348697,0.6723289470152921,0.06574198762395765
0.04429802945818637,1e-10,19623154.138783477,2.257436757867336e-09
0.04429802945818637,0.0001002005006012024,19.58388832495314,0.0022619629321386243
0.04429802945818637,0.00020040090120240482,9.791949048654278,0.004523923606840491
0.04429802945818637,0.0003006013018036072,6.527967118254177,0.006785884281542356
0.04429802945818637,0.0004008017024048096,4.895975745872481,0.009047844956244224
0.04429802945818637,0.0005010021030060121,3.9167807921452975,0.011309805630946091
0.04429802945818637,0.0006012025036072144,3.2639841020362645,0.013571766305647956
0.04429802945818637,0.0007014029042084169,2.797700725366914,0.015833726980349825
0.04429802945818637,0.0008016033048096193,2.44798817832269,0.01809568765505169
0.04429802945818637,0.0009018037054108217,2.17598952200402,0.020357648329753557
0.04429802945818637,0.0010020041060120242,1.958390591519991,0.022619609004455424
0.04429802945818637,0.0011022045066132265,1.7803550993526667,0.02488156967915729
0.04429802945818637,0.0012024049072144288,1.6319921867454603,0.027143530353859153
0.04429802945818637,0.0013026053078156314,1.5064543358640228,0.029405491028561024
0.04429802945818637,0.0014028057084168337,1.3988504624014975,0.03166745170326289
0.04429802945818637,0.0015030061090180362,1.3055937711127426,0.033929412377964756
0.04429802945818637,0.0016032065096192386,1.2239941655079718,0.03619137305266662
0.04429802945818637,0.0017034069102204409,1.1519945129401883,0.038453333727368484
0.04429802945818637,0.0018036073108216434,1.0879948213252717,0.040715294402070355
0.04429802945818637,0.0019038077114228457,1.030731939000171,0.04297725507677222
0.04429802945818637,0.0020040081120240483,0.9791953446218385,0.04523921575147409
0.04429802945818637,0.0021042085126252506,0.9325669970938981,0.047501176426175955
0.04429802945818637,0.002204408913226453,0.8901775900580223,0.04976313710087782
0.04429802945818637,0.0023046093138276553,0.8514742182566285,0.05202509777557968
0.04429802945818637,0.0024048097144288576,0.8159961273045664,0.05428705845028155
0.04429802945818637,0.0025050101150300604,0.7833562835153661,0.056549019124983425
0.04429802945818637,0.0026052105156312627,0.7532271968443455,0.05881097979968529
0.04429802945818637,0.002705410916232465,0.7253298942886849,0.061072940474387154
0.04429802945818637,0.0028056113168336673,0.6994252561302614,0.06333490114908902
0.04429802945818637,0.0029058117174348697,0.6753071446799034,0.06559686182379089
0.04439581760246493,1e-10,19709886.205913346,2.2524644302180357e-09
0.04439581760246493,0.0001002005006012024,19.670446841736467,0.002256980634942493
0.04439581760246493,0.00020040090120240482,9.83522832864228,0.004513959017420556
0.04439581760246493,0.0003006013018036072,6.556819976378702,0.006770937399898618
0.04439581760246493,0.0004008017024048096,4.917615391265571,0.009027915782376682
0.04439581760246493,0.0005010021030060121,3.934092509323624,0.011284894164854746
0.04439581760246493,0.0006012025036072144,3.2784105334981226,0.013541872547332807
0.04439581760246493,0.0007014029042084169,2.8100662383423347,0.01579885092981087
0.04439581760246493,0.0008016033048096193,2.4588080023690075,0.018055829312288933
0.04439581760246493,0.0009018037054108217,2.1856071435118354,0.020312807694766996
0.04439581760246493,0.0010020041060120242,1.967046450973009,0.022569786077245062
0.04439581760246493,0.0011022045066132265,1.788224062563167,0.024826764459723122
0.04439581760246493,0.0012024049072144288,1.6392054030762881,0.027083742842201185
0.04439581760246493,0.0013026053078156314,1.513112689442768,0.029340721224679248
0.04439581760246493,0.0014028057084168337,1.4050332193299497,0.03159769960715731
0.04439581760246493,0.0015030061090180362,1.3113643442733889,0.03385467798963537
0.04439581760246493,0.0016032065096192386,1.2294040778685738,0.036111656372113436
0.04439581760246493,0.0017034069102204409,1.1570861951806135,0.0383686347545915
0.04439581760246493,0.0018036073108216434,1.0928036323458015,0.04062561313706956
0.04439581760246493,0.0019038077114228457,1.0352876547171248,0.042882591519547625
0.04439581760246493,0.0020040081120240483,0.9835232745643111,0.04513956990202569
0.04439581760246493,0.0021042085126252506,0.9366888351441426,0.04739654828450375
0.04439581760246493,0.002204408913226453,0.8941120718417547,0.04965352666698181
0.04439581760246493,0.0023046093138276553,0.855237635622404,0.051910505049459876
0.04439581760246493,0.0024048097144288576,0.8196027356199551,0.05416748343193793
0.04439581760246493,0.0025050101150300604,0.7868186275038984,0.05642446181441601
0.04439581760246493,0.0026052105156312627,0.7565563737615073,0.058681440196894065
0.04439581760246493,0.002705410916232465,0.7285357683616206,0.06093841857937213
0.04439581760246493,0.0028056113168336673,0.7025166347046733,0.06319539696185018
0.04439581760246493,0.0029058117174348697,0.6782919239967969,0.06545237534432825
0.044493605746743485,1e-10,19796809.52346645,2.2475139589539574e-09
0.044493605746743485,0.0001002005006012024,19.757196226252074,0.0022520202379537678
0.044493605746743485,0.00020040090120240482,9.878603042544045,0.004504038228393578
0.044493605746743485,0.0003006013018036072,6.585736457122985,0.006756056218833385
0.044493605746743485,0.0004008017024048096,4.939302753627447,0.009008074209273196
0.044493605746743485,0.0005010021030060121,3.9514424000788844,0.011260092199713006
0.044493605746743485,0.0006012025036072144,3.2928687762751503,0.013512110190152813
0.044493605746743485,0.0007014029042084169,2.8224590181599774,0.015764128180592623
0.044493605746743485,0.0008016033048096193,2.469651684902695,0.01801614617103243
0.044493605746743485,0.0009018037054108217,2.1952459725642735,0.020268164161472244
0.044493605746743485,0.0010020041060120242,1.9757213972163987,0.022520182151912052
0.044493605746743485,0.0011022045066132265,1.796110377401435,0.02477220014235186
0.044493605746743485,0.0012024049072144288,1.6464345250660242,0.027024218132791666
0.044493605746743485,0.0013026053078156314,1.5197857251682916,0.029276236123231478
0.044493605746743485,0.0014028057084168337,1.4112296096804853,0.031528254113671286
0.044493605746743485,0.0015030061090180362,1.317147641961373,0.0337802721041111
0.044493605746743485,0.0016032065096192386,1.2348259194736049,0.0360322900945509
0.044493605746743485,0.0017034069102204409,1.1621891049452482,0.03828430808499071
0.044493605746743485,0.0018036073108216434,1.09762304713923,0.04053632607543053
0.044493605746743485,0.0019038077114228457,1.0398534161136965,0.042788344065870336
0.044493605746743485,0.0020040081120240483,0.9878607479024458,0.045040362056310145
0.044493605746743485,0.0021042085126252506,0.9408197621426582,0.04729238004674995
0.044493605746743485,0.002204408913226453,0.8980552294397648,0.04954439803718976
0.044493605746743485,0.0023046093138276553,0.8590093515931571,0.05179641602762957
0.044493605746743485,0.0024048097144288576,0.8232172967651286,0.05404843401806937
0.044493605746743485,0.0025050101150300604,0.7902886062090366,0.056300452008509194
0.044493605746743485,0.0026052105156312627,0.75989289175234,0.058552469998948996
0.044493605746743485,0.002705410916232465,0.7317487116166197,0.060804487989388804
0.044493605746743485,0.0028056113168336673,0.7056148299903695,0.06305650597982862
0.044493605746743485,0.0029058117174348697,0.6812832849659733,0.06530852397026841
0.04459139389102205,1e-10,19883924.091442782,2.242585200283094e-09
0.04459139389102205,0.0001002005006012024,19.844136478499966,0.002247081597092137
0.04459139389102205,0.00020040090120240482,9.922073190359573,0.004494160951599075
0.04459139389102205,0.0003006013018036072,6.6147165604870235,0.006741240306106011
0.04459139389102205,0.0004008017024048096,4.961037832958111,0.00898831966061295
0.04459139389102205,0.0005010021030060121,3.968830464411079,0.011235399015119888
0.04459139389102205,0.0006012025036072144,3.3073588303673485,0.013482478369626823
0.04459139389102205,0.0007014029042084169,2.8348790648198423,0.01572955772413376
0.04459139389102205,0.0008016033048096193,2.480519225923752,0.0179766370786407
0.04459139389102205,0.0009018037054108217,2.204906009161334,0.020223716433147635
0.04459139389102205,0.0010020041060120242,1.9844154302501604,0.022470795787654575
0.04459139389102205,0.0011022045066132265,1.8040140438674717,0.02471787514216151
0.04459139389102205,0.0012024049072144288,1.6536795527146677,0.026964954496668445
0.04459139389102205,0.0013026053078156314,1.5264734430405928,0.029212033851175385
0.04459139389102205,0.0014028057084168337,1.4174396334531036,0.03145911320568232
0.04459139389102205,0.0015030061090180362,1.3229436641766952,0.03370619256018926
0.04459139389102205,0.0016032065096192386,1.2402596903230647,0.035953271914696196
0.04459139389102205,0.0017034069102204409,1.1673032422340923,0.03820035126920313
0.04459139389102205,0.0018036073108216434,1.102453065705558,0.04044743062371007
0.04459139389102205,0.0019038077114228457,1.0444292231898864,0.042694509978217006
0.04459139389102205,0.0020040081120240483,0.9922077646362428,0.04494158933272395
0.04459139389102205,0.0021042085126252506,0.9449597780894451,0.047188668687230886
0.04459139389102205,0.002204408913226453,0.9020070628520527,0.049435748041737816
0.04459139389102205,0.0023046093138276553,0.8627893661688878,0.05168282739624475
0.04459139389102205,0.0024048097144288576,0.8268398107400865,0.05392990675075169
0.04459139389102205,0.0025050101150300604,0.7937662196307808,0.05617698610525863
0.04459139389102205,0.0026052105156312627,0.7632367508168434,0.05842406545976557
0.04459139389102205,0.002705410916232465,0.7349687240536822,0.06067114481427251
0.04459139389102205,0.0028056113168336673,0.7087198419873502,0.06291822416877944
0.04459139389102205,0.0029058117174348697,0.6842812275874325,0.06516530352328638
0.044689182035300604,1e-10,19971229.909842342,2.237678011672011e-09
0.044689182035300604,0.0001002005006012024,19.931267598480133,0.002242164569538387
0.044689182035300604,0.00020040090120240482,9.965638772088859,0.004484326901398763
0.044689182035300604,0.0003006013018036072,6.643760286470819,0.006726489233259137
0.044689182035300604,0.0004008017024048096,4.982820629257559,0.008968651565119513
0.044689182035300604,0.0005010021030060121,3.986256702320207,0.011210813896979891
0.044689182035300604,0.0006012025036072144,3.3218806957747153,0.013452976228840265
0.044689182035300604,0.0007014029042084169,2.8473263783219287,0.01569513856070064
0.044689182035300604,0.0008016033048096193,2.491410625432178,0.017937300892561018
0.044689182035300604,0.0009018037054108217,2.2145872533030166,0.020179463224421393
0.044689182035300604,0.0010020041060120242,1.9931285500742935,0.02242162555628177
0.044689182035300604,0.0011022045066132265,1.8119350619612762,0.024663787888142143
0.044689182035300604,0.0012024049072144288,1.6609404860222188,0.026905950220002518
0.044689182035300604,0.0013026053078156314,1.5331758430596722,0.029148112551862896
0.044689182035300604,0.0014028057084168337,1.4236632906478048,0.03139027488372327
0.044689182035300604,0.0015030061090180362,1.328752410919355,0.03363243721558365
0.044689182035300604,0.0016032065096192386,1.2457053904169533,0.03587459954744402
0.044689182035300604,0.0017034069102204409,1.172428607047146,0.0381167618793044
0.044689182035300604,0.0018036073108216434,1.107293688044785,0.04035892421116478
0.044689182035300604,0.0019038077114228457,1.049015075945694,0.04260108654302515
0.044689182035300604,0.0020040081120240483,0.9965643247657017,0.04484324887488553
0.044689182035300604,0.0021042085126252506,0.9491088829845031,0.0470854112067459
0.044689182035300604,0.002204408913226453,0.905967572078618,0.04932757353860628
0.044689182035300604,0.0023046093138276553,0.8665776793495961,0.05156973587046665
0.044689182035300604,0.0024048097144288576,0.830470277544829,0.05381189820232702
0.044689182035300604,0.0025050101150300604,0.7972514677691306,0.056054060534187405
0.044689182035300604,0.0026052105156312627,0.7665879509550175,0.05829622286604778
0.044689182035300604,0.002705410916232465,0.7381958056728081,0.060538385197908155
0.044689182035300604,0.0028056113168336673,0.7118316706956151,0.06278054752976853
0.044689182035300604,0.0029058117174348697,0.6872857518611742,0.0650227098616289
0.04478697017957916,1e-10,20058726.97866513,2.2327922518321074e-09
0.04478697017957916,0.0001002005006012024,20.018589586192572,0.0022372690137206315
0.04478697017957916,0.00020040090120240482,10.009299787731905,0.0044745357946490115
0.04478697017957916,0.0003006013018036072,6.672867635074369,0.006711802575577391
0.04478697017957916,0.0004008017024048096,5.004651142525792,0.00894906935650577
0.04478697017957916,0.0005010021030060121,4.003721113806267,0.011186336137434152
0.04478697017957916,0.0006012025036072144,3.3364343724972514,0.01342360291836253
0.04478697017957916,0.0007014029042084169,2.8598009586662365,0.01566086969929091
0.04478697017957916,0.0008016033048096193,2.5023258834279725,0.01789813648021929
0.04478697017957916,0.0009018037054108217,2.224289704989321,0.020135403261147673
0.04478697017957916,0.0010020041060120242,2.0018607566887976,0.02237267004207605
0.04478697017957916,0.0011022045066132265,1.8198734316828482,0.02460993682300443
0.04478697017957916,0.0012024049072144288,1.6682173249886771,0.026847203603932807
0.04478697017957916,0.0013026053078156314,1.539892925225529,0.02908447038486119
0.04478697017957916,0.0014028057084168337,1.4299005812645882,0.03132173716578957
0.04478697017957916,0.0015030061090180362,1.334573882189352,0.03355900394671795
0.04478697017957916,0.0016032065096192386,1.2511630197552701,0.03579627072764633
0.04478697017957916,0.0017034069102204409,1.1775651993844087,0.03803353750857471
0.04478697017957916,0.0018036073108216434,1.1121449141569106,0.04027080428950309
0.04478697017957916,0.0019038077114228457,1.053610974381119,0.04250807107043147
0.04478697017957916,0.0020040081120240483,1.0009304282908225,0.044745337851359854
0.04478697017957916,0.0021042085126252506,0.9532670768278321,0.04698260463228823
0.04478697017957916,0.002204408913226453,0.9099367571194605,0.049219871413216605
0.04478697017957916,0.0023046093138276553,0.8703742911352815,0.051457138194144984
0.04478697017957916,0.0024048097144288576,0.8341086971793558,0.05369440497507336
0.04478697017957916,0.0025050101150300604,0.8007443506240861,0.05593167175600175
0.04478697017957916,0.0026052105156312627,0.7699464921668622,0.05816893853693013
0.04478697017957916,0.002705410916232465,0.741429956473997,0.06040620531785851
0.04478697017957916,0.0028056113168336673,0.7149503161151644,0.06264347209878689
0.04478697017957916,0.0029058117174348697,0.6902968577871984,0.06488073887971527
0.04478697017957916,0.0030060121180360724,0.6672869632930876,0.06711800566064365
0.044884758323857715,1e-10,20146415.29791114,2.2279277807060564e-09
0.044884758323857715,0.0001002005006012024,20.10610244163729,0.002232394789300727
0.044884758323857715,0.00020040090120240482,10.05305623728871,0.004464787350673674
0.044884758323857715,0.0003006013018036072,6.702038606297675,0.006697179912046619
0.044884758323857715,0.0004008017024048096,5.026529372762811,0.008929572473419566
0.044884758323857715,0.0005010021030060121,4.021223698869261,0.011161965034792515
0.044884758323857715,0.0006012025036072144,3.3510198605349566,0.01339435759616546
0.044884758323857715,0.0007014029042084169,2.8723028058527658,0.015626750157538408
0.044884758323857715,0.0008016033048096193,2.513264999911136,0.017859142718911352
0.044884758323857715,0.0009018037054108217,2.234013364220247,0.0200915352802843
0.044884758323857715,0.0010020041060120242,2.0106120500936733,0.022323927841657248
0.044884758323857715,0.0011022045066132265,1.827829153032188,0.024556320403030192
0.044884758323857715,0.0012024049072144288,1.6755100696140428,0.026788712964403136
0.044884758323857715,0.0013026053078156314,1.5466246895381632,0.029021105525776088
0.044884758323857715,0.0014028057084168337,1.4361515053034544,0.03125349808714903
0.044884758323857715,0.0015030061090180362,1.3404080779866867,0.03348589064852198
0.044884758323857715,0.0016032065096192386,1.2566325783380157,0.035718283209894924
0.044884758323857715,0.0017034069102204409,1.1827130192458806,0.03795067577126787
0.044884758323857715,0.0018036073108216434,1.1170067440419351,0.04018306833264082
0.044884758323857715,0.0019038077114228457,1.058216918496162,0.04241546089401377
0.044884758323857715,0.0020040081120240483,1.005306075211605,0.044647853455386716
0.044884758323857715,0.0021042085126252506,0.957434359619432,0.04688024601675966
0.044884758323857715,0.002204408913226453,0.9139146179745807,0.049112638578132604
0.044884758323857715,0.0023046093138276553,0.8741792015259444,0.051345031139505545
0.044884758323857715,0.0024048097144288576,0.837755069643667,0.05357742370087849
0.044884758323857715,0.0025050101150300604,0.8042448681956473,0.05580981626225145
0.044884758323857715,0.0026052105156312627,0.7733123744523774,0.058042208823624396
0.044884758323857715,0.002705410916232465,0.7446711764572492,0.06027460138499734
0.044884758323857715,0.0028056113168336673,0.7180757782459978,0.06250699394637028
0.044884758323857715,0.0029058117174348697,0.6933145453655052,0.06473938650774323
0.044884758323857715,0.0030060121180360724,0.670204061288797,0.06697177906911618
0.04498254646813627,1e-10,20234294.867580388,2.223084459454419e-09
0.04498254646813627,0.0001002005006012024,20.19380616481429,0.002227541757160862
0.04498254646813627,0.00020040090120240482,10.096908120759277,0.004455081291237265
0.04498254646813627,0.0003006013018036072,6.731273200140739,0.006682620825313667
0.04498254646813627,0.0004008017024048096,5.048455319968616,0.00891016035939007
0.04498254646813627,0.0005010021030060121,4.038764457509188,0.011137699893466475
0.04498254646813627,0.0006012025036072144,3.365637159887832,0.013365239427542875
0.04498254646813627,0.0007014029042084169,2.884831919881517,0.015592778961619279
0.04498254646813627,0.0008016033048096193,2.5242279748816694,0.017820318495695684
0.04498254646813627,0.0009018037054108217,2.2437582309957955,0.020047858029772086
0.04498254646813627,0.0010020041060120242,2.019382430288921,0.02227539756384849
0.04498254646813627,0.0011022045066132265,1.835802226009296,0.02450293709792489
0.04498254646813627,0.0012024049072144288,1.6828187198983164,0.02673047663200129
0.04498254646813627,0.0013026053078156314,1.5533711359975757,0.028958016166077696
0.04498254646813627,0.0014028057084168337,1.4424160627644034,0.031185555700154098
0.04498254646813627,0.0015030061090180362,1.3462549983113592,0.03341309523423051
0.04498254646813627,0.0016032065096192386,1.26211406616519,0.0356406347683069
0.04498254646813627,0.0017034069102204409,1.187872066631562,0.0378681743023833
0.04498254646813627,0.0018036073108216434,1.121879177699859,0.04009571383645971
0.04498254646813627,0.0019038077114228457,1.062832908290823,0.042323253370536114
0.04498254646813627,0.0020040081120240483,1.0096912655280497,0.044550792904612516
0.04498254646813627,0.0021042085126252506,0.9616107313593033,0.04677833243868892
0.04498254646813627,0.002204408913226453,0.9179011546439785,0.04900587197276532
0.04498254646813627,0.0023046093138276553,0.877992410521585,0.05123341150684172
0.04498254646813627,0.0024048097144288576,0.8414093949377627,0.05346095104091812
0.04498254646813627,0.0025050101150300604,0.8077530204838146,0.05568849057499453
0.04498254646813627,0.0026052105156312627,0.7766855978115635,0.05791603010907093
0.04498254646813627,0.002705410916232465,0.747919465622565,0.060143569643147335
0.04498254646813627,0.0028056113168336673,0.7212080570881158,0.06237110917722374
0.04498254646813627,0.0029058117174348697,0.6963388145960946,0.06459864871130014
0.04498254646813627,0.0030060121180360724,0.6731275215483871,0.06682618824537655
0.04508033461241483,1e-10,20322365.68767286,2.2182621504424382e-09
0.04508033461241483,0.0001002005006012024,20.281700755723563,0.0022227097793903207
0.04508033461241483,0.00020040090120240482,10.140855438143603,0.004445417340518491
0.04508033461241483,0.0003006013018036072,6.7605714166035575,0.006668124901646661
0.04508033461241483,0.0004008017024048096,5.070428984143205,0.008890832462774832
0.04508033461241483,0.0005010021030060121,4.056343389726049,0.011113540023903004
0.04508033461241483,0.0006012025036072144,3.3802862705558754,0.013336247585031174
0.04508033461241483,0.0007014029042084169,2.8973883007524894,0.015558955146159344
0.04508033461241483,0.0008016033048096193,2.5352148083395716,0.017781662707287513
0.04508033461241483,0.0009018037054108217,2.253524305315966,0.020004370268415686
0.04508033461241483,0.0010020041060120242,2.0281718972745395,0.02222707782954386
0.04508033461241483,0.0011022045066132265,1.8437926506141715,0.024449785390672024
0.04508033461241483,0.0012024049072144288,1.6901432758414972,0.026672492951800193
0.04508033461241483,0.0013026053078156314,1.5601322646037656,0.02889520051292837
0.04508033461241483,0.0014028057084168337,1.448694253647435,0.031117908074056535
0.04508033461241483,0.0015030061090180362,1.3521146431633693,0.03334061563518471
0.04508033461241483,0.0016032065096192386,1.2676074832367927,0.035563323196312877
0.04508033461241483,0.0017034069102204409,1.1930423415414528,0.037786030757441046
0.04508033461241483,0.0018036073108216434,1.1267622151306813,0.04000873831856922
0.04508033461241483,0.0019038077114228457,1.0674589437651014,0.04223144587969739
0.04508033461241483,0.0020040081120240483,1.0140859992401563,0.04445415344082556
0.04508033461241483,0.0021042085126252506,0.9657961920474455,0.04667686100195373
0.04508033461241483,0.002204408913226453,0.9218963671276537,0.0488995685630819
0.04508033461241483,0.0023046093138276553,0.8818139181222029,0.05112227612421007
0.04508033461241483,0.0024048097144288576,0.8450716730616428,0.053344983685338236
0.04508033461241483,0.0025050101150300604,0.8112688074885873,0.05556769124646642
0.04508033461241483,0.0026052105156312627,0.7800661622444202,0.05779039880759458
0.04508033461241483,0.002705410916232465,0.7511748239699437,0.06001310636872275
0.04508033461241483,0.0028056113168336673,0.7243471526415177,0.06223581392985092
0.04508033461241483,0.0029058117174348697,0.6993696654789665,0.0644585214909791
0.04508033461241483,0.0030060121180360724,0.6760573440718575,0.06668122905210727
0.04517812275669339,1e-10,20410627.75818857,2.213460717227e-09
0.04517812275669339,0.0001002005006012024,20.369786214365128,0.0022178987192724192
0.04517812275669339,0.00020040090120240482,10.184898189441697,0.004435795225084122
0.04517812275669339,0.0003006013018036072,6.789933255686136,0.006653691730895822
0.04517812275669339,0.0004008017024048096,5.092450365286584,0.008871588236707525
0.04517812275669339,0.0005010021030060121,4.073960495519844,0.011089484742519229
0.04517812275669339,0.0006012025036072144,3.3949671925390907,0.013307381248330929
0.04517812275669339,0.0007014029042084169,2.909971948465685,0.01552527775414263
0.04517812275669339,0.0008016033048096193,2.546225500284844,0.017743174259954333
0.04517812275669339,0.0009018037054108217,2.26331158718076,0.01996107076576604
0.04517812275669339,0.0010020041060120242,2.0369804510505314,0.02217896727157774
0.04517812275669339,0.0011022045066132265,1.8518004268468162,0.02439686377738944
0.04517812275669339,0.0012024049072144288,1.6974837374435863,0.02661476028320114
0.04517812275669339,0.0013026053078156314,1.5669080753567342,0.028832656789012846
0.04517812275669339,0.0014028057084168337,1.4549860779525499,0.031050553294824545
0.04517812275669339,0.0015030061090180362,1.3579870125427176,0.03326844980063625
0.04517812275669339,0.0016032065096192386,1.2731128295528251,0.03548634630644795
0.04517812275669339,0.0017034069102204409,1.1982238439755535,0.03770424281225965
0.04517812275669339,0.0018036073108216434,1.1316558563344032,0.039922139318071356
0.04517812275669339,0.0019038077114228457,1.0720950249189984,0.04214003582388306
0.04517812275669339,0.0020040081120240483,1.0184902763479253,0.04435793232969476
0.04517812275669339,0.0021042085126252506,0.9699907416838593,0.04657582883550646
0.04517812275669339,0.002204408913226453,0.9259002554256068,0.048793725341318164
0.04517812275669339,0.0023046093138276553,0.8856437243277987,0.05101162184712986
0.04517812275669339,0.0024048097144288576,0.8487419040153078,0.05322951835294156
0.04517812275669339,0.0025050101150300604,0.8147922292099664,0.05544741485875327
0.04517812275669339,0.0026052105156312627,0.783454067750948,0.05766531136456497
0.04517812275669339,0.002705410916232465,0.7544372514993862,0.059883207870376674
0.04517812275669339,0.0028056113168336673,0.7274930649062046,0.06210110437618837
0.04517812275669339,0.0029058117174348697,0.7024070980141215,0.06431900088200007
0.04517812275669339,0.0030060121180360724,0.6789935288592088,0.06653689738781178
0.045275910900971945,1e-10,20499081.0791275,2.2086800245437643e-09
0.045275910900971945,0.0001002005006012024,20.458062540738958,0.002213108441271612
0.045275910900971945,0.00020040090120240482,10.229036374653546,0.0044262146738632
0.045275910900971945,0.0003006013018036072,6.819358717388468,0.006639320906454786
0.045275910900971945,0.0004008017024048096,5.114519463398745,0.008852427139046375
0.045275910900971945,0.0005010021030060121,4.091615774890572,0.011065533371637962
0.045275910900971945,0.0006012025036072144,3.4096799258374735,0.013278639604229548
0.045275910900971945,0.0007014029042084169,2.9225828630211015,0.015491745836821136
0.045275910900971945,0.0008016033048096193,2.5572600507174847,0.017704852069412726
0.045275910900971945,0.0009018037054108217,2.2731200765901747,0.019917958302004313
0.045275910900971945,0.0010020041060120242,2.0458080916168933,0.0221310645345959
0.045275910900971945,0.0011022045066132265,1.859825554707228,0.024344170767187485
0.045275910900971945,0.0012024049072144288,1.7048401047045822,0.026557276999779073
0.045275910900971945,0.0013026053078156314,1.57369856825648,0.02877038323237066
0.045275910900971945,0.0014028057084168337,1.4612915356797471,0.03098348946496225
0.045275910900971945,0.0015030061090180362,1.3638721064494033,0.033196595697553836
0.045275910900971945,0.0016032065096192386,1.2786301051132853,0.03540970193014543
0.045275910900971945,0.0017034069102204409,1.203416573933863,0.03762280816273701
0.045275910900971945,0.0018036073108216434,1.1365601013110238,0.0398359143953286
0.045275910900971945,0.0019038077114228457,1.0767411517525127,0.04204902062792019
0.045275910900971945,0.0020040081120240483,1.022904096851356,0.04426212686051178
0.045275910900971945,0.0021042085126252506,0.9741943802685438,0.04647523309310336
0.045275910900971945,0.002204408913226453,0.9299128195378372,0.04868833932569495
0.045275910900971945,0.0023046093138276553,0.8894818291383716,0.05090144555828653
0.045275910900971945,0.0024048097144288576,0.8524200877987569,0.053114551790878116
0.045275910900971945,0.0025050101150300604,0.8183232856479509,0.055327658023469714
0.045275910900971945,0.0026052105156312627,0.786849314331146,0.0575407642560613
0.045275910900971945,0.002705410916232465,0.7577067482108918,0.05975387048865288
0.045275910900971945,0.0028056113168336673,0.7306457938821754,0.061966976721244474
0.045275910900971945,0.0029058117174348697,0.7054511122015588,0.06418008295383605
0.045275910900971945,0.0030060121180360724,0.6819360759104403,0.06639318918642766
0.0453736990452505,1e-10,20587725.65048966,2.2039199382944625e-09
0.0453736990452505,0.0001002005006012024,20.54652973484507,0.0022083388110207625
0.0453736990452505,0.00020040090120240482,10.273269993779154,0.004416675418121587
0.0453736990452505,0.0003006013018036072,6.848847801710556,0.0066250120252224105
0.0453736990452505,0.0004008017024048096,5.136636278479692,0.008833348632323235
0.0453736990452505,0.0005010021030060121,4.109309227838232,0.011041685239424061
0.0453736990452505,0.0006012025036072144,3.424424470451026,0.013250021846524884
0.0453736990452505,0.0007014029042084169,2.935221044418739,0.01545835845362571
0.0453736990452505,0.0008016033048096193,2.5683184596374944,0.017666695060726535
0.0453736990452505,0.0009018037054108217,2.2829497735442117,0.01987503166782736
0.0453736990452505,0.0010020041060120242,2.054654818973627,0.022083368274928183
0.0453736990452505,0.0011022045066132265,1.8678680341954075,0.024291704882029006
0.0453736990452505,0.0012024049072144288,1.7122123776244857,0.02650004148912983
0.0453736990452505,0.0013026053078156314,1.5805037433030034,0.02870837809623066
0.0453736990452505,0.0014028057084168337,1.4676106268290268,0.030916714703331478
0.0453736990452505,0.0015030061090180362,1.3697699248834263,0.03312505131043231
0.0453736990452505,0.0016032065096192386,1.2841593099181743,0.03533338791753313
0.0453736990452505,0.0017034069102204409,1.2086205314163818,0.03754172452463395
0.0453736990452505,0.0018036073108216434,1.1414749500605434,0.03975006113173478
0.0453736990452505,0.0019038077114228457,1.081397324265645,0.041958397738835605
0.0453736990452505,0.0020040081120240483,1.0273274607504488,0.04416673434593643
0.0453736990452505,0.0021042085126252506,0.9784071078014994,0.04637507095303725
0.0453736990452505,0.002204408913226453,0.933934059464345,0.04858340756013808
0.0453736990452505,0.0023046093138276553,0.893328232553922,0.050791744167238896
0.0453736990452505,0.0024048097144288576,0.8561062244119905,0.05300008077433972
0.0453736990452505,0.0025050101150300604,0.8218619768025411,0.055208417381440555
0.0453736990452505,0.0026052105156312627,0.7902519019850147,0.057416753988541375
0.0453736990452505,0.002705410916232465,0.7609833141044605,0.059625090595642194
0.0453736990452505,0.0028056113168336673,0.7338053395694305,0.06183342720274302
0.0453736990452505,0.0029058117174348697,0.7085017080412785,0.06404176380984385
0.0453736990452505,0.0030060121180360724,0.6848849852255522,0.06625010041694468
0.04547148718952906,1e-10,20676561.47227505,2.1991803255343603e-09
0.04547148718952906,0.0001002005006012024,20.635187796683457,0.0022035896953085813
0.04547148718952906,0.00020040090120240482,10.317599046818524,0.004407177191436838
0.04547148718952906,0.0003006013018036072,6.878400508652399,0.006610764687565092
0.04547148718952906,0.0004008017024048096,5.158800810529425,0.00881435218369335
0.04547148718952906,0.0005010021030060121,4.127040854362827,0.011017939679821608
0.04547148718952906,0.0006012025036072144,3.4392008263797478,0.01322152717594986
0.04547148718952906,0.0007014029042084169,2.947886492658599,0.015425114672078119
0.04547148718952906,0.0008016033048096193,2.5794007270448733,0.017628702168206375
0.04547148718952906,0.0009018037054108217,2.2928006780428705,0.019832289664334632
0.04547148718952906,0.0010020041060120242,2.063520633120732,0.02203587716046289
0.04547148718952906,0.0011022045066132265,1.875927865311355,0.02423946465659114
0.04547148718952906,0.0012024049072144288,1.7196005562032968,0.026443052152719398
0.04547148718952906,0.0013026053078156314,1.5873236004963045,0.028646639648847658
0.04547148718952906,0.0014028057084168337,1.4739433514003892,0.03085022714497591
0.04547148718952906,0.0015030061090180362,1.3756804678447871,0.03305381464110417
0.04547148718952906,0.0016032065096192386,1.289700443967492,0.03525740213723243
0.04547148718952906,0.0017034069102204409,1.21383571642311,0.037460989633360676
0.04547148718952906,0.0018036073108216434,1.1464004025829617,0.03966457712948894
0.04547148718952906,0.0019038077114228457,1.0860635424583946,0.04186816462561719
0.04547148718952906,0.0020040081120240483,1.0317603680452032,0.04407175212174545
0.04547148718952906,0.0021042085126252506,0.9826289242827261,0.0462753396178737
0.04547148718952906,0.002204408913226453,0.9379639752051304,0.04847892711400196
0.04547148718952906,0.0023046093138276553,0.8971829345744499,0.050682514610130215
0.04547148718952906,0.0024048097144288576,0.8598003138550085,0.052886102106258465
0.04547148718952906,0.0025050101150300604,0.8254083026737371,0.05508968960238673
0.04547148718952906,0.0026052105156312627,0.7936618307125541,0.057293277098514984
0.04547148718952906,0.002705410916232465,0.7642669491800926,0.05949686459464324
0.04547148718952906,0.0028056113168336673,0.7369717019679699,0.0617004520907715
0.04547148718952906,0.0029058117174348697,0.7115588855332811,0.06390403958689975
0.04547148718952906,0.0030060121180360724,0.6878402568045446,0.06610762708302802
0.04556927533380761,1e-10,20765588.544483665,2.194461054459879e-09
0.04556927533380761,0.0001002005006012024,20.72403672625412,0.0021988609620672236
0.04556927533380761,0.00020040090120240482,10.362023533771653,0.0043977197296733925
0.04556927533380761,0.0003006013018036072,6.9080168382139995,0.006596578497279561
0.04556927533380761,0.0004008017024048096,5.181013059547943,0.008795437264885731
0.04556927533380761,0.0005010021030060121,4.144810654464354,0.0109942960324919
0.04556927533380761,0.0006012025036072144,3.454008993623639,0.013193154800098068
0.04556927533380761,0.0007014029042084169,2.96057920774068,0.015392013567704239
0.04556927533380761,0.0008016033048096193,2.590506852939621,0.01759087233531041
0.04556927533380761,0.0009018037054108217,2.3026727900861514,0.019789731102916576
0.04556927533380761,0.0010020041060120242,2.0724055340582086,0.021988589870522747
0.04556927533380761,0.0011022045066132265,1.8840050480550703,0.024187448638128915
0.04556927533380761,0.0012024049072144288,1.727004640441015,0.026386307405735082
0.04556927533380761,0.0013026053078156314,1.5941581398363835,0.028585166173341253
0.04556927533380761,0.0014028057084168337,1.4802897093938343,0.03078402494094742
0.04556927533380761,0.0015030061090180362,1.3816037353334853,0.032982883708553595
0.04556927533380761,0.0016032065096192386,1.2952535072612381,0.03518174247615976
0.04556927533380761,0.0017034069102204409,1.2190621289540475,0.03738060124376593
0.04556927533380761,0.0018036073108216434,1.151336458878279,0.0395794600113721
0.04556927533380761,0.0019038077114228457,1.0907398063307623,0.041778318778978266
0.04556927533380761,0.0020040081120240483,1.0362028187356198,0.04397717754658444
0.04556927533380761,0.0021042085126252506,0.9868598297122239,0.04617603631419061
0.04556927533380761,0.002204408913226453,0.9420025667601932,0.04837489508179677
0.04556927533380761,0.0023046093138276553,0.9010459351999552,0.05057375384940294
0.04556927533380761,0.0024048097144288576,0.8635023561278109,0.05277261261700911
0.04556927533380761,0.0025050101150300604,0.8289622632615389,0.054971471384615285
0.04556927533380761,0.0026052105156312627,0.7970791005137642,0.057170330152221456
0.04556927533380761,0.002705410916232465,0.7675576534377879,0.05936918891982762
0.04556927533380761,0.0028056113168336673,0.7401448810777936,0.061568047687433784
0.04556927533380761,0.0029058117174348697,0.714622644677566,0.06376690645503995
0.04556927533380761,0.0030060121180360724,0.6908018906474175,0.06596576522264613
0.045667063478086176,1e-10,20854806.867115524,2.1897619943963786e-09
0.045667063478086176,0.0001002005006012024,20.813076523557076,0.0021941524803600447
0.045667063478086176,0.00020040090120240482,10.406543454638548,0.004388302770958096
0.045667063478086176,0.0003006013018036072,6.93769679039536,0.006582453061556145
0.045667063478086176,0.0004008017024048096,5.20327302553525,0.008776603352154197
0.045667063478086176,0.0005010021030060121,4.162618628142817,0.010970753642752249
0.045667063478086176,0.0006012025036072144,3.468848972182701,0.013164903933350298
0.045667063478086176,0.0007014029042084169,2.973299189664984,0.015359054223948348
0.045667063478086176,0.0008016033048096193,2.6016368373217396,0.0175532045145464
0.045667063478086176,0.0009018037054108217,2.312566109674056,0.019747354805144453
0.045667063478086176,0.0010020041060120242,2.081309521786058,0.021941505095742504
0.045667063478086176,0.0011022045066132265,1.8920995824265545,0.024135655386340552
0.045667063478086176,0.0012024049072144288,1.734424630337642,0.0263298056769386
0.045667063478086176,0.0013026053078156314,1.6010073613232412,0.028523955967536655
0.045667063478086176,0.0014028057084168337,1.486649700809363,0.030718106258134703
0.045667063478086176,0.0015030061090180362,1.3875397273495222,0.032912256548732755
0.045667063478086176,0.0016032065096192386,1.3008184997994139,0.035106406839330806
0.045667063478086176,0.0017034069102204409,1.224299769009195,0.03730055712992886
0.045667063478086176,0.0018036073108216434,1.1562831189464962,0.03949470742052691
0.045667063478086176,0.0019038077114228457,1.0954261158827485,0.04168885771112495
0.045667063478086176,0.0020040081120240483,1.040654812821699,0.04388300800172301
0.045667063478086176,0.0021042085126252506,0.9910998240899933,0.046077158292321056
0.045667063478086176,0.002204408913226453,0.9460498341295341,0.04827130858291911
0.045667063478086176,0.0023046093138276553,0.9049172344304386,0.05046545887351716
0.045667063478086176,0.0024048097144288576,0.8672123512303984,0.052659609164115204
0.045667063478086176,0.0025050101150300604,0.8325238585659469,0.05485375945471326
0.045667063478086176,0.0026052105156312627,0.8005037113886454,0.057047909745311313
0.045667063478086176,0.002705410916232465,0.770855426877547,0.059242060035909365
0.045667063478086176,0.0028056113168336673,0.7433248768989021,0.06143621032650741
0.045667063478086176,0.0029058117174348697,0.7176929854741341,0.06363036061710546
0.045667063478086176,0.0030060121180360724,0.6937698867541713,0.06582451090770351
0.04576485162236473,1e-10,20944216.440170597,2.1850830157860974e-09
0.04576485162236473,0.0001002005006012024,20.902307188592296,0.0021894641203695202
0.04576485162236473,0.00020040090120240482,10.4511588094192,0.004378926055656025
0.04576485162236473,0.0003006013018036072,6.967440365196472,0.006568387990942528
0.04576485162236473,0.0004008017024048096,5.225580708491338,0.008757849926229033
0.04576485162236473,0.0005010021030060121,4.180464775398211,0.010947311861515539
0.04576485162236473,0.0006012025036072144,3.483720762056931,0.013136773796802042
0.04576485162236473,0.0007014029042084169,2.9860464384315084,0.015326235732088547
0.04576485162236473,0.0008016033048096193,2.612790680191226,0.01751569766737505
0.04576485162236473,0.0009018037054108217,2.322480636806581,0.019705159602661556
0.04576485162236473,0.0010020041060120242,2.0902325963042774,0.02189462153794806
0.04576485162236473,0.0011022045066132265,1.9002114684258056,0.024084083473234565
0.04576485162236473,0.0012024049072144288,1.7418605258931754,0.026273545408521067
0.04576485162236473,0.0013026053078156314,1.6078712649568758,0.028463007343807575
0.04576485162236473,0.0014028057084168337,1.4930233256469736,0.030652469279094076
0.04576485162236473,0.0015030061090180362,1.393488443892896,0.03284193121438059
0.04576485162236473,0.0016032065096192386,1.3063954215820173,0.035031393149667085
0.04576485162236473,0.0017034069102204409,1.2295486365885513,0.03722085508495359
0.04576485162236473,0.0018036073108216434,1.1612403827876114,0.039410317020240095
0.04576485162236473,0.0019038077114228457,1.1001224711143518,0.0415997789555266
0.04576485162236473,0.0020040081120240483,1.0451163503034395,0.04378924089081311
0.04576485162236473,0.0021042085126252506,0.9953489074160333,0.04597870282609961
0.04576485162236473,0.002204408913226453,0.950105777313152,0.04816816476138611
0.04576485162236473,0.0023046093138276553,0.9087968322658988,0.05035762669667262
0.04576485162236473,0.0024048097144288576,0.8709302991627696,0.052547088631959116
0.04576485162236473,0.0025050101150300604,0.8360930885869602,0.05473655056724563
0.04576485162236473,0.0026052105156312627,0.8039356633371968,0.05692601250253213
0.04576485162236473,0.002705410916232465,0.7741602694993689,0.05911547443781864
0.04576485162236473,0.0028056113168336673,0.7465116894312944,0.06130493637310514
0.04576485162236473,0.0029058117174348697,0.7207699079229842,0.06349439830839164
0.04576485162236473,0.0030060121180360724,0.696744245124805,0.06568386024367816
0.04586263976664329,1e-10,21033817.2636489,2.1804239901762432e-09
0.04586263976664329,0.0001002005006012024,20.9917287213598,0.002184795753385308
0.04586263976664329,0.00020040090120240482,10.495869598113611,0.004369589326346626
0.04586263976664329,0.0003006013018036072,6.997247562617342,0.0065543828993079424
0.04586263976664329,0.0004008017024048096,5.247936108416214,0.008739176472269261
0.04586263976664329,0.0005010021030060121,4.1983490962305385,0.010923970045230581
0.04586263976664329,0.0006012025036072144,3.4986243632463303,0.013108763618191896
0.04586263976664329,0.0007014029042084169,2.998820954040255,0.015293557191153216
0.04586263976664329,0.0008016033048096193,2.6239683815480817,0.017478350764114532
0.04586263976664329,0.0009018037054108217,2.3324163714837285,0.01966314433707585
0.04586263976664329,0.0010020041060120242,2.099174757612869,0.021847937910037172
0.04586263976664329,0.0011022045066132265,1.908340706052825,0.024032731482998487
0.04586263976664329,0.0012024049072144288,1.7493123271076165,0.0262175250559598
0.04586263976664329,0.0013026053078156314,1.6147498507372884,0.028402318628921123
0.04586263976664329,0.0014028057084168337,1.499410583906667,0.03058711220188244
0.04586263976664329,0.0015030061090180362,1.3994498849636074,0.03277190577484376
0.04586263976664329,0.0016032065096192386,1.3119842726090498,0.03495669934780508
0.04586263976664329,0.0017034069102204409,1.2348087316921168,0.03714149292076639
0.04586263976664329,0.0018036073108216434,1.1662082504016258,0.03932628649372771
0.04586263976664329,0.0019038077114228457,1.104828872025573,0.04151108006668903
0.04586263976664329,0.0020040081120240483,1.0495874311808422,0.04369587363965035
0.04586263976664329,0.0021042085126252506,0.9996070796903446,0.045880667212611664
0.04586263976664329,0.002204408913226453,0.9541703963110475,0.04806546078557298
0.04586263976664329,0.0023046093138276553,0.9126847287063367,0.0502502543585343
0.04586263976664329,0.0024048097144288576,0.8746561999249256,0.052435047931495615
0.04586263976664329,0.0025050101150300604,0.8396699533245795,0.05461984150445694
0.04586263976664329,0.0026052105156312627,0.807374956359419,0.05680463507741826
0.04586263976664329,0.002705410916232465,0.7774721813032542,0.05898942865037957
0.04586263976664329,0.0028056113168336673,0.7497053186749713,0.06117422222334089
0.04586263976664329,0.0029058117174348697,0.7238534120241171,0.06335901579630221
0.04586263976664329,0.0030060121180360724,0.6997249657593195,0.06554380936926353
0.04596042791092184,1e-10,21123609.337550435,2.1757847902072387e-09
0.04596042791092184,0.0001002005006012024,21.081341121859577,0.002180147251792475
0.04596042791092184,0.00020040090120240482,10.540675820721784,0.004360292327800159
0.04596042791092184,0.0003006013018036072,7.027118382657967,0.006540437403807843
0.04596042791092184,0.0004008017024048096,5.2703392253098755,0.008720582479815529
0.04596042791092184,0.0005010021030060121,4.2162715906398,0.010900727555823215
0.04596042791092184,0.0006012025036072144,3.5135597757508994,0.013080872631830897
0.04596042791092184,0.0007014029042084169,3.011622736491223,0.015261017707838583
0.04596042791092184,0.0008016033048096193,2.635169941392306,0.01744116278384627
0.04596042791092184,0.0009018037054108217,2.3423733137054983,0.019621307859853953
0.04596042791092184,0.0010020041060120242,2.108136005711832,0.021801452935861637
0.04596042791092184,0.0011022045066132265,1.9164872953076122,0.02398159801186932
0.04596042791092184,0.0012024049072144288,1.7567800339809652,0.026161743087877002
0.04596042791092184,0.0013026053078156314,1.6216431186644786,0.02834188816388469
0.04596042791092184,0.0014028057084168337,1.505811475588443,0.030522033239892374
0.04596042791092184,0.0015030061090180362,1.4054240505616566,0.03270217831590006
0.04596042791092184,0.0016032065096192386,1.3175850528805109,0.03488232339190774
0.04596042791092184,0.0017034069102204409,1.240080054319892,0.03706246846791542
0.04596042791092184,0.0018036073108216434,1.1711867217885392,0.03924261354392311
0.04596042791092184,0.0019038077114228457,1.109545318616412,0.0414227586199308
0.04596042791092184,0.0020040081120240483,1.0540680554539068,0.043602903695938486
0.04596042791092184,0.0021042085126252506,1.003874340912927,0.045783048771946167
0.04596042791092184,0.002204408913226453,0.9582436911232206,0.04796319384795385
0.04596042791092184,0.0023046093138276553,0.9165809237517519,0.050143338923961535
0.04596042791092184,0.0024048097144288576,0.878390053516866,0.052323483999969216
0.04596042791092184,0.0025050101150300604,0.8432544527788044,0.05450362907597691
0.04596042791092184,0.0026052105156312627,0.8108215904553119,0.05668377415198459
0.04596042791092184,0.002705410916232465,0.7807911622892029,0.05886391922799227
0.04596042791092184,0.0028056113168336673,0.7529057646299323,0.06104406430399995
0.04596042791092184,0.0029058117174348697,0.7269434977775326,0.06322420938000764
0.04596042791092184,0.0030060121180360724,0.7027120486577144,0.06540435445601533
0.0460582160552004,1e-10,21213592.661875196,2.1711652896011173e-09
0.0460582160552004,0.0001002005006012024,21.171144390091634,0.0021755184890598655
0.0460582160552004,0.00020040090120240482,10.585577477243717,0.004351034806954442
0.0460582160552004,0.0003006013018036072,7.057052825318348,0.006526551124849016
0.0460582160552004,0.0004008017024048096,5.292790059172322,0.008702067442743593
0.0460582160552004,0.0005010021030060121,4.234232258625994,0.01087758376063817
0.0460582160552004,0.0006012025036072144,3.5285269995706376,0.013053100078532744
0.0460582160552004,0.0007014029042084169,3.0244517857844126,0.01522861639642732
0.0460582160552004,0.0008016033048096193,2.6463953597239,0.017404132714321896
0.0460582160552004,0.0009018037054108217,2.35235146347189,0.019579649032216474
0.0460582160552004,0.0010020041060120242,2.117116340601166,0.02175516535011105
0.0460582160552004,0.0011022045066132265,1.9246512361901673,0.023930681668005625
0.0460582160552004,0.0012024049072144288,1.7642636465132213,0.0261061979859002
0.0460582160552004,0.0013026053078156314,1.6285510687384466,0.028281714303794777
0.0460582160552004,0.0014028057084168337,1.5122260006923018,0.03045723062168935
0.0460582160552004,0.0015030061090180362,1.4114109406870436,0.03263274693958393
0.0460582160552004,0.0016032065096192386,1.3231977623964004,0.0348082632574785
0.0460582160552004,0.0017034069102204409,1.2453626044718762,0.03698377957537308
0.0460582160552004,0.0018036073108216434,1.1761757969483515,0.03915929589326766
0.0460582160552004,0.0019038077114228457,1.1142718108868688,0.04133481221116223
0.0460582160552004,0.0020040081120240483,1.0585582231226334,0.043510328529056806
0.0460582160552004,0.0021042085126252506,1.0081506910837803,0.04568584484695138
0.0460582160552004,0.002204408913226453,0.9623256617496712,0.047861361164845954
0.0460582160552004,0.0023046093138276553,0.9204854174021447,0.05003687748274053
0.0460582160552004,0.0024048097144288576,0.8821318599385909,0.0522123938006351
0.0460582160552004,0.0025050101150300604,0.8468465869496352,0.05438791011852969
0.0460582160552004,0.0026052105156312627,0.8142755656248754,0.056563426436424265
0.0460582160552004,0.002705410916232465,0.7841172124572147,0.05873894275431884
0.0460582160552004,0.0028056113168336673,0.7561130272961777,0.06091445907221341
0.0460582160552004,0.0029058117174348697,0.7300401651832308,0.06308997539010798
0.0460582160552004,0.0030060121180360724,0.7057054938199897,0.06526549170800257
0.046156004199478955,1e-10,21303767.23662319,2.166565363150064e-09
0.046156004199478955,0.0001002005006012024,21.261138526055973,0.002170909339728623
0.046156004199478955,0.00020040090120240482,10.630574567679412,0.004341816512891883
0.046156004199478955,0.0003006013018036072,7.087050890598488,0.006512723686055141
0.046156004199478955,0.0004008017024048096,5.315288610003555,0.008683630859218402
0.046156004199478955,0.0005010021030060121,4.252231100189123,0.010854538032381664
0.046156004199478955,0.0006012025036072144,3.543526034705546,0.013025445205544921
0.046156004199478955,0.0007014029042084169,3.0373081019198245,0.015196352378708183
0.046156004199478955,0.0008016033048096193,2.6576446365428636,0.017367259551871444
0.046156004199478955,0.0009018037054108217,2.362350820782904,0.0195381667250347
0.046156004199478955,0.0010020041060120242,2.1261157622808726,0.021709073898197963
0.046156004199478955,0.0011022045066132265,1.9328325287004906,0.02387998107136122
0.046156004199478955,0.0012024049072144288,1.7717631647043852,0.02605088824452448
0.046156004199478955,0.0013026053078156314,1.6354737009591926,0.028221795417687743
0.046156004199478955,0.0014028057084168337,1.5186541592182436,0.030392702590851
0.046156004199478955,0.0015030061090180362,1.4174105553397682,0.03256360976401426
0.046156004199478955,0.0016032065096192386,1.328822401156719,0.03473451693717752
0.046156004199478955,0.0017034069102204409,1.25065638214807,0.03690542411034078
0.046156004199478955,0.0018036073108216434,1.181175475881063,0.039076331283504045
0.046156004199478955,0.0019038077114228457,1.1190083488369436,0.0412472384566673
0.046156004199478955,0.0020040081120240483,1.063057934187022,0.04341814562983056
0.046156004199478955,0.0021042085126252506,1.012436130202905,0.04558905280299382
0.046156004199478955,0.002204408913226453,0.9664163081903994,0.047759959976157076
0.046156004199478955,0.0023046093138276553,0.9243982096575152,0.04993086714932034
0.046156004199478955,0.0024048097144288576,0.8858816191901003,0.05210177432248359
0.046156004199478955,0.0025050101150300604,0.8504463558370718,0.05427268149564686
0.046156004199478955,0.0026052105156312627,0.8177368818681098,0.05644358866881012
0.046156004199478955,0.002705410916232465,0.7874503318072901,0.058614495841973376
0.046156004199478955,0.0028056113168336673,0.7593271066737075,0.06078540301513664
0.046156004199478955,0.0029058117174348697,0.7331434142412115,0.06295631018829989
0.046156004199478955,0.0030060121180360724,0.7087053012461457,0.06512721736146317
0.04625379234375752,1e-10,21394133.06179441,2.161984886705104e-09
0.04625379234375752,0.0001002005006012024,21.35132352975259,0.0021663196794008527
0.04625379234375752,0.00020040090120240482,10.675667092028867,0.004332637196816819
0.04625379234375752,0.0003006013018036072,7.117112578498383,0.006498954714232784
0.04625379234375752,0.0004008017024048096,5.337834877803574,0.00866527223164875
0.04625379234375752,0.0005010021030060121,4.270268115329185,0.010831589749064719
0.04625379234375752,0.0006012025036072144,3.5585568811556234,0.012997907266480683
0.04625379234375752,0.0007014029042084169,3.050191684897458,0.01516422478389665
0.04625379234375752,0.0008016033048096193,2.6689177718491965,0.017330542301312618
0.04625379234375752,0.0009018037054108217,2.3723713856385404,0.019496859818728583
0.04625379234375752,0.0010020041060120242,2.1351342707509504,0.02166317733614455
0.04625379234375752,0.0011022045066132265,1.9410311728385818,0.023829494853560514
0.04625379234375752,0.0012024049072144288,1.7792785885544566,0.02599581237097648
0.04625379234375752,0.0013026053078156314,1.6424110153267166,0.028162129888392447
0.04625379234375752,0.0014028057084168337,1.525095951166268,0.030328447405808413
0.04625379234375752,0.0015030061090180362,1.4234228945198306,0.03249476492322438
0.04625379234375752,0.0016032065096192386,1.3344589691614661,0.034661082440640346
0.04625379234375752,0.0017034069102204409,1.2559613873484734,0.03682739995805631
0.04625379234375752,0.0018036073108216434,1.1861857585866735,0.03899371747547228
0.04625379234375752,0.0019038077114228457,1.1237549324666363,0.04116003499288824
0.04625379234375752,0.0020040081120240483,1.0675671886470728,0.043326352510304214
0.04625379234375752,0.0021042085126252506,1.0167306582703006,0.04549267002772018
0.04625379234375752,0.002204408913226453,0.9705156304454051,0.047658987545136144
0.04625379234375752,0.0023046093138276553,0.928319300517863,0.0498253050625521
0.04625379234375752,0.0024048097144288576,0.8896393312713942,0.05199162257996807
0.04625379234375752,0.0025050101150300604,0.8540537594411144,0.05415794009738405
0.04625379234375752,0.0026052105156312627,0.8212055391850147,0.056324257614800005
0.04625379234375752,0.002705410916232465,0.7907905203394286,0.05849057513221597
0.04625379234375752,0.0028056113168336673,0.7625480027625217,0.060656892649631935
0.04625379234375752,0.0029058117174348697,0.736253244951475,0.06282321016704791
0.04625379234375752,0.0030060121180360724,0.7117114709361821,0.06498952768446388
0.04635158048803607,1e-10,21484690.137388863,2.1574237371649335e-09
0.04635158048803607,0.0001002005006012024,21.441699401181484,0.0021617493847284324
0.04635158048803607,0.00020040090120240482,10.720855050292082,0.004323496612033129
0.04635158048803607,0.0003006013018036072,7.147237889018035,0.006485243839337823
0.04635158048803607,0.0004008017024048096,5.360428862572379,0.00864699106664252
0.04635158048803607,0.0005010021030060121,4.28834330404618,0.010808738293947216
0.04635158048803607,0.0006012025036072144,3.57361953892087,0.01297048552125191
0.04635158048803607,0.0007014029042084169,3.063102534717313,0.015132232748556606
0.04635158048803607,0.0008016033048096193,2.6802147656428983,0.017293979975861302
0.04635158048803607,0.0009018037054108217,2.3824131580387986,0.019455727203165997
0.04635158048803607,0.0010020041060120242,2.1441718660114,0.021617474430470695
0.04635158048803607,0.0011022045066132265,1.9492471686044408,0.02377922165777539
0.04635158048803607,0.0012024049072144288,1.7868099180634356,0.02594096888508008
0.04635158048803607,0.0013026053078156314,1.6493630118410183,0.028102716112384782
0.04635158048803607,0.0014028057084168337,1.531551376536375,0.030264463339689473
0.04635158048803607,0.0015030061090180362,1.4294479582272308,0.03242621056699417
0.04635158048803607,0.0016032065096192386,1.340107466410642,0.034587957794298865
0.04635158048803607,0.0017034069102204409,1.261277620073086,0.03674970502160356
0.04635158048803607,0.0018036073108216434,1.1912066450651828,0.03891145224890826
0.04635158048803607,0.0019038077114228457,1.1285115617759467,0.041073199476212956
0.04635158048803607,0.0020040081120240483,1.0720859865027854,0.04323494670351765
0.04635158048803607,0.0021042085126252506,1.0210342752859676,0.045396693930822345
0.04635158048803607,0.002204408913226453,0.9746236285146884,0.04755844115812704
0.04635158048803607,0.0023046093138276553,0.9322486899831884,0.049720188385431734
0.04635158048803607,0.0024048097144288576,0.8934049961824725,0.05188193561273643
0.04635158048803607,0.0025050101150300604,0.8576687977617625,0.05404368284004113
0.04635158048803607,0.0026052105156312627,0.8246815375755904,0.056205430067345824
0.04635158048803607,0.002705410916232465,0.7941377780536305,0.05836717729465052
0.04635158048803607,0.0028056113168336673,0.76577571556262,0.06052892452195521
0.04635158048803607,0.0029058117174348697,0.739369657314021,0.06269067174925991
0.04635158048803607,0.0030060121180360724,0.714724002890099,0.0648524189765646
0.04644936863231463,1e-10,21575438.46340654,2.152881792464891e-09
0.04644936863231463,0.0001002005006012024,21.532266140342657,0.00215719833340196
0.04644936863231463,0.00020040090120240482,10.766138442469058,0.004314394513922128
0.04644936863231463,0.0003006013018036072,7.177426822157441,0.006471590694442295
0.04644936863231463,0.0004008017024048096,5.383070564309968,0.008628786874962463
0.04644936863231463,0.0005010021030060121,4.306456666340108,0.010785983055482633
0.04644936863231463,0.0006012025036072144,3.5887140080012863,0.012943179236002798
0.04644936863231463,0.0007014029042084169,3.07604065137939,0.015100375416522966
0.04644936863231463,0.0008016033048096193,2.691535617923969,0.017257571597043136
0.04644936863231463,0.0009018037054108217,2.392476137983679,0.019414767777563305
0.04644936863231463,0.0010020041060120242,2.153228548062221,0.021571963958083473
0.04644936863231463,0.0011022045066132265,1.9574805159980677,0.023729160138603638
0.04644936863231463,0.0012024049072144288,1.794357153231322,0.025886356319123803
0.04644936863231463,0.0013026053078156314,1.6563296905020977,0.028043552499643975
0.04644936863231463,0.0014028057084168337,1.538020435328565,0.03020074868016414
0.04644936863231463,0.0015030061090180362,1.4354857464619684,0.032357944860684315
0.04644936863231463,0.0016032065096192386,1.3457678929042465,0.034515141041204477
0.04644936863231463,0.0017034069102204409,1.2666050803219078,0.036672337221724645
0.04644936863231463,0.0018036073108216434,1.1962381353165912,0.03882953340224481
0.04644936863231463,0.0019038077114228457,1.1332782367648748,0.04098672958276498
0.04644936863231463,0.0020040081120240483,1.07661432775416,0.04314392576328515
0.04644936863231463,0.0021042085126252506,1.0253469812499054,0.04530112194380532
0.04644936863231463,0.002204408913226453,0.9787403023982492,0.04745831812432548
0.04644936863231463,0.0023046093138276553,0.9361863780534913,0.04961551430484565
0.04644936863231463,0.0024048097144288576,0.8971786139233353,0.05177271048536582
0.04644936863231463,0.0025050101150300604,0.8612914707990166,0.05392990666588599
0.04644936863231463,0.0026052105156312627,0.8281648770398368,0.05608710284640615
0.04644936863231463,0.002705410916232465,0.7974921049498956,0.05824429902692632
0.04644936863231463,0.0028056113168336673,0.7690102450740028,0.06040149520744649
0.04644936863231463,0.0029058117174348697,0.7424926513288496,0.06255869138796666
0.04644936863231463,0.0030060121180360724,0.7177428971078963,0.06471588756848683
0.046547156776593185,1e-10,21666378.03984745,2.148358931566068e-09
0.046547156776593185,0.0001002005006012024,21.623023747236104,0.0021526664041398437
0.046547156776593185,0.00020040090120240482,10.811517268559795,0.004305330659920756
0.046547156776593185,0.0003006013018036072,7.207679377916605,0.006457994915701667
0.046547156776593185,0.0004008017024048096,5.405759983016343,0.00861065917148258
0.046547156776593185,0.0005010021030060121,4.324608202210969,0.010763323427263494
0.046547156776593185,0.0006012025036072144,3.6038402883968716,0.012915987683044404
0.046547156776593185,0.0007014029042084169,3.089006034883688,0.015068651938825317
0.046547156776593185,0.0008016033048096193,2.702880328692409,0.017221316194606227
0.046547156776593185,0.0009018037054108217,2.4025603254731815,0.019373980450387143
0.046547156776593185,0.0010020041060120242,2.162304316903413,0.021526644706168056
0.046547156776593185,0.0011022045066132265,1.9657312150194626,0.023679308961948965
0.046547156776593185,0.0012024049072144288,1.8019202940581158,0.025831973217729873
0.046547156776593185,0.0013026053078156314,1.6633110513099547,0.02798463747351079
0.046547156776593185,0.0014028057084168337,1.5445031275428371,0.0301373017292917
0.046547156776593185,0.0015030061090180362,1.4415362592240435,0.03228996598507262
0.046547156776593185,0.0016032065096192386,1.3514402486422796,0.034442630240853526
0.046547156776593185,0.0017034069102204409,1.271943768094939,0.036595294496634435
0.046547156776593185,0.0018036073108216434,1.2012802293408984,0.03874795875241535
0.046547156776593185,0.0019038077114228457,1.1380549574334209,0.04090062300819626
0.046547156776593185,0.0020040081120240483,1.0811522124011967,0.043053287263977176
0.046547156776593185,0.0021042085126252506,1.0296687761621144,0.045205951519758085
0.046547156776593185,0.002204408913226453,0.9828656520960873,0.047358615775538994
0.046547156776593185,0.0023046093138276553,0.9401323647287715,0.04951128003131991
0.046547156776593185,0.0024048097144288576,0.9009601844939825,0.05166394428710082
0.046547156776593185,0.0025050101150300604,0.8649217785528763,0.053816608542881735
0.046547156776593185,0.0026052105156312627,0.8316555575777537,0.05596927279866265
0.046547156776593185,0.002705410916232465,0.8008535010282241,0.05812193705444356
0.046547156776593185,0.0028056113168336673,0.7722515912966699,0.06027460131022447
0.046547156776593185,0.0029058117174348697,0.7456222269959608,0.06242726556600538
0.046547156776593185,0.0030060121180360724,0.7207681535895741,0.0645799298217863
0.04664494492087174,1e-10,21757508.866711583,2.143855034444558e-09
0.04664494492087174,0.0001002005006012024,21.71397222186183,0.002148153476677527
0.04664494492087174,0.00020040090120240482,10.85699152856429,0.004296304809500021
0.04664494492087174,0.0003006013018036072,7.237995556295524,0.006444456142322513
0.04664494492087174,0.0004008017024048096,5.428497118691504,0.008592607475145007
0.04664494492087174,0.0005010021030060121,4.3427979116587645,0.010740758807967501
0.04664494492087174,0.0006012025036072144,3.6189983801076266,0.012888910140789992
0.04664494492087174,0.0007014029042084169,3.1019986852302077,0.015037061473612485
0.04664494492087174,0.0008016033048096193,2.714248897948218,0.01718521280643498
0.04664494492087174,0.0009018037054108217,2.412665720507306,0.019333364139257472
0.04664494492087174,0.0010020041060120242,2.171399172534977,0.02148151547207997
0.04664494492087174,0.0011022045066132265,1.9739992656686254,0.023629666804902458
0.04664494492087174,0.0012024049072144288,1.8094993405438171,0.02577781813772495
0.04664494492087174,0.0013026053078156314,1.6703070942645897,0.027925969470547447
0.04664494492087174,0.0014028057084168337,1.5509994531791924,0.030074120803369936
0.04664494492087174,0.0015030061090180362,1.4475994965134564,0.032222272136192436
0.04664494492087174,0.0016032065096192386,1.3571245336247413,0.03437042346901492
0.04664494492087174,0.0017034069102204409,1.2772936833921795,0.036518574801837414
0.04664494492087174,0.0018036073108216434,1.2063329271381047,0.038666726134659914
0.04664494492087174,0.0019038077114228457,1.1428417237815847,0.0408148774674824
0.04664494492087174,0.0020040081120240483,1.0856996404438952,0.0429630288003049
0.04664494492087174,0.0021042085126252506,1.0339996600225945,0.04511118013312739
0.04664494492087174,0.002204408913226453,0.9869996776082032,0.047259331465949884
0.04664494492087174,0.0023046093138276553,0.9440866500090292,0.04940748279877237
0.04664494492087174,0.0024048097144288576,0.9047497078944142,0.05155563413159486
0.04664494492087174,0.0025050101150300604,0.8685597210233418,0.05370378546441736
0.04664494492087174,0.0026052105156312627,0.8351535791893413,0.055851936797239855
0.04664494492087174,0.002705410916232465,0.8042219662886158,0.05800008813006235
0.04664494492087174,0.0028056113168336673,0.7754997542306212,0.06014823946288484
0.04664494492087174,0.0029058117174348697,0.7487583843153546,0.062296390795707327
0.04664494492087174,0.0030060121180360724,0.7237997723351325,0.06444454212852983
0.0467427330651503,1e-10,21848830.94399895,2.139369982080838e-09
0.0467427330651503,0.0001002005006012024,21.80511156421984,0.002143659431756854
0.0467427330651503,0.00020040090120240482,10.90256122248255,0.004287316724143726
0.0467427330651503,0.0003006013018036072,7.268375357294201,0.006430974016530597
0.0467427330651503,0.0004008017024048096,5.451281971335451,0.008574631308917469
0.0467427330651503,0.0005010021030060121,4.361025794683494,0.010718288601304343
0.0467427330651503,0.0006012025036072144,3.6341882831335512,0.012861945893691213
0.0467427330651503,0.0007014029042084169,3.11501860241895,0.015005603186078085
0.0467427330651503,0.0008016033048096193,2.7256413256913965,0.017149260478464958
0.0467427330651503,0.0009018037054108217,2.422792323086053,0.01929291777085183
0.0467427330651503,0.0010020041060120242,2.180513114956913,0.021436575063238702
0.0467427330651503,0.0011022045066132265,1.9822846679455564,0.023580232355625574
0.0467427330651503,0.0012024049072144288,1.8170942926884261,0.025723889648012442
0.0467427330651503,0.0013026053078156314,1.6773178193660025,0.027867546940399317
0.0467427330651503,0.0014028057084168337,1.5575094122376303,0.03001120423278619
0.0467427330651503,0.0015030061090180362,1.4536754583302074,0.032154861525173065
0.0467427330651503,0.0016032065096192386,1.362820747851632,0.03429851881755993
0.0467427330651503,0.0017034069102204409,1.2826548262136297,0.0364421761099468
0.0467427330651503,0.0018036073108216434,1.21139622870821,0.03858583340233368
0.0467427330651503,0.0019038077114228457,1.1476385358093664,0.040729490694720545
0.0467427330651503,0.0020040081120240483,1.0902566118822559,0.042873147987107424
0.0467427330651503,0.0021042085126252506,1.038339632831346,0.045016805279494296
0.0467427330651503,0.002204408913226453,0.9911423789345967,0.04716046257188116
0.0467427330651503,0.0023046093138276553,0.9480492338942645,0.04930411986426803
0.0467427330651503,0.0024048097144288576,0.9085471841246305,0.051447777156654904
0.0467427330651503,0.0025050101150300604,0.8722052982104133,0.05359143444904178
0.0467427330651503,0.0026052105156312627,0.8386589418745998,0.055735091741428655
0.0467427330651503,0.002705410916232465,0.8075975007310708,0.05787874903381552
0.0467427330651503,0.0028056113168336673,0.778754733875857,0.06002240632620239
0.0467427330651503,0.0029058117174348697,0.7519011232870311,0.062166063618589264
0.0467427330651503,0.0030060121180360724,0.7268377533445713,0.06430972091097614
0.0467427330651503,0.0031062125186372747,0.7033913749592461,0.06645337820336301
0.04684052120942886,1e-10,21940344.27170955,2.134903656449286e-09
0.04684052120942886,0.0001002005006012024,21.896441774310123,0.0021391841511155586
0.04684052120942886,0.00020040090120240482,10.948226350314568,0.004278366167327461
0.04684052120942886,0.0003006013018036072,7.298818780912634,0.006417548183539363
0.04684052120942886,0.0004008017024048096,5.474114540948184,0.008556730199751266
0.04684052120942886,0.0005010021030060121,4.3792918512851555,0.01069591221596317
0.04684052120942886,0.0006012025036072144,3.6494099974746455,0.01283509423217507
0.04684052120942886,0.0007014029042084169,3.1280657864499135,0.014974276248386974
0.04684052120942886,0.0008016033048096193,2.7370576119219443,0.017113458264598876
0.04684052120942886,0.0009018037054108217,2.432940133209422,0.01925264028081078
0.04684052120942886,0.0010020041060120242,2.18964614416922,0.021391822297022682
0.04684052120942886,0.0011022045066132265,1.990587421850255,0.023531004313234585
0.04684052120942886,0.0012024049072144288,1.824705150491943,0.025670186329446485
0.04684052120942886,0.0013026053078156314,1.6843432266141933,0.02780936834565839
0.04684052120942886,0.0014028057084168337,1.5640330047181512,0.02994855036187029
0.04684052120942886,0.0015030061090180362,1.4597641446742957,0.0320877323780822
0.04684052120942886,0.0016032065096192386,1.3685288913229512,0.034226914394294095
0.04684052120942886,0.0017034069102204409,1.288027196559289,0.036366096410506
0.04684052120942886,0.0018036073108216434,1.2164701340512145,0.0385052784267179
0.04684052120942886,0.0019038077114228457,1.152445393516766,0.040644460442929804
0.04684052120942886,0.0020040081120240483,1.0948231267162787,0.04278364245914171
0.04684052120942886,0.0021042085126252506,1.0426886945883684,0.04492282447535361
0.04684052120942886,0.002204408913226453,0.9952937560752676,0.04706200649156551
0.04684052120942886,0.0023046093138276553,0.9520201163844774,0.04920118850777741
0.04684052120942886,0.0024048097144288576,0.9123526131846312,0.051340370523989314
0.04684052120942886,0.0025050101150300604,0.8758585101140904,0.053479552540201224
0.04684052120942886,0.0026052105156312627,0.842171645633529,0.05561873455641312
0.04684052120942886,0.002705410916232465,0.8109801043555893,0.05775791657262502
0.04684052120942886,0.0028056113168336673,0.782016530232377,0.059897098588836926
0.04684052120942886,0.0029058117174348697,0.7550504439109901,0.06203628060504882
0.04684052120942886,0.0030060121180360724,0.7298820966178907,0.06417546262126074
0.04684052120942886,0.0031062125186372747,0.706337513614007,0.06631464463747264
0.046938309353707415,1e-10,22032048.849843368,2.130455940507826e-09
0.046938309353707415,0.0001002005006012024,21.987962852132682,0.0021347275174768963
0.046938309353707415,0.00020040090120240482,10.993986912060345,0.0042694529044978525
0.046938309353707415,0.0003006013018036072,7.3293258271508215,0.0064041782915188064
0.046938309353707415,0.0004008017024048096,5.496994827529701,0.008538903678539763
0.046938309353707415,0.0005010021030060121,4.3975960814637505,0.01067362906556072
0.046938309353707415,0.0006012025036072144,3.6646635231309084,0.012808354452581674
0.046938309353707415,0.0007014029042084169,3.1411402373230985,0.01494307983960263
0.046938309353707415,0.0008016033048096193,2.7484977566398605,0.017077805226623586
0.046938309353707415,0.0009018037054108217,2.4431091508774125,0.019212530613644543
0.046938309353707415,0.0010020041060120242,2.1987982601718983,0.0213472560006655
0.046938309353707415,0.0011022045066132265,1.9989075273827215,0.023481981387686455
0.046938309353707415,0.0012024049072144288,1.8323319139543666,0.02561670677470741
0.046938309353707415,0.0013026053078156314,1.6913833160091614,0.027751432161728366
0.046938309353707415,0.0014028057084168337,1.5705702306207543,0.02988615754874932
0.046938309353707415,0.0015030061090180362,1.4658655555457216,0.03202088293577028
0.046938309353707415,0.0016032065096192386,1.374248964038699,0.034155608322791235
0.046938309353707415,0.0017034069102204409,1.2934107944291575,0.03629033370981219
0.046938309353707415,0.0018036073108216434,1.2215546431671174,0.03842505909683314
0.046938309353707415,0.0019038077114228457,1.157262296903783,0.0405597844838541
0.046938309353707415,0.0020040081120240483,1.099399184945963,0.04269450987087506
0.046938309353707415,0.0021042085126252506,1.0470468452936619,0.04482923525789601
0.046938309353707415,0.002204408913226453,0.9994538090302159,0.046963960644916966
0.046938309353707415,0.0023046093138276553,0.9559992974796675,0.04909868603193792
0.046938309353707415,0.0024048097144288576,0.9161659950744162,0.051233411418958874
0.046938309353707415,0.0025050101150300604,0.8795193567343732,0.053368136805979835
0.046938309353707415,0.0026052105156312627,0.8456916904661286,0.05550286219300079
0.046938309353707415,0.002705410916232465,0.8143697771621708,0.05763758758002174
0.046938309353707415,0.0028056113168336673,0.7852851433001814,0.0597723129670427
0.046938309353707415,0.0029058117174348697,0.7582063461872317,0.06190703835406365
0.046938309353707415,0.0030060121180360724,0.7329328021550904,0.06404176374108461
0.046938309353707415,0.0031062125186372747,0.7092898092983362,0.06617648912810557
0.04703609749798597,1e-10,22123944.67840042,2.126026718187704e-09
0.04703609749798597,0.0001002005006012024,22.079674797687524,0.002130289414539394
0.04703609749798597,0.00020040090120240482,11.039842907719885,0.004260576703052071
0.04703609749798597,0.0003006013018036072,7.3598964960087665,0.006390863991564746
0.04703609749798597,0.0004008017024048096,5.519922831080005,0.008521151280077422
0.04703609749798597,0.0005010021030060121,4.415938485219279,0.010651438568590101
0.04703609749798597,0.0006012025036072144,3.679948860102341,0.012781725857102775
0.04703609749798597,0.0007014029042084169,3.1542419550385055,0.014912013145615452
0.04703609749798597,0.0008016033048096193,2.7599617598451465,0.01704230043412813
0.04703609749798597,0.0009018037054108217,2.4532993760900257,0.019172587722640806
0.04703609749798597,0.0010020041060120242,2.2079694629649484,0.021302875011153483
0.04703609749798597,0.0011022045066132265,2.007244984542956,0.023433162299666157
0.04703609749798597,0.0012024049072144288,1.8399745830756982,0.02556344958817883
0.04703609749798597,0.0013026053078156314,1.6984380875509075,0.02769373687669151
0.04703609749798597,0.0014028057084168337,1.5771210899454402,0.029824024165204185
0.04703609749798597,0.0015030061090180362,1.471979690944485,0.03195431145371686
0.04703609749798597,0.0016032065096192386,1.3799809659988755,0.034084598742229535
0.04703609749798597,0.0017034069102204409,1.2988056198232356,0.036214886030742216
0.04703609749798597,0.0018036073108216434,1.2266497560559197,0.03834517331925489
0.04703609749798597,0.0019038077114228457,1.1620892459704182,0.04047546060776756
0.04703609749798597,0.0020040081120240483,1.1039847865713097,0.042605747896280244
0.04703609749798597,0.0021042085126252506,1.0514140849472264,0.04473603518479292
0.04703609749798597,0.002204408913226453,1.0036225377994419,0.04686632247330559
0.04703609749798597,0.0023046093138276553,0.9599867771798352,0.04899660976181827
0.04703609749798597,0.0024048097144288576,0.9199873297939858,0.051126897050330945
0.04703609749798597,0.0025050101150300604,0.883187838071262,0.053257184338843626
0.04703609749798597,0.0026052105156312627,0.849219076372399,0.0553874716273563
0.04703609749798597,0.002705410916232465,0.8177665191508158,0.05751775891586897
0.04703609749798597,0.0028056113168336673,0.7885605730792701,0.059648046204381654
0.04703609749798597,0.0029058117174348697,0.761368830115756,0.06177833349289433
0.04703609749798597,0.0030060121180360724,0.7359898699561707,0.06390862078140701
0.04703609749798597,0.0031062125186372747,0.7122482620122338,0.06603890806991969
0.04713388564226453,1e-10,22216031.757380698,2.121615874383395e-09
0.04713388564226453,0.0001002005006012024,22.171577610974637,0.0021258697269667393
0.04713388564226453,0.00020040090120240482,11.085794337293182,0.004251737332317604
0.04713388564226453,0.0003006013018036072,7.390530787486466,0.006377604937668468
0.04713388564226453,0.0004008017024048096,5.542898551599093,0.008503472543019334
0.04713388564226453,0.0005010021030060121,4.43431906255174,0.0106293401483702
0.04713388564226453,0.0006012025036072144,3.695266008388942,0.012755207753721064
0.04713388564226453,0.0007014029042084169,3.1673709395961334,0.014881075359071929
0.04713388564226453,0.0008016033048096193,2.771449621537801,0.017006942964422796
0.04713388564226453,0.0009018037054108217,2.46351080884726,0.019132810569773662
0.04713388564226453,0.0010020041060120242,2.2171597525483695,0.021258678175124526
0.04713388564226453,0.0011022045066132265,2.015599793330958,0.02338454578047539
0.04713388564226453,0.0012024049072144288,1.8476331578559368,0.025510413385826252
0.04713388564226453,0.0013026053078156314,1.7055075412394312,0.027636280991177122
0.04713388564226453,0.0014028057084168337,1.5836855826922087,0.029762148596527985
0.04713388564226453,0.0015030061090180362,1.4781065508705862,0.03188801620187885
0.04713388564226453,0.0016032065096192386,1.3857248972034804,0.034013883807229715
0.04713388564226453,0.0017034069102204409,1.3042116727415227,0.03613975141258058
0.04713388564226453,0.0018036073108216434,1.2317554727176205,0.03826561901793145
0.04713388564226453,0.0019038077114228457,1.1669262407166707,0.04039148662328231
0.04713388564226453,0.0020040081120240483,1.108579931592318,0.042517354228633175
0.04713388564226453,0.0021042085126252506,1.055790413549062,0.04464322183398404
0.04713388564226453,0.002204408913226453,1.0077999423829451,0.0467690894393349
0.04713388564226453,0.0023046093138276553,0.9639825554849802,0.048894957044685765
0.04713388564226453,0.0024048097144288576,0.9238166173433396,0.05102082465003663
0.04713388564226453,0.0025050101150300604,0.8868639541247563,0.053146692255387505
0.04713388564226453,0.0026052105156312627,0.85275380335234,0.05527255986073837
0.04713388564226453,0.002705410916232465,0.8211703303215239,0.05739842746608923
0.04713388564226453,0.0028056113168336673,0.7918428195696429,0.059524295071440095
0.04713388564226453,0.0029058117174348697,0.7645378956965626,0.06165016267679096
0.04713388564226453,0.0030060121180360724,0.7390533000211313,0.06377603028214184
0.04713388564226453,0.0031062125186372747,0.7152128717556996,0.06590189788749269
0.04723167378654309,1e-10,22308310.086784218,2.1172232949426257e-09
0.04723167378654309,0.0001002005006012024,22.263671291994044,0.002121468340377783
0.04723167378654309,0.00020040090120240482,11.131841200780247,0.0042429345635322715
0.04723167378654309,0.0003006013018036072,7.421228701583926,0.006364400786686758
0.04723167378654309,0.0004008017024048096,5.56592198908697,0.008485867009841247
0.04723167378654309,0.0005010021030060121,4.452737813461137,0.010607333232995737
0.04723167378654309,0.0006012025036072144,3.7106149679907148,0.012728799456150222
0.04723167378654309,0.0007014029042084169,3.1805271909959845,0.014850265679304711
0.04723167378654309,0.0008016033048096193,2.7829613417178263,0.0169717319024592
0.04723167378654309,0.0009018037054108217,2.4737434491491186,0.01909319812561369
0.04723167378654309,0.0010020041060120242,2.2263691289221637,0.02121466434876818
0.04723167378654309,0.0011022045066132265,2.023971953746729,0.023336130571922666
0.04723167378654309,0.0012024049072144288,1.8553076382950842,0.02545759679507715
0.04723167378654309,0.0013026053078156314,1.7125916770747336,0.027579063018231643
0.04723167378654309,0.0014028057084168337,1.5902637088610607,0.029700529241386126
0.04723167378654309,0.0015030061090180362,1.4842461353240257,0.03182199546454062
0.04723167378654309,0.0016032065096192386,1.3914807576525148,0.0339434616876951
0.04723167378654309,0.0017034069102204409,1.30962895318402,0.036064927910849594
0.04723167378654309,0.0018036073108216434,1.2368717931522213,0.038186394134004084
0.04723167378654309,0.0019038077114228457,1.171773281142542,0.04030786035715857
0.04723167378654309,0.0020040081120240483,1.113184620008989,0.04242932658031306
0.04723167378654309,0.0021042085126252506,1.0601758310991691,0.04455079280346755
0.04723167378654309,0.002204408913226453,1.0119860227807265,0.04667225902662203
0.04723167378654309,0.0023046093138276553,0.9679866323951032,0.04879372524977652
0.04723167378654309,0.0024048097144288576,0.9276538577224785,0.050915191472931005
0.04723167378654309,0.0025050101150300604,0.8905477048948569,0.0530366576960855
0.04723167378654309,0.0026052105156312627,0.856295871405952,0.055158123919239986
0.04723167378654309,0.002705410916232465,0.8245812106742957,0.057279590142394476
0.04723167378654309,0.0028056113168336673,0.7951318827713005,0.05940105636554896
0.04723167378654309,0.0029058117174348697,0.7677135429296523,0.06152252258870344
0.04723167378654309,0.0030060121180360724,0.7421230923499729,0.06364398881185794
0.04723167378654309,0.0031062125186372747,0.7181836385287342,0.06576545503501242
0.047329461930821645,1e-10,22400779.666610952,2.112848866656532e-09
0.047329461930821645,0.0001002005006012024,22.355955840745715,0.0021170851413366766
0.047329461930821645,0.00020040090120240482,11.177983498181067,0.004234168169824487
0.047329461930821645,0.0003006013018036072,7.451990238301139,0.006351251198312296
0.047329461930821645,0.0004008017024048096,5.58899314354363,0.008468334226800107
0.047329461930821645,0.0005010021030060121,4.4711947379474655,0.010585417255287919
0.047329461930821645,0.0006012025036072144,3.7259957389076557,0.012702500283775727
0.047329461930821645,0.0007014029042084169,3.193710709238056,0.014819583312263539
0.047329461930821645,0.0008016033048096193,2.7944969203852192,0.01693666634075135
0.047329461930821645,0.0009018037054108217,2.4839972969955975,0.01905374936923916
0.047329461930821645,0.0010020041060120242,2.2355975920863282,0.02117083239772697
0.047329461930821645,0.0011022045066132265,2.0323614657902676,0.023287915426214778
0.047329461930821645,0.0012024049072144288,1.862998024393138,0.025404998454702586
0.047329461930821645,0.0013026053078156314,1.719690495056813,0.0275220814831904
0.047329461930821645,0.0014028057084168337,1.5968554684519949,0.02963916451167821
0.047329461930821645,0.0015030061090180362,1.4903984443048024,0.031756247540166024
0.047329461930821645,0.0016032065096192386,1.397248547345977,0.03387333056865383
0.047329461930821645,0.0017034069102204409,1.3150574611507257,0.03599041359714164
0.047329461930821645,0.0018036073108216434,1.2419987173597202,0.03810749662562945
0.047329461930821645,0.0019038077114228457,1.1766303672480305,0.04022457965411726
0.047329461930821645,0.0020040081120240483,1.1177988518213215,0.04234166268260507
0.047329461930821645,0.0021042085126252506,1.064570337597547,0.04445874571109288
0.047329461930821645,0.002204408913226453,1.016180778992785,0.04657582873958069
0.047329461930821645,0.0023046093138276553,0.9719990079102033,0.048692911768068496
0.047329461930821645,0.0024048097144288576,0.9314990509314014,0.050809994796556304
0.047329461930821645,0.0025050101150300604,0.8942390903815629,0.052927077825044126
0.047329461930821645,0.0026052105156312627,0.8598452805332344,0.055044160853531934
0.047329461930821645,0.002705410916232465,0.8279991602091306,0.05716124388201974
0.047329461930821645,0.0028056113168336673,0.7984277626842421,0.05927832691050755
0.047329461930821645,0.0029058117174348697,0.7708957718150243,0.06139540993899536
0.047329461930821645,0.0030060121180360724,0.7451992469426946,0.06351249296748318
0.047329461930821645,0.0031062125186372747,0.721160562331337,0.06562957599597098
0.0474272500751002,1e-10,22493440.496860918,2.1084924772499313e-09
0.0474272500751002,0.0001002005006012024,22.448431257229668,0.0021127200173431246
0.0474272500751002,0.00020040090120240482,11.224221229495647,0.004225437926193772
0.0474272500751002,0.0003006013018036072,7.482815397638109,0.006338155835044419
0.0474272500751002,0.0004008017024048096,5.6121120149690755,0.008450873743895066
0.0474272500751002,0.0005010021030060121,4.489689836010728,0.010563591652745716
0.0474272500751002,0.0006012025036072144,3.7414083211397657,0.012676309561596362
0.0474272500751002,0.0007014029042084169,3.2069214943223496,0.01478902747044701
0.0474272500751002,0.0008016033048096193,2.8060563575399815,0.01690174537929766
0.0474272500751002,0.0009018037054108217,2.494272352386699,0.019014463288148306
0.0474272500751002,0.0010020041060120242,2.2448451420408646,0.021127181196998954
0.0474272500751002,0.0011022045066132265,2.0407683294615735,0.023239899105849598
0.0474272500751002,0.0012024049072144288,1.8707043161500996,0.025352617014700245
0.0474272500751002,0.0013026053078156314,1.7268039951856702,0.027465334923550896
0.0474272500751002,0.0014028057084168337,1.6034608614650117,0.02957805283240154
0.0474272500751002,0.0015030061090180362,1.4965634778129167,0.03169077074125219
0.0474272500751002,0.0016032065096192386,1.4030282662838682,0.03380348865010284
0.0474272500751002,0.0017034069102204409,1.3204971966416412,0.03591620655895348
0.0474272500751002,0.0018036073108216434,1.2471362453401182,0.038028924467804134
0.0474272500751002,0.0019038077114228457,1.1814974990331368,0.040141642376654775
0.0474272500751002,0.0020040081120240483,1.1224226270293158,0.04225436028550543
0.0474272500751002,0.0021042085126252506,1.068973933044196,0.04436707819435608
0.0474272500751002,0.002204408913226453,1.0203842110191208,0.04647979610320672
0.0474272500751002,0.0023046093138276553,0.9760196820302809,0.048592514012057365
0.0474272500751002,0.0024048097144288576,0.9353521969701089,0.05070523192090801
0.0474272500751002,0.0025050101150300604,0.8979381105848747,0.05281794982975867
0.0474272500751002,0.0026052105156312627,0.8634020307341875,0.054930667738609315
0.0474272500751002,0.002705410916232465,0.8314241789260286,0.057043385647459956
0.0474272500751002,0.0028056113168336673,0.8017304593084681,0.0591561035563106
0.0474272500751002,0.0029058117174348697,0.774084582352679,0.06126882146516125
0.0474272500751002,0.0030060121180360724,0.7482817637992967,0.0633815393740119
0.0474272500751002,0.0031062125186372747,0.724143643163508,0.06549425728286255
0.04752503821937876,1e-10,22586292.577534113,2.1041540153717145e-09
0.04752503821937876,0.0001002005006012024,22.541097541445893,0.0021083728568227593
0.04752503821937876,0.00020040090120240482,11.270554394723987,0.0042167436094915035
0.04752503821937876,0.0003006013018036072,7.513704179594834,0.006325114362160246
0.04752503821937876,0.0004008017024048096,5.635278603363307,0.008433485114828991
0.04752503821937876,0.0005010021030060121,4.508223107650922,0.010541855867497736
0.04752503821937876,0.0006012025036072144,3.756852714687045,0.012650226620166478
0.04752503821937876,0.0007014029042084169,3.2201595462488646,0.014758597372835223
0.04752503821937876,0.0008016033048096193,2.817639653182113,0.016866968125503968
0.04752503821937876,0.0009018037054108217,2.5045686153224223,0.018975338878172713
0.04752503821937876,0.0010020041060120242,2.2541117787857723,0.021083709630841455
0.04752503821937876,0.0011022045066132265,2.0491925447606474,0.023192080383510196
0.04752503821937876,0.0012024049072144288,1.8784265135659686,0.02530045113617894
0.04752503821937876,0.0013026053078156314,1.7339321774613052,0.027408821888847686
0.04752503821937876,0.0014028057084168337,1.610079887900111,0.029517192641516428
0.04752503821937876,0.0015030061090180362,1.5027412358483685,0.03162556339418517
0.04752503821937876,0.0016032065096192386,1.408819914466188,0.03373393414685392
0.04752503821937876,0.0017034069102204409,1.325948159656766,0.03584230489952266
0.04752503821937876,0.0018036073108216434,1.2522843770934151,0.03795067565219141
0.04752503821937876,0.0019038077114228457,1.1863746764978609,0.040059046404860146
0.04752503821937876,0.0020040081120240483,1.1270559456329723,0.0421674171575289
0.04752503821937876,0.0021042085126252506,1.073386617439116,0.044275787910197636
0.04752503821937876,0.002204408913226453,1.0245963188597345,0.04638415866286638
0.04752503821937876,0.0023046093138276553,0.980048654755336,0.04849252941553512
0.04752503821937876,0.0024048097144288576,0.9392132958386007,0.050600900168203865
0.04752503821937876,0.0025050101150300604,0.9016447655047922,0.05270927092087262
0.04752503821937876,0.0026052105156312627,0.8669661220088113,0.054817641673541355
0.04752503821937876,0.002705410916232465,0.8348562668249899,0.0569260124262101
0.04752503821937876,0.0028056113168336673,0.8050399726439782,0.05903438317887884
0.04752503821937876,0.0029058117174348697,0.7772799745426162,0.06114275393154758
0.04752503821937876,0.0030060121180360724,0.7513706429197793,0.06325112468421633
0.04752503821937876,0.0031062125186372747,0.7271328810252473,0.06535949543688507
0.04762282636365731,1e-10,22679335.90863054,2.0998333705853627e-09
0.04762282636365731,0.0001002005006012024,22.633954693394404,0.002104043549117635
0.04762282636365731,0.00020040090120240482,11.316982993866091,0.004208084998401899
0.04762282636365731,0.0003006013018036072,7.5446565841713165,0.006312126447686163
0.04762282636365731,0.0004008017024048096,5.658492908726325,0.008416167896970427
0.04762282636365731,0.0005010021030060121,4.5267945528680515,0.010520209346254694
0.04762282636365731,0.0006012025036072144,3.7723289195494942,0.012624250795538956
0.04762282636365731,0.0007014029042084169,3.2334248650176014,0.014728292244823221
0.04762282636365731,0.0008016033048096193,2.829246807311614,0.016832333694107488
0.04762282636365731,0.0009018037054108217,2.514886085802768,0.01893637514339175
0.04762282636365731,0.0010020041060120242,2.2633975023210517,0.021040416592676015
0.04762282636365731,0.0011022045066132265,2.0576341116874897,0.02314445804196028
0.04762282636365731,0.0012024049072144288,1.8861646166407453,0.025248499491244542
0.04762282636365731,0.0013026053078156314,1.7410750418837182,0.02735254094052881
0.04762282636365731,0.0014028057084168337,1.6167125477572934,0.029456582389813073
0.04762282636365731,0.0015030061090180362,1.5089317184111581,0.031560623839097336
0.04762282636365731,0.0016032065096192386,1.4146234918929366,0.0336646652883816
0.04762282636365731,0.0017034069102204409,1.3314103501961,0.03576870673766586
0.04762282636365731,0.0018036073108216434,1.2574431126196113,0.037872748186950134
0.04762282636365731,0.0019038077114228457,1.1912618996422029,0.0399767896362344
0.04762282636365731,0.0020040081120240483,1.131698807632291,0.04208083108551866
0.04762282636365731,0.0021042085126252506,1.0778083907823075,0.044184872534802924
0.04762282636365731,0.002204408913226453,1.0288171025146255,0.04628891398408719
0.04762282636365731,0.0023046093138276553,0.9840859260853686,0.04839295543337145
0.04762282636365731,0.0024048097144288576,0.943082347536877,0.050496996882655715
0.04762282636365731,0.0025050101150300604,0.9053590551413156,0.052601038331939985
0.04762282636365731,0.0026052105156312627,0.8705375543571058,0.05470507978122425
0.04762282636365731,0.002705410916232465,0.8382954239060147,0.05680912123050851
0.04762282636365731,0.0028056113168336673,0.808356302690773,0.058913162679792776
0.04762282636365731,0.0029058117174348697,0.7804819483848361,0.06101720412907703
0.04762282636365731,0.0030060121180360724,0.7544658843041425,0.06312124557836131
0.04762282636365731,0.0031062125186372747,0.7301282759165552,0.06522528702764557
0.047720614507935875,1e-10,22772570.4901502,2.095530433359573e-09
0.047720614507935875,0.0001002005006012024,22.727002713075198,0.0020997319844768382
0.047720614507935875,0.00020040090120240482,11.363507026921956,0.004199461873423244
0.047720614507935875,0.0003006013018036072,7.575672611367557,0.006299191762369648
0.047720614507935875,0.0004008017024048096,5.681754931058129,0.008398921651316053
0.047720614507935875,0.0005010021030060121,4.545404171662114,0.010498651540262461
0.047720614507935875,0.0006012025036072144,3.7878369357271136,0.012598381429208863
0.047720614507935875,0.0007014029042084169,3.246717450628561,0.01469811131815527
0.047720614507935875,0.0008016033048096193,2.8408778199284845,0.016797841207101677
0.047720614507935875,0.0009018037054108217,2.5252247638277363,0.01889757109604808
0.047720614507935875,0.0010020041060120242,2.2727023126467034,0.020997300984994485
0.047720614507935875,0.0011022045066132265,2.0660930302421,0.02309703087394089
0.047720614507935875,0.0012024049072144288,1.8939186253744298,0.025196760762887294
0.047720614507935875,0.0013026053078156314,1.7482325884529093,0.0272964906518337
0.047720614507935875,0.0014028057084168337,1.6233588410365587,0.029396220540780105
0.047720614507935875,0.0015030061090180362,1.5151349255012858,0.03149595042972651
0.047720614507935875,0.0016032065096192386,1.4204389985641142,0.03359568031867292
0.047720614507935875,0.0017034069102204409,1.336883768259644,0.03569541020761932
0.047720614507935875,0.0018036073108216434,1.2626124519187065,0.037795140096565726
0.047720614507935875,0.0019038077114228457,1.196159168466163,0.03989486998551213
0.047720614507935875,0.0020040081120240483,1.1363512130272717,0.04199459987445854
0.047720614507935875,0.0021042085126252506,1.0822392530737701,0.044094329763404945
0.047720614507935875,0.002204408913226453,1.0330465619837945,0.04619405965235135
0.047720614507935875,0.0023046093138276553,0.9881314960203789,0.04829378954129775
0.047720614507935875,0.0024048097144288576,0.9469593520649381,0.05039351943024415
0.047720614507935875,0.0025050101150300604,0.9090809794944451,0.05249324931919057
0.047720614507935875,0.0026052105156312627,0.8741163277790712,0.05459297920813697
0.047720614507935875,0.002705410916232465,0.841741650169103,0.05669270909708337
0.047720614507935875,0.0028056113168336673,0.8116794494488521,0.058792438986029774
0.047720614507935875,0.0029058117174348697,0.7836905038793388,0.06089216887497618
0.047720614507935875,0.0030060121180360724,0.7575674879523864,0.0629918987639226
0.047720614507935875,0.0031062125186372747,0.7331298278374315,0.065091628652869
0.04781840265221443,1e-10,22865996.32209308,2.091245095059006e-09
0.04781840265221443,0.0001002005006012024,22.820241600488263,0.0020954380540472153
0.04781840265221443,0.00020040090120240482,11.41012649389158,0.004190874016849336
0.04781840265221443,0.0003006013018036072,7.606752261183551,0.006286309979651455
0.04781840265221443,0.0004008017024048096,5.705064670358718,0.008381745942453576
0.04781840265221443,0.0005010021030060121,4.56405196403311,0.010477181905255697
0.04781840265221443,0.0006012025036072144,3.803376763219901,0.012572617868057816
0.04781840265221443,0.0007014029042084169,3.260037303081741,0.014668053830859937
0.04781840265221443,0.0008016033048096193,2.852532691032724,0.01676348979366206
0.04781840265221443,0.0009018037054108217,2.535584649397326,0.018858925756464178
0.04781840265221443,0.0010020041060120242,2.282026209762726,0.0209543617192663
0.04781840265221443,0.0011022045066132265,2.074569300424478,0.02304979768206842
0.04781840265221443,0.0012024049072144288,1.9016885397670216,0.025145233644870535
0.04781840265221443,0.0013026053078156314,1.7554048171688779,0.02724066960767266
0.04781840265221443,0.0014028057084168337,1.6300187677379065,0.02933610557047478
0.04781840265221443,0.0015030061090180362,1.5213508571187508,0.0314315415332769
0.04781840265221443,0.0016032065096192386,1.42626643447972,0.03352697749607902
0.04781840265221443,0.0017034069102204409,1.3423684138473968,0.03562241345888114
0.04781840265221443,0.0018036073108216434,1.2677923949907006,0.03771784942168326
0.04781840265221443,0.0019038077114228457,1.2010664829697406,0.03981328538448538
0.04781840265221443,0.0020040081120240483,1.1410131618179142,0.0419087213472875
0.04781840265221443,0.0021042085126252506,1.0866792043135036,0.04400415731008962
0.04781840265221443,0.002204408913226453,1.0372846972672407,0.04609959327289174
0.04781840265221443,0.0023046093138276553,0.9921853645603664,0.04819502923569386
0.04781840265221443,0.0024048097144288576,0.9508443094227834,0.050290465198495976
0.04781840265221443,0.0025050101150300604,0.9128105385641802,0.052385901161298105
0.04781840265221443,0.0026052105156312627,0.8777024422747071,0.05448133712410022
0.04781840265221443,0.002705410916232465,0.8451949456142543,0.05657677308690234
0.04781840265221443,0.0028056113168336673,0.8150094129182153,0.05867220904970446
0.04781840265221443,0.0029058117174348697,0.7869056410261239,0.06076764501250658
0.04781840265221443,0.0030060121180360724,0.7606754538645106,0.06286308097530871
0.04781840265221443,0.0031062125186372747,0.7361375367878761,0.06495851693811082
0.04791619079649299,1e-10,22959613.404459193,2.0869772479351398e-09
0.04791619079649299,0.0001002005006012024,22.913671355633607,0.002091161649864207
0.04791619079649299,0.00020040090120240482,11.456841394774964,0.004182321212751167
0.04791619079649299,0.0003006013018036072,7.637895533619303,0.006273480775638125
0.04791619079649299,0.0004008017024048096,5.728422126628092,0.008364640338525084
0.04791619079649299,0.0005010021030060121,4.58273792998104,0.010455799901412044
0.04791619079649299,0.0006012025036072144,3.8189484020278583,0.012546959464299002
0.04791619079649299,0.0007014029042084169,3.273384422377143,0.014638119027185962
0.04791619079649299,0.0008016033048096193,2.8642114206243323,0.01672927859007292
0.04791619079649299,0.0009018037054108217,2.5459657425115383,0.018820438152959883
0.04791619079649299,0.0010020041060120242,2.29136919366912,0.02091159771584684
0.04791619079649299,0.0011022045066132265,2.0830629222346237,0.0230027572787338
0.04791619079649299,0.0012024049072144288,1.9094743598185207,0.025093916841620757
0.04791619079649299,0.0013026053078156314,1.7625917280316241,0.027185076404507718
0.04791619079649299,0.0014028057084168337,1.6366923278613368,0.029276235967394676
0.04791619079649299,0.0015030061090180362,1.5275795132635535,0.03136739553028164
0.04791619079649299,0.0016032065096192386,1.4321057996397544,0.03345855509316859
0.04791619079649299,0.0017034069102204409,1.347864286959359,0.03554971465605555
0.04791619079649299,0.0018036073108216434,1.2729829418355936,0.037640874218942515
0.04791619079649299,0.0019038077114228457,1.205983843152936,0.03973203378182947
0.04791619079649299,0.0020040081120240483,1.1456846540042187,0.04182319334471643
0.04791619079649299,0.0021042085126252506,1.0911282445015082,0.04391435290760339
0.04791619079649299,0.002204408913226453,1.0415315083649643,0.046005512470490346
0.04791619079649299,0.0023046093138276553,0.9962475317053315,0.04809667203337731
0.04791619079649299,0.0024048097144288576,0.9547372196104132,0.05018783159626426
0.04791619079649299,0.0025050101150300604,0.9165477323505209,0.05227899115915123
0.04791619079649299,0.0026052105156312627,0.8812958978440136,0.054370150722038185
0.04791619079649299,0.002705410916232465,0.8486553102414689,0.05646131028492515
0.04791619079649299,0.0028056113168336673,0.8183461930988629,0.0585524698478121
0.04791619079649299,0.0029058117174348697,0.7901273598251917,0.060643629410699056
0.04791619079649299,0.0030060121180360724,0.7637897820405153,0.06273478897358603
0.04791619079649299,0.0031062125186372747,0.739151402767889,0.06482594853647299
0.04801397894077154,1e-10,23053421.737248532,2.0827267851172404e-09
0.04801397894077154,0.0001002005006012024,23.007291978511226,0.002086902664842804
0.04801397894077154,0.00020040090120240482,11.503651729572107,0.004173803246958823
0.04801397894077154,0.0003006013018036072,7.66910242867481,0.006260703829074841
0.04801397894077154,0.0004008017024048096,5.751827299866252,0.00834760441119086
0.04801397894077154,0.0005010021030060121,4.601462069505901,0.010434504993306882
0.04801397894077154,0.0006012025036072144,3.8345518521509847,0.012521405575422898
0.04801397894077154,0.0007014029042084169,3.2867588085147665,0.014608306157538917
0.04801397894077154,0.0008016033048096193,2.8759140087033095,0.01669520673965494
0.04801397894077154,0.0009018037054108217,2.556368043170372,0.018782107321770956
0.04801397894077154,0.0010020041060120242,2.3007312643658855,0.020869007903886978
0.04801397894077154,0.0011022045066132265,2.0915738956725374,0.022955908486002995
0.04801397894077154,0.0012024049072144288,1.9172760855289275,0.02504280906811901
0.04801397894077154,0.0013026053078156314,1.769793321041148,0.027129709650235034
0.04801397894077154,0.0014028057084168337,1.6433795214068498,0.02921661023235105
0.04801397894077154,0.0015030061090180362,1.5338208939356939,0.03130351081446707
0.04801397894077154,0.0016032065096192386,1.4379570940442177,0.03339041139658309
0.04801397894077154,0.0017034069102204409,1.3533713875955304,0.035477311978699105
0.04801397894077154,0.0018036073108216434,1.2781840924533854,0.03756421256081513
0.04801397894077154,0.0019038077114228457,1.2109112490157492,0.03965111314293115
0.04801397894077154,0.0020040081120240483,1.1503656895861851,0.041738013725047166
0.04801397894077154,0.0021042085126252506,1.0955863736377838,0.04382491430716318
0.04801397894077154,0.002204408913226453,1.0457869952769656,0.0459118148892792
0.04801397894077154,0.0023046093138276553,1.000317997455274,0.04799871547139522
0.04801397894077154,0.0024048097144288576,0.9586380826278275,0.05008561605351124
0.04801397894077154,0.0025050101150300604,0.9202925608534674,0.05217251663562726
0.04801397894077154,0.0026052105156312627,0.8848966944869908,0.05425941721774328
0.04801397894077154,0.002705410916232465,0.8521227440507468,0.0563463177998593
0.04801397894077154,0.0028056113168336673,0.8216897899907948,0.058433218381975315
0.04801397894077154,0.0029058117174348697,0.7933556602765419,0.06052011896409133
0.04801397894077154,0.0030060121180360724,0.7669104724804003,0.06260701954620736
0.04801397894077154,0.0031062125186372747,0.7421714257774703,0.06469392012832338
0.0481117670850501,1e-10,23147421.320461098,2.0784936006034434e-09
0.0481117670850501,0.0001002005006012024,23.101103469121124,0.0020826609927686065
0.0481117670850501,0.00020040090120240482,11.55055749828301,0.004165319907043613
0.0481117670850501,0.0003006013018036072,7.700372946350073,0.006247978821318618
0.0481117670850501,0.0004008017024048096,5.775280190073198,0.008330637735593624
0.0481117670850501,0.0005010021030060121,4.620224382607697,0.010413296649868632
0.0481117670850501,0.0006012025036072144,3.8501871135892807,0.012495955564143636
0.0481117670850501,0.0007014029042084169,3.300160461494612,0.014578614478418643
0.0481117670850501,0.0008016033048096193,2.887640455269656,0.01666127339269365
0.0481117670850501,0.0009018037054108217,2.566791551373828,0.018743932306968657
0.0481117670850501,0.0010020041060120242,2.3101124218530225,0.02082659122124366
0.0481117670850501,0.0011022045066132265,2.100102220738219,0.022909250135518665
0.0481117670850501,0.0012024049072144288,1.9250937168982416,0.024991909049793672
0.0481117670850501,0.0013026053078156314,1.77700959619745,0.02707456796406868
0.0481117670850501,0.0014028057084168337,1.6500803483744457,0.029157226878343684
0.0481117670850501,0.0015030061090180362,1.5400749991351717,0.03123988579261869
0.0481117670850501,0.0016032065096192386,1.4438203176931093,0.0333225447068937
0.0481117670850501,0.0017034069102204409,1.3588897157559112,0.0354052036211687
0.0481117670850501,0.0018036073108216434,1.2833958468440763,0.03748786253544371
0.0481117670850501,0.0019038077114228457,1.2158487005581802,0.03957052144971871
0.0481117670850501,0.0020040081120240483,1.1550562685638135,0.04165318036399372
0.0481117670850501,0.0021042085126252506,1.1000535917223306,0.043735839278268726
0.0481117670850501,0.002204408913226453,1.0500511580032441,0.04581849819254373
0.0481117670850501,0.0023046093138276553,1.0043967618101939,0.047901157106818734
0.0481117670850501,0.0024048097144288576,0.9625468984750261,0.04998381602109374
0.0481117670850501,0.0025050101150300604,0.9240450240730197,0.052066474935368756
0.0481117670850501,0.0026052105156312627,0.8885048322036386,0.05414913384964376
0.0481117670850501,0.002705410916232465,0.855597247042088,0.056231792763918764
0.0481117670850501,0.0028056113168336673,0.825040203594011,0.05831445167819377
0.0481117670850501,0.0029058117174348697,0.7965905423801748,0.06039711059246877
0.0481117670850501,0.0030060121180360724,0.7700375251841659,0.06247976950674378
0.0481117670850501,0.0031062125186372747,0.7451976058166199,0.0645624284210188
0.048209555229328654,1e-10,23241612.154096898,2.074277589251938e-09
0.048209555229328654,0.0001002005006012024,23.195105827463305,0.002078436528288995
0.048209555229328654,0.00020040090120240482,11.597558700907678,0.004156870982300401
0.048209555229328654,0.0003006013018036072,7.731707086645093,0.006235305436311805
0.048209555229328654,0.0004008017024048096,5.79878079724893,0.008313739890323212
0.048209555229328654,0.0005010021030060121,4.639024869286426,0.010392174344334619
0.048209555229328654,0.0006012025036072144,3.8658541863427467,0.012470608798346022
0.048209555229328654,0.0007014029042084169,3.313589381316679,0.01454904325235743
0.048209555229328654,0.0008016033048096193,2.899390760323372,0.016627477706368837
0.048209555229328654,0.0009018037054108217,2.577236267121907,0.018705912160380242
0.048209555229328654,0.0010020041060120242,2.3195126661305316,0.020784346614391647
0.048209555229328654,0.0011022045066132265,2.108647897431669,0.022862781068403053
0.048209555229328654,0.0012024049072144288,1.9329272539264635,0.024941215522414455
0.048209555229328654,0.0013026053078156314,1.7842405535005297,0.027019649976425864
0.048209555229328654,0.0014028057084168337,1.6567948087641244,0.02909808443043727
0.048209555229328654,0.0015030061090180362,1.5463418288619877,0.031176518884448678
0.048209555229328654,0.0016032065096192386,1.44969547058643,0.03325495333846008
0.048209555229328654,0.0017034069102204409,1.3644192714405017,0.035333387792471485
0.048209555229328654,0.0018036073108216434,1.2886182050076662,0.037411822246482894
0.048209555229328654,0.0019038077114228457,1.2207961977802293,0.039490256700494296
0.048209555229328654,0.0020040081120240483,1.159756390937104,0.041568691154505705
0.048209555229328654,0.0021042085126252506,1.1045298987551486,0.04364712560851711
0.048209555229328654,0.002204408913226453,1.0543239965438007,0.045725560062528516
0.048209555229328654,0.0023046093138276553,1.0084838247700916,0.04780399451653992
0.048209555229328654,0.0024048097144288576,0.9664636671520094,0.04988242897055132
0.048209555229328654,0.0025050101150300604,0.927805122009178,0.051960863424562735
0.048209555229328654,0.0026052105156312627,0.8921203109939574,0.05403929787857414
0.048209555229328654,0.002705410916232465,0.8590788192154926,0.05611773233258554
0.048209555229328654,0.0028056113168336673,0.8283974339085116,0.05819616678659695
0.048209555229328654,0.0029058117174348697,0.7998320061360904,0.06027460124060835
0.048209555229328654,0.0030060121180360724,0.7731709401518121,0.062353035694619766
0.048209555229328654,0.0031062125186372747,0.7482299428853381,0.06443147014863117
0.04830734337360722,1e-10,23335994.23815593,2.0700786467722655e-09
0.04830734337360722,0.0001002005006012024,23.289299053537764,0.0020742291669044064
0.04830734337360722,0.00020040090120240482,11.644655337446107,0.004148456263730167
0.04830734337360722,0.0003006013018036072,7.763104849559872,0.006222683360555925
0.04830734337360722,0.0004008017024048096,5.822329121393448,0.008296910457381686
0.04830734337360722,0.0005010021030060121,4.65786352954209,0.010371137554207448
0.04830734337360722,0.0006012025036072144,3.8815530704113823,0.012445364651033205
0.04830734337360722,0.0007014029042084169,3.327045567980969,0.014519591747858966
0.04830734337360722,0.0008016033048096193,2.911164923864458,0.016593818844684728
0.04830734337360722,0.0009018037054108217,2.5877021904146082,0.018668045941510485
0.04830734337360722,0.0010020041060120242,2.3289319971984126,0.020742273038336246
0.04830734337360722,0.0011022045066132265,2.117210925752887,0.022816500135162007
0.04830734337360722,0.0012024049072144288,1.9407766966135933,0.024890727231987764
0.04830734337360722,0.0013026053078156314,1.7914861929503876,0.026964954328813528
0.04830734337360722,0.0014028057084168337,1.6635229025758862,0.029039181425639285
0.04830734337360722,0.0015030061090180362,1.5526213831161413,0.03111340852246505
0.04830734337360722,0.0016032065096192386,1.4555825527241797,0.033187635619290806
0.04830734337360722,0.0017034069102204409,1.3699600546493016,0.03526186271611657
0.04830734337360722,0.0018036073108216434,1.2938511669441555,0.03733608981294233
0.04830734337360722,0.0019038077114228457,1.2257537406818964,0.03941031690976809
0.04830734337360722,0.0020040081120240483,1.1644660567060567,0.04148454400659385
0.04830734337360722,0.0021042085126252506,1.109015294736238,0.0435587711034196
0.04830734337360722,0.002204408913226453,1.0586055108986347,0.04563299820024536
0.04830734337360722,0.0023046093138276553,1.0125791863349667,0.047707225297071124
0.04830734337360722,0.0024048097144288576,0.9703883886587772,0.04978145239389688
0.04830734337360722,0.0025050101150300604,0.9315728546619421,0.051855679490722645
0.04830734337360722,0.0026052105156312627,0.8957431308579469,0.053929906587548405
0.04830734337360722,0.002705410916232465,0.8625674605709607,0.056004133684374166
0.04830734337360722,0.0028056113168336673,0.8317614809342967,0.05807836078119992
0.04830734337360722,0.0029058117174348697,0.8030800515442887,0.06015258787802568
0.04830734337360722,0.0030060121180360724,0.7763107173833389,0.06222681497485145
0.04830734337360722,0.0031062125186372747,0.7512684369836246,0.06430104207167721
0.04840513151788577,1e-10,23430567.572638184,2.0658966697167187e-09
0.04840513151788577,0.0001002005006012024,23.383683147344495,0.002070038804959721
0.04840513151788577,0.00020040090120240482,11.691847407898292,0.004140075544022773
0.04840513151788577,0.0003006013018036072,7.794566235094402,0.006210112283085823
0.04840513151788577,0.0004008017024048096,5.84592516250675,0.008280149022148875
0.04840513151788577,0.0005010021030060121,4.676740363374686,0.01035018576121193
0.04840513151788577,0.0006012025036072144,3.897283765795186,0.01242022250027498
0.04840513151788577,0.0007014029042084169,3.3405290214874785,0.01449025923933803
0.04840513151788577,0.0008016033048096193,2.9229629458929116,0.016560295978401085
0.04840513151788577,0.0009018037054108217,2.59818932125193,0.018630332717464136
0.04840513151788577,0.0010020041060120242,2.338370415056664,0.020700369456527187
0.04840513151788577,0.0011022045066132265,2.1257913057018722,0.02277040619559024
0.04840513151788577,0.0012024049072144288,1.9486420449596298,0.024840442934653286
0.04840513151788577,0.0013026053078156314,1.7987465145470227,0.02691047967371634
0.04840513151788577,0.0014028057084168337,1.67026462980973,0.028980516412779392
0.04840513151788577,0.0015030061090180362,1.558913661897632,0.031050553151842446
0.04840513151788577,0.0016032065096192386,1.4614815641063572,0.033120589890905494
0.04840513151788577,0.0017034069102204409,1.3755120653823105,0.035190626629968545
0.04840513151788577,0.0018036073108216434,1.299094732653543,0.0372606633690316
0.04840513151788577,0.0019038077114228457,1.2307213292631807,0.03933070010809465
0.04840513151788577,0.0020040081120240483,1.1691852658706712,0.041400736847157706
0.04840513151788577,0.0021042085126252506,1.113509779665598,0.04347077358622076
0.04840513151788577,0.002204408913226453,1.062895701067746,0.04554081032528381
0.04840513151788577,0.0023046093138276553,1.0166828465048192,0.04761084706434685
0.04840513151788577,0.0024048097144288576,0.9743210629953292,0.0496808838034099
0.04840513151788577,0.0025050101150300604,0.9353482220313117,0.05175092054247296
0.04840513151788577,0.0026052105156312627,0.8993732917956067,0.05382095728153601
0.04840513151788577,0.002705410916232465,0.8660631711084916,0.055890994020599064
0.04840513151788577,0.0028056113168336673,0.8351323446713658,0.057961030759662115
0.04840513151788577,0.0029058117174348697,0.8063346786047694,0.060031067498725166
0.04840513151788577,0.0030060121180360724,0.7794568568787459,0.062101104237788224
0.04840513151788577,0.0031062125186372747,0.7543130881114792,0.06417114097685127
0.04850291966216433,1e-10,23525332.15754367,2.061731555471845e-09
0.04850291966216433,0.0001002005006012024,23.47825810888351,0.002065865339635746
0.04850291966216433,0.00020040090120240482,11.73913491226424,0.004131728617539936
0.04850291966216433,0.0003006013018036072,7.826091243248691,0.006197591895444126
0.04850291966216433,0.0004008017024048096,5.869568920588838,0.008263455173348316
0.04850291966216433,0.0005010021030060121,4.695655370784214,0.010329318451252508
0.04850291966216433,0.0006012025036072144,3.9130462724941597,0.012395181729156697
0.04850291966216433,0.0007014029042084169,3.354039741836211,0.014461045007060889
0.04850291966216433,0.0008016033048096193,2.9347848264087353,0.01652690828496508
0.04850291966216433,0.0009018037054108217,2.608697659633875,0.01859277156286927
0.04850291966216433,0.0010020041060120242,2.3478279197052876,0.02065863484077346
0.04850291966216433,0.0011022045066132265,2.1343890372786256,0.02272449811867765
0.04850291966216433,0.0012024049072144288,1.9565232989645742,0.024790361396581837
0.04850291966216433,0.0013026053078156314,1.8060215182904358,0.02685622467448603
0.04850291966216433,0.0014028057084168337,1.6770199904656566,0.02892208795239022
0.04850291966216433,0.0015030061090180362,1.5652186652064608,0.030987951230294415
0.04850291966216433,0.0016032065096192386,1.467392504732964,0.0330538145081986
0.04850291966216433,0.0017034069102204409,1.381075303639529,0.03511967778610279
0.04850291966216433,0.0018036073108216434,1.3043489021358299,0.03718554106400698
0.04850291966216433,0.0019038077114228457,1.235698963524083,0.03925140434191117
0.04850291966216433,0.0020040081120240483,1.1739140184309476,0.041317267619815363
0.04850291966216433,0.0021042085126252506,1.1180133535432293,0.04338313089771956
0.04850291966216433,0.002204408913226453,1.0671945670511347,0.045448994175623744
0.04850291966216433,0.0023046093138276553,1.0207948052796492,0.04751485745352793
0.04850291966216433,0.0024048097144288576,0.9782616901616658,0.04958072073143212
0.04850291966216433,0.0025050101150300604,0.9391312241172872,0.05164658400933632
0.04850291966216433,0.0026052105156312627,0.9030107938069374,0.053712447287240506
0.04850291966216433,0.002705410916232465,0.8695659508280861,0.0557783105651447
0.04850291966216433,0.0028056113168336673,0.8385100251197193,0.057844173843048886
0.04850291966216433,0.0029058117174348697,0.8095958873175327,0.05991003712095307
0.04850291966216433,0.0030060121180360724,0.7826093586380334,0.061975900398857274
0.04850291966216433,0.0031062125186372747,0.7573638962689024,0.06404176367676145
0.048600707806442885,1e-10,23620287.992872383,2.057583202250055e-09
0.048600707806442885,0.0001002005006012024,23.573023938154797,0.002061708668940806
0.048600707806442885,0.00020040090120240482,11.786517850543946,0.00412341528029841
0.048600707806442885,0.0003006013018036072,7.857679874022736,0.006185121891656013
0.048600707806442885,0.0004008017024048096,5.893260395639712,0.008246828503013618
0.048600707806442885,0.0005010021030060121,4.714608551770677,0.010308535114371223
0.048600707806442885,0.0006012025036072144,3.928840590508303,0.012370241725728825
0.048600707806442885,0.0007014029042084169,3.3675777290271647,0.01443194833708643
0.048600707806442885,0.0008016033048096193,2.946630565411928,0.016493654948444035
0.048600707806442885,0.0009018037054108217,2.6192272055604415,0.01855536155980164
0.048600707806442885,0.0010020041060120242,2.3573045111442825,0.020617068171159242
0.048600707806442885,0.0011022045066132265,2.143004120483147,0.022678774782516845
0.048600707806442885,0.0012024049072144288,1.9644204586284262,0.02474048139387445
0.048600707806442885,0.0013026053078156314,1.8133112041806267,0.026802188005232055
0.048600707806442885,0.0014028057084168337,1.683788984543666,0.028863894616589655
0.048600707806442885,0.0015030061090180362,1.5715363930426272,0.030925601227947262
0.048600707806442885,0.0016032065096192386,1.473315374603999,0.03298730783930487
0.048600707806442885,0.0017034069102204409,1.3866497694209565,0.03504901445066247
0.048600707806442885,0.0018036073108216434,1.3096136753910157,0.037110721062020076
0.048600707806442885,0.0019038077114228457,1.2406866434646031,0.039172427673377676
0.048600707806442885,0.0020040081120240483,1.178652314386886,0.04123413428473528
0.048600707806442885,0.0021042085126252506,1.1225260163691317,0.04329584089609288
0.048600707806442885,0.002204408913226453,1.0715021088488013,0.04535754750745049
0.048600707806442885,0.0023046093138276553,1.0249150626594565,0.04741925411880809
0.048600707806442885,0.0024048097144288576,0.9822102701577868,0.04948096073016569
0.048600707806442885,0.0025050101150300604,0.9429218609198685,0.0515426673415233
0.048600707806442885,0.0026052105156312627,0.9066556368919386,0.0536043739528809
0.048600707806442885,0.002705410916232465,0.8730757997297438,0.05566608056423851
0.048600707806442885,0.0028056113168336673,0.8418945222793571,0.05772778717559611
0.048600707806442885,0.0029058117174348697,0.8128636776825787,0.05978949378695371
0.048600707806442885,0.0030060121180360724,0.7857682226612015,0.06185120039831132
0.048600707806442885,0.0031062125186372747,0.7604208614558939,0.06391290700966892
0.04869849595072144,1e-10,23715435.078624323,2.0534515090813304e-09
0.04869849595072144,0.0001002005006012024,23.667980635158365,0.0020575686917024385
0.04869849595072144,0.00020040090120240482,11.833996222737415,0.004115135329953368
0.04869849595072144,0.0003006013018036072,7.8893321274165364,0.006172701968204296
0.04869849595072144,0.0004008017024048096,5.9169995876593715,0.008230268606455225
0.04869849595072144,0.0005010021030060121,4.7335999063340735,0.010287835244706157
0.04869849595072144,0.0006012025036072144,3.944666719837615,0.012345401882957085
0.04869849595072144,0.0007014029042084169,3.38114298306034,0.014402968521208015
0.04869849595072144,0.0008016033048096193,2.958500162902489,0.016460535159458944
0.04869849595072144,0.0009018037054108217,2.6297779590316304,0.018518101797709872
0.04869849595072144,0.0010020041060120242,2.3668001893736488,0.020575668435960804
0.04869849595072144,0.0011022045066132265,2.151636555315436,0.022633235074211732
0.04869849595072144,0.0012024049072144288,1.9723335239511854,0.02469080171246266
0.04869849595072144,0.0013026053078156314,1.8206155722175952,0.02674836835071359
0.04869849595072144,0.0014028057084168337,1.690571612043758,0.02880593498896452
0.04869849595072144,0.0015030061090180362,1.577866845406131,0.03086350162721545
0.04869849595072144,0.0016032065096192386,1.479250173719463,0.032921068265466376
0.04869849595072144,0.0017034069102204409,1.3922354627265936,0.034978634903717304
0.04869849595072144,0.0018036073108216434,1.3148890524191004,0.03703620154196824
0.04869849595072144,0.0019038077114228457,1.2456843690847412,0.03909376818021917
0.04869849595072144,0.0020040081120240483,1.1834001537384864,0.041151334818470095
0.04869849595072144,0.0021042085126252506,1.127047768143305,0.04320890145672102
0.04869849595072144,0.002204408913226453,1.075818326460745,0.04526646809497195
0.04869849595072144,0.0023046093138276553,1.0290436186442413,0.04732403473322288
0.04869849595072144,0.0024048097144288576,0.9861668029836923,0.04938160137147381
0.04869849595072144,0.0025050101150300604,0.9467201324390555,0.05143916800972474
0.04869849595072144,0.0026052105156312627,0.9103078210506106,0.05349673464797567
0.04869849595072144,0.002705410916232465,0.8765927178134648,0.0555543012862266
0.04869849595072144,0.0028056113168336673,0.8452858361502792,0.057611867924477526
0.04869849595072144,0.0029058117174348697,0.8161380496999072,0.059669434562728454
0.04869849595072144,0.0030060121180360724,0.78893344894825,0.06172700120097939
0.04869849595072144,0.0031062125186372747,0.7634839836724537,0.06378456783923032
0.04869849595072144,0.003206412919238477,0.7396251099267882,0.06584213447748125
0.048796284095,1e-10,23810773.414799504,2.0493363758050316e-09
0.048796284095,0.0001002005006012024,23.76312819989422,0.00205344530755918
0.048796284095,0.00020040090120240482,11.881570028844648,0.004106888565781984
0.048796284095,0.0003006013018036072,7.921048003430096,0.006160331824004788
0.048796284095,0.0004008017024048096,5.940786496647818,0.008213775082227592
0.048796284095,0.0005010021030060121,4.752629434474404,0.010267218340450399
0.048796284095,0.0006012025036072144,3.9605246604820983,0.012320661598673201
0.048796284095,0.0007014029042084169,3.3947355039357383,0.014374104856896006
0.048796284095,0.0008016033048096193,2.970393618880421,0.01642754811511881
0.048796284095,0.0009018037054108217,2.6403499200474423,0.018480991373341617
0.048796284095,0.0010020041060120242,2.3763149543933877,0.02053443463156442
0.048796284095,0.0011022045066132265,2.160286341775494,0.022587877889787222
0.048796284095,0.0012024049072144288,1.980262494932853,0.024641321148010025
0.048796284095,0.0013026053078156314,1.8279346224013422,0.02669476440623283
0.048796284095,0.0014028057084168337,1.6973678729659334,0.028748207664455634
0.048796284095,0.0015030061090180362,1.5842100222969733,0.03080165092267844
0.048796284095,0.0016032065096192386,1.485196902079356,0.03285509418090125
0.048796284095,0.0017034069102204409,1.3978323835564403,0.034908537439124046
0.048796284095,0.0018036073108216434,1.3201750332200846,0.03696198069734685
0.048796284095,0.0019038077114228457,1.2506921403844973,0.03901542395556966
0.048796284095,0.0020040081120240483,1.188157536485749,0.041068867213792465
0.048796284095,0.0021042085126252506,1.1315786088657502,0.043122310472015264
0.048796284095,0.002204408913226453,1.080143219886967,0.04517575373023807
0.048796284095,0.0023046093138276553,1.0331804732340042,0.04722919698846087
0.048796284095,0.0024048097144288576,0.9901312886393826,0.049282640246683676
0.048796284095,0.0025050101150300604,0.9505260386748487,0.05133608350490648
0.048796284095,0.0026052105156312627,0.9139673462829536,0.05338952676312929
0.048796284095,0.002705410916232465,0.8801167050792494,0.05544297002135209
0.048796284095,0.0028056113168336673,0.848683966732486,0.057496413279574894
0.048796284095,0.0029058117174348697,0.8194190033695187,0.059549856537797694
0.048796284095,0.0030060121180360724,0.7921050374991793,0.06160329979602051
0.048796284095,0.0031062125186372747,0.7665532629185822,0.0636567430542433
0.048796284095,0.003206412919238477,0.7425984741994666,0.06571018631246611
