mean,var,M1_final,M2_final
1e-10,1e-10,2.310150846107222e-106,1.0
1e-10,0.0001002005006012024,2.310150846107222e-106,1.0
1e-10,0.00020040090120240482,2.310150846107222e-106,1.0
1e-10,0.0003006013018036072,2.310150846107222e-106,1.0
1e-10,0.0004008017024048096,2.310150846107222e-106,1.0
1e-10,0.0005010021030060121,2.310150846107222e-106,1.0
1e-10,0.0006012025036072144,2.310150846107222e-106,1.0
1e-10,0.0007014029042084169,2.310150846107222e-106,1.0
1e-10,0.0008016033048096193,2.310150846107222e-106,1.0
1e-10,0.0009018037054108217,2.310150846107222e-106,1.0
1e-10,0.0010020041060120242,2.310150846107222e-106,1.0
1e-10,0.0011022045066132265,2.310150846107222e-106,1.0
1e-10,0.0012024049072144288,2.310150846107222e-106,1.0
1e-10,0.0013026053078156314,2.310150846107222e-106,1.0
1e-10,0.0014028057084168337,2.310150846107222e-106,1.0
1e-10,0.0015030061090180362,2.310150846107222e-106,1.0
1e-10,0.0016032065096192386,2.310150846107222e-106,1.0
1e-10,0.0017034069102204409,2.310150846107222e-106,1.0
1e-10,0.0018036073108216434,2.310150846107222e-106,1.0
1e-10,0.0019038077114228457,2.310150846107222e-106,1.0
1e-10,0.0020040081120240483,2.310150846107222e-106,1.0
1e-10,0.0021042085126252506,2.310150846107222e-106,1.0
1e-10,0.002204408913226453,2.310150846107222e-106,1.0
1e-10,0.0023046093138276553,2.310150846107222e-106,1.0
1e-10,0.0024048097144288576,2.310150846107222e-106,1.0
1e-10,0.0025050101150300604,2.310150846107222e-106,1.0
1e-10,0.0026052105156312627,2.310150846107222e-106,1.0
1e-10,0.002705410916232465,2.310150846107222e-106,1.0
1e-10,0.0028056113168336673,2.310150846107222e-106,1.0
1e-10,0.0029058117174348697,2.310150846107222e-106,1.0
1e-10,0.0030060121180360724,2.310150846107222e-106,1.0
1e-10,0.0031062125186372747,2.310150846107222e-106,1.0
1e-10,0.003206412919238477,2.310150846107222e-106,1.0
1e-10,0.0033066133198396794,2.310150846107222e-106,1.0
1e-10,0.0034068137204408817,2.310150846107222e-106,1.0
1e-10,0.0035070141210420845,2.310150846107222e-106,1.0
1e-10,0.003607214521643287,2.310150846107222e-106,1.0
1e-10,0.003707414922244489,2.310150846107222e-106,1.0
1e-10,0.0038076153228456915,2.310150846107222e-106,1.0
1e-10,0.003907815723446894,2.310150846107222e-106,1.0
1e-10,0.004008016124048096,2.310150846107222e-106,1.0
1e-10,0.0041082165246492984,2.310150846107222e-106,1.0
1e-10,0.004208416925250501,2.310150846107222e-106,1.0
1e-10,0.004308617325851703,2.310150846107222e-106,1.0
1e-10,0.004408817726452905,2.310150846107222e-106,1.0
1e-10,0.004509018127054108,2.310150846107222e-106,1.0
1e-10,0.00460921852765531,2.310150846107222e-106,1.0
1e-10,0.004709418928256512,2.310150846107222e-106,1.0
1e-10,0.004809619328857715,2.310150846107222e-106,1.0
1e-10,0.004909819729458918,2.310150846107222e-106,1.0
1e-10,0.00501002013006012,2.310150846107222e-106,1.0
1e-10,0.0051102205306613226,2.310150846107222e-106,1.0
1e-10,0.005210420931262525,2.310150846107222e-106,1.0
1e-10,0.005310621331863727,2.310150846107222e-106,1.0
1e-10,0.0054108217324649295,2.310150846107222e-106,1.0
1e-10,0.005511022133066132,2.310150846107222e-106,1.0
1e-10,0.005611222533667334,2.310150846107222e-106,1.0
1e-10,0.0057114229342685365,2.310150846107222e-106,1.0
1e-10,0.005811623334869739,2.310150846107222e-106,1.0
1e-10,0.005911823735470942,2.310150846107222e-106,1.0
1e-10,0.006012024136072144,2.310150846107222e-106,1.0
1e-10,0.006112224536673347,2.310150846107222e-106,1.0
1e-10,0.006212424937274549,2.310150846107222e-106,1.0
1e-10,0.006312625337875751,2.310150846107222e-106,1.0
1e-10,0.006412825738476954,2.310150846107222e-106,1.0
1e-10,0.006513026139078156,2.310150846107222e-106,1.0
1e-10,0.006613226539679358,2.310150846107222e-106,1.0
1e-10,0.006713426940280561,2.310150846107222e-106,1.0
1e-10,0.006813627340881763,2.310150846107222e-106,1.0
1e-10,0.006913827741482965,2.310150846107222e-106,1.0
1e-10,0.0070140281420841685,2.310150846107222e-106,1.0
1e-10,0.007114228542685371,2.310150846107222e-106,1.0
1e-10,0.007214428943286573,2.310150846107222e-106,1.0
1e-10,0.0073146293438877755,2.310150846107222e-106,1.0
1e-10,0.007414829744488978,2.310150846107222e-106,1.0
1e-10,0.00751503014509018,2.310150846107222e-106,1.0
1e-10,0.0076152305456913824,2.310150846107222e-106,1.0
1e-10,0.007715430946292585,2.310150846107222e-106,1.0
1e-10,0.007815631346893788,2.310150846107222e-106,1.0
1e-10,0.00791583174749499,2.310150846107222e-106,1.0
1e-10,0.008016032148096193,2.310150846107222e-106,1.0
1e-10,0.008116232548697394,2.310150846107222e-106,1.0
1e-10,0.008216432949298597,2.310150846107222e-106,1.0
1e-10,0.008316633349899799,2.310150846107222e-106,1.0
1e-10,0.008416833750501002,2.310150846107222e-106,1.0
1e-10,0.008517034151102203,2.310150846107222e-106,1.0
1e-10,0.008617234551703407,2.310150846107222e-106,1.0
1e-10,0.00871743495230461,2.310150846107222e-106,1.0
1e-10,0.008817635352905811,2.310150846107222e-106,1.0
1e-10,0.008917835753507014,2.310150846107222e-106,1.0
1e-10,0.009018036154108216,2.310150846107222e-106,1.0
1e-10,0.009118236554709419,2.310150846107222e-106,1.0
1e-10,0.00921843695531062,2.310150846107222e-106,1.0
1e-10,0.009318637355911824,2.310150846107222e-106,1.0
1e-10,0.009418837756513025,2.310150846107222e-106,1.0
1e-10,0.009519038157114228,2.310150846107222e-106,1.0
1e-10,0.00961923855771543,2.310150846107222e-106,1.0
1e-10,0.009719438958316633,2.310150846107222e-106,1.0
1e-10,0.009819639358917836,2.310150846107222e-106,1.0
1e-10,0.009919839759519038,2.310150846107222e-106,1.0
1e-10,0.010020040160120241,2.310150846107222e-106,1.0
1e-10,0.010120240560721442,2.310150846107222e-106,1.0
1e-10,0.010220440961322646,2.310150846107222e-106,1.0
1e-10,0.010320641361923847,2.310150846107222e-106,1.0
1e-10,0.01042084176252505,2.310150846107222e-106,1.0
1e-10,0.010521042163126252,2.310150846107222e-106,1.0
1e-10,0.010621242563727455,2.310150846107222e-106,1.0
1e-10,0.010721442964328658,2.310150846107222e-106,1.0
1e-10,0.01082164336492986,2.310150846107222e-106,1.0
1e-10,0.010921843765531063,2.310150846107222e-106,1.0
1e-10,0.011022044166132264,2.310150846107222e-106,1.0
1e-10,0.011122244566733467,2.310150846107222e-106,1.0
1e-10,0.011222444967334669,2.310150846107222e-106,1.0
1e-10,0.011322645367935872,2.310150846107222e-106,1.0
1e-10,0.011422845768537073,2.310150846107222e-106,1.0
1e-10,0.011523046169138277,2.310150846107222e-106,1.0
1e-10,0.011623246569739478,2.310150846107222e-106,1.0
1e-10,0.011723446970340681,2.310150846107222e-106,1.0
1e-10,0.011823647370941884,2.310150846107222e-106,1.0
1e-10,0.011923847771543086,2.310150846107222e-106,1.0
1e-10,0.012024048172144289,2.310150846107222e-106,1.0
1e-10,0.01212424857274549,2.310150846107222e-106,1.0
1e-10,0.012224448973346694,2.310150846107222e-106,1.0
1e-10,0.012324649373947895,2.310150846107222e-106,1.0
1e-10,0.012424849774549098,2.310150846107222e-106,1.0
1e-10,0.0125250501751503,2.310150846107222e-106,1.0
1e-10,0.012625250575751503,2.310150846107222e-106,1.0
1e-10,0.012725450976352705,2.310150846107222e-106,1.0
1e-10,0.012825651376953908,2.310150846107222e-106,1.0
1e-10,0.012925851777555111,2.310150846107222e-106,1.0
1e-10,0.013026052178156312,2.310150846107222e-106,1.0
1e-10,0.013126252578757516,2.310150846107222e-106,1.0
1e-10,0.013226452979358717,2.310150846107222e-106,1.0
1e-10,0.01332665337995992,2.310150846107222e-106,1.0
1e-10,0.013426853780561122,2.310150846107222e-106,1.0
1e-10,0.013527054181162325,2.310150846107222e-106,1.0
1e-10,0.013627254581763526,2.310150846107222e-106,1.0
1e-10,0.01372745498236473,2.310150846107222e-106,1.0
1e-10,0.013827655382965931,2.310150846107222e-106,1.0
1e-10,0.013927855783567134,2.310150846107222e-106,1.0
1e-10,0.014028056184168337,2.310150846107222e-106,1.0
1e-10,0.014128256584769539,2.310150846107222e-106,1.0
1e-10,0.014228456985370742,2.310150846107222e-106,1.0
1e-10,0.014328657385971943,2.310150846107222e-106,1.0
1e-10,0.014428857786573147,2.310150846107222e-106,1.0
1e-10,0.014529058187174348,2.310150846107222e-106,1.0
1e-10,0.014629258587775551,2.310150846107222e-106,1.0
1e-10,0.014729458988376753,2.310150846107222e-106,1.0
1e-10,0.014829659388977956,2.310150846107222e-106,1.0
1e-10,0.014929859789579157,2.310150846107222e-106,1.0
1e-10,0.01503006019018036,2.310150846107222e-106,1.0
1e-10,0.015130260590781564,2.310150846107222e-106,1.0
1e-10,0.015230460991382765,2.310150846107222e-106,1.0
1e-10,0.015330661391983968,2.310150846107222e-106,1.0
1e-10,0.01543086179258517,2.310150846107222e-106,1.0
1e-10,0.015531062193186373,2.310150846107222e-106,1.0
1e-10,0.015631262593787578,2.310150846107222e-106,1.0
1e-10,0.015731462994388778,2.310150846107222e-106,1.0
1e-10,0.01583166339498998,2.310150846107222e-106,1.0
1e-10,0.015931863795591184,2.310150846107222e-106,1.0
1e-10,0.016032064196192387,2.310150846107222e-106,1.0
1e-10,0.01613226459679359,2.310150846107222e-106,1.0
1e-10,0.01623246499739479,2.310150846107222e-106,1.0
1e-10,0.016332665397995993,2.310150846107222e-106,1.0
1e-10,0.016432865798597197,2.310150846107222e-106,1.0
1e-10,0.0165330661991984,2.310150846107222e-106,1.0
1e-10,0.0166332665997996,2.310150846107222e-106,1.0
1e-10,0.016733467000400803,2.310150846107222e-106,1.0
1e-10,0.016833667401002006,2.310150846107222e-106,1.0
1e-10,0.01693386780160321,2.310150846107222e-106,1.0
1e-10,0.01703406820220441,2.310150846107222e-106,1.0
1e-10,0.017134268602805612,2.310150846107222e-106,1.0
1e-10,0.017234469003406815,2.310150846107222e-106,1.0
1e-10,0.01733466940400802,2.310150846107222e-106,1.0
1e-10,0.01743486980460922,2.310150846107222e-106,1.0
1e-10,0.01753507020521042,2.310150846107222e-106,1.0
1e-10,0.017635270605811625,2.310150846107222e-106,1.0
1e-10,0.017735471006412828,2.310150846107222e-106,1.0
1e-10,0.01783567140701403,2.310150846107222e-106,1.0
1e-10,0.01793587180761523,2.310150846107222e-106,1.0
1e-10,0.018036072208216434,2.310150846107222e-106,1.0
1e-10,0.018136272608817637,2.310150846107222e-106,1.0
1e-10,0.01823647300941884,2.310150846107222e-106,1.0
1e-10,0.018336673410020043,2.310150846107222e-106,1.0
1e-10,0.018436873810621243,2.310150846107222e-106,1.0
1e-10,0.018537074211222446,2.310150846107222e-106,1.0
1e-10,0.01863727461182365,2.310150846107222e-106,1.0
1e-10,0.018737475012424853,2.310150846107222e-106,1.0
1e-10,0.018837675413026053,2.310150846107222e-106,1.0
1e-10,0.018937875813627256,2.310150846107222e-106,1.0
1e-10,0.01903807621422846,2.310150846107222e-106,1.0
1e-10,0.019138276614829662,2.310150846107222e-106,1.0
1e-10,0.019238477015430862,2.310150846107222e-106,1.0
1e-10,0.019338677416032065,2.310150846107222e-106,1.0
1e-10,0.019438877816633268,2.310150846107222e-106,1.0
1e-10,0.01953907821723447,2.310150846107222e-106,1.0
1e-10,0.019639278617835675,2.310150846107222e-106,1.0
1e-10,0.019739479018436874,2.310150846107222e-106,1.0
1e-10,0.019839679419038077,2.310150846107222e-106,1.0
1e-10,0.01993987981963928,2.310150846107222e-106,1.0
1e-10,0.020040080220240484,2.310150846107222e-106,1.0
1e-10,0.020140280620841684,2.310150846107222e-106,1.0
1e-10,0.020240481021442887,2.310150846107222e-106,1.0
1e-10,0.02034068142204409,2.310150846107222e-106,1.0
1e-10,0.020440881822645293,2.310150846107222e-106,1.0
1e-10,0.020541082223246496,2.310150846107222e-106,1.0
1e-10,0.020641282623847696,2.310150846107222e-106,1.0
1e-10,0.0207414830244489,2.310150846107222e-106,1.0
1e-10,0.020841683425050102,2.310150846107222e-106,1.0
1e-10,0.020941883825651306,2.310150846107222e-106,1.0
1e-10,0.021042084226252505,2.310150846107222e-106,1.0
1e-10,0.02114228462685371,2.310150846107222e-106,1.0
1e-10,0.021242485027454912,2.310150846107222e-106,1.0
1e-10,0.021342685428056115,2.310150846107222e-106,1.0
1e-10,0.021442885828657318,2.310150846107222e-106,1.0
1e-10,0.021543086229258518,2.310150846107222e-106,1.0
1e-10,0.02164328662985972,2.310150846107222e-106,1.0
1e-10,0.021743487030460924,2.310150846107222e-106,1.0
1e-10,0.021843687431062127,2.310150846107222e-106,1.0
1e-10,0.021943887831663327,2.310150846107222e-106,1.0
1e-10,0.02204408823226453,2.310150846107222e-106,1.0
1e-10,0.022144288632865734,2.310150846107222e-106,1.0
1e-10,0.022244489033466937,2.310150846107222e-106,1.0
1e-10,0.022344689434068137,2.310150846107222e-106,1.0
1e-10,0.02244488983466934,2.310150846107222e-106,1.0
1e-10,0.022545090235270543,2.310150846107222e-106,1.0
1e-10,0.022645290635871746,2.310150846107222e-106,1.0
1e-10,0.02274549103647295,2.310150846107222e-106,1.0
1e-10,0.02284569143707415,2.310150846107222e-106,1.0
1e-10,0.022945891837675352,2.310150846107222e-106,1.0
1e-10,0.023046092238276555,2.310150846107222e-106,1.0
1e-10,0.02314629263887776,2.310150846107222e-106,1.0
1e-10,0.02324649303947896,2.310150846107222e-106,1.0
1e-10,0.02334669344008016,2.310150846107222e-106,1.0
1e-10,0.023446893840681365,2.310150846107222e-106,1.0
1e-10,0.023547094241282568,2.310150846107222e-106,1.0
1e-10,0.02364729464188377,2.310150846107222e-106,1.0
1e-10,0.02374749504248497,2.310150846107222e-106,1.0
1e-10,0.023847695443086174,2.310150846107222e-106,1.0
1e-10,0.023947895843687377,2.310150846107222e-106,1.0
1e-10,0.02404809624428858,2.310150846107222e-106,1.0
1e-10,0.02414829664488978,2.310150846107222e-106,1.0
1e-10,0.024248497045490983,2.310150846107222e-106,1.0
1e-10,0.024348697446092187,2.310150846107222e-106,1.0
1e-10,0.02444889784669339,2.310150846107222e-106,1.0
1e-10,0.02454909824729459,2.310150846107222e-106,1.0
1e-10,0.024649298647895793,2.310150846107222e-106,1.0
1e-10,0.024749499048496996,2.310150846107222e-106,1.0
1e-10,0.0248496994490982,2.310150846107222e-106,1.0
1e-10,0.024949899849699402,2.310150846107222e-106,1.0
1e-10,0.025050100250300602,2.310150846107222e-106,1.0
1e-10,0.025150300650901805,2.310150846107222e-106,1.0
1e-10,0.02525050105150301,2.310150846107222e-106,1.0
1e-10,0.02535070145210421,2.310150846107222e-106,1.0
1e-10,0.02545090185270541,2.310150846107222e-106,1.0
1e-10,0.025551102253306614,2.310150846107222e-106,1.0
1e-10,0.025651302653907818,2.310150846107222e-106,1.0
1e-10,0.02575150305450902,2.310150846107222e-106,1.0
1e-10,0.025851703455110224,2.310150846107222e-106,1.0
1e-10,0.025951903855711424,2.310150846107222e-106,1.0
1e-10,0.026052104256312627,2.310150846107222e-106,1.0
1e-10,0.02615230465691383,2.310150846107222e-106,1.0
1e-10,0.026252505057515033,2.310150846107222e-106,1.0
1e-10,0.026352705458116233,2.310150846107222e-106,1.0
1e-10,0.026452905858717436,2.310150846107222e-106,1.0
1e-10,0.02655310625931864,2.310150846107222e-106,1.0
1e-10,0.026653306659919843,2.310150846107222e-106,1.0
1e-10,0.026753507060521046,2.310150846107222e-106,1.0
1e-10,0.026853707461122246,2.310150846107222e-106,1.0
1e-10,0.02695390786172345,2.310150846107222e-106,1.0
1e-10,0.027054108262324652,2.310150846107222e-106,1.0
1e-10,0.027154308662925855,2.310150846107222e-106,1.0
1e-10,0.027254509063527055,2.310150846107222e-106,1.0
1e-10,0.027354709464128258,2.310150846107222e-106,1.0
1e-10,0.02745490986472946,2.310150846107222e-106,1.0
1e-10,0.027555110265330664,2.310150846107222e-106,1.0
1e-10,0.027655310665931864,2.310150846107222e-106,1.0
1e-10,0.027755511066533067,2.310150846107222e-106,1.0
1e-10,0.02785571146713427,2.310150846107222e-106,1.0
1e-10,0.027955911867735474,2.310150846107222e-106,1.0
1e-10,0.028056112268336677,2.310150846107222e-106,1.0
1e-10,0.028156312668937877,2.310150846107222e-106,1.0
1e-10,0.02825651306953908,2.310150846107222e-106,1.0
1e-10,0.028356713470140283,2.310150846107222e-106,1.0
1e-10,0.028456913870741486,2.310150846107222e-106,1.0
1e-10,0.028557114271342686,2.310150846107222e-106,1.0
1e-10,0.02865731467194389,2.310150846107222e-106,1.0
1e-10,0.028757515072545092,2.310150846107222e-106,1.0
1e-10,0.028857715473146296,2.310150846107222e-106,1.0
1e-10,0.0289579158737475,2.310150846107222e-106,1.0
1e-10,0.0290581162743487,2.310150846107222e-106,1.0
1e-10,0.0291583166749499,2.310150846107222e-106,1.0
1e-10,0.029258517075551105,2.310150846107222e-106,1.0
1e-10,0.029358717476152308,2.310150846107222e-106,1.0
1e-10,0.029458917876753508,2.310150846107222e-106,1.0
1e-10,0.02955911827735471,2.310150846107222e-106,1.0
1e-10,0.029659318677955914,2.310150846107222e-106,1.0
1e-10,0.029759519078557117,2.310150846107222e-106,1.0
1e-10,0.029859719479158317,2.310150846107222e-106,1.0
1e-10,0.02995991987975952,2.310150846107222e-106,1.0
1e-10,0.030060120280360723,2.310150846107222e-106,1.0
1e-10,0.030160320680961927,2.310150846107222e-106,1.0
1e-10,0.03026052108156313,2.310150846107222e-106,1.0
1e-10,0.03036072148216433,2.310150846107222e-106,1.0
1e-10,0.030460921882765533,2.310150846107222e-106,1.0
1e-10,0.030561122283366736,2.310150846107222e-106,1.0
1e-10,0.03066132268396794,2.310150846107222e-106,1.0
1e-10,0.03076152308456914,2.310150846107222e-106,1.0
1e-10,0.030861723485170342,2.310150846107222e-106,1.0
1e-10,0.030961923885771545,2.310150846107222e-106,1.0
1e-10,0.03106212428637275,2.310150846107222e-106,1.0
1e-10,0.03116232468697395,2.310150846107222e-106,1.0
1e-10,0.031262525087575155,2.310150846107222e-106,1.0
1e-10,0.031362725488176355,2.310150846107222e-106,1.0
1e-10,0.031462925888777554,2.310150846107222e-106,1.0
1e-10,0.03156312628937876,2.310150846107222e-106,1.0
1e-10,0.03166332668997996,2.310150846107222e-106,1.0
1e-10,0.03176352709058117,2.310150846107222e-106,1.0
1e-10,0.03186372749118237,2.310150846107222e-106,1.0
1e-10,0.03196392789178357,2.310150846107222e-106,1.0
1e-10,0.03206412829238477,2.310150846107222e-106,1.0
1e-10,0.03216432869298597,2.310150846107222e-106,1.0
1e-10,0.03226452909358718,2.310150846107222e-106,1.0
1e-10,0.03236472949418838,2.310150846107222e-106,1.0
1e-10,0.03246492989478958,2.310150846107222e-106,1.0
1e-10,0.032565130295390786,2.310150846107222e-106,1.0
1e-10,0.032665330695991986,2.310150846107222e-106,1.0
1e-10,0.032765531096593185,2.310150846107222e-106,1.0
1e-10,0.03286573149719439,2.310150846107222e-106,1.0
1e-10,0.03296593189779559,2.310150846107222e-106,1.0
1e-10,0.0330661322983968,2.310150846107222e-106,1.0
1e-10,0.033166332698998,2.310150846107222e-106,1.0
1e-10,0.0332665330995992,2.310150846107222e-106,1.0
1e-10,0.033366733500200405,2.310150846107222e-106,1.0
1e-10,0.033466933900801604,2.310150846107222e-106,1.0
1e-10,0.03356713430140281,2.310150846107222e-106,1.0
1e-10,0.03366733470200401,2.310150846107222e-106,1.0
1e-10,0.03376753510260521,2.310150846107222e-106,1.0
1e-10,0.03386773550320642,2.310150846107222e-106,1.0
1e-10,0.03396793590380762,2.310150846107222e-106,1.0
1e-10,0.034068136304408816,2.310150846107222e-106,1.0
1e-10,0.03416833670501002,2.310150846107222e-106,1.0
1e-10,0.03426853710561122,2.310150846107222e-106,1.0
1e-10,0.03436873750621243,2.310150846107222e-106,1.0
1e-10,0.03446893790681363,2.310150846107222e-106,1.0
1e-10,0.03456913830741483,2.310150846107222e-106,1.0
1e-10,0.034669338708016036,2.310150846107222e-106,1.0
1e-10,0.034769539108617235,2.310150846107222e-106,1.0
1e-10,0.03486973950921844,2.310150846107222e-106,1.0
1e-10,0.03496993990981964,2.310150846107222e-106,1.0
1e-10,0.03507014031042084,2.310150846107222e-106,1.0
1e-10,0.03517034071102205,2.310150846107222e-106,1.0
1e-10,0.03527054111162325,2.310150846107222e-106,1.0
1e-10,0.035370741512224455,2.310150846107222e-106,1.0
1e-10,0.035470941912825654,2.310150846107222e-106,1.0
1e-10,0.035571142313426854,2.310150846107222e-106,1.0
1e-10,0.03567134271402806,2.310150846107222e-106,1.0
1e-10,0.03577154311462926,2.310150846107222e-106,1.0
1e-10,0.03587174351523046,2.310150846107222e-106,1.0
1e-10,0.03597194391583167,2.310150846107222e-106,1.0
1e-10,0.036072144316432866,2.310150846107222e-106,1.0
1e-10,0.03617234471703407,2.310150846107222e-106,1.0
1e-10,0.03627254511763527,2.310150846107222e-106,1.0
1e-10,0.03637274551823647,2.310150846107222e-106,1.0
1e-10,0.03647294591883768,2.310150846107222e-106,1.0
1e-10,0.03657314631943888,2.310150846107222e-106,1.0
1e-10,0.036673346720040086,2.310150846107222e-106,1.0
1e-10,0.036773547120641285,2.310150846107222e-106,1.0
1e-10,0.036873747521242485,2.310150846107222e-106,1.0
1e-10,0.03697394792184369,2.310150846107222e-106,1.0
1e-10,0.03707414832244489,2.310150846107222e-106,1.0
1e-10,0.03717434872304609,2.310150846107222e-106,1.0
1e-10,0.0372745491236473,2.310150846107222e-106,1.0
1e-10,0.0373747495242485,2.310150846107222e-106,1.0
1e-10,0.037474949924849704,2.310150846107222e-106,1.0
1e-10,0.037575150325450904,2.310150846107222e-106,1.0
1e-10,0.037675350726052104,2.310150846107222e-106,1.0
1e-10,0.03777555112665331,2.310150846107222e-106,1.0
1e-10,0.03787575152725451,2.310150846107222e-106,1.0
1e-10,0.03797595192785572,2.310150846107222e-106,1.0
1e-10,0.038076152328456916,2.310150846107222e-106,1.0
1e-10,0.038176352729058116,2.310150846107222e-106,1.0
1e-10,0.03827655312965932,2.310150846107222e-106,1.0
1e-10,0.03837675353026052,2.310150846107222e-106,1.0
1e-10,0.03847695393086172,2.310150846107222e-106,1.0
1e-10,0.03857715433146293,2.310150846107222e-106,1.0
1e-10,0.03867735473206413,2.310150846107222e-106,1.0
1e-10,0.038777555132665335,2.310150846107222e-106,1.0
1e-10,0.038877755533266535,2.310150846107222e-106,1.0
1e-10,0.038977955933867735,2.310150846107222e-106,1.0
1e-10,0.03907815633446894,2.310150846107222e-106,1.0
1e-10,0.03917835673507014,2.310150846107222e-106,1.0
1e-10,0.03927855713567135,2.310150846107222e-106,1.0
1e-10,0.03937875753627255,2.310150846107222e-106,1.0
1e-10,0.03947895793687375,2.310150846107222e-106,1.0
1e-10,0.039579158337474954,2.310150846107222e-106,1.0
1e-10,0.039679358738076154,2.310150846107222e-106,1.0
1e-10,0.03977955913867736,2.310150846107222e-106,1.0
1e-10,0.03987975953927856,2.310150846107222e-106,1.0
1e-10,0.03997995993987976,2.310150846107222e-106,1.0
1e-10,0.040080160340480966,2.310150846107222e-106,1.0
1e-10,0.040180360741082166,2.310150846107222e-106,1.0
1e-10,0.040280561141683366,2.310150846107222e-106,1.0
1e-10,0.04038076154228457,2.310150846107222e-106,1.0
1e-10,0.04048096194288577,2.310150846107222e-106,1.0
1e-10,0.04058116234348698,2.310150846107222e-106,1.0
1e-10,0.04068136274408818,2.310150846107222e-106,1.0
1e-10,0.04078156314468938,2.310150846107222e-106,1.0
1e-10,0.040881763545290585,2.310150846107222e-106,1.0
1e-10,0.040981963945891785,2.310150846107222e-106,1.0
1e-10,0.04108216434649299,2.310150846107222e-106,1.0
1e-10,0.04118236474709419,2.310150846107222e-106,1.0
1e-10,0.04128256514769539,2.310150846107222e-106,1.0
1e-10,0.0413827655482966,2.310150846107222e-106,1.0
1e-10,0.0414829659488978,2.310150846107222e-106,1.0
1e-10,0.041583166349499,2.310150846107222e-106,1.0
1e-10,0.041683366750100204,2.310150846107222e-106,1.0
1e-10,0.0417835671507014,2.310150846107222e-106,1.0
1e-10,0.04188376755130261,2.310150846107222e-106,1.0
1e-10,0.04198396795190381,2.310150846107222e-106,1.0
1e-10,0.04208416835250501,2.310150846107222e-106,1.0
1e-10,0.042184368753106216,2.310150846107222e-106,1.0
1e-10,0.042284569153707416,2.310150846107222e-106,1.0
1e-10,0.04238476955430862,2.310150846107222e-106,1.0
1e-10,0.04248496995490982,2.310150846107222e-106,1.0
1e-10,0.04258517035551102,2.310150846107222e-106,1.0
1e-10,0.04268537075611223,2.310150846107222e-106,1.0
1e-10,0.04278557115671343,2.310150846107222e-106,1.0
1e-10,0.042885771557314635,2.310150846107222e-106,1.0
1e-10,0.042985971957915835,2.310150846107222e-106,1.0
1e-10,0.043086172358517034,2.310150846107222e-106,1.0
1e-10,0.04318637275911824,2.310150846107222e-106,1.0
1e-10,0.04328657315971944,2.310150846107222e-106,1.0
1e-10,0.04338677356032064,2.310150846107222e-106,1.0
1e-10,0.04348697396092185,2.310150846107222e-106,1.0
1e-10,0.04358717436152305,2.310150846107222e-106,1.0
1e-10,0.043687374762124254,2.310150846107222e-106,1.0
1e-10,0.04378757516272545,2.310150846107222e-106,1.0
1e-10,0.04388777556332665,2.310150846107222e-106,1.0
1e-10,0.04398797596392786,2.310150846107222e-106,1.0
1e-10,0.04408817636452906,2.310150846107222e-106,1.0
1e-10,0.044188376765130266,2.310150846107222e-106,1.0
1e-10,0.044288577165731466,2.310150846107222e-106,1.0
1e-10,0.044388777566332666,2.310150846107222e-106,1.0
1e-10,0.04448897796693387,2.310150846107222e-106,1.0
1e-10,0.04458917836753507,2.310150846107222e-106,1.0
1e-10,0.04468937876813627,2.310150846107222e-106,1.0
1e-10,0.04478957916873748,2.310150846107222e-106,1.0
1e-10,0.04488977956933868,2.310150846107222e-106,1.0
1e-10,0.044989979969939885,2.310150846107222e-106,1.0
1e-10,0.045090180370541084,2.310150846107222e-106,1.0
1e-10,0.045190380771142284,2.310150846107222e-106,1.0
1e-10,0.04529058117174349,2.310150846107222e-106,1.0
1e-10,0.04539078157234469,2.310150846107222e-106,1.0
1e-10,0.0454909819729459,2.310150846107222e-106,1.0
1e-10,0.0455911823735471,2.310150846107222e-106,1.0
1e-10,0.0456913827741483,2.310150846107222e-106,1.0
1e-10,0.0457915831747495,2.310150846107222e-106,1.0
1e-10,0.0458917835753507,2.310150846107222e-106,1.0
1e-10,0.04599198397595191,2.310150846107222e-106,1.0
1e-10,0.04609218437655311,2.310150846107222e-106,1.0
1e-10,0.04619238477715431,2.310150846107222e-106,1.0
1e-10,0.046292585177755516,2.310150846107222e-106,1.0
1e-10,0.046392785578356716,2.310150846107222e-106,1.0
1e-10,0.046492985978957915,2.310150846107222e-106,1.0
1e-10,0.04659318637955912,2.310150846107222e-106,1.0
1e-10,0.04669338678016032,2.310150846107222e-106,1.0
1e-10,0.04679358718076153,2.310150846107222e-106,1.0
1e-10,0.04689378758136273,2.310150846107222e-106,1.0
1e-10,0.04699398798196393,2.310150846107222e-106,1.0
1e-10,0.047094188382565134,2.310150846107222e-106,1.0
1e-10,0.047194388783166334,2.310150846107222e-106,1.0
1e-10,0.04729458918376754,2.310150846107222e-106,1.0
1e-10,0.04739478958436874,2.310150846107222e-106,1.0
1e-10,0.04749498998496994,2.310150846107222e-106,1.0
1e-10,0.04759519038557115,2.310150846107222e-106,1.0
1e-10,0.04769539078617235,2.310150846107222e-106,1.0
1e-10,0.047795591186773546,2.310150846107222e-106,1.0
1e-10,0.04789579158737475,2.310150846107222e-106,1.0
1e-10,0.04799599198797595,2.310150846107222e-106,1.0
1e-10,0.04809619238857716,2.310150846107222e-106,1.0
1e-10,0.04819639278917836,2.310150846107222e-106,1.0
1e-10,0.04829659318977956,2.310150846107222e-106,1.0
1e-10,0.048396793590380766,2.310150846107222e-106,1.0
1e-10,0.048496993990981965,2.310150846107222e-106,1.0
1e-10,0.04859719439158317,2.310150846107222e-106,1.0
1e-10,0.04869739479218437,2.310150846107222e-106,1.0
1e-10,0.04879759519278557,2.310150846107222e-106,1.0
1e-10,0.04889779559338678,2.310150846107222e-106,1.0
1e-10,0.04899799599398798,2.310150846107222e-106,1.0
1e-10,0.04909819639458918,2.310150846107222e-106,1.0
1e-10,0.049198396795190384,2.310150846107222e-106,1.0
1e-10,0.049298597195791584,2.310150846107222e-106,1.0
1e-10,0.04939879759639279,2.310150846107222e-106,1.0
1e-10,0.04949899799699399,2.310150846107222e-106,1.0
1e-10,0.04959919839759519,2.310150846107222e-106,1.0
1e-10,0.0496993987981964,2.310150846107222e-106,1.0
1e-10,0.049799599198797596,2.310150846107222e-106,1.0
1e-10,0.0498997995993988,2.310150846107222e-106,1.0
1e-10,0.05,2.310150846107222e-106,1.0
9.77882442785571e-05,1e-10,3.764873419568481e-106,1.0
0.00019557638855711423,1e-10,6.135896010763205e-106,1.0
0.0002933645328356713,1e-10,9.993639290549273e-106,1.0
0.00039115267711422843,1e-10,1.6317296603313646e-105,1.0
0.0004889408213927856,1e-10,2.658962687850056e-105,1.0
0.0005867289656713427,1e-10,4.337221334295593e-105,1.0
0.0006845171099498998,1e-10,7.064409476262392e-105,1.0
0.0007823052542284569,1e-10,1.1511330423850471e-104,1.0
0.000880093398507014,1e-10,1.877097885774569e-104,1.0
0.0009778815427855712,1e-10,3.06698653052433e-104,1.0
0.0009778815427855712,0.0001002005006012024,3.489847999328972e-104,1.0
0.0010756696870641283,1e-10,4.991411525322773e-104,1.0
0.0010756696870641283,0.0001002005006012024,2.863542335302668e-103,1.0
0.0011734578313426854,1e-10,8.143097929624062e-104,1.0
0.0011734578313426854,0.0001002005006012024,7.59228665577912e-104,1.0
0.0012712459756212425,1e-10,1.3274966338833634e-103,1.0
0.0012712459756212425,0.0001002005006012024,9.055785433789019e-104,1.0
0.0013690341198997996,1e-10,2.1653349612351188e-103,1.0
0.0013690341198997996,0.0001002005006012024,9.02489884651636e-104,1.0
0.0014668222641783567,1e-10,3.5315994229446707e-103,1.0
0.0014668222641783567,0.0001002005006012024,1.1038662977174715e-102,1.0
0.0015646104084569138,1e-10,5.764691772928512e-103,1.0
0.0015646104084569138,0.0001002005006012024,2.390460734067313e-103,1.0
0.001662398552735471,1e-10,9.387904416620677e-103,1.0
0.001662398552735471,0.0001002005006012024,2.8772873427513464e-103,1.0
0.001760186697014028,1e-10,1.5316157465561992e-102,1.0
0.001760186697014028,0.0001002005006012024,2.1204607686704e-102,1.0
0.0018579748412925852,1e-10,2.501898094674697e-102,1.0
0.0018579748412925852,0.0001002005006012024,9.0465689370568e-102,1.0
0.0019557629855711423,1e-10,4.0796802287131495e-102,1.0
0.0019557629855711423,0.0001002005006012024,4.609023735795539e-102,1.0
0.0020535511298496994,1e-10,6.652554778964773e-102,0.9999999999999999
0.0020535511298496994,0.0001002005006012024,1.8775452761908288e-102,1.0
0.0020535511298496994,0.00020040090120240482,3.460801629150851e-102,1.0
0.0021513392741282565,1e-10,1.0857722481311023e-101,1.0
0.0021513392741282565,0.0001002005006012024,8.735207967660301e-102,1.0
0.0021513392741282565,0.00020040090120240482,2.0981067759593858e-101,1.0
0.0022491274184068136,1e-10,1.7714504696994315e-101,0.9999999999999999
0.0022491274184068136,0.0001002005006012024,1.5245686981207254e-101,1.0
0.0022491274184068136,0.00020040090120240482,3.019000891833376e-101,1.0
0.0023469155626853707,1e-10,2.887967336092483e-101,1.0
0.0023469155626853707,0.0001002005006012024,2.4180890560853586e-101,1.0
0.0023469155626853707,0.00020040090120240482,4.721275347634683e-101,1.0
0.002444703706963928,1e-10,4.713510951171753e-101,1.0
0.002444703706963928,0.0001002005006012024,6.800669241115035e-101,1.0
0.002444703706963928,0.00020040090120240482,2.9950988273460297e-101,1.0
0.002542491851242485,1e-10,7.686755603965423e-101,1.0
0.002542491851242485,0.0001002005006012024,7.443747184492669e-101,1.0
0.002542491851242485,0.00020040090120240482,1.5592936647689925e-101,1.0
0.002640279995521042,1e-10,1.2577889286863887e-100,0.9999999999999999
0.002640279995521042,0.0001002005006012024,1.3845391519566977e-100,1.0
0.002640279995521042,0.00020040090120240482,9.491299285385864e-100,1.0
0.002738068139799599,1e-10,2.0511078109462178e-100,0.9999999999999999
0.002738068139799599,0.0001002005006012024,6.724756520946273e-100,1.0
0.002738068139799599,0.00020040090120240482,8.588221717986519e-100,0.9999999999999999
0.0028358562840781563,1e-10,3.3443414575419856e-100,1.0
0.0028358562840781563,0.0001002005006012024,1.0256073613221543e-100,1.0
0.0028358562840781563,0.00020040090120240482,2.9068441260741445e-99,1.0
0.0029336444283567134,1e-10,5.455084743411345e-100,1.0
0.0029336444283567134,0.0001002005006012024,8.340263228286958e-100,1.0
0.0029336444283567134,0.00020040090120240482,4.431101896007386e-100,1.0
0.0030314325726352705,1e-10,8.906302895394315e-100,1.0
0.0030314325726352705,0.0001002005006012024,7.748605019836341e-100,1.0
0.0030314325726352705,0.00020040090120240482,6.094554686711162e-100,1.0
0.0031292207169138276,1e-10,1.4515982039969756e-99,1.0
0.0031292207169138276,0.0001002005006012024,7.229618754223474e-100,1.0
0.0031292207169138276,0.00020040090120240482,6.2725413893969556e-99,1.0
0.0031292207169138276,0.0003006013018036072,2.1946170266527755e-99,1.0
0.0032270088611923847,1e-10,2.3723569341431237e-99,1.0
0.0032270088611923847,0.0001002005006012024,4.1646014581497204e-99,1.0
0.0032270088611923847,0.00020040090120240482,6.855928065616643e-100,0.9999999999999999
0.0032270088611923847,0.0003006013018036072,7.1407938766896476e-99,1.0
0.003324797005470942,1e-10,3.873590409657305e-99,1.0
0.003324797005470942,0.0001002005006012024,1.0602322714104614e-99,1.0
0.003324797005470942,0.00020040090120240482,5.9043785610756725e-99,1.0
0.003324797005470942,0.0003006013018036072,4.133825659621443e-100,1.0
0.003422585149749499,1e-10,6.321310693135611e-99,1.0
0.003422585149749499,0.0001002005006012024,3.6360342464412413e-99,1.0
0.003422585149749499,0.00020040090120240482,1.0290250007357432e-98,1.0
0.003422585149749499,0.0003006013018036072,7.0136271653306604e-99,1.0
0.003520373294028056,1e-10,1.0333077169727292e-98,1.0
0.003520373294028056,0.0001002005006012024,6.941169248575907e-99,1.0
0.003520373294028056,0.00020040090120240482,1.805710125448144e-97,1.0
0.003520373294028056,0.0003006013018036072,1.5058162247612366e-98,1.0
0.003618161438306613,1e-10,1.6841937325160145e-98,1.0
0.003618161438306613,0.0001002005006012024,8.7545878963228e-98,1.0
0.003618161438306613,0.00020040090120240482,2.9917171449512376e-98,1.0
0.003618161438306613,0.0003006013018036072,5.813536299716772e-98,1.0
0.0037159495825851703,1e-10,2.7489253746197254e-98,0.9999999999999999
0.0037159495825851703,0.0001002005006012024,2.684080566760847e-98,1.0
0.0037159495825851703,0.00020040090120240482,5.737002458506006e-98,1.0
0.0037159495825851703,0.0003006013018036072,4.2512670216747787e-97,1.0
0.0038137377268637274,1e-10,4.4948809565343806e-98,0.9999999999999999
0.0038137377268637274,0.0001002005006012024,6.697431168664907e-98,1.0
0.0038137377268637274,0.00020040090120240482,1.4848450138044113e-97,1.0
0.0038137377268637274,0.0003006013018036072,2.36978076464793e-97,1.0
0.003911525871142284,1e-10,7.334615371510596e-98,1.0
0.003911525871142284,0.0001002005006012024,4.8255281653004715e-98,1.0
0.003911525871142284,0.00020040090120240482,1.2312691042612098e-97,0.9999999999999999
0.003911525871142284,0.0003006013018036072,2.1155957969462056e-97,1.0
0.004009314015420842,1e-10,1.197422395699225e-97,1.0
0.004009314015420842,0.0001002005006012024,3.0674397327553677e-97,1.0
0.004009314015420842,0.00020040090120240482,2.6847083075815115e-98,1.0
0.004009314015420842,0.0003006013018036072,5.5934756778090293e-98,1.0
0.004107102159699398,1e-10,1.9557673554444027e-97,1.0
0.004107102159699398,0.0001002005006012024,5.670505803967021e-97,1.0
0.004107102159699398,0.00020040090120240482,1.3560313728157412e-97,1.0
0.004107102159699398,0.0003006013018036072,6.503484370573006e-97,1.0
0.004204890303977955,1e-10,3.2007449990122414e-97,1.0
0.004204890303977955,0.0001002005006012024,1.7052925034223053e-97,1.0
0.004204890303977955,0.00020040090120240482,4.0890218360625044e-98,1.0
0.004204890303977955,0.0003006013018036072,4.808890447510629e-97,1.0
0.0043026784482565125,1e-10,5.217746517790411e-97,1.0
0.0043026784482565125,0.0001002005006012024,2.4275632242242e-97,1.0
0.0043026784482565125,0.00020040090120240482,6.269481269508806e-97,1.0
0.0043026784482565125,0.0003006013018036072,2.9291196419682724e-97,1.0
0.0043026784482565125,0.0004008017024048096,2.341333384938787e-97,1.0
0.00440046659253507,1e-10,8.522158152929709e-97,1.0
0.00440046659253507,0.0001002005006012024,8.972593228139242e-97,1.0
0.00440046659253507,0.00020040090120240482,1.9509808239434283e-96,1.0
0.00440046659253507,0.0003006013018036072,4.880656683713445e-96,1.0
0.00440046659253507,0.0004008017024048096,4.193712009750453e-95,1.0
0.004498254736813627,1e-10,1.3900657811911435e-96,1.0
0.004498254736813627,0.0001002005006012024,1.7977931504886704e-96,1.0
0.004498254736813627,0.00020040090120240482,2.2840458059372595e-96,0.9999999999999999
0.004498254736813627,0.0003006013018036072,3.3252155213485656e-96,1.0
0.004498254736813627,0.0004008017024048096,3.1105942340310983e-96,1.0
0.004596042881092183,1e-10,2.27214364528934e-96,1.0
0.004596042881092183,0.0001002005006012024,8.230045993693484e-97,1.0
0.004596042881092183,0.00020040090120240482,1.5816869721483092e-96,1.0
0.004596042881092183,0.0003006013018036072,6.039585924697739e-96,1.0
0.004596042881092183,0.0004008017024048096,1.5991812650825362e-95,1.0
0.004693831025370741,1e-10,3.711541253230546e-96,1.0
0.004693831025370741,0.0001002005006012024,8.009200643656722e-96,1.0
0.004693831025370741,0.00020040090120240482,1.4218112791340202e-95,1.0
0.004693831025370741,0.0003006013018036072,1.5002464358820105e-95,1.0
0.004693831025370741,0.0004008017024048096,1.914348192374912e-96,1.0
0.0047916191696492985,1e-10,6.066371869655103e-96,1.0
0.0047916191696492985,0.0001002005006012024,2.2702286713844745e-95,1.0
0.0047916191696492985,0.00020040090120240482,7.187045267190954e-96,1.0
0.0047916191696492985,0.0003006013018036072,1.1165712162768105e-95,1.0
0.0047916191696492985,0.0004008017024048096,6.920083946935708e-96,1.0
0.004889407313927855,1e-10,9.90967236655069e-96,1.0
0.004889407313927855,0.0001002005006012024,2.0486878140971283e-95,1.0
0.004889407313927855,0.00020040090120240482,3.397507078247639e-94,1.0
0.004889407313927855,0.0003006013018036072,3.1990322801997628e-96,1.0
0.004889407313927855,0.0004008017024048096,4.246524162412181e-95,1.0
0.004987195458206412,1e-10,1.6200469287083922e-95,1.0
0.004987195458206412,0.0001002005006012024,6.954248762780846e-95,1.0
0.004987195458206412,0.00020040090120240482,1.3408416724150075e-95,1.0
0.004987195458206412,0.0003006013018036072,3.9499355776260066e-95,1.0
0.004987195458206412,0.0004008017024048096,2.111288144299656e-95,0.9999999999999999
0.005084983602484969,1e-10,2.6471008531902987e-95,1.0
0.005084983602484969,0.0001002005006012024,3.114596675238572e-95,0.9999999999999999
0.005084983602484969,0.00020040090120240482,5.947308185645915e-95,1.0
0.005084983602484969,0.0003006013018036072,7.807335826403796e-95,1.0
0.005084983602484969,0.0004008017024048096,6.588895655995535e-95,1.0
0.005182771746763527,1e-10,4.3263842180924355e-95,1.0
0.005182771746763527,0.0001002005006012024,5.365536329833072e-95,1.0
0.005182771746763527,0.00020040090120240482,5.148388507748733e-95,1.0
0.005182771746763527,0.0003006013018036072,7.732127603354817e-95,1.0
0.005182771746763527,0.0004008017024048096,3.7972763270688615e-95,1.0
0.005280559891042084,1e-10,7.060585950661503e-95,1.0
0.005280559891042084,0.0001002005006012024,1.5473968452350116e-94,1.0
0.005280559891042084,0.00020040090120240482,1.6199456271850993e-95,1.0
0.005280559891042084,0.0003006013018036072,1.6926129301120294e-94,1.0
0.005280559891042084,0.0004008017024048096,9.054595581681533e-95,1.0
0.00537834803532064,1e-10,1.1522771806697834e-94,1.0
0.00537834803532064,0.0001002005006012024,5.9378347222557207e-95,1.0
0.00537834803532064,0.00020040090120240482,1.8314850271679896e-94,1.0
0.00537834803532064,0.0003006013018036072,2.902220001975205e-94,1.0
0.00537834803532064,0.0004008017024048096,2.1358828963210684e-94,1.0
0.005476136179599198,1e-10,1.8846200300974992e-94,1.0
0.005476136179599198,0.0001002005006012024,2.1883801615482533e-94,1.0
0.005476136179599198,0.00020040090120240482,3.901158563733956e-94,1.0
0.005476136179599198,0.0003006013018036072,6.904411092354078e-95,1.0
0.005476136179599198,0.0004008017024048096,2.4215935044721382e-95,1.0
0.005573924323877755,1e-10,3.076882603624683e-94,1.0
0.005573924323877755,0.0001002005006012024,4.2869002602792073e-94,1.0
0.005573924323877755,0.00020040090120240482,2.9267524958662634e-93,1.0
0.005573924323877755,0.0003006013018036072,3.202191552176261e-94,1.0
0.005573924323877755,0.0004008017024048096,7.020531828970596e-94,1.0
0.005573924323877755,0.0005010021030060121,6.688152619384011e-94,1.0
0.005671712468156312,1e-10,5.03733075403815e-94,1.0
0.005671712468156312,0.0001002005006012024,9.049384308725101e-94,1.0
0.005671712468156312,0.00020040090120240482,8.604158787063979e-94,1.0
0.005671712468156312,0.0003006013018036072,4.259299700916254e-95,1.0
0.005671712468156312,0.0004008017024048096,6.51229118821351e-95,1.0
0.005671712468156312,0.0005010021030060121,2.319925828528927e-92,1.0
0.005769500612434869,1e-10,8.226876625218375e-94,1.0
0.005769500612434869,0.0001002005006012024,2.9102124218382066e-93,1.0
0.005769500612434869,0.00020040090120240482,5.7176474987808556e-93,1.0
0.005769500612434869,0.0003006013018036072,6.780309455744257e-94,1.0
0.005769500612434869,0.0004008017024048096,1.8725009358318946e-94,1.0
0.005769500612434869,0.0005010021030060121,4.661842732199052e-93,1.0
0.005867288756713426,1e-10,1.3445719707141914e-93,1.0
0.005867288756713426,0.0001002005006012024,1.16675039649172e-93,1.0
0.005867288756713426,0.00020040090120240482,3.0709056021500253e-93,1.0
0.005867288756713426,0.0003006013018036072,6.647464281622203e-94,1.0
0.005867288756713426,0.0004008017024048096,2.477865314258224e-92,1.0
0.005867288756713426,0.0005010021030060121,5.756250063956634e-93,1.0
0.005965076900991984,1e-10,2.2028499767742697e-93,1.0
0.005965076900991984,0.0001002005006012024,2.822459900418385e-93,1.0
0.005965076900991984,0.00020040090120240482,8.949753575627661e-94,1.0
0.005965076900991984,0.0003006013018036072,3.7731125795123267e-93,1.0
0.005965076900991984,0.0004008017024048096,4.511169258379309e-92,1.0
0.005965076900991984,0.0005010021030060121,6.12869164519579e-92,1.0
0.0060628650452705405,1e-10,3.5889687862439714e-93,1.0
0.0060628650452705405,0.0001002005006012024,4.844850023742598e-93,1.0
0.0060628650452705405,0.00020040090120240482,1.5446946223432801e-93,1.0
0.0060628650452705405,0.0003006013018036072,7.589631319831638e-94,1.0
0.0060628650452705405,0.0004008017024048096,1.8546788133569083e-92,1.0
0.0060628650452705405,0.0005010021030060121,3.251329334595026e-92,1.0
0.006160653189549097,1e-10,5.871857936176037e-93,0.9999999999999999
0.006160653189549097,0.0001002005006012024,9.29704420295336e-93,1.0
0.006160653189549097,0.00020040090120240482,9.594456066308663e-93,1.0
0.006160653189549097,0.0003006013018036072,2.1403673062237928e-92,1.0
0.006160653189549097,0.0004008017024048096,3.266999561482804e-92,1.0
0.006160653189549097,0.0005010021030060121,8.53893906050503e-93,1.0
0.006258441333827655,1e-10,9.609685118358103e-93,1.0
0.006258441333827655,0.0001002005006012024,1.7325281000710693e-92,1.0
0.006258441333827655,0.00020040090120240482,1.08711833980908e-92,1.0
0.006258441333827655,0.0003006013018036072,4.0056512366120185e-92,1.0
0.006258441333827655,0.0004008017024048096,1.927502029573755e-91,1.0
0.006258441333827655,0.0005010021030060121,2.3462022237712956e-92,0.9999999999999999
0.006356229478106212,1e-10,1.571348069743668e-92,1.0
0.006356229478106212,0.0001002005006012024,3.256036554272823e-92,1.0
0.006356229478106212,0.00020040090120240482,4.1647023812461486e-92,1.0
0.006356229478106212,0.0003006013018036072,5.9267624106419875e-92,1.0
0.006356229478106212,0.0004008017024048096,2.1103220383876323e-92,1.0
0.006356229478106212,0.0005010021030060121,4.3720090508253483e-91,1.0
0.006454017622384769,1e-10,2.5686057816392663e-92,1.0
0.006454017622384769,0.0001002005006012024,5.79572299672732e-92,1.0
0.006454017622384769,0.00020040090120240482,1.0771669858814518e-91,1.0
0.006454017622384769,0.0003006013018036072,5.630553822521924e-91,1.0
0.006454017622384769,0.0004008017024048096,4.728806321565385e-92,1.0
0.006454017622384769,0.0005010021030060121,1.5901498067407078e-92,1.0
0.006551805766663326,1e-10,4.195661661115194e-92,1.0
0.006551805766663326,0.0001002005006012024,2.4348121698520342e-92,1.0
0.006551805766663326,0.00020040090120240482,2.5832313813409464e-91,1.0
0.006551805766663326,0.0003006013018036072,7.326200514625908e-92,1.0
0.006551805766663326,0.0004008017024048096,2.635801844946562e-90,1.0
0.006551805766663326,0.0005010021030060121,4.202716535077623e-90,1.0
0.006649593910941883,1e-10,6.861005679087578e-92,1.0
0.006649593910941883,0.0001002005006012024,6.930064273573571e-92,1.0
0.006649593910941883,0.00020040090120240482,2.074660265484315e-91,1.0
0.006649593910941883,0.0003006013018036072,9.518787114172293e-91,0.9999999999999999
0.006649593910941883,0.0004008017024048096,8.49410135693942e-92,1.0
0.006649593910941883,0.0005010021030060121,2.0065412647614477e-90,1.0
0.006747382055220441,1e-10,1.123653684001915e-91,1.0
0.006747382055220441,0.0001002005006012024,8.328474510472326e-92,1.0
0.006747382055220441,0.00020040090120240482,4.829457445286775e-91,1.0
0.006747382055220441,0.0003006013018036072,6.426883299225747e-91,1.0
0.006747382055220441,0.0004008017024048096,3.0675171199603137e-92,1.0
0.006747382055220441,0.0005010021030060121,1.57434709155772e-91,1.0
0.006845170199498997,1e-10,1.833921542928759e-91,1.0
0.006845170199498997,0.0001002005006012024,1.1169483478964852e-91,1.0
0.006845170199498997,0.00020040090120240482,2.3390644288207654e-91,1.0
0.006845170199498997,0.0003006013018036072,1.019244551447655e-90,1.0
0.006845170199498997,0.0004008017024048096,8.722990158090246e-91,1.0
0.006845170199498997,0.0005010021030060121,2.264992342758381e-90,1.0
0.006845170199498997,0.0006012025036072144,5.213150213804406e-90,1.0
0.006942958343777554,1e-10,3.0015092227945606e-91,1.0
0.006942958343777554,0.0001002005006012024,2.7112271682265584e-91,1.0
0.006942958343777554,0.00020040090120240482,2.617940542717824e-91,1.0
0.006942958343777554,0.0003006013018036072,4.6378464595243386e-91,1.0
0.006942958343777554,0.0004008017024048096,7.155995114002289e-90,1.0
0.006942958343777554,0.0005010021030060121,1.1676975668928856e-90,1.0
0.006942958343777554,0.0006012025036072144,1.528505642378574e-90,1.0
0.007040746488056112,1e-10,4.915625118577063e-91,1.0
0.007040746488056112,0.0001002005006012024,2.9409016451235946e-91,1.0
0.007040746488056112,0.00020040090120240482,3.2926204121112545e-90,1.0
0.007040746488056112,0.0003006013018036072,9.747452732211908e-91,1.0
0.007040746488056112,0.0004008017024048096,3.373756748249814e-91,0.9999999999999999
0.007040746488056112,0.0005010021030060121,8.594712867582685e-91,1.0
0.007040746488056112,0.0006012025036072144,1.8631029762811953e-91,1.0
0.007138534632334669,1e-10,8.028309634358089e-91,1.0
0.007138534632334669,0.0001002005006012024,9.783620724136389e-91,1.0
0.007138534632334669,0.00020040090120240482,3.0205040512211903e-90,1.0
0.007138534632334669,0.0003006013018036072,2.87465385352598e-91,1.0
0.007138534632334669,0.0004008017024048096,3.3890346092085848e-90,1.0
0.007138534632334669,0.0005010021030060121,4.255253432121331e-90,1.0
0.007138534632334669,0.0006012025036072144,1.735189892963798e-90,1.0
0.007236322776613226,1e-10,1.3114217563845052e-90,1.0
0.007236322776613226,0.0001002005006012024,3.7275485581745073e-90,1.0
0.007236322776613226,0.00020040090120240482,1.785500178564e-90,1.0
0.007236322776613226,0.0003006013018036072,1.1051765277412192e-89,1.0
0.007236322776613226,0.0004008017024048096,3.241029664859892e-89,1.0
0.007236322776613226,0.0005010021030060121,1.755542643682767e-89,1.0
0.007236322776613226,0.0006012025036072144,3.3006037409737683e-90,1.0
0.0073341109208917826,1e-10,2.1467809637652693e-90,1.0
0.0073341109208917826,0.0001002005006012024,1.9542863147631477e-90,1.0
0.0073341109208917826,0.00020040090120240482,1.4384666449446465e-89,1.0
0.0073341109208917826,0.0003006013018036072,5.09326242497422e-90,1.0
0.0073341109208917826,0.0004008017024048096,2.8324566650793924e-89,1.0
0.0073341109208917826,0.0005010021030060121,3.151227810929631e-91,0.9999999999999999
0.0073341109208917826,0.0006012025036072144,1.1620892199739975e-90,1.0
0.00743189906517034,1e-10,3.516664480062616e-90,1.0
0.00743189906517034,0.0001002005006012024,3.4275389002636783e-90,1.0
0.00743189906517034,0.00020040090120240482,1.2430242150162186e-89,1.0
0.00743189906517034,0.0003006013018036072,1.1870671518041937e-89,0.9999999999999999
0.00743189906517034,0.0004008017024048096,3.1871261103506763e-90,1.0
0.00743189906517034,0.0005010021030060121,3.453701934890719e-88,1.0
0.00743189906517034,0.0006012025036072144,3.971522502483318e-89,1.0
0.007529687209448898,1e-10,5.7460957678791205e-90,1.0
0.007529687209448898,0.0001002005006012024,5.149962440054913e-90,1.0
0.007529687209448898,0.00020040090120240482,5.6463993177048075e-90,1.0
0.007529687209448898,0.0003006013018036072,7.931439732991774e-90,1.0
0.007529687209448898,0.0004008017024048096,3.964674346439266e-89,1.0
0.007529687209448898,0.0005010021030060121,8.094863141499449e-90,1.0
0.007529687209448898,0.0006012025036072144,6.708718953914701e-90,1.0
0.007627475353727454,1e-10,9.389714991208281e-90,1.0
0.007627475353727454,0.0001002005006012024,3.596677306964349e-90,1.0
0.007627475353727454,0.00020040090120240482,6.688969029148333e-90,1.0
0.007627475353727454,0.0003006013018036072,2.473000589401282e-89,1.0
0.007627475353727454,0.0004008017024048096,2.0940383362059825e-90,1.0
0.007627475353727454,0.0005010021030060121,1.9686426542935063e-89,1.0
0.007627475353727454,0.0006012025036072144,3.0056443017889653e-89,1.0
0.007725263498006011,1e-10,1.5373283982180873e-89,1.0
0.007725263498006011,0.0001002005006012024,3.311576532440446e-89,1.0
0.007725263498006011,0.00020040090120240482,2.4564970456371574e-90,1.0
0.007725263498006011,0.0003006013018036072,2.939056231968302e-90,1.0
0.007725263498006011,0.0004008017024048096,1.9361818652197257e-89,1.0
0.007725263498006011,0.0005010021030060121,7.608926711199023e-90,1.0
0.007725263498006011,0.0006012025036072144,3.506121657610185e-89,1.0
0.007823051642284569,1e-10,2.5150389054294525e-89,1.0
0.007823051642284569,0.0001002005006012024,1.036432546482063e-89,1.0
0.007823051642284569,0.00020040090120240482,2.2924617895202224e-89,1.0
0.007823051642284569,0.0003006013018036072,4.821543787896559e-89,1.0
0.007823051642284569,0.0004008017024048096,1.8394056615417462e-89,1.0
0.007823051642284569,0.0005010021030060121,9.066790626690038e-90,1.0
0.007823051642284569,0.0006012025036072144,1.7681493190409296e-88,1.0
0.007920839786563126,1e-10,4.115813485475858e-89,1.0
0.007920839786563126,0.0001002005006012024,1.2364334999905865e-88,1.0
0.007920839786563126,0.00020040090120240482,1.6511913823711912e-89,1.0
0.007920839786563126,0.0003006013018036072,8.121835528193006e-89,1.0
0.007920839786563126,0.0004008017024048096,1.289372842175363e-88,1.0
0.007920839786563126,0.0005010021030060121,1.8952971231720586e-87,1.0
0.007920839786563126,0.0006012025036072144,3.523580467247929e-88,1.0
0.008018627930841684,1e-10,6.723067750203738e-89,1.0
0.008018627930841684,0.0001002005006012024,1.0436018974838282e-88,1.0
0.008018627930841684,0.00020040090120240482,1.5341314873140692e-88,1.0
0.008018627930841684,0.0003006013018036072,8.558699624903112e-89,1.0
0.008018627930841684,0.0004008017024048096,3.1727123221325826e-88,1.0
0.008018627930841684,0.0005010021030060121,1.746995160854492e-89,1.0
0.008018627930841684,0.0006012025036072144,1.5129451780980428e-87,1.0
0.00811641607512024,1e-10,1.1036251098189796e-88,1.0
0.00811641607512024,0.0001002005006012024,1.388257287779572e-88,1.0
0.00811641607512024,0.00020040090120240482,2.4424042929178608e-88,0.9999999999999999
0.00811641607512024,0.0003006013018036072,1.306449726041941e-88,1.0
0.00811641607512024,0.0004008017024048096,1.7798369020236517e-87,1.0
0.00811641607512024,0.0005010021030060121,6.253926622252923e-88,1.0
0.00811641607512024,0.0006012025036072144,2.349260863083601e-87,1.0
0.00811641607512024,0.0007014029042084169,1.4647894491652908e-87,1.0
0.008214204219398797,1e-10,1.802961402951706e-88,1.0
0.008214204219398797,0.0001002005006012024,6.728925524883582e-88,1.0
0.008214204219398797,0.00020040090120240482,4.068843400189021e-88,1.0
0.008214204219398797,0.0003006013018036072,2.1569565696836748e-88,1.0
0.008214204219398797,0.0004008017024048096,6.528563707262027e-89,1.0
0.008214204219398797,0.0005010021030060121,1.451143008816473e-88,1.0
0.008214204219398797,0.0006012025036072144,1.9995772232361702e-88,1.0
0.008214204219398797,0.0007014029042084169,1.3599783453032152e-87,1.0
0.008311992363677355,1e-10,2.9555654787351804e-88,1.0
0.008311992363677355,0.0001002005006012024,3.2754157329496433e-88,1.0
0.008311992363677355,0.00020040090120240482,1.151366861249115e-88,1.0
0.008311992363677355,0.0003006013018036072,5.077937930086098e-88,1.0
0.008311992363677355,0.0004008017024048096,1.513392807645083e-87,1.0
0.008311992363677355,0.0005010021030060121,2.948521898332996e-87,1.0
0.008311992363677355,0.0006012025036072144,8.013616835664083e-89,1.0
0.008311992363677355,0.0007014029042084169,2.6586555397267905e-86,1.0
0.00840978050795591,1e-10,4.827898300602106e-88,1.0
0.00840978050795591,0.0001002005006012024,1.1026012298312847e-87,1.0
0.00840978050795591,0.00020040090120240482,5.578843594467346e-88,1.0
0.00840978050795591,0.0003006013018036072,5.743344013998877e-88,1.0
0.00840978050795591,0.0004008017024048096,1.2206632990487855e-87,1.0
0.00840978050795591,0.0005010021030060121,2.0045100608244963e-87,1.0
0.00840978050795591,0.0006012025036072144,3.315205173355306e-89,1.0
0.00840978050795591,0.0007014029042084169,4.67208967981982e-87,1.0
0.008507568652234468,1e-10,7.900676567750367e-88,1.0
0.008507568652234468,0.0001002005006012024,4.6833156544590793e-88,1.0
0.008507568652234468,0.00020040090120240482,1.3403369305407091e-87,1.0
0.008507568652234468,0.0003006013018036072,2.68717117121534e-87,1.0
0.008507568652234468,0.0004008017024048096,5.927084169569577e-88,1.0
0.008507568652234468,0.0005010021030060121,1.284720011664486e-87,1.0
0.008507568652234468,0.0006012025036072144,1.515202998139278e-87,1.0
0.008507568652234468,0.0007014029042084169,1.1600093320603749e-85,0.9999999999999999
0.008605356796513025,1e-10,1.2937026520449638e-87,1.0
0.008605356796513025,0.0001002005006012024,1.1667466528740312e-87,1.0
0.008605356796513025,0.00020040090120240482,1.0347627779417094e-86,1.0
0.008605356796513025,0.0003006013018036072,1.4257489047318976e-86,1.0
0.008605356796513025,0.0004008017024048096,8.771868217881919e-88,1.0
0.008605356796513025,0.0005010021030060121,1.072985706171417e-86,1.0
0.008605356796513025,0.0006012025036072144,1.3429903901096575e-87,1.0
0.008605356796513025,0.0007014029042084169,3.8833033006435384e-87,1.0
0.008703144940791583,1e-10,2.1178876620680495e-87,1.0
0.008703144940791583,0.0001002005006012024,3.6170096954764314e-87,1.0
0.008703144940791583,0.00020040090120240482,4.345612006091027e-87,1.0
0.008703144940791583,0.0003006013018036072,6.853580266407523e-87,1.0
0.008703144940791583,0.0004008017024048096,1.7704215139576279e-87,1.0
0.008703144940791583,0.0005010021030060121,4.10112495633928e-88,1.0
0.008703144940791583,0.0006012025036072144,7.254668204259157e-86,1.0
0.008703144940791583,0.0007014029042084169,3.478942549611075e-87,1.0
0.00880093308507014,1e-10,3.460961428643384e-87,1.0
0.00880093308507014,0.0001002005006012024,6.417704588086378e-87,1.0
0.00880093308507014,0.00020040090120240482,1.8508700724221083e-86,1.0
0.00880093308507014,0.0003006013018036072,3.195753712047344e-87,1.0
0.00880093308507014,0.0004008017024048096,3.1808869050670806e-87,1.0
0.00880093308507014,0.0005010021030060121,1.2450965389341876e-86,1.0
0.00880093308507014,0.0006012025036072144,1.2405251203714376e-85,1.0
0.00880093308507014,0.0007014029042084169,2.1495819582157742e-86,0.9999999999999999
0.008898721229348696,1e-10,5.682538277996975e-87,1.0
0.008898721229348696,0.0001002005006012024,4.2555751026682945e-87,1.0
0.008898721229348696,0.00020040090120240482,1.646721810607695e-86,1.0
0.008898721229348696,0.0003006013018036072,9.866856277245346e-86,1.0
0.008898721229348696,0.0004008017024048096,4.322356436802625e-86,1.0
0.008898721229348696,0.0005010021030060121,5.0443472038990823e-85,1.0
0.008898721229348696,0.0006012025036072144,3.7925472185556416e-87,1.0
0.008898721229348696,0.0007014029042084169,1.5066211005063943e-84,1.0
0.008996509373627254,1e-10,9.276447522078037e-87,1.0
0.008996509373627254,0.0001002005006012024,2.746343324698141e-86,1.0
0.008996509373627254,0.00020040090120240482,6.350378649614051e-87,1.0
0.008996509373627254,0.0003006013018036072,4.0269859589473875e-87,1.0
0.008996509373627254,0.0004008017024048096,3.609606197754978e-86,1.0
0.008996509373627254,0.0005010021030060121,1.6122743381397387e-85,1.0
0.008996509373627254,0.0006012025036072144,2.9804459489099655e-85,1.0
0.008996509373627254,0.0007014029042084169,6.794163189329643e-86,1.0
0.009094297517905811,1e-10,1.518194615177737e-86,1.0
0.009094297517905811,0.0001002005006012024,1.3177958765233455e-86,1.0
0.009094297517905811,0.00020040090120240482,2.832081585465289e-86,1.0
0.009094297517905811,0.0003006013018036072,1.9620585945265715e-86,1.0
0.009094297517905811,0.0004008017024048096,1.0615311068074696e-85,1.0
0.009094297517905811,0.0005010021030060121,4.753423733739876e-87,1.0
0.009094297517905811,0.0006012025036072144,4.086122672169085e-85,1.0
0.009094297517905811,0.0007014029042084169,3.9052938862537406e-86,1.0
0.009192085662184367,1e-10,2.4841856391002695e-86,1.0
0.009192085662184367,0.0001002005006012024,2.2275704622801002e-86,1.0
0.009192085662184367,0.00020040090120240482,2.3148349316563775e-85,1.0
0.009192085662184367,0.0003006013018036072,2.4064127579539088e-85,1.0
0.009192085662184367,0.0004008017024048096,4.4539816217797666e-86,1.0
0.009192085662184367,0.0005010021030060121,3.3113524583711265e-86,1.0
0.009192085662184367,0.0006012025036072144,2.951736332946022e-85,1.0
0.009192085662184367,0.0007014029042084169,1.301425980444182e-85,1.0
0.009289873806462925,1e-10,4.0775658915659815e-86,1.0
0.009289873806462925,0.0001002005006012024,6.549500544438273e-86,1.0
0.009289873806462925,0.00020040090120240482,3.626353224581056e-86,1.0
0.009289873806462925,0.0003006013018036072,2.707230019906782e-85,1.0
0.009289873806462925,0.0004008017024048096,4.506905842553745e-85,1.0
0.009289873806462925,0.0005010021030060121,2.1564875316375877e-84,1.0
0.009289873806462925,0.0006012025036072144,3.9817853449819836e-86,1.0
0.009289873806462925,0.0007014029042084169,1.5213780861029704e-84,1.0
0.009387661950741482,1e-10,6.671493080871789e-86,1.0
0.009387661950741482,0.0001002005006012024,5.735482310073453e-86,1.0
0.009387661950741482,0.00020040090120240482,5.439616506859097e-86,1.0
0.009387661950741482,0.0003006013018036072,4.137098244422938e-86,1.0
0.009387661950741482,0.0004008017024048096,1.615587304839117e-85,1.0
0.009387661950741482,0.0005010021030060121,9.702095542025847e-86,1.0
0.009387661950741482,0.0006012025036072144,1.2302115088430065e-85,1.0
0.009387661950741482,0.0007014029042084169,1.102545816649781e-83,1.0
0.009387661950741482,0.0008016033048096193,9.139544116443669e-85,1.0
0.00948545009502004,1e-10,1.0919210337925407e-85,1.0
0.00948545009502004,0.0001002005006012024,4.5235179634053776e-85,1.0
0.00948545009502004,0.00020040090120240482,1.7067665001956094e-85,1.0
0.00948545009502004,0.0003006013018036072,5.486836571510317e-86,1.0
0.00948545009502004,0.0004008017024048096,8.649468591093679e-86,1.0
0.00948545009502004,0.0005010021030060121,2.9566757877348165e-85,1.0
0.00948545009502004,0.0006012025036072144,1.896974789337158e-84,1.0
0.00948545009502004,0.0007014029042084169,6.451687877466361e-85,1.0
0.00948545009502004,0.0008016033048096193,4.881295346725912e-85,0.9999999999999999
0.009583238239298597,1e-10,1.7877284020566527e-85,1.0
0.009583238239298597,0.0001002005006012024,2.638654705155159e-85,1.0
0.009583238239298597,0.00020040090120240482,7.331435562277518e-85,1.0
0.009583238239298597,0.0003006013018036072,2.6427984091370877e-84,1.0
0.009583238239298597,0.0004008017024048096,1.1532143325020563e-84,1.0
0.009583238239298597,0.0005010021030060121,8.51659984081987e-83,1.0
0.009583238239298597,0.0006012025036072144,4.4462924118151264e-85,1.0
0.009583238239298597,0.0007014029042084169,3.300994810040138e-85,1.0
0.009583238239298597,0.0008016033048096193,9.733701704400144e-85,1.0
0.009681026383577153,1e-10,2.9304175994657286e-85,1.0
0.009681026383577153,0.0001002005006012024,4.58223385017855e-85,1.0
0.009681026383577153,0.00020040090120240482,4.2919149205966056e-85,1.0
0.009681026383577153,0.0003006013018036072,2.0458337803089557e-85,1.0
0.009681026383577153,0.0004008017024048096,4.834612832696758e-84,1.0
0.009681026383577153,0.0005010021030060121,5.70961191889293e-85,1.0
0.009681026383577153,0.0006012025036072144,8.006874680073247e-84,1.0
0.009681026383577153,0.0007014029042084169,4.8905709264479896e-85,1.0
0.009681026383577153,0.0008016033048096193,2.56786738240907e-84,1.0
0.00977881452785571,1e-10,4.795204735574423e-85,1.0
0.00977881452785571,0.0001002005006012024,2.6299830702308174e-85,1.0
0.00977881452785571,0.00020040090120240482,3.0445460162871196e-84,1.0
0.00977881452785571,0.0003006013018036072,1.0478676619294316e-85,1.0
0.00977881452785571,0.0004008017024048096,3.8812385991731263e-85,1.0
0.00977881452785571,0.0005010021030060121,1.1567961329481452e-86,1.0
0.00977881452785571,0.0006012025036072144,6.505962913943881e-86,1.0
0.00977881452785571,0.0007014029042084169,1.368979265454697e-84,1.0
0.00977881452785571,0.0008016033048096193,2.228721196312782e-84,1.0
0.009876602672134268,1e-10,7.857749349885726e-85,1.0
0.009876602672134268,0.0001002005006012024,1.406816958884977e-84,1.0
0.009876602672134268,0.00020040090120240482,6.623820377701231e-84,1.0
0.009876602672134268,0.0003006013018036072,1.181389755407519e-84,1.0
0.009876602672134268,0.0004008017024048096,7.209991424092462e-85,1.0
0.009876602672134268,0.0005010021030060121,3.020929861239494e-85,1.0
0.009876602672134268,0.0006012025036072144,1.7253656229173785e-84,1.0
0.009876602672134268,0.0007014029042084169,2.801148106426354e-82,1.0
0.009876602672134268,0.0008016033048096193,4.6975875246086536e-85,1.0
0.009974390816412824,1e-10,1.2855768541254855e-84,1.0
0.009974390816412824,0.0001002005006012024,1.363347874604881e-84,1.0
0.009974390816412824,0.00020040090120240482,2.5459266301980943e-84,1.0
0.009974390816412824,0.0003006013018036072,7.076817714204954e-85,1.0
0.009974390816412824,0.0004008017024048096,1.5217413831638976e-84,1.0
0.009974390816412824,0.0005010021030060121,1.2763142533302612e-84,1.0
0.009974390816412824,0.0006012025036072144,2.0270581604947924e-83,1.0
0.009974390816412824,0.0007014029042084169,3.293250172696693e-83,1.0
0.009974390816412824,0.0008016033048096193,1.7193414971902556e-84,1.0
0.010072178960691382,1e-10,2.107065894131831e-84,1.0
0.010072178960691382,0.0001002005006012024,2.3028730560738893e-84,1.0
0.010072178960691382,0.00020040090120240482,5.478932094208015e-84,1.0
0.010072178960691382,0.0003006013018036072,7.404527776513787e-85,1.0
0.010072178960691382,0.0004008017024048096,6.609159200063684e-84,1.0
0.010072178960691382,0.0005010021030060121,1.2308600435774006e-84,1.0
0.010072178960691382,0.0006012025036072144,4.2760553320656805e-85,1.0
0.010072178960691382,0.0007014029042084169,8.721626538963036e-84,1.0
0.010072178960691382,0.0008016033048096193,1.1263943398493868e-83,1.0
0.01016996710496994,1e-10,3.4505326359279654e-84,1.0
0.01016996710496994,0.0001002005006012024,2.5578167231328424e-84,1.0
0.01016996710496994,0.00020040090120240482,2.395538220918847e-84,1.0
0.01016996710496994,0.0003006013018036072,2.7861057244015782e-83,1.0
0.01016996710496994,0.0004008017024048096,3.726145898867907e-83,1.0
0.01016996710496994,0.0005010021030060121,3.1967183482579287e-83,1.0
0.01016996710496994,0.0006012025036072144,1.687153630244325e-83,1.0
0.01016996710496994,0.0007014029042084169,5.2176248277589085e-82,1.0
0.01016996710496994,0.0008016033048096193,1.764497146464861e-82,1.0
0.010267755249248497,1e-10,5.654355945649533e-84,1.0
0.010267755249248497,0.0001002005006012024,5.506856332975446e-84,1.0
0.010267755249248497,0.00020040090120240482,1.184053985118457e-83,1.0
0.010267755249248497,0.0003006013018036072,1.6170469248312472e-84,1.0
0.010267755249248497,0.0004008017024048096,4.134231854205871e-84,1.0
0.010267755249248497,0.0005010021030060121,1.4824643090906458e-84,1.0
0.010267755249248497,0.0006012025036072144,8.705339041503045e-83,1.0
0.010267755249248497,0.0007014029042084169,1.9838490393499357e-83,1.0
0.010267755249248497,0.0008016033048096193,2.6351676467983567e-83,1.0
0.010365543393527054,1e-10,9.248273679731694e-84,1.0
0.010365543393527054,0.0001002005006012024,3.1350579574600287e-83,1.0
0.010365543393527054,0.00020040090120240482,2.298958114255842e-84,1.0
0.010365543393527054,0.0003006013018036072,4.8922847718745884e-83,1.0
0.010365543393527054,0.0004008017024048096,9.190900667307009e-83,1.0
0.010365543393527054,0.0005010021030060121,1.8527260025562725e-84,1.0
0.010365543393527054,0.0006012025036072144,1.45091285094598e-82,1.0
0.010365543393527054,0.0007014029042084169,1.3325648008201394e-82,1.0
0.010365543393527054,0.0008016033048096193,1.0454798401071935e-82,1.0
0.01046333153780561,1e-10,1.5143907343551248e-83,0.9999999999999999
0.01046333153780561,0.0001002005006012024,1.2773338141196632e-83,1.0
0.01046333153780561,0.00020040090120240482,1.518636506375685e-83,1.0
0.01046333153780561,0.0003006013018036072,1.0266512573477298e-83,1.0
0.01046333153780561,0.0004008017024048096,3.227645016829709e-84,1.0
0.01046333153780561,0.0005010021030060121,9.240342838897664e-83,1.0
0.01046333153780561,0.0006012025036072144,1.2017677837210917e-82,1.0
0.01046333153780561,0.0007014029042084169,1.0516146190372646e-83,0.9999999999999999
0.01046333153780561,0.0008016033048096193,6.323980204763302e-82,1.0
0.010561119682084168,1e-10,2.48146189231932e-83,1.0
0.010561119682084168,0.0001002005006012024,8.282029150048457e-83,1.0
0.010561119682084168,0.00020040090120240482,3.3380046530923e-83,1.0
0.010561119682084168,0.0003006013018036072,6.667846577094651e-83,1.0
0.010561119682084168,0.0004008017024048096,9.993317154129454e-83,1.0
0.010561119682084168,0.0005010021030060121,2.40549836801581e-83,1.0
0.010561119682084168,0.0006012025036072144,5.329526310277331e-83,1.0
0.010561119682084168,0.0007014029042084169,1.3898612742531615e-83,1.0
0.010561119682084168,0.0008016033048096193,5.746664111312098e-82,1.0
0.010658907826362725,1e-10,4.070067805207368e-83,1.0
0.010658907826362725,0.0001002005006012024,1.671494513542158e-83,1.0
0.010658907826362725,0.00020040090120240482,5.551190811118773e-84,1.0
0.010658907826362725,0.0003006013018036072,6.16551558972204e-82,1.0
0.010658907826362725,0.0004008017024048096,1.21079955759927e-82,1.0
0.010658907826362725,0.0005010021030060121,2.6739608760686555e-82,1.0
0.010658907826362725,0.0006012025036072144,1.044164471832768e-82,1.0
0.010658907826362725,0.0007014029042084169,4.785555399816558e-82,1.0
0.010658907826362725,0.0008016033048096193,1.1414120134268414e-81,1.0
0.010756695970641281,1e-10,6.676134314784616e-83,1.0
0.010756695970641281,0.0001002005006012024,1.1828366076262722e-82,1.0
0.010756695970641281,0.00020040090120240482,3.768610490672009e-83,1.0
0.010756695970641281,0.0003006013018036072,9.150069342764962e-82,1.0
0.010756695970641281,0.0004008017024048096,6.486077152555165e-83,1.0
0.010756695970641281,0.0005010021030060121,1.7920634765314256e-82,0.9999999999999999
0.010756695970641281,0.0006012025036072144,5.430313318724601e-82,1.0
0.010756695970641281,0.0007014029042084169,9.422800835178732e-82,1.0
0.010756695970641281,0.0008016033048096193,1.2379697350688258e-82,1.0
0.010756695970641281,0.0009018037054108217,4.2631164881859415e-82,1.0
0.010854484114919839,1e-10,1.0933221072309864e-82,1.0
0.010854484114919839,0.0001002005006012024,1.142203654735184e-82,1.0
0.010854484114919839,0.00020040090120240482,3.268377679472004e-83,1.0
0.010854484114919839,0.0003006013018036072,1.8229224111824267e-82,1.0
0.010854484114919839,0.0004008017024048096,4.4695003188808474e-82,1.0
0.010854484114919839,0.0005010021030060121,2.9158476631741672e-83,1.0
0.010854484114919839,0.0006012025036072144,5.38170899652894e-82,1.0
0.010854484114919839,0.0007014029042084169,2.0831349813762552e-81,1.0
0.010854484114919839,0.0008016033048096193,4.7188614873692084e-82,1.0
0.010854484114919839,0.0009018037054108217,1.5610197428523388e-80,1.0
0.010952272259198396,1e-10,1.7914241495270453e-82,1.0
0.010952272259198396,0.0001002005006012024,1.0114057648902735e-82,1.0
0.010952272259198396,0.00020040090120240482,2.1095484427600116e-82,1.0
0.010952272259198396,0.0003006013018036072,1.1072216887612108e-81,1.0
0.010952272259198396,0.0004008017024048096,2.26176351500962e-81,1.0
0.010952272259198396,0.0005010021030060121,1.773732827728963e-81,1.0
0.010952272259198396,0.0006012025036072144,1.445652132270797e-81,1.0
0.010952272259198396,0.0007014029042084169,8.598334000598375e-81,1.0
0.010952272259198396,0.0008016033048096193,6.299375942862271e-82,1.0
0.010952272259198396,0.0009018037054108217,1.0908632793733883e-79,1.0
0.011050060403476954,1e-10,2.932138437940798e-82,1.0
0.011050060403476954,0.0001002005006012024,2.6598968534513356e-82,1.0
0.011050060403476954,0.00020040090120240482,3.7040999466227194e-82,1.0
0.011050060403476954,0.0003006013018036072,3.0596499150157574e-81,1.0
0.011050060403476954,0.0004008017024048096,2.4706804237768322e-82,1.0
0.011050060403476954,0.0005010021030060121,1.8488709744325043e-81,1.0
0.011050060403476954,0.0006012025036072144,2.9897195602626426e-82,0.9999999999999999
0.011050060403476954,0.0007014029042084169,1.8390647522478875e-80,1.0
0.011050060403476954,0.0008016033048096193,2.070198462714598e-80,1.0
0.011050060403476954,0.0009018037054108217,9.722808872334935e-82,0.9999999999999999
0.011147848547755511,1e-10,4.8120343891213443e-82,1.0
0.011147848547755511,0.0001002005006012024,8.673472529575526e-82,1.0
0.011147848547755511,0.00020040090120240482,6.190988274239486e-82,1.0
0.011147848547755511,0.0003006013018036072,1.376228728980949e-81,1.0
0.011147848547755511,0.0004008017024048096,7.490675663465399e-82,1.0
0.011147848547755511,0.0005010021030060121,2.882839818912436e-80,1.0
0.011147848547755511,0.0006012025036072144,2.8958431519872424e-83,1.0
0.011147848547755511,0.0007014029042084169,1.641651380603178e-80,0.9999999999999999
0.011147848547755511,0.0008016033048096193,1.19601231235812e-82,1.0
0.011147848547755511,0.0009018037054108217,1.387572496349112e-81,1.0
0.011245636692034067,1e-10,7.878753465838932e-82,1.0
0.011245636692034067,0.0001002005006012024,1.0014814905211732e-81,1.0
0.011245636692034067,0.00020040090120240482,2.9537599233905e-81,1.0
0.011245636692034067,0.0003006013018036072,2.477116674461801e-82,1.0
0.011245636692034067,0.0004008017024048096,2.2744442176202986e-81,1.0
0.011245636692034067,0.0005010021030060121,1.806632212596985e-79,1.0
0.011245636692034067,0.0006012025036072144,6.5414595225762145e-81,1.0
0.011245636692034067,0.0007014029042084169,9.959473437316029e-83,1.0
0.011245636692034067,0.0008016033048096193,1.789553272636941e-81,0.9999999999999999
0.011245636692034067,0.0009018037054108217,4.5234519957869185e-82,1.0
0.011343424836312625,1e-10,1.2893381147356082e-81,1.0
0.011343424836312625,0.0001002005006012024,2.5892247026975737e-81,1.0
0.011343424836312625,0.00020040090120240482,1.4233342498969094e-81,1.0
0.011343424836312625,0.0003006013018036072,1.092017930015086e-81,1.0
0.011343424836312625,0.0004008017024048096,2.9266098857747423e-81,1.0
0.011343424836312625,0.0005010021030060121,2.4747130158629547e-80,1.0
0.011343424836312625,0.0006012025036072144,9.296680375745213e-82,1.0
0.011343424836312625,0.0007014029042084169,2.941312031998446e-81,1.0
0.011343424836312625,0.0008016033048096193,1.6649860807270765e-82,1.0
0.011343424836312625,0.0009018037054108217,1.0377882191973829e-80,1.0
0.011441212980591182,1e-10,2.115589673907505e-81,1.0
0.011441212980591182,0.0001002005006012024,1.9016182415607233e-81,1.0
0.011441212980591182,0.00020040090120240482,2.708243225894087e-81,1.0
0.011441212980591182,0.0003006013018036072,1.1365470734180123e-81,1.0
0.011441212980591182,0.0004008017024048096,2.8652291842191564e-80,1.0
0.011441212980591182,0.0005010021030060121,2.711579319982751e-82,1.0
0.011441212980591182,0.0006012025036072144,4.935819035637813e-82,1.0
0.011441212980591182,0.0007014029042084169,3.9019994369717344e-81,1.0
0.011441212980591182,0.0008016033048096193,7.997334844132367e-82,1.0
0.011441212980591182,0.0009018037054108217,6.709935117567052e-80,1.0
0.011539001124869738,1e-10,3.467433193211973e-81,1.0
0.011539001124869738,0.0001002005006012024,1.7316950074288406e-81,1.0
0.011539001124869738,0.00020040090120240482,3.097782788201625e-81,1.0
0.011539001124869738,0.0003006013018036072,9.337009503381517e-81,1.0
0.011539001124869738,0.0004008017024048096,9.7993675997498e-80,1.0
0.011539001124869738,0.0005010021030060121,8.251387408268122e-80,1.0
0.011539001124869738,0.0006012025036072144,2.467184856273663e-78,1.0
0.011539001124869738,0.0007014029042084169,3.4073911497978527e-81,1.0
0.011539001124869738,0.0008016033048096193,8.50584198793659e-79,1.0
0.011539001124869738,0.0009018037054108217,2.2012076391961827e-80,1.0
0.011636789269148295,1e-10,5.681400718824239e-81,1.0
0.011636789269148295,0.0001002005006012024,5.4109477618196815e-81,1.0
0.011636789269148295,0.00020040090120240482,3.5834210568648285e-81,1.0
0.011636789269148295,0.0003006013018036072,1.734745059110304e-80,1.0
0.011636789269148295,0.0004008017024048096,1.4054823008319926e-80,1.0
0.011636789269148295,0.0005010021030060121,9.097352853147278e-81,1.0
0.011636789269148295,0.0006012025036072144,3.1435661810796408e-80,1.0
0.011636789269148295,0.0007014029042084169,1.3964815412726168e-80,1.0
0.011636789269148295,0.0008016033048096193,1.7068646844614048e-79,1.0
0.011636789269148295,0.0009018037054108217,1.0032141242881625e-79,1.0
0.011734577413426853,1e-10,9.314372242714436e-81,1.0
0.011734577413426853,0.0001002005006012024,6.457088779982366e-81,1.0
0.011734577413426853,0.00020040090120240482,5.233508015683029e-81,1.0
0.011734577413426853,0.0003006013018036072,8.225313462627564e-80,1.0
0.011734577413426853,0.0004008017024048096,7.381872038003837e-81,1.0
0.011734577413426853,0.0005010021030060121,2.8002365410298732e-80,1.0
0.011734577413426853,0.0006012025036072144,7.923937075458687e-80,1.0
0.011734577413426853,0.0007014029042084169,8.286172451936505e-82,1.0
0.011734577413426853,0.0008016033048096193,7.350768988087457e-78,1.0
0.011734577413426853,0.0009018037054108217,8.468381661603649e-80,1.0
0.01183236555770541,1e-10,1.5284575663536351e-80,1.0
0.01183236555770541,0.0001002005006012024,2.5502806110280714e-80,1.0
0.01183236555770541,0.00020040090120240482,1.0572834744133723e-80,1.0
0.01183236555770541,0.0003006013018036072,1.0309474074970345e-79,1.0
0.01183236555770541,0.0004008017024048096,5.819984770597862e-80,1.0
0.01183236555770541,0.0005010021030060121,7.616053988150788e-81,1.0
0.01183236555770541,0.0006012025036072144,8.794582684887003e-80,1.0
0.01183236555770541,0.0007014029042084169,2.815128300000212e-79,1.0
0.01183236555770541,0.0008016033048096193,1.820921098981317e-78,1.0
0.01183236555770541,0.0009018037054108217,7.538693873784967e-80,1.0
0.011930153701983968,1e-10,2.5094480456401032e-80,0.9999999999999999
0.011930153701983968,0.0001002005006012024,3.928498006598932e-80,1.0
0.011930153701983968,0.00020040090120240482,8.518753532835464e-80,1.0
0.011930153701983968,0.0003006013018036072,3.016599989771773e-80,1.0
0.011930153701983968,0.0004008017024048096,7.963611422143466e-80,1.0
0.011930153701983968,0.0005010021030060121,7.314693472231528e-79,1.0
0.011930153701983968,0.0006012025036072144,5.041617227478038e-80,1.0
0.011930153701983968,0.0007014029042084169,2.2004100846942683e-79,1.0
0.011930153701983968,0.0008016033048096193,3.4810353671458215e-79,1.0
0.011930153701983968,0.0009018037054108217,1.3072659442106402e-77,1.0
0.012027941846262524,1e-10,4.108339732286137e-80,1.0
0.012027941846262524,0.0001002005006012024,7.193187805113545e-80,1.0
0.012027941846262524,0.00020040090120240482,6.441863493506504e-80,1.0
0.012027941846262524,0.0003006013018036072,6.600493850233195e-80,1.0
0.012027941846262524,0.0004008017024048096,1.9533430404023022e-80,1.0
0.012027941846262524,0.0005010021030060121,1.0025647394834442e-79,1.0
0.012027941846262524,0.0006012025036072144,1.214206957578044e-79,1.0
0.012027941846262524,0.0007014029042084169,1.8571589249847947e-79,1.0
0.012027941846262524,0.0008016033048096193,8.499231325661035e-80,1.0
0.012027941846262524,0.0009018037054108217,7.028876114997352e-80,1.0
0.012125729990541081,1e-10,6.7252280220014445e-80,1.0
0.012125729990541081,0.0001002005006012024,7.952939020015485e-80,1.0
0.012125729990541081,0.00020040090120240482,2.2622344694196697e-79,1.0
0.012125729990541081,0.0003006013018036072,5.9836768569731775e-80,1.0
0.012125729990541081,0.0004008017024048096,8.917131383817073e-80,1.0
0.012125729990541081,0.0005010021030060121,2.3415650159680077e-80,1.0
0.012125729990541081,0.0006012025036072144,2.7071550063249668e-80,1.0
0.012125729990541081,0.0007014029042084169,4.464586643554778e-79,0.9999999999999999
0.012125729990541081,0.0008016033048096193,5.72294107278937e-80,1.0
0.012125729990541081,0.0009018037054108217,6.636145004047602e-78,1.0
0.012125729990541081,0.0010020041060120242,3.7248236482940986e-79,1.0
0.012223518134819639,1e-10,1.1016483154097052e-79,1.0
0.012223518134819639,0.0001002005006012024,2.8494632844514567e-79,1.0
0.012223518134819639,0.00020040090120240482,1.5725088695375404e-79,1.0
0.012223518134819639,0.0003006013018036072,1.0544800229582916e-80,1.0
0.012223518134819639,0.0004008017024048096,3.452731725553116e-79,0.9999999999999999
0.012223518134819639,0.0005010021030060121,4.34433381496429e-80,1.0
0.012223518134819639,0.0006012025036072144,3.7987341891736273e-78,1.0
0.012223518134819639,0.0007014029042084169,3.085364958916417e-78,1.0
0.012223518134819639,0.0008016033048096193,1.222414894383851e-77,1.0
0.012223518134819639,0.0009018037054108217,3.098743251395579e-78,1.0
0.012223518134819639,0.0010020041060120242,6.678267884135633e-79,1.0
0.012321306279098195,1e-10,1.8107243274837334e-79,1.0
0.012321306279098195,0.0001002005006012024,1.9299618481854622e-79,1.0
0.012321306279098195,0.00020040090120240482,5.473548322925497e-79,1.0
0.012321306279098195,0.0003006013018036072,1.8754539302912175e-79,1.0
0.012321306279098195,0.0004008017024048096,5.81078659933124e-80,1.0
0.012321306279098195,0.0005010021030060121,1.7113254677873997e-78,1.0
0.012321306279098195,0.0006012025036072144,2.922801548342104e-78,1.0
0.012321306279098195,0.0007014029042084169,4.1683487630616677e-78,1.0
0.012321306279098195,0.0008016033048096193,5.1645238720671936e-77,1.0
0.012321306279098195,0.0009018037054108217,1.0296954325719842e-77,1.0
0.012321306279098195,0.0010020041060120242,1.830691129082603e-78,1.0
0.012419094423376752,1e-10,2.9658594204673926e-79,1.0
0.012419094423376752,0.0001002005006012024,6.176813109264677e-79,0.9999999999999999
0.012419094423376752,0.00020040090120240482,8.728279763597113e-80,1.0
0.012419094423376752,0.0003006013018036072,1.0630801871457253e-79,1.0
0.012419094423376752,0.0004008017024048096,1.0271019696747576e-78,1.0
0.012419094423376752,0.0005010021030060121,5.981039869655985e-79,1.0
0.012419094423376752,0.0006012025036072144,4.469133639603393e-78,1.0
0.012419094423376752,0.0007014029042084169,3.121618494462544e-78,1.0
0.012419094423376752,0.0008016033048096193,2.8027452340496086e-78,1.0
0.012419094423376752,0.0009018037054108217,1.3752067074131902e-79,1.0
0.012419094423376752,0.0010020041060120242,3.1818570229775807e-77,1.0
0.01251688256765531,1e-10,4.8708951498602735e-79,1.0
0.01251688256765531,0.0001002005006012024,1.4993198249384525e-78,1.0
0.01251688256765531,0.00020040090120240482,8.886909374532704e-79,1.0
0.01251688256765531,0.0003006013018036072,8.545085474429241e-78,1.0
0.01251688256765531,0.0004008017024048096,8.252862411073354e-79,1.0
0.01251688256765531,0.0005010021030060121,3.598783217912041e-78,1.0
0.01251688256765531,0.0006012025036072144,1.0196066793701042e-78,1.0
0.01251688256765531,0.0007014029042084169,8.901971978878967e-78,1.0
0.01251688256765531,0.0008016033048096193,9.415990191504593e-78,1.0
0.01251688256765531,0.0009018037054108217,1.8848054709761202e-78,1.0
0.01251688256765531,0.0010020041060120242,1.9323251927519993e-78,1.0
0.012614670711933867,1e-10,7.989115092273003e-79,1.0
0.012614670711933867,0.0001002005006012024,4.2854470472257993e-79,1.0
0.012614670711933867,0.00020040090120240482,1.8281086935045843e-77,1.0
0.012614670711933867,0.0003006013018036072,1.128903399486536e-78,1.0
0.012614670711933867,0.0004008017024048096,5.200818703528906e-79,1.0
0.012614670711933867,0.0005010021030060121,5.088146118473574e-78,0.9999999999999999
0.012614670711933867,0.0006012025036072144,1.6888864571994046e-77,1.0
0.012614670711933867,0.0007014029042084169,1.1673831357409574e-78,1.0
0.012614670711933867,0.0008016033048096193,2.0372945013219667e-78,1.0
0.012614670711933867,0.0009018037054108217,3.032463154807739e-78,1.0
0.012614670711933867,0.0010020041060120242,1.5963115517042758e-77,1.0
0.012712458856212425,1e-10,1.3104555937879405e-78,1.0
0.012712458856212425,0.0001002005006012024,1.3124987903797634e-78,1.0
0.012712458856212425,0.00020040090120240482,2.656549250645096e-78,1.0
0.012712458856212425,0.0003006013018036072,2.5570222403959677e-78,1.0
0.012712458856212425,0.0004008017024048096,1.4746161838947625e-78,1.0
0.012712458856212425,0.0005010021030060121,8.508605267293841e-78,1.0
0.012712458856212425,0.0006012025036072144,3.3444128022088677e-77,1.0
0.012712458856212425,0.0007014029042084169,1.0536515743241056e-76,1.0
0.012712458856212425,0.0008016033048096193,1.2195543608456082e-76,1.0
0.012712458856212425,0.0009018037054108217,4.5397639514645384e-79,1.0
0.012712458856212425,0.0010020041060120242,8.749143838119905e-77,1.0
0.01281024700049098,1e-10,2.1439754173572284e-78,1.0
0.01281024700049098,0.0001002005006012024,4.510941000001905e-79,1.0
0.01281024700049098,0.00020040090120240482,2.2228119912370477e-78,1.0
0.01281024700049098,0.0003006013018036072,1.704379563028576e-78,1.0
0.01281024700049098,0.0004008017024048096,3.587368410017413e-77,1.0
0.01281024700049098,0.0005010021030060121,6.99662450340349e-78,1.0
0.01281024700049098,0.0006012025036072144,5.760564051520023e-77,0.9999999999999999
0.01281024700049098,0.0007014029042084169,1.7339742653063157e-78,1.0
0.01281024700049098,0.0008016033048096193,6.236538929546767e-79,1.0
0.01281024700049098,0.0009018037054108217,2.883150446738833e-78,1.0
0.01281024700049098,0.0010020041060120242,2.980966758329917e-78,1.0
0.012908035144769538,1e-10,3.5200618661663265e-78,1.0
0.012908035144769538,0.0001002005006012024,4.500493104522509e-78,1.0
0.012908035144769538,0.00020040090120240482,2.8445534715760068e-77,1.0
0.012908035144769538,0.0003006013018036072,1.2275037951344648e-78,1.0
0.012908035144769538,0.0004008017024048096,5.509678877444108e-78,1.0
0.012908035144769538,0.0005010021030060121,1.2417753934105057e-76,1.0
0.012908035144769538,0.0006012025036072144,2.5184129123876707e-77,1.0
0.012908035144769538,0.0007014029042084169,4.2052961152143607e-78,1.0
0.012908035144769538,0.0008016033048096193,6.560849066967177e-79,1.0
0.012908035144769538,0.0009018037054108217,3.118673700492738e-76,1.0
0.012908035144769538,0.0010020041060120242,1.765634995805122e-77,1.0
0.013005823289048096,1e-10,5.772470770830384e-78,1.0
0.013005823289048096,0.0001002005006012024,5.374140423349232e-78,1.0
0.013005823289048096,0.00020040090120240482,3.99262741318961e-77,1.0
0.013005823289048096,0.0003006013018036072,2.2584002441159756e-77,1.0
0.013005823289048096,0.0004008017024048096,2.7514355279825846e-78,1.0
0.013005823289048096,0.0005010021030060121,5.473862427373879e-76,0.9999999999999999
0.013005823289048096,0.0006012025036072144,2.177876268501787e-77,1.0
0.013005823289048096,0.0007014029042084169,1.268804192085419e-77,1.0
0.013005823289048096,0.0008016033048096193,1.7506532920078987e-77,1.0
0.013005823289048096,0.0009018037054108217,2.792537083962663e-75,1.0
0.013005823289048096,0.0010020041060120242,2.2126442080908086e-75,1.0
0.013103611433326652,1e-10,9.481907287645002e-78,1.0
0.013103611433326652,0.0001002005006012024,9.75896637528123e-78,1.0
0.013103611433326652,0.00020040090120240482,2.9503739810012204e-78,1.0
0.013103611433326652,0.0003006013018036072,1.7877920556182295e-77,1.0
0.013103611433326652,0.0004008017024048096,5.810422665739387e-76,1.0
0.013103611433326652,0.0005010021030060121,4.707893718049756e-77,1.0
0.013103611433326652,0.0006012025036072144,1.2389900908931039e-77,1.0
0.013103611433326652,0.0007014029042084169,3.2708378251944516e-77,1.0
0.013103611433326652,0.0008016033048096193,4.076140491923029e-78,1.0
0.013103611433326652,0.0009018037054108217,6.87900478687265e-76,0.9999999999999999
0.013103611433326652,0.0010020041060120242,6.268739555159734e-78,1.0
0.01320139957760521,1e-10,1.5534683022177332e-77,1.0
0.01320139957760521,0.0001002005006012024,1.7119511294678638e-77,1.0
0.01320139957760521,0.00020040090120240482,9.892985259762679e-78,1.0
0.01320139957760521,0.0003006013018036072,2.3613228784796417e-77,1.0
0.01320139957760521,0.0004008017024048096,1.0256794208407783e-75,1.0
0.01320139957760521,0.0005010021030060121,1.6312422702894111e-77,0.9999999999999999
0.01320139957760521,0.0006012025036072144,6.091887024742024e-78,1.0
0.01320139957760521,0.0007014029042084169,3.6954190136749544e-77,1.0
0.01320139957760521,0.0008016033048096193,9.101011212988032e-77,1.0
0.01320139957760521,0.0009018037054108217,1.911091862780638e-77,1.0
0.01320139957760521,0.0010020041060120242,3.247856853504337e-78,1.0
0.013299187721883767,1e-10,2.547368423839801e-77,1.0
0.013299187721883767,0.0001002005006012024,5.695184073438515e-77,1.0
0.013299187721883767,0.00020040090120240482,4.802603964973177e-78,1.0
0.013299187721883767,0.0003006013018036072,9.533878015823044e-77,1.0
0.013299187721883767,0.0004008017024048096,3.1550569745072816e-78,0.9999999999999999
0.013299187721883767,0.0005010021030060121,9.190996371947273e-76,1.0
0.013299187721883767,0.0006012025036072144,6.1696051281602716e-77,1.0
0.013299187721883767,0.0007014029042084169,1.1568790605460016e-75,1.0
0.013299187721883767,0.0008016033048096193,2.561498475305065e-76,0.9999999999999999
0.013299187721883767,0.0009018037054108217,3.208783197410132e-76,1.0
0.013299187721883767,0.0010020041060120242,2.3656040386610086e-75,1.0
0.013396975866162324,1e-10,4.1869295804157255e-77,1.0
0.013396975866162324,0.0001002005006012024,5.204885950476288e-77,1.0
0.013396975866162324,0.00020040090120240482,3.552800494907302e-76,1.0
0.013396975866162324,0.0003006013018036072,3.000917564301589e-76,1.0
0.013396975866162324,0.0004008017024048096,2.1634316846961876e-76,1.0
0.013396975866162324,0.0005010021030060121,4.201224831730955e-76,1.0
0.013396975866162324,0.0006012025036072144,1.2538150136002474e-76,1.0
0.013396975866162324,0.0007014029042084169,1.1512789088161363e-75,0.9999999999999999
0.013396975866162324,0.0008016033048096193,1.0949274842351897e-75,1.0
0.013396975866162324,0.0009018037054108217,3.2033114726977964e-76,1.0
0.013396975866162324,0.0010020041060120242,2.7436898455581395e-75,1.0
0.013494764010440882,1e-10,6.859625624343515e-77,1.0
0.013494764010440882,0.0001002005006012024,3.086295644619154e-77,1.0
0.013494764010440882,0.00020040090120240482,5.656068696261074e-77,1.0
0.013494764010440882,0.0003006013018036072,3.480646169557838e-76,0.9999999999999999
0.013494764010440882,0.0004008017024048096,1.3185438798223099e-76,1.0
0.013494764010440882,0.0005010021030060121,1.1985591880390696e-76,1.0
0.013494764010440882,0.0006012025036072144,2.6190813378679907e-76,0.9999999999999999
0.013494764010440882,0.0007014029042084169,1.7590720314836624e-76,1.0
0.013494764010440882,0.0008016033048096193,7.656007040939062e-76,1.0
0.013494764010440882,0.0009018037054108217,2.7546417341689177e-74,1.0
0.013494764010440882,0.0010020041060120242,1.768310433746137e-74,1.0
0.013494764010440882,0.0011022045066132265,7.192155861026201e-75,1.0
0.013592552154719438,1e-10,1.1245861673249294e-76,1.0
0.013592552154719438,0.0001002005006012024,8.333195268575861e-76,1.0
0.013592552154719438,0.00020040090120240482,2.842443212995089e-76,1.0
0.013592552154719438,0.0003006013018036072,4.624699488856121e-76,1.0
0.013592552154719438,0.0004008017024048096,2.0265084766371662e-75,1.0
0.013592552154719438,0.0005010021030060121,2.06037090902572e-75,1.0
0.013592552154719438,0.0006012025036072144,5.4850593629630373e-76,1.0
0.013592552154719438,0.0007014029042084169,1.4838987924292287e-76,1.0
0.013592552154719438,0.0008016033048096193,8.212837444854559e-75,1.0
0.013592552154719438,0.0009018037054108217,3.325428310153704e-75,1.0
0.013592552154719438,0.0010020041060120242,1.649271358113486e-74,1.0
0.013592552154719438,0.0011022045066132265,1.3928063657088089e-74,1.0
0.013690340298997995,1e-10,1.8475794423682127e-76,1.0
0.013690340298997995,0.0001002005006012024,8.144290416401557e-77,1.0
0.013690340298997995,0.00020040090120240482,1.2485386267430915e-76,1.0
0.013690340298997995,0.0003006013018036072,2.7696414737871195e-76,1.0
0.013690340298997995,0.0004008017024048096,1.430455525918218e-76,1.0
0.013690340298997995,0.0005010021030060121,3.7866554357281854e-75,1.0
0.013690340298997995,0.0006012025036072144,1.5861421788965089e-75,1.0
0.013690340298997995,0.0007014029042084169,3.403267661391071e-76,1.0
0.013690340298997995,0.0008016033048096193,1.7834191993121727e-74,1.0
0.013690340298997995,0.0009018037054108217,2.0767395672944205e-74,1.0
0.013690340298997995,0.0010020041060120242,1.5998802183629487e-74,1.0
0.013690340298997995,0.0011022045066132265,2.8293297024311177e-74,1.0
0.013788128443276553,1e-10,3.029651979336296e-76,1.0
0.013788128443276553,0.0001002005006012024,3.1236517595081213e-76,1.0
0.013788128443276553,0.00020040090120240482,1.1832444649241414e-76,1.0
0.013788128443276553,0.0003006013018036072,7.930913491467298e-76,1.0
0.013788128443276553,0.0004008017024048096,3.9986920473108655e-75,1.0
0.013788128443276553,0.0005010021030060121,1.2456186158625914e-75,1.0
0.013788128443276553,0.0006012025036072144,1.7556596837695647e-74,1.0
0.013788128443276553,0.0007014029042084169,7.784095328088286e-77,1.0
0.013788128443276553,0.0008016033048096193,3.827093909097051e-75,1.0
0.013788128443276553,0.0009018037054108217,2.2106745064296542e-76,1.0
0.013788128443276553,0.0010020041060120242,8.043627829260927e-74,1.0
0.013788128443276553,0.0011022045066132265,2.9326941394886236e-75,0.9999999999999999
0.013885916587555109,1e-10,4.9696982466043944e-76,1.0
0.013885916587555109,0.0001002005006012024,5.63054257724361e-76,1.0
0.013885916587555109,0.00020040090120240482,1.0772917689109848e-75,1.0
0.013885916587555109,0.0003006013018036072,3.724498718681142e-76,1.0
0.013885916587555109,0.0004008017024048096,9.05218589698098e-75,1.0
0.013885916587555109,0.0005010021030060121,2.951899891450576e-76,1.0
0.013885916587555109,0.0006012025036072144,3.6610365536079723e-75,1.0
0.013885916587555109,0.0007014029042084169,8.814203354554348e-74,1.0
0.013885916587555109,0.0008016033048096193,3.525323394569879e-75,1.0
0.013885916587555109,0.0009018037054108217,2.8835277909479946e-75,1.0
0.013885916587555109,0.0010020041060120242,3.711154774413955e-75,1.0
0.013885916587555109,0.0011022045066132265,8.521178080099343e-74,1.0
0.013983704731833666,1e-10,8.162132755052151e-76,1.0
0.013983704731833666,0.0001002005006012024,6.903281228981233e-75,1.0
0.013983704731833666,0.00020040090120240482,6.347733359901532e-76,1.0
0.013983704731833666,0.0003006013018036072,2.0754337090215957e-75,0.9999999999999999
0.013983704731833666,0.0004008017024048096,2.7836934205452937e-76,1.0
0.013983704731833666,0.0005010021030060121,1.0314423370569407e-74,1.0
0.013983704731833666,0.0006012025036072144,2.1618462289671403e-75,1.0
0.013983704731833666,0.0007014029042084169,1.3155588270356771e-76,1.0
0.013983704731833666,0.0008016033048096193,2.196423451015673e-76,1.0
0.013983704731833666,0.0009018037054108217,2.1612792070396407e-74,1.0
0.013983704731833666,0.0010020041060120242,1.4231272207806033e-75,1.0
0.013983704731833666,0.0011022045066132265,1.4798130460848621e-75,1.0
0.014081492876112224,1e-10,1.3384980126797935e-75,0.9999999999999999
0.014081492876112224,0.0001002005006012024,3.617195992085263e-75,1.0
0.014081492876112224,0.00020040090120240482,2.107132917390725e-75,1.0
0.014081492876112224,0.0003006013018036072,4.439648610362176e-75,1.0
0.014081492876112224,0.0004008017024048096,5.871590618674111e-76,1.0
0.014081492876112224,0.0005010021030060121,3.811871116413113e-75,1.0
0.014081492876112224,0.0006012025036072144,3.2576849224268876e-74,1.0
0.014081492876112224,0.0007014029042084169,8.911881648585343e-74,1.0
0.014081492876112224,0.0008016033048096193,1.6163213971360273e-75,1.0
0.014081492876112224,0.0009018037054108217,6.865259990216563e-76,1.0
0.014081492876112224,0.0010020041060120242,5.609799691552345e-76,1.0
0.014081492876112224,0.0011022045066132265,1.4518678050017436e-75,1.0
0.014179281020390781,1e-10,2.2003854966595753e-75,1.0
0.014179281020390781,0.0001002005006012024,1.718339288590057e-75,1.0
0.014179281020390781,0.00020040090120240482,6.770291617677265e-75,1.0
0.014179281020390781,0.0003006013018036072,1.3762947897358272e-75,1.0
0.014179281020390781,0.0004008017024048096,3.2721336437221745e-74,0.9999999999999999
0.014179281020390781,0.0005010021030060121,6.637008314256039e-75,1.0
0.014179281020390781,0.0006012025036072144,1.6332447511024215e-74,1.0
0.014179281020390781,0.0007014029042084169,8.211693618791056e-74,1.0
0.014179281020390781,0.0008016033048096193,3.096456132495893e-74,1.0
0.014179281020390781,0.0009018037054108217,9.738620734931987e-74,1.0
0.014179281020390781,0.0010020041060120242,1.425727676434307e-75,1.0
0.014179281020390781,0.0011022045066132265,3.8075388211272687e-75,1.0
0.014277069164669339,1e-10,3.6082590340980917e-75,1.0
0.014277069164669339,0.0001002005006012024,4.728214973438145e-75,1.0
0.014277069164669339,0.00020040090120240482,1.4709555422960496e-74,1.0
0.014277069164669339,0.0003006013018036072,1.4357069524155e-74,1.0
0.014277069164669339,0.0004008017024048096,1.523713754338043e-73,1.0
0.014277069164669339,0.0005010021030060121,2.0109845434335285e-74,1.0
0.014277069164669339,0.0006012025036072144,4.2685756541414744e-75,1.0
0.014277069164669339,0.0007014029042084169,1.1111136104481247e-74,1.0
0.014277069164669339,0.0008016033048096193,4.691328973183128e-74,1.0
0.014277069164669339,0.0009018037054108217,3.4141739064274117e-75,1.0
0.014277069164669339,0.0010020041060120242,6.782938691227239e-73,1.0
0.014277069164669339,0.0011022045066132265,4.3095250014448243e-72,1.0
0.014374857308947895,1e-10,5.920797726041019e-75,1.0
0.014374857308947895,0.0001002005006012024,3.260682561023764e-75,1.0
0.014374857308947895,0.00020040090120240482,5.081810530129536e-75,1.0
0.014374857308947895,0.0003006013018036072,6.846559527631732e-75,1.0
0.014374857308947895,0.0004008017024048096,3.1863861549995116e-74,1.0
0.014374857308947895,0.0005010021030060121,3.6093212697822025e-74,1.0
0.014374857308947895,0.0006012025036072144,1.7840720836508136e-75,1.0
0.014374857308947895,0.0007014029042084169,5.709440834529556e-74,1.0
0.014374857308947895,0.0008016033048096193,2.111352564592157e-74,1.0
0.014374857308947895,0.0009018037054108217,9.525619772427358e-74,1.0
0.014374857308947895,0.0010020041060120242,3.9158559868410785e-73,1.0
0.014374857308947895,0.0011022045066132265,3.4924184982240925e-75,1.0
0.014472645453226452,1e-10,9.72070414101815e-75,1.0
0.014472645453226452,0.0001002005006012024,2.4255474999369465e-74,1.0
0.014472645453226452,0.00020040090120240482,1.5356806338813866e-74,1.0
0.014472645453226452,0.0003006013018036072,1.5965082487664592e-73,1.0
0.014472645453226452,0.0004008017024048096,3.251143574478685e-73,1.0
0.014472645453226452,0.0005010021030060121,3.9527137684601185e-74,1.0
0.014472645453226452,0.0006012025036072144,1.859123985195881e-75,1.0
0.014472645453226452,0.0007014029042084169,1.1873148119978508e-73,1.0
0.014472645453226452,0.0008016033048096193,3.4603382463077136e-74,1.0
0.014472645453226452,0.0009018037054108217,1.4104751768178614e-73,1.0
0.014472645453226452,0.0010020041060120242,1.0083721889292029e-74,1.0
0.014472645453226452,0.0011022045066132265,2.6592234807784647e-74,1.0
0.01457043359750501,1e-10,1.5971029807313106e-74,1.0
0.01457043359750501,0.0001002005006012024,9.564160119672842e-75,1.0
0.01457043359750501,0.00020040090120240482,5.606904527366914e-74,1.0
0.01457043359750501,0.0003006013018036072,4.002683447663073e-74,1.0
0.01457043359750501,0.0004008017024048096,2.739610050052289e-73,1.0
0.01457043359750501,0.0005010021030060121,6.804781402888769e-73,1.0
0.01457043359750501,0.0006012025036072144,4.270073121162528e-73,1.0
0.01457043359750501,0.0007014029042084169,3.58599360702204e-74,1.0
0.01457043359750501,0.0008016033048096193,8.748715084783375e-73,1.0
0.01457043359750501,0.0009018037054108217,1.52285942532734e-73,1.0
0.01457043359750501,0.0010020041060120242,3.21824775797921e-73,1.0
0.01457043359750501,0.0011022045066132265,4.4171536465408235e-73,1.0
0.014668221741783566,1e-10,2.6182814727900164e-74,1.0
0.014668221741783566,0.0001002005006012024,5.023189953727148e-74,1.0
0.014668221741783566,0.00020040090120240482,1.5372007036875114e-74,1.0
0.014668221741783566,0.0003006013018036072,2.677294665358706e-74,1.0
0.014668221741783566,0.0004008017024048096,5.95576806734014e-73,1.0
0.014668221741783566,0.0005010021030060121,1.057208691439222e-74,1.0
0.014668221741783566,0.0006012025036072144,1.1168926612870726e-74,1.0
0.014668221741783566,0.0007014029042084169,6.43182747540728e-74,1.0
0.014668221741783566,0.0008016033048096193,1.0343295297823806e-74,1.0
0.014668221741783566,0.0009018037054108217,9.616827310163639e-74,1.0
0.014668221741783566,0.0010020041060120242,7.251970578815792e-74,1.0
0.014668221741783566,0.0011022045066132265,4.559791008943393e-71,1.0
0.014766009886062123,1e-10,4.298043093747002e-74,1.0
0.014766009886062123,0.0001002005006012024,1.9325068058425477e-73,1.0
0.014766009886062123,0.00020040090120240482,9.618735426455755e-74,1.0
0.014766009886062123,0.0003006013018036072,4.061562369357564e-74,1.0
0.014766009886062123,0.0004008017024048096,9.863120327756096e-74,1.0
0.014766009886062123,0.0005010021030060121,3.565919330945403e-73,1.0
0.014766009886062123,0.0006012025036072144,6.2661964578172385e-74,1.0
0.014766009886062123,0.0007014029042084169,2.271147224086347e-73,1.0
0.014766009886062123,0.0008016033048096193,4.4912049426847534e-73,1.0
0.014766009886062123,0.0009018037054108217,5.295516813179508e-72,1.0
0.014766009886062123,0.0010020041060120242,7.863600218380537e-73,0.9999999999999999
0.014766009886062123,0.0011022045066132265,2.1762153368060475e-71,1.0
0.01486379803034068,1e-10,7.064526405478121e-74,1.0
0.01486379803034068,0.0001002005006012024,7.494069214166904e-74,1.0
0.01486379803034068,0.00020040090120240482,1.9081974654085297e-73,1.0
0.01486379803034068,0.0003006013018036072,1.6947624379106098e-73,1.0
0.01486379803034068,0.0004008017024048096,4.1031124170086805e-74,1.0
0.01486379803034068,0.0005010021030060121,5.766873091209251e-74,1.0
0.01486379803034068,0.0006012025036072144,2.343359669561481e-71,1.0
0.01486379803034068,0.0007014029042084169,7.795305110004213e-75,1.0
0.01486379803034068,0.0008016033048096193,6.492263956679649e-73,1.0
0.01486379803034068,0.0009018037054108217,2.0750653527651145e-73,1.0
0.01486379803034068,0.0010020041060120242,1.947147401871092e-71,1.0
0.01486379803034068,0.0011022045066132265,5.598335338213819e-74,1.0
0.014961586174619238,1e-10,1.1593996025893128e-73,1.0
0.014961586174619238,0.0001002005006012024,5.8074440816975385e-74,1.0
0.014961586174619238,0.00020040090120240482,1.1303869747307618e-73,1.0
0.014961586174619238,0.0003006013018036072,1.148080461035625e-73,1.0
0.014961586174619238,0.0004008017024048096,6.1947875575236714e-74,0.9999999999999999
0.014961586174619238,0.0005010021030060121,3.2624827550623874e-73,1.0
0.014961586174619238,0.0006012025036072144,1.7445259512474239e-71,1.0
0.014961586174619238,0.0007014029042084169,1.578481089286389e-72,1.0
0.014961586174619238,0.0008016033048096193,3.565580874112502e-72,1.0
0.014961586174619238,0.0009018037054108217,5.71222841333165e-74,1.0
0.014961586174619238,0.0010020041060120242,3.2639418720319754e-73,1.0
0.014961586174619238,0.0011022045066132265,6.676751433734679e-73,1.0
0.014961586174619238,0.0012024049072144288,4.381239477893043e-71,1.0
0.015059374318897796,1e-10,1.9027790758876813e-73,1.0
0.015059374318897796,0.0001002005006012024,4.459005947965645e-73,1.0
0.015059374318897796,0.00020040090120240482,8.700858922380992e-73,1.0
0.015059374318897796,0.0003006013018036072,6.568056367644789e-73,1.0
0.015059374318897796,0.0004008017024048096,5.496939782779675e-73,1.0
0.015059374318897796,0.0005010021030060121,6.89252956972051e-73,1.0
0.015059374318897796,0.0006012025036072144,1.5210036331795792e-72,1.0
0.015059374318897796,0.0007014029042084169,4.588646170338612e-72,1.0
0.015059374318897796,0.0008016033048096193,8.890914407127962e-71,1.0
0.015059374318897796,0.0009018037054108217,1.1126802945438177e-72,1.0
0.015059374318897796,0.0010020041060120242,2.716916456645807e-72,1.0
0.015059374318897796,0.0011022045066132265,2.3853794396812727e-72,1.0
0.015059374318897796,0.0012024049072144288,3.4695592041566654e-72,1.0
0.015157162463176352,1e-10,3.125680691762821e-73,1.0
0.015157162463176352,0.0001002005006012024,9.773597084795558e-74,1.0
0.015157162463176352,0.00020040090120240482,2.990520810430832e-73,1.0
0.015157162463176352,0.0003006013018036072,1.5849223972584411e-72,1.0
0.015157162463176352,0.0004008017024048096,2.364992474914779e-73,1.0
0.015157162463176352,0.0005010021030060121,1.0480983579873966e-72,1.0
0.015157162463176352,0.0006012025036072144,2.1186507958535748e-72,1.0
0.015157162463176352,0.0007014029042084169,2.035584315055236e-71,1.0
0.015157162463176352,0.0008016033048096193,4.582376522826517e-73,1.0
0.015157162463176352,0.0009018037054108217,1.1314929473893748e-73,1.0
0.015157162463176352,0.0010020041060120242,9.58729323669443e-74,1.0
0.015157162463176352,0.0011022045066132265,4.778775750705121e-71,1.0
0.015157162463176352,0.0012024049072144288,3.8928922225710845e-71,1.0
0.015254950607454909,1e-10,5.1383943512942913e-73,1.0
0.015254950607454909,0.0001002005006012024,5.5582573010277504e-73,1.0
0.015254950607454909,0.00020040090120240482,2.3495382181264845e-72,1.0
0.015254950607454909,0.0003006013018036072,6.96714686460437e-73,1.0
0.015254950607454909,0.0004008017024048096,1.2033935814509253e-72,1.0
0.015254950607454909,0.0005010021030060121,5.897899704227696e-72,1.0
0.015254950607454909,0.0006012025036072144,3.973004327365702e-72,1.0
0.015254950607454909,0.0007014029042084169,3.070607953608659e-72,1.0
0.015254950607454909,0.0008016033048096193,3.050985343104113e-71,1.0
0.015254950607454909,0.0009018037054108217,1.914234126002448e-72,1.0
0.015254950607454909,0.0010020041060120242,1.780828337272674e-73,1.0
0.015254950607454909,0.0011022045066132265,1.8247209088820882e-73,1.0
0.015254950607454909,0.0012024049072144288,7.146192380066999e-72,1.0
0.015352738751733467,1e-10,8.426542747754433e-73,1.0
0.015352738751733467,0.0001002005006012024,4.538322332203453e-73,1.0
0.015352738751733467,0.00020040090120240482,7.194791368935066e-72,1.0
0.015352738751733467,0.0003006013018036072,1.9244166047603246e-72,1.0
0.015352738751733467,0.0004008017024048096,4.4633817788879505e-72,1.0
0.015352738751733467,0.0005010021030060121,2.4546311900859535e-71,1.0
0.015352738751733467,0.0006012025036072144,7.225222815754431e-72,1.0
0.015352738751733467,0.0007014029042084169,5.944487805560818e-71,1.0
0.015352738751733467,0.0008016033048096193,4.960721816933558e-71,1.0
0.015352738751733467,0.0009018037054108217,2.1772467556801734e-72,1.0
0.015352738751733467,0.0010020041060120242,5.245828242655037e-71,1.0
0.015352738751733467,0.0011022045066132265,4.860351967225172e-71,1.0
0.015352738751733467,0.0012024049072144288,9.705664901411935e-73,1.0
0.015450526896012022,1e-10,1.3866809058494106e-72,1.0
0.015450526896012022,0.0001002005006012024,5.54984997731379e-72,1.0
0.015450526896012022,0.00020040090120240482,1.380177026629227e-72,1.0
0.015450526896012022,0.0003006013018036072,3.791435699640596e-71,1.0
0.015450526896012022,0.0004008017024048096,5.3538631613399435e-71,1.0
0.015450526896012022,0.0005010021030060121,4.211722754012963e-71,1.0
0.015450526896012022,0.0006012025036072144,6.950867976946143e-71,1.0
0.015450526896012022,0.0007014029042084169,5.391061497168291e-71,1.0
0.015450526896012022,0.0008016033048096193,2.2041588256699197e-71,1.0
0.015450526896012022,0.0009018037054108217,1.0380725556887078e-72,1.0
0.015450526896012022,0.0010020041060120242,1.5307574486124124e-71,1.0
0.015450526896012022,0.0011022045066132265,6.4990789478008694e-71,1.0
0.015450526896012022,0.0012024049072144288,2.2037614245789907e-71,1.0
0.01554831504029058,1e-10,2.27125707214608e-72,1.0
0.01554831504029058,0.0001002005006012024,5.623334060013711e-72,1.0
0.01554831504029058,0.00020040090120240482,2.6306666231007563e-72,1.0
0.01554831504029058,0.0003006013018036072,1.601712720797477e-72,1.0
0.01554831504029058,0.0004008017024048096,2.628796100644653e-71,1.0
0.01554831504029058,0.0005010021030060121,1.7371936154924152e-71,1.0
0.01554831504029058,0.0006012025036072144,1.6176991429621833e-71,1.0
0.01554831504029058,0.0007014029042084169,1.1163345654168071e-71,1.0
0.01554831504029058,0.0008016033048096193,1.814805599769712e-71,1.0
0.01554831504029058,0.0009018037054108217,1.8862192351944146e-71,1.0
0.01554831504029058,0.0010020041060120242,1.715261121265855e-70,1.0
0.01554831504029058,0.0011022045066132265,1.1867048907530827e-71,1.0
0.01554831504029058,0.0012024049072144288,1.3264932248586742e-70,1.0
0.01564610318456914,1e-10,3.736408169815536e-72,1.0
0.01564610318456914,0.0001002005006012024,7.489184727166351e-72,1.0
0.01564610318456914,0.00020040090120240482,1.1909691563459501e-71,1.0
0.01564610318456914,0.0003006013018036072,3.5346787698605226e-72,1.0
0.01564610318456914,0.0004008017024048096,4.932496941897308e-72,1.0
0.01564610318456914,0.0005010021030060121,5.130792509913081e-72,1.0
0.01564610318456914,0.0006012025036072144,5.816843776339158e-72,1.0
0.01564610318456914,0.0007014029042084169,6.820935972248981e-72,1.0
0.01564610318456914,0.0008016033048096193,1.9137005874386794e-70,1.0
0.01564610318456914,0.0009018037054108217,4.0296000311266185e-70,1.0
0.01564610318456914,0.0010020041060120242,3.3818265382290617e-72,1.0
0.01564610318456914,0.0011022045066132265,2.87104917559348e-71,1.0
0.01564610318456914,0.0012024049072144288,2.5032378630289035e-73,1.0
0.015743891328847695,1e-10,6.133512008865348e-72,1.0
0.015743891328847695,0.0001002005006012024,4.555471288411816e-72,1.0
0.015743891328847695,0.00020040090120240482,3.77570323484082e-71,1.0
0.015743891328847695,0.0003006013018036072,8.883634103902999e-73,1.0
0.015743891328847695,0.0004008017024048096,8.622085475750206e-71,1.0
0.015743891328847695,0.0005010021030060121,3.2843502743153057e-71,1.0
0.015743891328847695,0.0006012025036072144,3.856369480231463e-71,1.0
0.015743891328847695,0.0007014029042084169,4.7967185026642865e-73,1.0
0.015743891328847695,0.0008016033048096193,4.893833988002628e-70,1.0
0.015743891328847695,0.0009018037054108217,3.420961950989055e-73,1.0
0.015743891328847695,0.0010020041060120242,1.688673177789375e-70,1.0
0.015743891328847695,0.0011022045066132265,1.8229496009177414e-72,1.0
0.015743891328847695,0.0012024049072144288,7.67475298320205e-71,1.0
0.015841679473126254,1e-10,1.0054496168432073e-71,1.0
0.015841679473126254,0.0001002005006012024,1.472791903335732e-71,1.0
0.015841679473126254,0.00020040090120240482,2.432352377785605e-71,1.0
0.015841679473126254,0.0003006013018036072,5.985157421018911e-71,1.0
0.015841679473126254,0.0004008017024048096,1.807019613104306e-71,1.0
0.015841679473126254,0.0005010021030060121,1.175258765360125e-71,1.0
0.015841679473126254,0.0006012025036072144,3.312022450384849e-72,1.0
0.015841679473126254,0.0007014029042084169,1.779162945439211e-71,1.0
0.015841679473126254,0.0008016033048096193,1.6625304746541638e-69,1.0
0.015841679473126254,0.0009018037054108217,6.390806662498489e-72,1.0
0.015841679473126254,0.0010020041060120242,3.718219906014388e-72,1.0
0.015841679473126254,0.0011022045066132265,1.0518326695704638e-72,1.0
0.015841679473126254,0.0012024049072144288,1.655636553239093e-70,1.0
0.01593946761740481,1e-10,1.655255523070523e-71,1.0
0.01593946761740481,0.0001002005006012024,1.8894799819865556e-71,1.0
0.01593946761740481,0.00020040090120240482,1.533368467609396e-70,1.0
0.01593946761740481,0.0003006013018036072,1.0482144419201517e-70,1.0
0.01593946761740481,0.0004008017024048096,1.033391182657914e-71,1.0
0.01593946761740481,0.0005010021030060121,2.225983654375482e-70,1.0
0.01593946761740481,0.0006012025036072144,3.983371187174426e-70,1.0
0.01593946761740481,0.0007014029042084169,4.761615319305625e-72,1.0
0.01593946761740481,0.0008016033048096193,9.740315444594532e-69,1.0
0.01593946761740481,0.0009018037054108217,8.0430690619603e-70,1.0
0.01593946761740481,0.0010020041060120242,3.70400505753343e-69,1.0
0.01593946761740481,0.0011022045066132265,9.397371030048872e-70,1.0
0.01593946761740481,0.0012024049072144288,4.0892570847212384e-70,1.0
0.01603725576168337,1e-10,2.7135559077821484e-71,1.0
0.01603725576168337,0.0001002005006012024,1.5363986175007809e-71,1.0
0.01603725576168337,0.00020040090120240482,9.029775580530358e-71,1.0
0.01603725576168337,0.0003006013018036072,1.4162691859090437e-71,1.0
0.01603725576168337,0.0004008017024048096,2.3515488064621853e-71,1.0
0.01603725576168337,0.0005010021030060121,8.079859736725998e-71,1.0
0.01603725576168337,0.0006012025036072144,1.3811000029373804e-70,1.0
0.01603725576168337,0.0007014029042084169,9.266306258847053e-70,1.0
0.01603725576168337,0.0008016033048096193,5.153940896032393e-70,1.0
0.01603725576168337,0.0009018037054108217,1.065502615682887e-70,1.0
0.01603725576168337,0.0010020041060120242,1.5672409220586138e-70,1.0
0.01603725576168337,0.0011022045066132265,1.3333205684110325e-69,1.0
0.01603725576168337,0.0012024049072144288,1.7435245720933386e-67,1.0
0.016135043905961925,1e-10,4.4659164550160385e-71,1.0
0.016135043905961925,0.0001002005006012024,3.7348186929694674e-71,1.0
0.016135043905961925,0.00020040090120240482,1.5197222922185375e-71,1.0
0.016135043905961925,0.0003006013018036072,7.46969576259552e-71,1.0
0.016135043905961925,0.0004008017024048096,7.545911709250682e-70,1.0
0.016135043905961925,0.0005010021030060121,6.570677117554196e-71,1.0
0.016135043905961925,0.0006012025036072144,1.9821011148483945e-70,1.0
0.016135043905961925,0.0007014029042084169,5.305839342833554e-68,1.0
0.016135043905961925,0.0008016033048096193,1.017922135306e-70,1.0
0.016135043905961925,0.0009018037054108217,7.733780106362489e-70,1.0
0.016135043905961925,0.0010020041060120242,4.506913562154692e-72,1.0
0.016135043905961925,0.0011022045066132265,8.838740424146975e-70,1.0
0.016135043905961925,0.0012024049072144288,5.223473101858998e-70,1.0
0.01623283205024048,1e-10,7.32391897845031e-71,1.0
0.01623283205024048,0.0001002005006012024,1.432299418117099e-70,1.0
0.01623283205024048,0.00020040090120240482,1.0258883745832642e-70,1.0
0.01623283205024048,0.0003006013018036072,2.1141757692602736e-70,1.0
0.01623283205024048,0.0004008017024048096,7.696284061285812e-71,1.0
0.01623283205024048,0.0005010021030060121,6.43369821481195e-70,1.0
0.01623283205024048,0.0006012025036072144,2.078174828550262e-70,1.0
0.01623283205024048,0.0007014029042084169,1.071645142516176e-70,1.0
0.01623283205024048,0.0008016033048096193,5.822509823574028e-70,1.0
0.01623283205024048,0.0009018037054108217,6.460534208559016e-70,1.0
0.01623283205024048,0.0010020041060120242,6.435218599149684e-70,1.0
0.01623283205024048,0.0011022045066132265,1.8461192497923469e-69,1.0
0.01623283205024048,0.0012024049072144288,1.0397227084974062e-68,1.0
0.01633062019451904,1e-10,1.2038138995533228e-70,1.0
0.01633062019451904,0.0001002005006012024,3.683302894823168e-70,1.0
0.01633062019451904,0.00020040090120240482,1.0673148357477372e-71,1.0
0.01633062019451904,0.0003006013018036072,6.428657244734472e-70,1.0
0.01633062019451904,0.0004008017024048096,9.866306785308528e-70,1.0
0.01633062019451904,0.0005010021030060121,2.4406202236247736e-70,1.0
0.01633062019451904,0.0006012025036072144,3.056014318155383e-70,1.0
0.01633062019451904,0.0007014029042084169,1.435028391839716e-69,1.0
0.01633062019451904,0.0008016033048096193,1.1229626288504861e-68,1.0
0.01633062019451904,0.0009018037054108217,1.572069489195729e-69,0.9999999999999999
0.01633062019451904,0.0010020041060120242,9.038630128415087e-68,1.0
0.01633062019451904,0.0011022045066132265,1.6718759124459333e-70,1.0
0.01633062019451904,0.0012024049072144288,8.682957505401838e-69,1.0
0.016428408338797596,1e-10,1.980433903328919e-70,1.0
0.016428408338797596,0.0001002005006012024,3.1197292845531276e-71,1.0
0.016428408338797596,0.00020040090120240482,1.05118414506605e-70,1.0
0.016428408338797596,0.0003006013018036072,2.6729468315910616e-70,1.0
0.016428408338797596,0.0004008017024048096,2.1071598869970064e-70,1.0
0.016428408338797596,0.0005010021030060121,3.366398458542018e-69,1.0
0.016428408338797596,0.0006012025036072144,6.331150985598772e-70,1.0
0.016428408338797596,0.0007014029042084169,3.044127020566978e-69,1.0
0.016428408338797596,0.0008016033048096193,3.793593678238415e-68,1.0
0.016428408338797596,0.0009018037054108217,3.3350394540786137e-71,1.0
0.016428408338797596,0.0010020041060120242,1.6017081099922689e-68,0.9999999999999999
0.016428408338797596,0.0011022045066132265,5.361959838064607e-69,1.0
0.016428408338797596,0.0012024049072144288,3.890842889596923e-71,1.0
0.016428408338797596,0.0013026053078156314,1.3635426958319637e-68,1.0
0.016526196483076152,1e-10,3.2510497695758046e-70,1.0
0.016526196483076152,0.0001002005006012024,1.5112027389861977e-70,1.0
0.016526196483076152,0.00020040090120240482,7.595759088524552e-70,1.0
0.016526196483076152,0.0003006013018036072,1.4403234400623553e-71,1.0
0.016526196483076152,0.0004008017024048096,2.999094970898614e-69,1.0
0.016526196483076152,0.0005010021030060121,4.599794337191308e-70,1.0
0.016526196483076152,0.0006012025036072144,1.3125024634636112e-69,1.0
0.016526196483076152,0.0007014029042084169,2.0613927547539762e-69,1.0
0.016526196483076152,0.0008016033048096193,6.41980074528625e-68,1.0
0.016526196483076152,0.0009018037054108217,4.8322429783989025e-68,1.0
0.016526196483076152,0.0010020041060120242,1.7016441544556672e-68,1.0
0.016526196483076152,0.0011022045066132265,1.78293194900981e-69,1.0
0.016526196483076152,0.0012024049072144288,1.986878773946338e-68,1.0
0.016526196483076152,0.0013026053078156314,1.0207379811059148e-66,1.0
0.01662398462735471,1e-10,5.349491874774142e-70,1.0
0.01662398462735471,0.0001002005006012024,2.1625355948527084e-69,1.0
0.01662398462735471,0.00020040090120240482,2.0439294153780068e-69,1.0
0.01662398462735471,0.0003006013018036072,1.246560281294811e-69,1.0
0.01662398462735471,0.0004008017024048096,2.9669696688090904e-69,1.0
0.01662398462735471,0.0005010021030060121,6.295589215721662e-69,1.0
0.01662398462735471,0.0006012025036072144,1.416253772357972e-67,1.0
0.01662398462735471,0.0007014029042084169,2.870839529218102e-69,1.0
0.01662398462735471,0.0008016033048096193,3.773604017014608e-69,1.0
0.01662398462735471,0.0009018037054108217,2.3940053520530345e-69,1.0
0.01662398462735471,0.0010020041060120242,4.2441886406080676e-68,1.0
0.01662398462735471,0.0011022045066132265,2.5929344848623812e-68,1.0
0.01662398462735471,0.0012024049072144288,4.803255893050827e-67,1.0
0.01662398462735471,0.0013026053078156314,3.3821255518850204e-67,1.0
0.016721772771633267,1e-10,8.788617742834845e-70,1.0
0.016721772771633267,0.0001002005006012024,1.4309449473040217e-69,1.0
0.016721772771633267,0.00020040090120240482,8.082127646173105e-70,1.0
0.016721772771633267,0.0003006013018036072,3.191890318575714e-70,1.0
0.016721772771633267,0.0004008017024048096,8.41177427264515e-69,1.0
0.016721772771633267,0.0005010021030060121,1.4816667112125313e-70,1.0
0.016721772771633267,0.0006012025036072144,1.997694927074593e-68,1.0
0.016721772771633267,0.0007014029042084169,9.292097202489619e-68,1.0
0.016721772771633267,0.0008016033048096193,3.022621636257518e-68,1.0
0.016721772771633267,0.0009018037054108217,7.530610922512646e-69,1.0
0.016721772771633267,0.0010020041060120242,2.3497476724969295e-68,1.0
0.016721772771633267,0.0011022045066132265,3.7682746916107505e-70,1.0
0.016721772771633267,0.0012024049072144288,3.07045673882754e-67,1.0
0.016721772771633267,0.0013026053078156314,4.5015921373520927e-69,1.0
0.016819560915911823,1e-10,1.4422640031096054e-69,1.0
0.016819560915911823,0.0001002005006012024,6.131712683512014e-70,1.0
0.016819560915911823,0.00020040090120240482,3.7994804199173504e-69,1.0
0.016819560915911823,0.0003006013018036072,3.9287644156841565e-69,1.0
0.016819560915911823,0.0004008017024048096,2.5386572762899043e-69,1.0
0.016819560915911823,0.0005010021030060121,2.460253473217844e-67,1.0
0.016819560915911823,0.0006012025036072144,7.141349298254854e-69,1.0
0.016819560915911823,0.0007014029042084169,1.0471674630257375e-69,1.0
0.016819560915911823,0.0008016033048096193,4.013382556680727e-69,1.0
0.016819560915911823,0.0009018037054108217,6.901212183614677e-68,1.0
0.016819560915911823,0.0010020041060120242,3.486479390986311e-68,1.0
0.016819560915911823,0.0011022045066132265,2.8652526767613105e-68,1.0
0.016819560915911823,0.0012024049072144288,3.9312493140567595e-67,1.0
0.016819560915911823,0.0013026053078156314,2.7270275418619935e-68,1.0
0.016917349060190382,1e-10,2.373152226200395e-69,1.0
0.016917349060190382,0.0001002005006012024,1.2195394591165557e-69,1.0
0.016917349060190382,0.00020040090120240482,1.2648245791753111e-68,1.0
0.016917349060190382,0.0003006013018036072,1.5395788259788112e-68,0.9999999999999999
0.016917349060190382,0.0004008017024048096,4.992374059136509e-68,1.0
0.016917349060190382,0.0005010021030060121,3.399427659942787e-68,1.0
0.016917349060190382,0.0006012025036072144,2.916626280244902e-68,1.0
0.016917349060190382,0.0007014029042084169,6.823005758223239e-68,1.0
0.016917349060190382,0.0008016033048096193,1.832591675223255e-68,1.0
0.016917349060190382,0.0009018037054108217,7.2234127710187855e-68,1.0
0.016917349060190382,0.0010020041060120242,2.991853464016687e-67,1.0
0.016917349060190382,0.0011022045066132265,3.4244490398823456e-67,1.0
0.016917349060190382,0.0012024049072144288,4.1528552097093545e-65,1.0
0.016917349060190382,0.0013026053078156314,8.347359759150514e-68,1.0
0.017015137204468938,1e-10,3.8963664261904786e-69,1.0
0.017015137204468938,0.0001002005006012024,1.6742368098979954e-68,1.0
0.017015137204468938,0.00020040090120240482,6.04229138967651e-69,1.0
0.017015137204468938,0.0003006013018036072,1.8321852924004522e-69,1.0
0.017015137204468938,0.0004008017024048096,1.6367508268837618e-69,1.0
0.017015137204468938,0.0005010021030060121,1.2587574918209293e-68,1.0
0.017015137204468938,0.0006012025036072144,4.442607348023574e-68,1.0
0.017015137204468938,0.0007014029042084169,5.8259246665731005e-68,1.0
0.017015137204468938,0.0008016033048096193,1.619286387712593e-68,1.0
0.017015137204468938,0.0009018037054108217,1.0573644905985012e-66,1.0
0.017015137204468938,0.0010020041060120242,2.2421011700312395e-67,1.0
0.017015137204468938,0.0011022045066132265,5.858058764272742e-68,0.9999999999999999
0.017015137204468938,0.0012024049072144288,9.526675054180307e-69,1.0
0.017015137204468938,0.0013026053078156314,1.5720188678017264e-66,0.9999999999999999
0.017112925348747497,1e-10,6.407823192742247e-69,1.0
0.017112925348747497,0.0001002005006012024,2.2540773613625165e-68,1.0
0.017112925348747497,0.00020040090120240482,1.3615235768405033e-68,1.0
0.017112925348747497,0.0003006013018036072,5.254074472727375e-69,1.0
0.017112925348747497,0.0004008017024048096,7.779463410216248e-69,1.0
0.017112925348747497,0.0005010021030060121,3.941008480658218e-69,1.0
0.017112925348747497,0.0006012025036072144,1.0672456654477958e-69,1.0
0.017112925348747497,0.0007014029042084169,1.2346666056113228e-67,1.0
0.017112925348747497,0.0008016033048096193,2.0960458733507485e-69,1.0
0.017112925348747497,0.0009018037054108217,2.9020775137419223e-67,1.0
0.017112925348747497,0.0010020041060120242,1.9307575693107093e-69,1.0
0.017112925348747497,0.0011022045066132265,2.876775376764001e-67,1.0
0.017112925348747497,0.0012024049072144288,4.234427753404159e-67,1.0
0.017112925348747497,0.0013026053078156314,4.919890788205941e-69,1.0
0.017210713493026053,1e-10,1.0534048512469876e-68,1.0
0.017210713493026053,0.0001002005006012024,1.2625561936771034e-68,1.0
0.017210713493026053,0.00020040090120240482,2.1192804661243054e-68,1.0
0.017210713493026053,0.0003006013018036072,9.500647534157864e-68,1.0
0.017210713493026053,0.0004008017024048096,9.802592004950303e-68,1.0
0.017210713493026053,0.0005010021030060121,6.262989997801882e-69,1.0
0.017210713493026053,0.0006012025036072144,4.254646976090509e-68,0.9999999999999999
0.017210713493026053,0.0007014029042084169,1.0771031493859054e-68,1.0
0.017210713493026053,0.0008016033048096193,8.565440699421381e-68,1.0
0.017210713493026053,0.0009018037054108217,1.0174767548620653e-67,1.0
0.017210713493026053,0.0010020041060120242,1.337051375996315e-66,1.0
0.017210713493026053,0.0011022045066132265,2.8910379793841932e-68,1.0
0.017210713493026053,0.0012024049072144288,3.150807069864845e-66,1.0
0.017210713493026053,0.0013026053078156314,1.2165751018479734e-67,1.0
0.01730850163730461,1e-10,1.7320301716488504e-68,1.0
0.01730850163730461,0.0001002005006012024,2.1970733587588787e-68,0.9999999999999999
0.01730850163730461,0.00020040090120240482,2.7255144992112203e-68,1.0
0.01730850163730461,0.0003006013018036072,7.013167482881742e-68,1.0
0.01730850163730461,0.0004008017024048096,5.569355595037125e-67,1.0
0.01730850163730461,0.0005010021030060121,2.5826572892380837e-67,1.0
0.01730850163730461,0.0006012025036072144,9.30861126906798e-69,1.0
0.01730850163730461,0.0007014029042084169,1.5799064606371374e-67,1.0
0.01730850163730461,0.0008016033048096193,7.3336628550847014e-68,1.0
0.01730850163730461,0.0009018037054108217,7.912933561143068e-67,0.9999999999999999
0.01730850163730461,0.0010020041060120242,3.2651334772159656e-66,1.0
0.01730850163730461,0.0011022045066132265,7.072935769782917e-69,1.0
0.01730850163730461,0.0012024049072144288,1.8469733901649136e-66,1.0
0.01730850163730461,0.0013026053078156314,4.034092499131128e-67,1.0
0.017406289781583168,1e-10,2.8453271869002383e-68,1.0
0.017406289781583168,0.0001002005006012024,2.4405051834720762e-68,1.0
0.017406289781583168,0.00020040090120240482,1.394574451948263e-67,1.0
0.017406289781583168,0.0003006013018036072,4.683854006792288e-67,1.0
0.017406289781583168,0.0004008017024048096,4.280537150331779e-68,1.0
0.017406289781583168,0.0005010021030060121,7.436108079130587e-68,1.0
0.017406289781583168,0.0006012025036072144,3.7397561937210745e-68,0.9999999999999999
0.017406289781583168,0.0007014029042084169,4.822191953283732e-68,1.0
0.017406289781583168,0.0008016033048096193,2.5518023039071842e-68,1.0
0.017406289781583168,0.0009018037054108217,6.042421251775619e-67,1.0
0.017406289781583168,0.0010020041060120242,2.0375021400394e-66,1.0
0.017406289781583168,0.0011022045066132265,6.278951324300016e-68,1.0
0.017406289781583168,0.0012024049072144288,2.1434264166406713e-67,1.0
0.017406289781583168,0.0013026053078156314,1.3251961103281431e-67,1.0
0.017504077925861724,1e-10,4.678519946974919e-68,1.0
0.017504077925861724,0.0001002005006012024,5.061697599532329e-68,0.9999999999999999
0.017504077925861724,0.00020040090120240482,8.566628591024733e-68,1.0
0.017504077925861724,0.0003006013018036072,1.6661900776362066e-67,1.0
0.017504077925861724,0.0004008017024048096,1.5115973934650265e-67,1.0
0.017504077925861724,0.0005010021030060121,4.5995599609353464e-67,1.0
0.017504077925861724,0.0006012025036072144,5.77358786346761e-67,1.0
0.017504077925861724,0.0007014029042084169,2.660153562772668e-66,1.0
0.017504077925861724,0.0008016033048096193,3.5190781974163544e-67,1.0
0.017504077925861724,0.0009018037054108217,7.814019276313441e-69,1.0
0.017504077925861724,0.0010020041060120242,3.717966398089031e-66,1.0
0.017504077925861724,0.0011022045066132265,1.5350970184627465e-66,1.0
0.017504077925861724,0.0012024049072144288,8.819638890171261e-65,1.0
0.017504077925861724,0.0013026053078156314,1.0215941528926805e-66,1.0
0.017601866070140283,1e-10,7.688401803272746e-68,1.0
0.017601866070140283,0.0001002005006012024,2.9600243290035893e-67,1.0
0.017601866070140283,0.00020040090120240482,2.511748077076656e-67,0.9999999999999999
0.017601866070140283,0.0003006013018036072,8.969078071474197e-68,1.0
0.017601866070140283,0.0004008017024048096,4.4463247199264156e-68,1.0
0.017601866070140283,0.0005010021030060121,6.297730613740547e-67,1.0
0.017601866070140283,0.0006012025036072144,1.0532255216992627e-67,1.0
0.017601866070140283,0.0007014029042084169,1.225070498361956e-68,1.0
0.017601866070140283,0.0008016033048096193,9.695782748407254e-67,1.0
0.017601866070140283,0.0009018037054108217,9.21219240795726e-67,1.0
0.017601866070140283,0.0010020041060120242,2.546222022653429e-66,1.0
0.017601866070140283,0.0011022045066132265,3.6175050169698006e-66,1.0
0.017601866070140283,0.0012024049072144288,8.347873956721612e-65,1.0
0.017601866070140283,0.0013026053078156314,1.157110484379954e-64,1.0
0.01769965421441884,1e-10,1.2645314671894849e-67,1.0
0.01769965421441884,0.0001002005006012024,2.915116058928591e-67,1.0
0.01769965421441884,0.00020040090120240482,3.7667009380282737e-67,1.0
0.01769965421441884,0.0003006013018036072,2.3337190856097135e-66,1.0
0.01769965421441884,0.0004008017024048096,2.6831584015309754e-67,1.0
0.01769965421441884,0.0005010021030060121,4.815296679740329e-67,1.0
0.01769965421441884,0.0006012025036072144,3.4108433591471556e-67,1.0
0.01769965421441884,0.0007014029042084169,1.7378027752135771e-66,1.0
0.01769965421441884,0.0008016033048096193,1.0623540810037747e-65,1.0
0.01769965421441884,0.0009018037054108217,1.806577973711883e-66,1.0
0.01769965421441884,0.0010020041060120242,4.959515434150535e-66,1.0
0.01769965421441884,0.0011022045066132265,7.231126906430944e-65,1.0
0.01769965421441884,0.0012024049072144288,7.789078714730628e-64,1.0
0.01769965421441884,0.0013026053078156314,1.055208488681374e-65,1.0
0.017797442358697395,1e-10,2.079682887569177e-67,1.0
0.017797442358697395,0.0001002005006012024,6.788469760661647e-68,0.9999999999999999
0.017797442358697395,0.00020040090120240482,1.1313232706385112e-67,1.0
0.017797442358697395,0.0003006013018036072,1.3633854273367588e-66,1.0
0.017797442358697395,0.0004008017024048096,1.5478103287630255e-67,1.0
0.017797442358697395,0.0005010021030060121,1.8374623499843704e-66,1.0
0.017797442358697395,0.0006012025036072144,9.637518024431083e-67,1.0
0.017797442358697395,0.0007014029042084169,2.596514559987624e-65,1.0
0.017797442358697395,0.0008016033048096193,1.1827983010333058e-65,1.0
0.017797442358697395,0.0009018037054108217,3.2469406952472015e-65,1.0
0.017797442358697395,0.0010020041060120242,1.0674591999866395e-67,1.0
0.017797442358697395,0.0011022045066132265,3.441223338095982e-66,1.0
0.017797442358697395,0.0012024049072144288,1.3080509948609455e-65,1.0
0.017797442358697395,0.0013026053078156314,5.470307449411185e-65,1.0
0.017895230502975954,1e-10,3.4163864658308255e-67,1.0
0.017895230502975954,0.0001002005006012024,2.9611316321436733e-67,1.0
0.017895230502975954,0.00020040090120240482,2.2505271471257535e-66,0.9999999999999999
0.017895230502975954,0.0003006013018036072,5.950376015368896e-66,1.0
0.017895230502975954,0.0004008017024048096,9.573168974599193e-68,1.0
0.017895230502975954,0.0005010021030060121,8.767698636632866e-69,1.0
0.017895230502975954,0.0006012025036072144,3.369646886268481e-66,1.0
0.017895230502975954,0.0007014029042084169,1.1723168192077947e-66,1.0
0.017895230502975954,0.0008016033048096193,2.700341614203817e-67,1.0
0.017895230502975954,0.0009018037054108217,8.565257566239164e-67,1.0
0.017895230502975954,0.0010020041060120242,1.4767601573334272e-66,0.9999999999999999
0.017895230502975954,0.0011022045066132265,1.1577695276226455e-65,1.0
0.017895230502975954,0.0012024049072144288,3.167707328995698e-65,1.0
0.017895230502975954,0.0013026053078156314,6.115923925191235e-67,1.0
0.017895230502975954,0.0014028057084168337,6.01185421283151e-66,1.0
0.01799301864725451,1e-10,5.627851155112258e-67,1.0
0.01799301864725451,0.0001002005006012024,1.9733931883450442e-67,1.0
0.01799301864725451,0.00020040090120240482,6.981839389350693e-67,1.0
0.01799301864725451,0.0003006013018036072,1.1871536471454557e-67,1.0
0.01799301864725451,0.0004008017024048096,6.2031338894770365e-65,1.0
0.01799301864725451,0.0005010021030060121,7.519491258455441e-66,1.0
0.01799301864725451,0.0006012025036072144,1.8865135881351276e-64,1.0
0.01799301864725451,0.0007014029042084169,1.3343143518251474e-65,1.0
0.01799301864725451,0.0008016033048096193,7.907272830682939e-66,1.0
0.01799301864725451,0.0009018037054108217,5.767917661483125e-66,0.9999999999999999
0.01799301864725451,0.0010020041060120242,8.54637278145915e-65,1.0
0.01799301864725451,0.0011022045066132265,3.5121966658913096e-66,1.0
0.01799301864725451,0.0012024049072144288,1.90701198372296e-67,1.0
0.01799301864725451,0.0013026053078156314,4.041960694572592e-66,1.0
0.01799301864725451,0.0014028057084168337,4.141138605867027e-65,1.0
0.018090806791533066,1e-10,9.237474098585962e-67,1.0
0.018090806791533066,0.0001002005006012024,8.521723240054495e-67,1.0
0.018090806791533066,0.00020040090120240482,1.181120702812507e-65,1.0
0.018090806791533066,0.0003006013018036072,2.1374267189266914e-66,1.0
0.018090806791533066,0.0004008017024048096,2.7862470986688532e-65,1.0
0.018090806791533066,0.0005010021030060121,7.201913970073288e-67,1.0
0.018090806791533066,0.0006012025036072144,6.733343013717223e-66,1.0
0.018090806791533066,0.0007014029042084169,1.1980840597363306e-65,1.0
0.018090806791533066,0.0008016033048096193,1.7846813848962712e-66,1.0
0.018090806791533066,0.0009018037054108217,2.429477550739803e-67,1.0
0.018090806791533066,0.0010020041060120242,5.778379223936971e-67,1.0
0.018090806791533066,0.0011022045066132265,3.9391183938171736e-66,1.0
0.018090806791533066,0.0012024049072144288,8.85194706297818e-65,1.0
0.018090806791533066,0.0013026053078156314,5.505739195383618e-67,1.0
0.018090806791533066,0.0014028057084168337,4.7406465776507805e-65,1.0
0.018188594935811625,1e-10,1.520380134267891e-66,1.0
0.018188594935811625,0.0001002005006012024,9.659417729065134e-67,1.0
0.018188594935811625,0.00020040090120240482,1.4456155864941214e-66,1.0
0.018188594935811625,0.0003006013018036072,6.538943878549284e-67,1.0
0.018188594935811625,0.0004008017024048096,7.317861496491387e-66,1.0
0.018188594935811625,0.0005010021030060121,3.869367267973126e-65,1.0
0.018188594935811625,0.0006012025036072144,1.0566472458727993e-64,1.0
0.018188594935811625,0.0007014029042084169,1.3065802283917304e-66,1.0
0.018188594935811625,0.0008016033048096193,5.2076172319918725e-67,1.0
0.018188594935811625,0.0009018037054108217,6.410907045679945e-65,1.0
0.018188594935811625,0.0010020041060120242,4.698469691581189e-66,1.0
0.018188594935811625,0.0011022045066132265,4.3593758810373395e-66,1.0
0.018188594935811625,0.0012024049072144288,2.0691702597737094e-63,1.0
0.018188594935811625,0.0013026053078156314,6.266045724810746e-67,1.0
0.018188594935811625,0.0014028057084168337,2.0646166027417698e-64,1.0
0.01828638308009018,1e-10,2.497488960054855e-66,1.0
0.01828638308009018,0.0001002005006012024,1.0884768078530154e-65,1.0
0.01828638308009018,0.00020040090120240482,1.2150093985609214e-66,1.0
0.01828638308009018,0.0003006013018036072,4.39786279775917e-66,1.0
0.01828638308009018,0.0004008017024048096,3.076583433145554e-66,1.0
0.01828638308009018,0.0005010021030060121,8.506509899742217e-65,1.0
0.01828638308009018,0.0006012025036072144,8.12109850874581e-66,1.0
0.01828638308009018,0.0007014029042084169,1.0756965251592773e-64,1.0
0.01828638308009018,0.0008016033048096193,2.282269428952274e-64,1.0
0.01828638308009018,0.0009018037054108217,2.1915028668391504e-66,1.0
0.01828638308009018,0.0010020041060120242,1.9102168867785942e-65,1.0
0.01828638308009018,0.0011022045066132265,5.083467227809012e-65,1.0
0.01828638308009018,0.0012024049072144288,9.135315539555627e-64,1.0
0.01828638308009018,0.0013026053078156314,1.2680399532913338e-65,1.0
0.01828638308009018,0.0014028057084168337,7.021119215556411e-67,1.0
0.018384171224368737,1e-10,4.114344832620546e-66,1.0
0.018384171224368737,0.0001002005006012024,3.0251564378475573e-66,1.0
0.018384171224368737,0.00020040090120240482,5.599985990244173e-66,1.0
0.018384171224368737,0.0003006013018036072,1.7640064283648954e-65,1.0
0.018384171224368737,0.0004008017024048096,1.8002777006742886e-66,1.0
0.018384171224368737,0.0005010021030060121,3.3753629485754034e-65,1.0
0.018384171224368737,0.0006012025036072144,2.745500302983093e-66,1.0
0.018384171224368737,0.0007014029042084169,7.456556351927233e-66,1.0
0.018384171224368737,0.0008016033048096193,4.53525111966576e-65,1.0
0.018384171224368737,0.0009018037054108217,1.256511010995123e-66,1.0
0.018384171224368737,0.0010020041060120242,3.8199691060732004e-63,1.0
0.018384171224368737,0.0011022045066132265,5.564398506300506e-66,1.0
0.018384171224368737,0.0012024049072144288,1.0967414624370354e-64,1.0
0.018384171224368737,0.0013026053078156314,6.157146138321611e-63,1.0
0.018384171224368737,0.0014028057084168337,1.3694199233794194e-64,1.0
0.018481959368647296,1e-10,6.752576922964093e-66,1.0
0.018481959368647296,0.0001002005006012024,5.973441652424479e-66,1.0
0.018481959368647296,0.00020040090120240482,5.3784074332217736e-65,1.0
0.018481959368647296,0.0003006013018036072,3.603738946225885e-65,1.0
0.018481959368647296,0.0004008017024048096,3.2446786438380145e-65,1.0
0.018481959368647296,0.0005010021030060121,4.311230538286617e-65,0.9999999999999999
0.018481959368647296,0.0006012025036072144,1.0027683085973866e-64,1.0
0.018481959368647296,0.0007014029042084169,3.715306823669257e-64,1.0
0.018481959368647296,0.0008016033048096193,3.592781347117754e-64,1.0
0.018481959368647296,0.0009018037054108217,2.874011354889467e-64,1.0
0.018481959368647296,0.0010020041060120242,1.7255744264121064e-64,1.0
0.018481959368647296,0.0011022045066132265,1.1088581470970282e-65,1.0
0.018481959368647296,0.0012024049072144288,1.434597123736069e-65,1.0
0.018481959368647296,0.0013026053078156314,7.33135985908117e-64,1.0
0.018481959368647296,0.0014028057084168337,8.462010294283031e-63,1.0
0.01857974751292585,1e-10,1.1123811323726235e-65,1.0
0.01857974751292585,0.0001002005006012024,1.8263817748523496e-65,1.0
0.01857974751292585,0.00020040090120240482,1.6124507808062701e-65,1.0
0.01857974751292585,0.0003006013018036072,5.905057706514085e-66,1.0
0.01857974751292585,0.0004008017024048096,1.5184611066845832e-65,1.0
0.01857974751292585,0.0005010021030060121,5.435891627974441e-65,1.0
0.01857974751292585,0.0006012025036072144,6.192138731939479e-65,1.0
0.01857974751292585,0.0007014029042084169,1.6847234523296018e-64,1.0
0.01857974751292585,0.0008016033048096193,6.420865014822568e-64,1.0
0.01857974751292585,0.0009018037054108217,1.1441376443917128e-64,1.0
0.01857974751292585,0.0010020041060120242,6.582044169614002e-64,1.0
0.01857974751292585,0.0011022045066132265,3.77306520729405e-66,1.0
0.01857974751292585,0.0012024049072144288,8.511353994828592e-64,1.0
0.01857974751292585,0.0013026053078156314,8.129715633248254e-64,1.0
0.01857974751292585,0.0014028057084168337,1.8272568925370814e-66,1.0
0.01867753565720441,1e-10,1.8292065963420407e-65,1.0
0.01867753565720441,0.0001002005006012024,1.3395846007849596e-65,1.0
0.01867753565720441,0.00020040090120240482,2.2622683856394798e-66,1.0
0.01867753565720441,0.0003006013018036072,2.610771757018797e-65,1.0
0.01867753565720441,0.0004008017024048096,6.856112140350561e-65,1.0
0.01867753565720441,0.0005010021030060121,2.2614669899057868e-64,1.0
0.01867753565720441,0.0006012025036072144,2.730096364799161e-65,1.0
0.01867753565720441,0.0007014029042084169,1.3288578939301404e-64,1.0
0.01867753565720441,0.0008016033048096193,2.651797368195561e-66,1.0
0.01867753565720441,0.0009018037054108217,9.875142179091888e-66,1.0
0.01867753565720441,0.0010020041060120242,2.954571437391115e-64,1.0
0.01867753565720441,0.0011022045066132265,6.89777199613574e-64,1.0
0.01867753565720441,0.0012024049072144288,1.716475723327569e-62,1.0
0.01867753565720441,0.0013026053078156314,4.296158343235886e-63,1.0
0.01867753565720441,0.0014028057084168337,1.8231940982660572e-63,1.0
0.018775323801482967,1e-10,3.009055959814005e-65,1.0
0.018775323801482967,0.0001002005006012024,4.430890624769773e-65,1.0
0.018775323801482967,0.00020040090120240482,8.781145834940095e-65,1.0
0.018775323801482967,0.0003006013018036072,2.74713068970076e-65,1.0
0.018775323801482967,0.0004008017024048096,2.3168707773942213e-65,1.0
0.018775323801482967,0.0005010021030060121,4.4397582520172964e-65,1.0
0.018775323801482967,0.0006012025036072144,5.033374089775371e-64,1.0
0.018775323801482967,0.0007014029042084169,2.350744661555959e-64,1.0
0.018775323801482967,0.0008016033048096193,4.6136074304369804e-64,0.9999999999999999
0.018775323801482967,0.0009018037054108217,7.365478939630572e-64,1.0
0.018775323801482967,0.0010020041060120242,5.187078726949714e-65,1.0
0.018775323801482967,0.0011022045066132265,3.221725537201983e-63,1.0
0.018775323801482967,0.0012024049072144288,2.3399511052193173e-62,1.0
0.018775323801482967,0.0013026053078156314,4.0624775720983233e-63,1.0
0.018775323801482967,0.0014028057084168337,1.37749551691575e-64,1.0
0.018873111945761523,1e-10,4.946118901878156e-65,1.0
0.018873111945761523,0.0001002005006012024,6.631253700619768e-65,0.9999999999999999
0.018873111945761523,0.00020040090120240482,8.628943154760093e-65,1.0
0.018873111945761523,0.0003006013018036072,1.7781605389591985e-65,1.0
0.018873111945761523,0.0004008017024048096,7.169886478746697e-65,1.0
0.018873111945761523,0.0005010021030060121,6.176639251557443e-65,1.0
0.018873111945761523,0.0006012025036072144,2.922144455793845e-63,1.0
0.018873111945761523,0.0007014029042084169,1.2653387785499747e-63,1.0
0.018873111945761523,0.0008016033048096193,1.054886177294758e-65,1.0
0.018873111945761523,0.0009018037054108217,6.55608287988857e-63,1.0
0.018873111945761523,0.0010020041060120242,1.8465335955542813e-64,1.0
0.018873111945761523,0.0011022045066132265,7.872402768176235e-64,1.0
0.018873111945761523,0.0012024049072144288,8.620015803552928e-63,1.0
0.018873111945761523,0.0013026053078156314,2.8931915570045144e-64,1.0
0.018873111945761523,0.0014028057084168337,3.3670354747496843e-62,1.0
0.018970900090040082,1e-10,8.138583126695455e-65,1.0
0.018970900090040082,0.0001002005006012024,1.683288732758626e-64,1.0
0.018970900090040082,0.00020040090120240482,3.5281044737647756e-64,1.0
0.018970900090040082,0.0003006013018036072,8.471257796671613e-64,1.0
0.018970900090040082,0.0004008017024048096,9.334661341478208e-65,0.9999999999999999
0.018970900090040082,0.0005010021030060121,9.298183014549438e-64,1.0
0.018970900090040082,0.0006012025036072144,1.9890068625466686e-63,1.0
0.018970900090040082,0.0007014029042084169,8.994634763117041e-65,1.0
0.018970900090040082,0.0008016033048096193,1.502586057725552e-63,1.0
0.018970900090040082,0.0009018037054108217,9.264248979719493e-64,1.0
0.018970900090040082,0.0010020041060120242,2.0644646977243187e-63,1.0
0.018970900090040082,0.0011022045066132265,9.89857069039693e-63,1.0
0.018970900090040082,0.0012024049072144288,1.2684601930479474e-63,1.0
0.018970900090040082,0.0013026053078156314,1.2584092971182988e-60,1.0
0.018970900090040082,0.0014028057084168337,6.372810609184138e-66,1.0
0.019068688234318638,1e-10,1.3394355835803803e-64,1.0
0.019068688234318638,0.0001002005006012024,1.13750115834692e-64,1.0
0.019068688234318638,0.00020040090120240482,5.800463087957252e-65,1.0
0.019068688234318638,0.0003006013018036072,5.079130851170713e-64,1.0
0.019068688234318638,0.0004008017024048096,2.8801136065955867e-64,0.9999999999999999
0.019068688234318638,0.0005010021030060121,4.377202811400023e-65,1.0
0.019068688234318638,0.0006012025036072144,3.838655710849698e-64,1.0
0.019068688234318638,0.0007014029042084169,1.0104965272722695e-62,1.0
0.019068688234318638,0.0008016033048096193,1.6345867376503437e-63,1.0
0.019068688234318638,0.0009018037054108217,1.6073558025103156e-62,1.0
0.019068688234318638,0.0010020041060120242,7.819182874122703e-63,1.0
0.019068688234318638,0.0011022045066132265,6.363146256461364e-63,1.0
0.019068688234318638,0.0012024049072144288,2.686253119665429e-64,1.0
0.019068688234318638,0.0013026053078156314,1.5893052040131037e-62,1.0
0.019068688234318638,0.0014028057084168337,4.275791279364906e-62,1.0
0.019166476378597197,1e-10,2.2038997410382092e-64,1.0
0.019166476378597197,0.0001002005006012024,1.6458084772682027e-64,1.0
0.019166476378597197,0.00020040090120240482,1.6935074094267644e-64,1.0
0.019166476378597197,0.0003006013018036072,2.7181024550282917e-64,1.0
0.019166476378597197,0.0004008017024048096,1.8788932267473344e-63,1.0
0.019166476378597197,0.0005010021030060121,1.634351004762776e-64,1.0
0.019166476378597197,0.0006012025036072144,5.9253503993293735e-65,1.0
0.019166476378597197,0.0007014029042084169,1.6647909399728778e-62,1.0
0.019166476378597197,0.0008016033048096193,1.3884198293664264e-62,1.0
0.019166476378597197,0.0009018037054108217,4.10837410307177e-65,1.0
0.019166476378597197,0.0010020041060120242,2.6629489805631314e-62,1.0
0.019166476378597197,0.0011022045066132265,5.687143654890619e-63,1.0
0.019166476378597197,0.0012024049072144288,8.697407981771088e-63,0.9999999999999999
0.019166476378597197,0.0013026053078156314,4.6796786388176973e-63,1.0
0.019166476378597197,0.0014028057084168337,5.830591699665683e-61,1.0
0.019264264522875753,1e-10,3.628617385958709e-64,1.0
0.019264264522875753,0.0001002005006012024,6.512288503883044e-64,1.0
0.019264264522875753,0.00020040090120240482,2.1164568705262993e-63,1.0
0.019264264522875753,0.0003006013018036072,9.810347569082801e-64,1.0
0.019264264522875753,0.0004008017024048096,1.7535988954122976e-63,1.0
0.019264264522875753,0.0005010021030060121,4.6113966602420835e-62,1.0
0.019264264522875753,0.0006012025036072144,7.770457179981322e-64,1.0
0.019264264522875753,0.0007014029042084169,9.426254173027775e-63,1.0
0.019264264522875753,0.0008016033048096193,3.4567353416382355e-63,1.0
0.019264264522875753,0.0009018037054108217,5.412316042495198e-64,1.0
0.019264264522875753,0.0010020041060120242,3.735466211921615e-62,1.0
0.019264264522875753,0.0011022045066132265,1.7919487583074858e-62,1.0
0.019264264522875753,0.0012024049072144288,1.4956236784504426e-66,1.0
0.019264264522875753,0.0013026053078156314,2.889432431730738e-62,1.0
0.019264264522875753,0.0014028057084168337,1.689229212263988e-62,1.0
0.01936205266715431,1e-10,5.9706067508113714e-64,1.0
0.01936205266715431,0.0001002005006012024,3.3923594110120994e-64,1.0
0.01936205266715431,0.00020040090120240482,4.483832237285486e-64,1.0
0.01936205266715431,0.0003006013018036072,7.68137448201652e-64,1.0
0.01936205266715431,0.0004008017024048096,1.6639565671125687e-63,1.0
0.01936205266715431,0.0005010021030060121,6.453859233961845e-63,1.0
0.01936205266715431,0.0006012025036072144,1.024564665100395e-63,1.0
0.01936205266715431,0.0007014029042084169,3.9235039819980145e-64,1.0
0.01936205266715431,0.0008016033048096193,3.2826943243151574e-62,1.0
0.01936205266715431,0.0009018037054108217,9.536865461307862e-64,1.0
0.01936205266715431,0.0010020041060120242,1.2297693390915386e-62,1.0
0.01936205266715431,0.0011022045066132265,3.502101235837609e-60,1.0
0.01936205266715431,0.0012024049072144288,6.206148394611863e-61,1.0
0.01936205266715431,0.0013026053078156314,7.912458113029678e-63,1.0
0.01936205266715431,0.0014028057084168337,2.6175691326899427e-62,1.0
0.01936205266715431,0.0015030061090180362,1.0008986027040935e-61,1.0
0.019459840811432868,1e-10,9.82794773903333e-64,1.0
0.019459840811432868,0.0001002005006012024,1.7968912458906283e-63,1.0
0.019459840811432868,0.00020040090120240482,1.7426948800284974e-63,1.0
0.019459840811432868,0.0003006013018036072,2.4095562150754123e-62,1.0
0.019459840811432868,0.0004008017024048096,1.1727558725329151e-63,1.0
0.019459840811432868,0.0005010021030060121,1.2319435686936965e-63,1.0
0.019459840811432868,0.0006012025036072144,4.671016765115448e-62,1.0
0.019459840811432868,0.0007014029042084169,3.9572653218363765e-63,1.0
0.019459840811432868,0.0008016033048096193,2.6385400748252042e-61,1.0
0.019459840811432868,0.0009018037054108217,6.64712939493718e-63,1.0
0.019459840811432868,0.0010020041060120242,4.0433007040330283e-63,1.0
0.019459840811432868,0.0011022045066132265,6.298192154236725e-62,1.0
0.019459840811432868,0.0012024049072144288,1.9111517543386868e-63,1.0
0.019459840811432868,0.0013026053078156314,4.969018156496357e-62,1.0
0.019459840811432868,0.0014028057084168337,6.089688111048769e-62,1.0
0.019459840811432868,0.0015030061090180362,1.196990145487493e-62,1.0
0.019557628955711424,1e-10,1.6154639509113053e-63,0.9999999999999999
0.019557628955711424,0.0001002005006012024,1.171795660185048e-63,1.0
0.019557628955711424,0.00020040090120240482,8.418790976294445e-64,1.0
0.019557628955711424,0.0003006013018036072,1.0238985202900863e-62,1.0
0.019557628955711424,0.0004008017024048096,3.205321305327399e-63,0.9999999999999999
0.019557628955711424,0.0005010021030060121,9.355274508930242e-63,1.0
0.019557628955711424,0.0006012025036072144,2.4255753042504246e-62,1.0
0.019557628955711424,0.0007014029042084169,9.725543981201778e-63,1.0
0.019557628955711424,0.0008016033048096193,2.2384135383587303e-62,1.0
0.019557628955711424,0.0009018037054108217,1.5711326835135777e-62,1.0
0.019557628955711424,0.0010020041060120242,1.1609710074008303e-60,1.0
0.019557628955711424,0.0011022045066132265,3.898705179245949e-62,1.0
0.019557628955711424,0.0012024049072144288,8.473475008221708e-62,1.0
0.019557628955711424,0.0013026053078156314,9.410173282778645e-61,1.0
0.019557628955711424,0.0014028057084168337,6.540935130194386e-63,1.0
0.019557628955711424,0.0015030061090180362,9.485057080180584e-64,1.0
0.01965541709998998,1e-10,2.660143038819128e-63,1.0
0.01965541709998998,0.0001002005006012024,4.7078647253229225e-63,1.0
0.01965541709998998,0.00020040090120240482,5.916109600250844e-64,1.0
0.01965541709998998,0.0003006013018036072,3.0174028502603013e-62,1.0
0.01965541709998998,0.0004008017024048096,2.3830221077764402e-62,1.0
0.01965541709998998,0.0005010021030060121,2.5147179260377586e-62,1.0
0.01965541709998998,0.0006012025036072144,2.251424348349263e-62,1.0
0.01965541709998998,0.0007014029042084169,3.552653207719459e-62,1.0
0.01965541709998998,0.0008016033048096193,8.165870417341278e-64,1.0
0.01965541709998998,0.0009018037054108217,1.3186222949409117e-61,1.0
0.01965541709998998,0.0010020041060120242,1.0664871327995962e-60,1.0
0.01965541709998998,0.0011022045066132265,2.678141705757098e-62,1.0
0.01965541709998998,0.0012024049072144288,9.41550338453279e-63,1.0
0.01965541709998998,0.0013026053078156314,2.8123187337706057e-63,1.0
0.01965541709998998,0.0014028057084168337,7.745039778132805e-58,1.0
0.01965541709998998,0.0015030061090180362,1.97702728276634e-60,1.0
0.01975320524426854,1e-10,4.384753947575541e-63,1.0
0.01975320524426854,0.0001002005006012024,7.395060882194904e-63,1.0
0.01975320524426854,0.00020040090120240482,2.772712495585747e-63,1.0
0.01975320524426854,0.0003006013018036072,3.953668648868938e-63,1.0
0.01975320524426854,0.0004008017024048096,8.965527934102124e-62,1.0
0.01975320524426854,0.0005010021030060121,9.373606023400658e-62,1.0
0.01975320524426854,0.0006012025036072144,1.278040823777576e-62,1.0
0.01975320524426854,0.0007014029042084169,2.512764375611545e-63,1.0
0.01975320524426854,0.0008016033048096193,1.6436116313112715e-60,1.0
0.01975320524426854,0.0009018037054108217,1.64148246411269e-62,1.0
0.01975320524426854,0.0010020041060120242,1.6575687383187566e-61,1.0
0.01975320524426854,0.0011022045066132265,2.4207895401234514e-60,1.0
0.01975320524426854,0.0012024049072144288,4.3882837840693724e-64,1.0
0.01975320524426854,0.0013026053078156314,1.7976692875733796e-62,1.0
0.01975320524426854,0.0014028057084168337,1.0531942774594194e-60,1.0
0.01975320524426854,0.0015030061090180362,3.483551960991756e-61,1.0
0.019850993388547095,1e-10,7.206872368590064e-63,1.0
0.019850993388547095,0.0001002005006012024,5.898562398557081e-63,1.0
0.019850993388547095,0.00020040090120240482,1.1584739027351364e-62,1.0
0.019850993388547095,0.0003006013018036072,7.554688983281129e-62,1.0
0.019850993388547095,0.0004008017024048096,2.5134064610538393e-63,1.0
0.019850993388547095,0.0005010021030060121,9.501565823637169e-62,1.0
0.019850993388547095,0.0006012025036072144,5.511909291901617e-62,1.0
0.019850993388547095,0.0007014029042084169,1.5149036280809646e-61,1.0
0.019850993388547095,0.0008016033048096193,1.785790352506416e-62,1.0
0.019850993388547095,0.0009018037054108217,2.000959985727246e-60,1.0
0.019850993388547095,0.0010020041060120242,3.480540853769999e-60,1.0
0.019850993388547095,0.0011022045066132265,1.2093632201564018e-60,1.0
0.019850993388547095,0.0012024049072144288,2.5820338333767005e-59,1.0
0.019850993388547095,0.0013026053078156314,6.791941258412126e-61,1.0
0.019850993388547095,0.0014028057084168337,1.0226903509552341e-60,1.0
0.019850993388547095,0.0015030061090180362,1.7364876616026445e-60,1.0
0.01994878153282565,1e-10,1.1862042117365335e-62,1.0
0.01994878153282565,0.0001002005006012024,2.126307007601939e-62,1.0
0.01994878153282565,0.00020040090120240482,3.901336526789971e-63,1.0
0.01994878153282565,0.0003006013018036072,1.632629382513007e-62,1.0
0.01994878153282565,0.0004008017024048096,3.666545446011341e-63,1.0
0.01994878153282565,0.0005010021030060121,7.659944629156318e-63,1.0
0.01994878153282565,0.0006012025036072144,9.236418984999106e-62,1.0
0.01994878153282565,0.0007014029042084169,3.3143736191450644e-63,1.0
0.01994878153282565,0.0008016033048096193,1.4489526241748745e-60,1.0
0.01994878153282565,0.0009018037054108217,2.904377051658724e-62,1.0
0.01994878153282565,0.0010020041060120242,1.3736182137106307e-61,1.0
0.01994878153282565,0.0011022045066132265,3.746137621832059e-60,1.0
0.01994878153282565,0.0012024049072144288,2.233194309459824e-61,1.0
0.01994878153282565,0.0013026053078156314,6.124462635352438e-61,1.0
0.01994878153282565,0.0014028057084168337,8.69140607654494e-61,1.0
0.01994878153282565,0.0015030061090180362,1.0296023735486479e-62,1.0
0.02004656967710421,1e-10,1.9520356242252904e-62,1.0
0.02004656967710421,0.0001002005006012024,7.28814697990312e-62,1.0
0.02004656967710421,0.00020040090120240482,8.726250278076998e-62,1.0
0.02004656967710421,0.0003006013018036072,1.0252698137203661e-60,1.0
0.02004656967710421,0.0004008017024048096,7.992770933515295e-61,1.0
0.02004656967710421,0.0005010021030060121,7.715557838121558e-63,1.0
0.02004656967710421,0.0006012025036072144,1.3162299666929242e-61,1.0
0.02004656967710421,0.0007014029042084169,1.1801499819626205e-60,1.0
0.02004656967710421,0.0008016033048096193,2.0003621906984463e-60,1.0
0.02004656967710421,0.0009018037054108217,6.669951825458334e-63,1.0
0.02004656967710421,0.0010020041060120242,1.0843162444632016e-61,1.0
0.02004656967710421,0.0011022045066132265,3.329779581155618e-61,1.0
0.02004656967710421,0.0012024049072144288,5.213480908018543e-59,1.0
0.02004656967710421,0.0013026053078156314,6.655976534581073e-61,1.0
0.02004656967710421,0.0014028057084168337,3.9029783483004653e-60,1.0
0.02004656967710421,0.0015030061090180362,2.5327376961372865e-63,1.0
0.020144357821382766,1e-10,3.2132653707595334e-62,1.0
0.020144357821382766,0.0001002005006012024,2.7925199995113615e-62,1.0
0.020144357821382766,0.00020040090120240482,3.960401961412294e-61,1.0
0.020144357821382766,0.0003006013018036072,7.22119955212219e-61,1.0
0.020144357821382766,0.0004008017024048096,1.8016211948212023e-61,1.0
0.020144357821382766,0.0005010021030060121,4.483160694615915e-62,0.9999999999999999
0.020144357821382766,0.0006012025036072144,3.260807859987321e-61,1.0
0.020144357821382766,0.0007014029042084169,8.369776641528335e-61,1.0
0.020144357821382766,0.0008016033048096193,5.158769752446107e-61,1.0
0.020144357821382766,0.0009018037054108217,2.9096225093290604e-61,1.0
0.020144357821382766,0.0010020041060120242,6.665402727501493e-61,0.9999999999999999
0.020144357821382766,0.0011022045066132265,7.771240933998933e-62,1.0
0.020144357821382766,0.0012024049072144288,2.978466523478416e-60,1.0
0.020144357821382766,0.0013026053078156314,1.1529468277261356e-61,1.0
0.020144357821382766,0.0014028057084168337,1.555288817382282e-61,1.0
0.020144357821382766,0.0015030061090180362,2.200196056786282e-58,1.0
0.020242145965661325,1e-10,5.288978582105077e-62,1.0
0.020242145965661325,0.0001002005006012024,7.034982905959488e-62,1.0
0.020242145965661325,0.00020040090120240482,3.152424156414264e-61,1.0
0.020242145965661325,0.0003006013018036072,5.701453278031472e-61,1.0
0.020242145965661325,0.0004008017024048096,4.335583241981031e-62,1.0
0.020242145965661325,0.0005010021030060121,1.3044949516072818e-62,1.0
0.020242145965661325,0.0006012025036072144,7.370198702395943e-61,1.0
0.020242145965661325,0.0007014029042084169,2.6416261258908458e-61,1.0
0.020242145965661325,0.0008016033048096193,2.9401792896575502e-61,1.0
0.020242145965661325,0.0009018037054108217,9.249851834175512e-62,1.0
0.020242145965661325,0.0010020041060120242,1.3579677958237156e-61,1.0
0.020242145965661325,0.0011022045066132265,1.1581297390614125e-61,1.0
0.020242145965661325,0.0012024049072144288,2.7187177838697866e-58,1.0
0.020242145965661325,0.0013026053078156314,5.896851185939677e-60,1.0
0.020242145965661325,0.0014028057084168337,2.038685822082226e-61,1.0
0.020242145965661325,0.0015030061090180362,7.025253013955735e-61,1.0
0.02033993410993988,1e-10,8.713929386133936e-62,1.0
0.02033993410993988,0.0001002005006012024,2.5257794849997753e-61,1.0
0.02033993410993988,0.00020040090120240482,9.870986757515094e-62,1.0
0.02033993410993988,0.0003006013018036072,1.712516629525548e-60,1.0
0.02033993410993988,0.0004008017024048096,6.659460991160305e-61,1.0
0.02033993410993988,0.0005010021030060121,3.8779681221426453e-62,1.0
0.02033993410993988,0.0006012025036072144,7.23085588783408e-61,1.0
0.02033993410993988,0.0007014029042084169,2.5026755155534055e-61,1.0
0.02033993410993988,0.0008016033048096193,8.333183250220459e-62,1.0
0.02033993410993988,0.0009018037054108217,1.0075094783113116e-59,1.0
0.02033993410993988,0.0010020041060120242,1.0053754101869569e-60,1.0
0.02033993410993988,0.0011022045066132265,4.1144840671192425e-60,1.0
0.02033993410993988,0.0012024049072144288,5.314219406942821e-60,1.0
0.02033993410993988,0.0013026053078156314,7.359806752655882e-60,1.0
0.02033993410993988,0.0014028057084168337,4.712912780615099e-61,1.0
0.02033993410993988,0.0015030061090180362,2.915697243799247e-61,1.0
0.020437722254218436,1e-10,1.433278752142111e-61,1.0
0.020437722254218436,0.0001002005006012024,3.463204807787693e-61,1.0
0.020437722254218436,0.00020040090120240482,9.74049900945862e-62,1.0
0.020437722254218436,0.0003006013018036072,1.6029148377195757e-61,1.0
0.020437722254218436,0.0004008017024048096,6.838395901745051e-61,1.0
0.020437722254218436,0.0005010021030060121,2.0486338972825526e-60,1.0
0.020437722254218436,0.0006012025036072144,1.0423224664055625e-60,1.0
0.020437722254218436,0.0007014029042084169,4.0690087117503514e-60,1.0
0.020437722254218436,0.0008016033048096193,8.048111536892155e-61,1.0
0.020437722254218436,0.0009018037054108217,1.4017569150316023e-60,1.0
0.020437722254218436,0.0010020041060120242,2.8602158386419367e-61,1.0
0.020437722254218436,0.0011022045066132265,6.60089823348698e-61,1.0
0.020437722254218436,0.0012024049072144288,7.572228473462147e-61,1.0
0.020437722254218436,0.0013026053078156314,3.4674086145099586e-59,1.0
0.020437722254218436,0.0014028057084168337,1.3334344650409924e-58,1.0
0.020437722254218436,0.0015030061090180362,1.3838327841376923e-58,1.0
0.020535510398496996,1e-10,2.359911386653989e-61,1.0
0.020535510398496996,0.0001002005006012024,7.466621475528978e-61,1.0
0.020535510398496996,0.00020040090120240482,1.4185078569966684e-60,1.0
0.020535510398496996,0.0003006013018036072,6.539127451091388e-62,1.0
0.020535510398496996,0.0004008017024048096,7.822155510213702e-61,1.0
0.020535510398496996,0.0005010021030060121,9.418227877931554e-60,1.0
0.020535510398496996,0.0006012025036072144,5.4744808298032775e-61,1.0
0.020535510398496996,0.0007014029042084169,8.269043625018205e-62,1.0
0.020535510398496996,0.0008016033048096193,1.9989637473639154e-61,1.0
0.020535510398496996,0.0009018037054108217,1.3713304369400176e-58,1.0
0.020535510398496996,0.0010020041060120242,2.1295728930105943e-60,1.0
0.020535510398496996,0.0011022045066132265,1.730259949248631e-61,1.0
0.020535510398496996,0.0012024049072144288,2.7087236810299163e-60,1.0
0.020535510398496996,0.0013026053078156314,3.028500602182527e-59,1.0
0.020535510398496996,0.0014028057084168337,2.5244104080691458e-61,1.0
0.020535510398496996,0.0015030061090180362,4.822597092900055e-59,1.0
0.02063329854277555,1e-10,3.889724018720367e-61,1.0
0.02063329854277555,0.0001002005006012024,3.694047507984055e-61,1.0
0.02063329854277555,0.00020040090120240482,1.453872136878841e-60,1.0
0.02063329854277555,0.0003006013018036072,1.8422106137702128e-60,1.0
0.02063329854277555,0.0004008017024048096,3.3303279132482197e-60,1.0
0.02063329854277555,0.0005010021030060121,4.000935577424381e-60,1.0
0.02063329854277555,0.0006012025036072144,4.3823940975472287e-60,1.0
0.02063329854277555,0.0007014029042084169,1.3999668020813946e-60,1.0
0.02063329854277555,0.0008016033048096193,3.155703096110752e-59,1.0
0.02063329854277555,0.0009018037054108217,9.718818963991127e-60,1.0
0.02063329854277555,0.0010020041060120242,3.235748268515652e-60,1.0
0.02063329854277555,0.0011022045066132265,9.967110152240435e-61,1.0
0.02063329854277555,0.0012024049072144288,1.255780377455185e-60,1.0
0.02063329854277555,0.0013026053078156314,3.058289935328261e-59,1.0
0.02063329854277555,0.0014028057084168337,3.5503147416442527e-62,1.0
0.02063329854277555,0.0015030061090180362,1.0536157137768042e-58,1.0
0.02073108668705411,1e-10,6.404988800586061e-61,1.0
0.02073108668705411,0.0001002005006012024,9.043696685165249e-61,1.0
0.02073108668705411,0.00020040090120240482,2.0844309571685044e-60,1.0
0.02073108668705411,0.0003006013018036072,8.251214121956813e-61,1.0
0.02073108668705411,0.0004008017024048096,2.743978583123973e-60,1.0
0.02073108668705411,0.0005010021030060121,2.2418335295459407e-60,1.0
0.02073108668705411,0.0006012025036072144,4.292071522410491e-60,1.0
0.02073108668705411,0.0007014029042084169,6.260938096301283e-60,1.0
0.02073108668705411,0.0008016033048096193,2.914300296059432e-58,1.0
0.02073108668705411,0.0009018037054108217,5.269723185538203e-59,1.0
0.02073108668705411,0.0010020041060120242,1.2755368042291624e-60,0.9999999999999999
0.02073108668705411,0.0011022045066132265,1.5961504656290976e-58,1.0
0.02073108668705411,0.0012024049072144288,7.554302288424511e-61,1.0
0.02073108668705411,0.0013026053078156314,4.850234082381774e-59,1.0
0.02073108668705411,0.0014028057084168337,3.9433884130993477e-59,1.0
0.02073108668705411,0.0015030061090180362,3.3184051349051407e-56,1.0
0.020828874831332667,1e-10,1.0541264880385845e-60,1.0
0.020828874831332667,0.0001002005006012024,6.618880009954204e-61,1.0
0.020828874831332667,0.00020040090120240482,4.9682375850206274e-61,1.0
0.020828874831332667,0.0003006013018036072,2.3589357414943878e-60,1.0
0.020828874831332667,0.0004008017024048096,5.516842011202169e-60,1.0
0.020828874831332667,0.0005010021030060121,3.080598188459093e-60,1.0
0.020828874831332667,0.0006012025036072144,1.0433991028997726e-60,1.0
0.020828874831332667,0.0007014029042084169,9.887907194153382e-62,1.0
0.020828874831332667,0.0008016033048096193,2.600725085219403e-60,1.0
0.020828874831332667,0.0009018037054108217,3.789629147270457e-60,1.0
0.020828874831332667,0.0010020041060120242,4.062928110323264e-59,1.0
0.020828874831332667,0.0011022045066132265,2.724818765091967e-59,1.0
0.020828874831332667,0.0012024049072144288,5.268856866802872e-58,1.0
0.020828874831332667,0.0013026053078156314,1.4543205728028287e-58,1.0
0.020828874831332667,0.0014028057084168337,2.349586261316799e-57,1.0
0.020828874831332667,0.0015030061090180362,2.498807948766682e-57,1.0
0.020926662975611222,1e-10,1.7346470525691787e-60,1.0
0.020926662975611222,0.0001002005006012024,1.2141779002876422e-60,1.0
0.020926662975611222,0.00020040090120240482,2.9926664971701046e-60,1.0
0.020926662975611222,0.0003006013018036072,1.4224369323275861e-59,1.0
0.020926662975611222,0.0004008017024048096,4.2920482923143673e-60,0.9999999999999999
0.020926662975611222,0.0005010021030060121,1.2101835796861508e-59,1.0
0.020926662975611222,0.0006012025036072144,6.776167572384232e-60,1.0
0.020926662975611222,0.0007014029042084169,4.677680999324479e-60,1.0
0.020926662975611222,0.0008016033048096193,6.769010909891793e-61,1.0
0.020926662975611222,0.0009018037054108217,1.0042407586270508e-59,1.0
0.020926662975611222,0.0010020041060120242,1.529929494225483e-59,1.0
0.020926662975611222,0.0011022045066132265,3.383713070194435e-60,1.0
0.020926662975611222,0.0012024049072144288,5.005843175271845e-60,1.0
0.020926662975611222,0.0013026053078156314,1.3133208704100315e-57,1.0
0.020926662975611222,0.0014028057084168337,1.6006909301625443e-58,1.0
0.020926662975611222,0.0015030061090180362,8.156527128267404e-60,1.0
0.020926662975611222,0.0016032065096192386,6.839508002502598e-58,1.0
0.02102445111988978,1e-10,2.856498338936015e-60,1.0
0.02102445111988978,0.0001002005006012024,6.595249557101944e-60,1.0
0.02102445111988978,0.00020040090120240482,3.9220148551773706e-60,1.0
0.02102445111988978,0.0003006013018036072,1.9933914417589e-59,1.0
0.02102445111988978,0.0004008017024048096,3.869497722103651e-61,1.0
0.02102445111988978,0.0005010021030060121,6.882068930641645e-60,1.0
0.02102445111988978,0.0006012025036072144,1.0071647416233831e-59,1.0
0.02102445111988978,0.0007014029042084169,7.321098310116644e-60,1.0
0.02102445111988978,0.0008016033048096193,4.681655930594157e-60,1.0
0.02102445111988978,0.0009018037054108217,8.433206349788615e-59,1.0
0.02102445111988978,0.0010020041060120242,2.02838971883344e-59,1.0
0.02102445111988978,0.0011022045066132265,8.159230480703848e-58,1.0
0.02102445111988978,0.0012024049072144288,9.870074403539099e-58,1.0
0.02102445111988978,0.0013026053078156314,1.1499602892441605e-56,1.0
0.02102445111988978,0.0014028057084168337,8.0153902407821e-60,1.0
0.02102445111988978,0.0015030061090180362,1.2974958448582817e-57,1.0
0.02102445111988978,0.0016032065096192386,1.835429039904903e-58,1.0
0.021122239264168337,1e-10,4.704820960940903e-60,0.9999999999999999
0.021122239264168337,0.0001002005006012024,8.350084755626287e-60,1.0
0.021122239264168337,0.00020040090120240482,5.999973172918495e-60,1.0
0.021122239264168337,0.0003006013018036072,1.9360360367739002e-59,1.0
0.021122239264168337,0.0004008017024048096,3.9718800408280272e-59,1.0
0.021122239264168337,0.0005010021030060121,6.7818557458799275e-59,1.0
0.021122239264168337,0.0006012025036072144,1.0131199223253258e-59,1.0
0.021122239264168337,0.0007014029042084169,3.467765757385629e-59,1.0
0.021122239264168337,0.0008016033048096193,2.0208239965105752e-58,1.0
0.021122239264168337,0.0009018037054108217,4.36678455755619e-59,1.0
0.021122239264168337,0.0010020041060120242,3.6051764023514706e-59,1.0
0.021122239264168337,0.0011022045066132265,4.925843422331317e-60,1.0
0.021122239264168337,0.0012024049072144288,8.358705632913783e-58,1.0
0.021122239264168337,0.0013026053078156314,5.677139436591684e-57,1.0
0.021122239264168337,0.0014028057084168337,5.386980727772883e-60,1.0
0.021122239264168337,0.0015030061090180362,7.97748393477846e-58,1.0
0.021122239264168337,0.0016032065096192386,1.9728138582726027e-58,1.0
0.021220027408446893,1e-10,7.749661580479556e-60,1.0
0.021220027408446893,0.0001002005006012024,7.42675358315016e-60,1.0
0.021220027408446893,0.00020040090120240482,1.3111990303613442e-59,1.0
0.021220027408446893,0.0003006013018036072,1.528708146644287e-59,1.0
0.021220027408446893,0.0004008017024048096,9.477833330968618e-60,1.0
0.021220027408446893,0.0005010021030060121,1.082326652966448e-60,1.0
0.021220027408446893,0.0006012025036072144,7.248797629635997e-60,1.0
0.021220027408446893,0.0007014029042084169,3.537046061939424e-58,1.0
0.021220027408446893,0.0008016033048096193,1.0171595269610246e-58,1.0
0.021220027408446893,0.0009018037054108217,6.489024085245769e-58,1.0
0.021220027408446893,0.0010020041060120242,6.433547127735265e-58,1.0
0.021220027408446893,0.0011022045066132265,1.5685909396585127e-59,1.0
0.021220027408446893,0.0012024049072144288,6.1177646727148e-58,1.0
0.021220027408446893,0.0013026053078156314,4.2048703004189065e-57,1.0
0.021220027408446893,0.0014028057084168337,3.1840397772665565e-59,1.0
0.021220027408446893,0.0015030061090180362,2.134022358784277e-59,1.0
0.021220027408446893,0.0016032065096192386,2.859943586808498e-57,1.0
0.021317815552725453,1e-10,1.2772190283417328e-59,1.0
0.021317815552725453,0.0001002005006012024,1.9871234695469192e-59,1.0
0.021317815552725453,0.00020040090120240482,5.900359298438345e-59,1.0
0.021317815552725453,0.0003006013018036072,3.231271104154342e-59,1.0
0.021317815552725453,0.0004008017024048096,8.630350031141149e-60,1.0
0.021317815552725453,0.0005010021030060121,3.6968489903126914e-58,1.0
0.021317815552725453,0.0006012025036072144,1.1233792840634841e-57,1.0
0.021317815552725453,0.0007014029042084169,1.0853629991846198e-58,1.0
0.021317815552725453,0.0008016033048096193,3.733568495402577e-57,1.0
0.021317815552725453,0.0009018037054108217,6.222507068624802e-59,1.0
0.021317815552725453,0.0010020041060120242,9.126129234169051e-60,1.0
0.021317815552725453,0.0011022045066132265,1.0456139784699908e-55,1.0
0.021317815552725453,0.0012024049072144288,2.775671414207794e-59,1.0
0.021317815552725453,0.0013026053078156314,1.1228790049131703e-57,0.9999999999999999
0.021317815552725453,0.0014028057084168337,2.893589535922e-59,1.0
0.021317815552725453,0.0015030061090180362,8.851024283804725e-57,1.0
0.021317815552725453,0.0016032065096192386,7.17688134987646e-59,1.0
0.02141560369700401,1e-10,2.1057365905156438e-59,1.0
0.02141560369700401,0.0001002005006012024,6.045936661040098e-60,1.0
0.02141560369700401,0.00020040090120240482,1.5363275142888353e-58,1.0
0.02141560369700401,0.0003006013018036072,7.097251107442798e-59,0.9999999999999999
0.02141560369700401,0.0004008017024048096,5.662135296394923e-58,1.0
0.02141560369700401,0.0005010021030060121,1.9456713570272156e-59,1.0
0.02141560369700401,0.0006012025036072144,9.652884925391544e-59,1.0
0.02141560369700401,0.0007014029042084169,1.3225120300854373e-58,1.0
0.02141560369700401,0.0008016033048096193,5.8229982809018336e-58,1.0
0.02141560369700401,0.0009018037054108217,1.6273471089971504e-59,1.0
0.02141560369700401,0.0010020041060120242,1.0340933632658644e-57,1.0
0.02141560369700401,0.0011022045066132265,1.5357633035466022e-57,1.0
0.02141560369700401,0.0012024049072144288,2.3562579458848368e-57,1.0
0.02141560369700401,0.0013026053078156314,4.510194519750702e-58,1.0
0.02141560369700401,0.0014028057084168337,5.914430431897946e-58,1.0
0.02141560369700401,0.0015030061090180362,6.3182291216373514e-58,1.0
0.02141560369700401,0.0016032065096192386,4.2708799821232326e-57,1.0
0.021513391841282564,1e-10,3.4629697995599756e-59,1.0
0.021513391841282564,0.0001002005006012024,3.878846337501383e-59,1.0
0.021513391841282564,0.00020040090120240482,1.964677638916562e-58,1.0
0.021513391841282564,0.0003006013018036072,2.594744553263638e-59,1.0
0.021513391841282564,0.0004008017024048096,2.6984721829589623e-58,1.0
0.021513391841282564,0.0005010021030060121,1.4577408239424063e-59,1.0
0.021513391841282564,0.0006012025036072144,5.275471774678863e-58,1.0
0.021513391841282564,0.0007014029042084169,4.37507232278722e-59,1.0
0.021513391841282564,0.0008016033048096193,1.3216692384821734e-57,1.0
0.021513391841282564,0.0009018037054108217,3.241925405110649e-57,1.0
0.021513391841282564,0.0010020041060120242,1.620403815636658e-58,1.0
0.021513391841282564,0.0011022045066132265,1.0688881516449506e-57,1.0
0.021513391841282564,0.0012024049072144288,1.1467725868969328e-56,1.0
0.021513391841282564,0.0013026053078156314,1.056555558093254e-57,0.9999999999999999
0.021513391841282564,0.0014028057084168337,1.2903233899453181e-57,1.0
0.021513391841282564,0.0015030061090180362,5.037098536489893e-58,1.0
0.021513391841282564,0.0016032065096192386,1.729101695456281e-58,1.0
0.021611179985561123,1e-10,5.709743846178919e-59,1.0
0.021611179985561123,0.0001002005006012024,8.794686694696495e-59,1.0
0.021611179985561123,0.00020040090120240482,1.96562576697465e-58,1.0
0.021611179985561123,0.0003006013018036072,6.549132195563505e-59,1.0
0.021611179985561123,0.0004008017024048096,3.6026749685379514e-59,1.0
0.021611179985561123,0.0005010021030060121,4.3336043777313295e-58,0.9999999999999999
0.021611179985561123,0.0006012025036072144,4.1407697887030884e-58,1.0
0.021611179985561123,0.0007014029042084169,7.795074415731794e-58,1.0
0.021611179985561123,0.0008016033048096193,2.9716652778368544e-58,1.0
0.021611179985561123,0.0009018037054108217,8.730040135345268e-58,1.0
0.021611179985561123,0.0010020041060120242,3.1726972340764634e-57,1.0
0.021611179985561123,0.0011022045066132265,1.8471964310032904e-55,1.0
0.021611179985561123,0.0012024049072144288,4.764910769418079e-56,1.0
0.021611179985561123,0.0013026053078156314,5.355006002604944e-56,1.0
0.021611179985561123,0.0014028057084168337,7.148993157740901e-57,1.0
0.021611179985561123,0.0015030061090180362,1.5378100139485557e-58,1.0
0.021611179985561123,0.0016032065096192386,1.9024297449411047e-59,1.0
0.02170896812983968,1e-10,9.411726732396535e-59,1.0
0.02170896812983968,0.0001002005006012024,1.5889838910608018e-58,1.0
0.02170896812983968,0.00020040090120240482,8.469386365946488e-58,1.0
0.02170896812983968,0.0003006013018036072,1.7867423593128164e-58,1.0
0.02170896812983968,0.0004008017024048096,3.231698836822381e-58,1.0
0.02170896812983968,0.0005010021030060121,1.7863103760847816e-58,1.0
0.02170896812983968,0.0006012025036072144,2.905763789684101e-58,0.9999999999999999
0.02170896812983968,0.0007014029042084169,2.4945853254184222e-58,1.0
0.02170896812983968,0.0008016033048096193,9.480647061782007e-59,1.0
0.02170896812983968,0.0009018037054108217,3.3179554999888154e-55,1.0
0.02170896812983968,0.0010020041060120242,1.2150437466299664e-55,1.0
0.02170896812983968,0.0011022045066132265,1.8073664908767363e-57,1.0
0.02170896812983968,0.0012024049072144288,7.144850831217422e-57,1.0
0.02170896812983968,0.0013026053078156314,1.049786174974398e-56,1.0
0.02170896812983968,0.0014028057084168337,7.430356199781313e-56,1.0
0.02170896812983968,0.0015030061090180362,7.327425951801819e-56,1.0
0.02170896812983968,0.0016032065096192386,1.2593897297327476e-57,1.0
0.02180675627411824,1e-10,1.5500760456251804e-58,1.0
0.02180675627411824,0.0001002005006012024,1.6541070613038255e-58,1.0
0.02180675627411824,0.00020040090120240482,3.1475367614382125e-58,1.0
0.02180675627411824,0.0003006013018036072,2.3979724415872985e-57,1.0
0.02180675627411824,0.0004008017024048096,4.799607187958623e-58,1.0
0.02180675627411824,0.0005010021030060121,1.2499242336863777e-57,1.0
0.02180675627411824,0.0006012025036072144,1.1469655849599605e-58,1.0
0.02180675627411824,0.0007014029042084169,6.3751342753118e-57,1.0
0.02180675627411824,0.0008016033048096193,2.0279422338988466e-56,1.0
0.02180675627411824,0.0009018037054108217,1.6967215072081508e-57,1.0
0.02180675627411824,0.0010020041060120242,2.2745128464530383e-58,1.0
0.02180675627411824,0.0011022045066132265,7.77346442672779e-58,1.0
0.02180675627411824,0.0012024049072144288,2.2458456020885283e-57,1.0
0.02180675627411824,0.0013026053078156314,5.196625906790507e-56,1.0
0.02180675627411824,0.0014028057084168337,9.619129979414199e-59,1.0
0.02180675627411824,0.0015030061090180362,8.957088870617355e-57,1.0
0.02180675627411824,0.0016032065096192386,6.03459109247253e-56,1.0
0.021904544418396794,1e-10,2.5545616299490586e-58,1.0
0.021904544418396794,0.0001002005006012024,4.0262139454599015e-58,0.9999999999999999
0.021904544418396794,0.00020040090120240482,8.46008494572195e-59,1.0
0.021904544418396794,0.0003006013018036072,7.653439406594629e-58,1.0
0.021904544418396794,0.0004008017024048096,4.425318053628344e-58,1.0
0.021904544418396794,0.0005010021030060121,1.2286797996425609e-57,0.9999999999999999
0.021904544418396794,0.0006012025036072144,3.7871514374378985e-58,1.0
0.021904544418396794,0.0007014029042084169,3.312789288095396e-57,1.0
0.021904544418396794,0.0008016033048096193,1.1468180454917788e-57,1.0
0.021904544418396794,0.0009018037054108217,2.733495467870264e-59,1.0
0.021904544418396794,0.0010020041060120242,1.342840794952671e-57,1.0
0.021904544418396794,0.0011022045066132265,9.944623074378354e-58,1.0
0.021904544418396794,0.0012024049072144288,1.1423357525251647e-55,1.0
0.021904544418396794,0.0013026053078156314,7.952299664893016e-59,1.0
0.021904544418396794,0.0014028057084168337,2.5626860398286196e-55,0.9999999999999999
0.021904544418396794,0.0015030061090180362,1.2284982050056318e-58,0.9999999999999999
0.021904544418396794,0.0016032065096192386,2.085629950155203e-56,1.0
0.02200233256267535,1e-10,4.2064326443586815e-58,1.0
0.02200233256267535,0.0001002005006012024,7.802543893309889e-58,1.0
0.02200233256267535,0.00020040090120240482,1.4559515516065366e-57,1.0
0.02200233256267535,0.0003006013018036072,8.175830273827562e-58,1.0
0.02200233256267535,0.0004008017024048096,1.4347929601650428e-56,1.0
0.02200233256267535,0.0005010021030060121,4.0629314548657536e-58,1.0
0.02200233256267535,0.0006012025036072144,1.0498368449179279e-57,1.0
0.02200233256267535,0.0007014029042084169,9.166657195974174e-56,1.0
0.02200233256267535,0.0008016033048096193,2.679731593741364e-55,0.9999999999999999
0.02200233256267535,0.0009018037054108217,3.138892796709598e-57,1.0
0.02200233256267535,0.0010020041060120242,2.023571660015548e-56,1.0
0.02200233256267535,0.0011022045066132265,6.345047019070345e-57,1.0
0.02200233256267535,0.0012024049072144288,1.0654519444165728e-56,1.0
0.02200233256267535,0.0013026053078156314,8.56648563794964e-57,1.0
0.02200233256267535,0.0014028057084168337,1.7704577931842212e-55,1.0
0.02200233256267535,0.0015030061090180362,6.227417452305946e-56,1.0
0.02200233256267535,0.0016032065096192386,4.232026547422908e-56,1.0
0.02210012070695391,1e-10,6.937603564440113e-58,1.0
0.02210012070695391,0.0001002005006012024,6.615833124768535e-58,1.0
0.02210012070695391,0.00020040090120240482,1.2257898265678962e-57,1.0
0.02210012070695391,0.0003006013018036072,7.943497549761014e-57,1.0
0.02210012070695391,0.0004008017024048096,3.8265486569049586e-57,1.0
0.02210012070695391,0.0005010021030060121,5.154661516943064e-57,1.0
0.02210012070695391,0.0006012025036072144,5.804153828258208e-57,1.0
0.02210012070695391,0.0007014029042084169,2.808497675046099e-56,1.0
0.02210012070695391,0.0008016033048096193,2.388311780701717e-56,1.0
0.02210012070695391,0.0009018037054108217,1.601483052887662e-56,1.0
0.02210012070695391,0.0010020041060120242,2.5405021811070496e-57,1.0
0.02210012070695391,0.0011022045066132265,3.7997225738424638e-56,1.0
0.02210012070695391,0.0012024049072144288,1.7059384753885867e-56,1.0
0.02210012070695391,0.0013026053078156314,5.10875882244269e-57,1.0
0.02210012070695391,0.0014028057084168337,8.09267645570743e-55,1.0
0.02210012070695391,0.0015030061090180362,1.4411992201318479e-56,1.0
0.02210012070695391,0.0016032065096192386,4.774515612754387e-54,1.0
0.022197908851232465,1e-10,1.1431976254596965e-57,1.0
0.022197908851232465,0.0001002005006012024,3.597793914917866e-58,1.0
0.022197908851232465,0.00020040090120240482,8.356032679646703e-58,1.0
0.022197908851232465,0.0003006013018036072,1.6740350831441418e-57,1.0
0.022197908851232465,0.0004008017024048096,1.0278148652482408e-56,1.0
0.022197908851232465,0.0005010021030060121,1.7815181557167586e-56,1.0
0.022197908851232465,0.0006012025036072144,3.924760819714057e-56,1.0
0.022197908851232465,0.0007014029042084169,1.8256565156050032e-57,1.0
0.022197908851232465,0.0008016033048096193,5.398864603506335e-56,1.0
0.022197908851232465,0.0009018037054108217,1.4311561136811983e-57,1.0
0.022197908851232465,0.0010020041060120242,2.409666986499347e-56,1.0
0.022197908851232465,0.0011022045066132265,2.0021707022413884e-56,1.0
0.022197908851232465,0.0012024049072144288,1.350150016388533e-57,1.0
0.022197908851232465,0.0013026053078156314,2.0812146485487263e-58,1.0
0.022197908851232465,0.0014028057084168337,1.8267556324078082e-54,1.0
0.022197908851232465,0.0015030061090180362,3.615938730698365e-53,1.0
0.022197908851232465,0.0016032065096192386,9.692714477794937e-58,1.0
0.022295696995511025,1e-10,1.8806137947273954e-57,1.0
0.022295696995511025,0.0001002005006012024,3.3417445176357904e-57,1.0
0.022295696995511025,0.00020040090120240482,9.357961498061062e-58,1.0
0.022295696995511025,0.0003006013018036072,6.294473171232657e-56,1.0
0.022295696995511025,0.0004008017024048096,1.7832562940567683e-56,1.0
0.022295696995511025,0.0005010021030060121,1.214774689640548e-56,1.0
0.022295696995511025,0.0006012025036072144,1.1624248597881875e-55,1.0
0.022295696995511025,0.0007014029042084169,5.081781249343931e-58,1.0
0.022295696995511025,0.0008016033048096193,3.1747792527450423e-56,1.0
0.022295696995511025,0.0009018037054108217,3.130553739749156e-56,1.0
0.022295696995511025,0.0010020041060120242,8.517107744047777e-56,1.0
0.022295696995511025,0.0011022045066132265,7.154730485972715e-57,1.0
0.022295696995511025,0.0012024049072144288,2.629257983495599e-55,1.0
0.022295696995511025,0.0013026053078156314,8.707157082980106e-57,1.0
0.022295696995511025,0.0014028057084168337,6.06801442422085e-54,1.0
0.022295696995511025,0.0015030061090180362,8.3978789376452e-57,1.0
0.022295696995511025,0.0016032065096192386,8.648152838427566e-55,1.0
0.02239348513978958,1e-10,3.1033040119555695e-57,1.0
0.02239348513978958,0.0001002005006012024,2.8604213967355625e-57,1.0
0.02239348513978958,0.00020040090120240482,1.2194844478531947e-57,1.0
0.02239348513978958,0.0003006013018036072,4.0010377439463334e-56,1.0
0.02239348513978958,0.0004008017024048096,6.570655385906954e-57,1.0
0.02239348513978958,0.0005010021030060121,2.2768952296731277e-57,1.0
0.02239348513978958,0.0006012025036072144,1.2397057682396294e-55,1.0
0.02239348513978958,0.0007014029042084169,1.1341360384003537e-55,1.0
0.02239348513978958,0.0008016033048096193,4.477327204100856e-57,1.0
0.02239348513978958,0.0009018037054108217,6.258179050650202e-55,0.9999999999999999
0.02239348513978958,0.0010020041060120242,3.364620624831112e-56,1.0
0.02239348513978958,0.0011022045066132265,1.1328978436691352e-55,1.0
0.02239348513978958,0.0012024049072144288,3.7954141188884384e-56,1.0
0.02239348513978958,0.0013026053078156314,4.4720529808582635e-57,1.0
0.02239348513978958,0.0014028057084168337,8.084550132004884e-57,1.0
0.02239348513978958,0.0015030061090180362,1.4149877372605801e-55,1.0
0.02239348513978958,0.0016032065096192386,6.447090308100727e-55,1.0
0.02239348513978958,0.0017034069102204409,2.85007200898125e-54,1.0
0.022491273284068136,1e-10,5.105922332585235e-57,1.0
0.022491273284068136,0.0001002005006012024,2.4547168098582334e-57,1.0
0.022491273284068136,0.00020040090120240482,7.854116477749846e-57,1.0
0.022491273284068136,0.0003006013018036072,2.5583678475707355e-57,1.0
0.022491273284068136,0.0004008017024048096,1.8510702779453188e-57,1.0
0.022491273284068136,0.0005010021030060121,1.6526209835979246e-57,1.0
0.022491273284068136,0.0006012025036072144,2.0467421833881966e-56,1.0
0.022491273284068136,0.0007014029042084169,2.4274919132600574e-56,1.0
0.022491273284068136,0.0008016033048096193,4.414853192432692e-56,1.0
0.022491273284068136,0.0009018037054108217,2.2294478142384964e-55,1.0
0.022491273284068136,0.0010020041060120242,1.7960026437580375e-55,1.0
0.022491273284068136,0.0011022045066132265,2.0012620074404064e-56,1.0
0.022491273284068136,0.0012024049072144288,7.772640432439812e-56,1.0
0.022491273284068136,0.0013026053078156314,5.292242394940899e-53,1.0
0.022491273284068136,0.0014028057084168337,5.829623202750323e-55,1.0
0.022491273284068136,0.0015030061090180362,4.360453523167535e-54,1.0
0.022491273284068136,0.0016032065096192386,7.031994670907107e-55,1.0
0.022491273284068136,0.0017034069102204409,2.720166610811999e-52,1.0
0.022589061428346695,1e-10,8.427718019460544e-57,1.0
0.022589061428346695,0.0001002005006012024,2.7580595640055747e-56,0.9999999999999999
0.022589061428346695,0.00020040090120240482,6.913002880473398e-56,1.0
0.022589061428346695,0.0003006013018036072,1.068598383219695e-55,1.0
0.022589061428346695,0.0004008017024048096,1.8267164140759102e-56,1.0
0.022589061428346695,0.0005010021030060121,1.5644085870304313e-56,1.0
0.022589061428346695,0.0006012025036072144,5.207733818797909e-55,1.0
0.022589061428346695,0.0007014029042084169,1.0328036689532107e-54,1.0
0.022589061428346695,0.0008016033048096193,2.4022790707465986e-55,1.0
0.022589061428346695,0.0009018037054108217,2.3805621375869192e-55,1.0
0.022589061428346695,0.0010020041060120242,1.4731385134668634e-56,1.0
0.022589061428346695,0.0011022045066132265,2.278069807657807e-57,1.0
0.022589061428346695,0.0012024049072144288,1.1652976095749573e-54,1.0
0.022589061428346695,0.0013026053078156314,1.1377415445406593e-55,1.0
0.022589061428346695,0.0014028057084168337,9.987713302531917e-57,1.0
0.022589061428346695,0.0015030061090180362,9.251694855417472e-56,1.0
0.022589061428346695,0.0016032065096192386,4.787235765292853e-57,1.0
0.022589061428346695,0.0017034069102204409,9.339005051981039e-54,1.0
0.02268684957262525,1e-10,1.3895774445188663e-56,1.0
0.02268684957262525,0.0001002005006012024,1.7285248241407624e-57,1.0
0.02268684957262525,0.00020040090120240482,3.4780305303675657e-56,1.0
0.02268684957262525,0.0003006013018036072,7.761800133039057e-56,1.0
0.02268684957262525,0.0004008017024048096,4.442283866217937e-55,1.0
0.02268684957262525,0.0005010021030060121,7.615329869945186e-57,1.0
0.02268684957262525,0.0006012025036072144,2.761547810246607e-56,1.0
0.02268684957262525,0.0007014029042084169,3.1688409024979225e-56,1.0
0.02268684957262525,0.0008016033048096193,1.3611633240399805e-56,1.0
0.02268684957262525,0.0009018037054108217,6.212956652342898e-56,1.0
0.02268684957262525,0.0010020041060120242,1.9352614159531867e-54,1.0
0.02268684957262525,0.0011022045066132265,1.3011658517823094e-56,1.0
0.02268684957262525,0.0012024049072144288,9.995528001190615e-55,1.0
0.02268684957262525,0.0013026053078156314,5.972120427862977e-58,1.0
0.02268684957262525,0.0014028057084168337,5.561394284247733e-55,1.0
0.02268684957262525,0.0015030061090180362,1.4261929659728567e-57,1.0
0.02268684957262525,0.0016032065096192386,1.2717446930757494e-53,1.0
0.02268684957262525,0.0017034069102204409,2.481441876728665e-53,1.0
0.022784637716903807,1e-10,2.29267666647035e-56,1.0
0.022784637716903807,0.0001002005006012024,2.4407724207280737e-56,1.0
0.022784637716903807,0.00020040090120240482,1.4154044935200278e-56,1.0
0.022784637716903807,0.0003006013018036072,2.6547995916560185e-56,1.0
0.022784637716903807,0.0004008017024048096,1.3076796128229259e-55,1.0
0.022784637716903807,0.0005010021030060121,1.5377510214687023e-55,1.0
0.022784637716903807,0.0006012025036072144,3.8629405997170854e-56,1.0
0.022784637716903807,0.0007014029042084169,7.0293726103472825e-56,1.0
0.022784637716903807,0.0008016033048096193,3.250883988716282e-54,1.0
0.022784637716903807,0.0009018037054108217,2.9790141248285075e-55,1.0
0.022784637716903807,0.0010020041060120242,2.1969088429131855e-56,1.0
0.022784637716903807,0.0011022045066132265,1.5194803035211251e-55,1.0
0.022784637716903807,0.0012024049072144288,4.595537114160132e-53,1.0
0.022784637716903807,0.0013026053078156314,1.0450205520865932e-54,1.0
0.022784637716903807,0.0014028057084168337,2.4700750868407817e-55,1.0
0.022784637716903807,0.0015030061090180362,3.571559445402754e-57,1.0
0.022784637716903807,0.0016032065096192386,1.5506207557307071e-56,1.0
0.022784637716903807,0.0017034069102204409,1.7039879114333303e-54,1.0
0.022882425861182366,1e-10,3.7766169815776443e-56,1.0
0.022882425861182366,0.0001002005006012024,8.205500141320262e-56,1.0
0.022882425861182366,0.00020040090120240482,2.0067319571766374e-55,1.0
0.022882425861182366,0.0003006013018036072,3.233509213052117e-56,1.0
0.022882425861182366,0.0004008017024048096,1.241410937644624e-56,1.0
0.022882425861182366,0.0005010021030060121,1.9940770856380876e-55,1.0
0.022882425861182366,0.0006012025036072144,1.0472743983317028e-53,1.0
0.022882425861182366,0.0007014029042084169,7.64957726878587e-56,1.0
0.022882425861182366,0.0008016033048096193,1.044586074904139e-55,1.0
0.022882425861182366,0.0009018037054108217,2.1276710648028675e-55,1.0
0.022882425861182366,0.0010020041060120242,8.197029424341037e-54,1.0
0.022882425861182366,0.0011022045066132265,1.1595923638091894e-53,1.0
0.022882425861182366,0.0012024049072144288,1.7304115845133048e-54,1.0
0.022882425861182366,0.0013026053078156314,2.9681753886145027e-56,1.0
0.022882425861182366,0.0014028057084168337,1.4927882049592022e-55,1.0
0.022882425861182366,0.0015030061090180362,6.105902983289312e-54,1.0
0.022882425861182366,0.0016032065096192386,5.855040718896285e-52,1.0
0.022882425861182366,0.0017034069102204409,9.945561719227e-54,1.0
0.022980214005460922,1e-10,6.22327246580922e-56,1.0
0.022980214005460922,0.0001002005006012024,6.70829958343165e-56,1.0
0.022980214005460922,0.00020040090120240482,1.8890657641933004e-56,1.0
0.022980214005460922,0.0003006013018036072,1.906822070773597e-56,1.0
0.022980214005460922,0.0004008017024048096,2.352990981868192e-55,1.0
0.022980214005460922,0.0005010021030060121,2.7173926298337635e-54,1.0
0.022980214005460922,0.0006012025036072144,1.7840240337510562e-55,1.0
0.022980214005460922,0.0007014029042084169,7.24313859803565e-55,1.0
0.022980214005460922,0.0008016033048096193,9.871519195599423e-55,1.0
0.022980214005460922,0.0009018037054108217,2.795275662761426e-54,1.0
0.022980214005460922,0.0010020041060120242,3.9086069377279205e-54,1.0
0.022980214005460922,0.0011022045066132265,1.8750768827406668e-53,1.0
0.022980214005460922,0.0012024049072144288,8.059572787339769e-52,1.0
0.022980214005460922,0.0013026053078156314,1.8396045488126637e-52,1.0
0.022980214005460922,0.0014028057084168337,1.4359811974150215e-55,0.9999999999999999
0.022980214005460922,0.0015030061090180362,1.0798663501671298e-53,1.0
0.022980214005460922,0.0016032065096192386,3.3487401758418166e-54,1.0
0.022980214005460922,0.0017034069102204409,1.2889524556613996e-54,1.0
0.023078002149739478,1e-10,1.0253385385326407e-55,1.0
0.023078002149739478,0.0001002005006012024,1.5890472029176885e-55,1.0
0.023078002149739478,0.00020040090120240482,3.013719550570207e-54,1.0
0.023078002149739478,0.0003006013018036072,2.915313631439742e-55,1.0
0.023078002149739478,0.0004008017024048096,9.04616734108884e-57,1.0
0.023078002149739478,0.0005010021030060121,1.299933581652147e-55,1.0
0.023078002149739478,0.0006012025036072144,1.8963038030728979e-53,1.0
0.023078002149739478,0.0007014029042084169,7.523573822445452e-56,1.0
0.023078002149739478,0.0008016033048096193,3.3344841194836957e-56,1.0
0.023078002149739478,0.0009018037054108217,9.104559848868219e-54,1.0
0.023078002149739478,0.0010020041060120242,1.6464248947554333e-53,1.0
0.023078002149739478,0.0011022045066132265,2.9409965224771833e-54,1.0
0.023078002149739478,0.0012024049072144288,2.1567948759312247e-55,1.0
0.023078002149739478,0.0013026053078156314,1.5393042856637813e-55,1.0
0.023078002149739478,0.0014028057084168337,2.6578376709179345e-53,1.0
0.023078002149739478,0.0015030061090180362,9.509180832603666e-53,1.0
0.023078002149739478,0.0016032065096192386,4.228297609400658e-53,1.0
0.023078002149739478,0.0017034069102204409,4.142275141349874e-53,1.0
0.023175790294018037,1e-10,1.69131994966159e-55,1.0
0.023175790294018037,0.0001002005006012024,5.3662993851232414e-55,1.0
0.023175790294018037,0.00020040090120240482,1.2358308133263471e-55,1.0
0.023175790294018037,0.0003006013018036072,3.0395404087099718e-55,1.0
0.023175790294018037,0.0004008017024048096,9.46002677715972e-56,1.0
0.023175790294018037,0.0005010021030060121,7.605599980398553e-55,1.0
0.023175790294018037,0.0006012025036072144,3.1517161255224588e-55,1.0
0.023175790294018037,0.0007014029042084169,1.84023743533141e-53,1.0
0.023175790294018037,0.0008016033048096193,2.0043901569615266e-53,1.0
0.023175790294018037,0.0009018037054108217,2.186463482379981e-54,1.0
0.023175790294018037,0.0010020041060120242,3.862463837096525e-54,0.9999999999999999
0.023175790294018037,0.0011022045066132265,1.8084938187510876e-55,1.0
0.023175790294018037,0.0012024049072144288,2.137395038139094e-56,1.0
0.023175790294018037,0.0013026053078156314,1.8014917221098258e-54,1.0
0.023175790294018037,0.0014028057084168337,4.911328933753121e-55,1.0
0.023175790294018037,0.0015030061090180362,1.9499165837384766e-55,1.0
0.023175790294018037,0.0016032065096192386,9.798712661346929e-55,1.0
0.023175790294018037,0.0017034069102204409,4.34957637325819e-53,1.0
0.023273578438296593,1e-10,2.788015195783486e-55,1.0
0.023273578438296593,0.0001002005006012024,1.5143984802276456e-55,1.0
0.023273578438296593,0.00020040090120240482,2.383529819806614e-55,1.0
0.023273578438296593,0.0003006013018036072,3.0357457041992368e-55,1.0
0.023273578438296593,0.0004008017024048096,1.1129901735282971e-54,1.0
0.023273578438296593,0.0005010021030060121,2.4941827896403954e-54,1.0
0.023273578438296593,0.0006012025036072144,2.854566954733453e-54,1.0
0.023273578438296593,0.0007014029042084169,4.313124627851406e-55,1.0
0.023273578438296593,0.0008016033048096193,3.5535663939032205e-55,1.0
0.023273578438296593,0.0009018037054108217,9.069202986019728e-54,1.0
0.023273578438296593,0.0010020041060120242,3.2743637713401846e-54,1.0
0.023273578438296593,0.0011022045066132265,9.392581190387453e-54,1.0
0.023273578438296593,0.0012024049072144288,4.78212215581123e-54,1.0
0.023273578438296593,0.0013026053078156314,5.217450303493303e-52,1.0
0.023273578438296593,0.0014028057084168337,7.254506263039503e-56,1.0
0.023273578438296593,0.0015030061090180362,5.561034498771135e-53,1.0
0.023273578438296593,0.0016032065096192386,6.008023348236316e-53,1.0
0.023273578438296593,0.0017034069102204409,3.2070127539267215e-52,1.0
0.023371366582575152,1e-10,4.593640672039348e-55,1.0
0.023371366582575152,0.0001002005006012024,4.99056072552801e-55,1.0
0.023371366582575152,0.00020040090120240482,5.216048413231544e-55,1.0
0.023371366582575152,0.0003006013018036072,1.181956275797789e-54,1.0
0.023371366582575152,0.0004008017024048096,5.29423839784207e-54,1.0
0.023371366582575152,0.0005010021030060121,1.7280506154049523e-55,1.0
0.023371366582575152,0.0006012025036072144,7.629856032679116e-54,1.0
0.023371366582575152,0.0007014029042084169,2.1764032190084206e-55,1.0
0.023371366582575152,0.0008016033048096193,1.545337107922376e-55,1.0
0.023371366582575152,0.0009018037054108217,6.466462752475928e-53,1.0
0.023371366582575152,0.0010020041060120242,5.568404607665256e-54,1.0
0.023371366582575152,0.0011022045066132265,9.642757775548962e-55,1.0
0.023371366582575152,0.0012024049072144288,1.1031168968799945e-53,1.0
0.023371366582575152,0.0013026053078156314,1.0182020013441963e-53,1.0
0.023371366582575152,0.0014028057084168337,6.471417436308861e-54,1.0
0.023371366582575152,0.0015030061090180362,3.6183291970957786e-53,1.0
0.023371366582575152,0.0016032065096192386,7.876315476389359e-53,1.0
0.023371366582575152,0.0017034069102204409,2.1293268946079224e-51,1.0
0.023469154726853708,1e-10,7.572929915268449e-55,1.0
0.023469154726853708,0.0001002005006012024,5.754931786066922e-54,1.0
0.023469154726853708,0.00020040090120240482,1.1088495086334643e-54,1.0
0.023469154726853708,0.0003006013018036072,1.4875474222830295e-53,1.0
0.023469154726853708,0.0004008017024048096,6.4928881853678396e-55,1.0
0.023469154726853708,0.0005010021030060121,6.591981758741091e-54,1.0
0.023469154726853708,0.0006012025036072144,5.769088035906937e-54,1.0
0.023469154726853708,0.0007014029042084169,3.6716577045332083e-53,1.0
0.023469154726853708,0.0008016033048096193,1.3224959864592055e-53,1.0
0.023469154726853708,0.0009018037054108217,3.5317172816342503e-54,1.0
0.023469154726853708,0.0010020041060120242,3.3075840738412818e-53,1.0
0.023469154726853708,0.0011022045066132265,1.6069479136872764e-53,1.0
0.023469154726853708,0.0012024049072144288,1.9449559621662878e-55,1.0
0.023469154726853708,0.0013026053078156314,7.227654172767571e-53,1.0
0.023469154726853708,0.0014028057084168337,1.199429089220593e-54,1.0
0.023469154726853708,0.0015030061090180362,3.593071448763628e-54,1.0
0.023469154726853708,0.0016032065096192386,1.588567860720947e-53,1.0
0.023469154726853708,0.0017034069102204409,1.04624116884907e-51,1.0
0.023566942871132264,1e-10,1.2499453842219368e-54,1.0
0.023566942871132264,0.0001002005006012024,1.5524686674653828e-54,1.0
0.023566942871132264,0.00020040090120240482,9.289832998897807e-55,1.0
0.023566942871132264,0.0003006013018036072,8.402001503649823e-54,1.0
0.023566942871132264,0.0004008017024048096,3.982574350587803e-55,1.0
0.023566942871132264,0.0005010021030060121,1.4473767831648906e-54,1.0
0.023566942871132264,0.0006012025036072144,1.1409009771326469e-54,1.0
0.023566942871132264,0.0007014029042084169,9.84292672297554e-54,1.0
0.023566942871132264,0.0008016033048096193,3.102047350873706e-53,1.0
0.023566942871132264,0.0009018037054108217,1.0475963614198884e-54,1.0
0.023566942871132264,0.0010020041060120242,5.305919666759654e-52,1.0
0.023566942871132264,0.0011022045066132265,3.1345807875735127e-53,1.0
0.023566942871132264,0.0012024049072144288,3.5752976834566216e-53,0.9999999999999999
0.023566942871132264,0.0013026053078156314,3.8223235719204926e-53,1.0
0.023566942871132264,0.0014028057084168337,8.212050918612043e-55,1.0
0.023566942871132264,0.0015030061090180362,2.9252504740070997e-53,1.0
0.023566942871132264,0.0016032065096192386,4.496301933193516e-52,1.0
0.023566942871132264,0.0017034069102204409,1.5292634249304046e-52,1.0
0.023664731015410823,1e-10,2.0585068283681692e-54,1.0
0.023664731015410823,0.0001002005006012024,1.4045276109963232e-54,1.0
0.023664731015410823,0.00020040090120240482,2.1978229035729736e-54,1.0
0.023664731015410823,0.0003006013018036072,1.0088170461744747e-53,1.0
0.023664731015410823,0.0004008017024048096,2.177278891653662e-53,1.0
0.023664731015410823,0.0005010021030060121,7.428613697873329e-55,1.0
0.023664731015410823,0.0006012025036072144,6.956951958816184e-54,1.0
0.023664731015410823,0.0007014029042084169,8.413631462104593e-54,1.0
0.023664731015410823,0.0008016033048096193,8.392125173633643e-55,1.0
0.023664731015410823,0.0009018037054108217,6.609049123259867e-53,1.0
0.023664731015410823,0.0010020041060120242,1.65994985637328e-53,1.0
0.023664731015410823,0.0011022045066132265,1.106677593584015e-51,1.0
0.023664731015410823,0.0012024049072144288,2.4680558180615248e-51,1.0
0.023664731015410823,0.0013026053078156314,3.79951578474337e-52,1.0
0.023664731015410823,0.0014028057084168337,8.406798299599834e-53,1.0
0.023664731015410823,0.0015030061090180362,1.404842816427532e-52,1.0
0.023664731015410823,0.0016032065096192386,2.986954680279788e-53,1.0
0.023664731015410823,0.0017034069102204409,8.34752108987501e-53,1.0
0.02376251915968938,1e-10,3.4013233690431626e-54,1.0
0.02376251915968938,0.0001002005006012024,5.836303987174264e-54,1.0
0.02376251915968938,0.00020040090120240482,7.057960543735526e-54,1.0
0.02376251915968938,0.0003006013018036072,5.264673828742855e-54,1.0
0.02376251915968938,0.0004008017024048096,1.9547456424076407e-54,1.0
0.02376251915968938,0.0005010021030060121,7.059339954428226e-54,1.0
0.02376251915968938,0.0006012025036072144,3.7344440868185498e-53,1.0
0.02376251915968938,0.0007014029042084169,2.3433922434646932e-54,1.0
0.02376251915968938,0.0008016033048096193,5.332081109658761e-52,1.0
0.02376251915968938,0.0009018037054108217,2.7612865592407902e-52,1.0
0.02376251915968938,0.0010020041060120242,7.163744200729077e-53,1.0
0.02376251915968938,0.0011022045066132265,1.4269368469344282e-53,1.0
0.02376251915968938,0.0012024049072144288,1.5891951779303012e-54,1.0
0.02376251915968938,0.0013026053078156314,3.803449075268957e-51,1.0
0.02376251915968938,0.0014028057084168337,1.862755917379957e-52,1.0
0.02376251915968938,0.0015030061090180362,4.1012720322823333e-51,1.0
0.02376251915968938,0.0016032065096192386,1.1627864853520563e-51,1.0
0.02376251915968938,0.0017034069102204409,6.190231594880954e-52,1.0
0.02386030730396794,1e-10,5.60557379120732e-54,1.0
0.02386030730396794,0.0001002005006012024,1.981348661023286e-53,1.0
0.02386030730396794,0.00020040090120240482,6.120548063928668e-53,1.0
0.02386030730396794,0.0003006013018036072,7.157725198524177e-53,1.0
0.02386030730396794,0.0004008017024048096,1.2210505846987023e-52,1.0
0.02386030730396794,0.0005010021030060121,3.7937277623312027e-53,1.0
0.02386030730396794,0.0006012025036072144,1.720852848846963e-52,1.0
0.02386030730396794,0.0007014029042084169,1.4393686651541644e-52,1.0
0.02386030730396794,0.0008016033048096193,4.731573404236934e-53,1.0
0.02386030730396794,0.0009018037054108217,3.1335775808167057e-52,1.0
0.02386030730396794,0.0010020041060120242,3.5833795394124787e-53,1.0
0.02386030730396794,0.0011022045066132265,1.173261319833256e-52,1.0
0.02386030730396794,0.0012024049072144288,1.3031355929514863e-51,1.0
0.02386030730396794,0.0013026053078156314,3.245305198878689e-54,1.0
0.02386030730396794,0.0014028057084168337,2.183519928866307e-52,1.0
0.02386030730396794,0.0015030061090180362,1.092653170465446e-51,1.0
0.02386030730396794,0.0016032065096192386,1.0087793142904258e-53,1.0
0.02386030730396794,0.0017034069102204409,1.0122361830166258e-50,1.0
0.023958095448246494,1e-10,9.253433165410152e-54,1.0
0.023958095448246494,0.0001002005006012024,8.657681874241187e-54,1.0
0.023958095448246494,0.00020040090120240482,2.3761352280067345e-53,1.0
0.023958095448246494,0.0003006013018036072,8.659101926792535e-54,1.0
0.023958095448246494,0.0004008017024048096,1.7844860272142888e-52,1.0
0.023958095448246494,0.0005010021030060121,1.3456088689140098e-53,1.0
0.023958095448246494,0.0006012025036072144,1.6455540400054938e-54,1.0
0.023958095448246494,0.0007014029042084169,5.330173397247324e-54,1.0
0.023958095448246494,0.0008016033048096193,8.248468823149058e-52,1.0
0.023958095448246494,0.0009018037054108217,3.4947208944966394e-54,1.0
0.023958095448246494,0.0010020041060120242,2.3331597002470707e-52,0.9999999999999999
0.023958095448246494,0.0011022045066132265,9.068705774485887e-54,1.0
0.023958095448246494,0.0012024049072144288,1.6715927639989664e-52,1.0
0.023958095448246494,0.0013026053078156314,1.5949399767122198e-52,1.0
0.023958095448246494,0.0014028057084168337,1.9161102671517776e-51,1.0
0.023958095448246494,0.0015030061090180362,7.514253379713538e-53,1.0
0.023958095448246494,0.0016032065096192386,1.4559248746344664e-52,1.0
0.023958095448246494,0.0017034069102204409,4.831862535850218e-50,1.0
0.023958095448246494,0.0018036073108216434,7.598467787082482e-51,1.0
0.02405588359252505,1e-10,1.5256514650322071e-53,1.0
0.02405588359252505,0.0001002005006012024,1.7200342164251825e-53,1.0
0.02405588359252505,0.00020040090120240482,4.36172944952596e-53,1.0
0.02405588359252505,0.0003006013018036072,4.199006682480279e-53,1.0
0.02405588359252505,0.0004008017024048096,2.381737433196556e-53,1.0
0.02405588359252505,0.0005010021030060121,7.996660877247993e-54,1.0
0.02405588359252505,0.0006012025036072144,4.868195851845082e-52,1.0
0.02405588359252505,0.0007014029042084169,8.138311069545529e-53,1.0
0.02405588359252505,0.0008016033048096193,1.6770998016785529e-53,0.9999999999999999
0.02405588359252505,0.0009018037054108217,4.342317349185948e-52,1.0
0.02405588359252505,0.0010020041060120242,4.959582479422956e-53,1.0
0.02405588359252505,0.0011022045066132265,7.009727751595253e-53,1.0
0.02405588359252505,0.0012024049072144288,4.8768082551059855e-52,1.0
0.02405588359252505,0.0013026053078156314,9.173949594276211e-51,1.0
0.02405588359252505,0.0014028057084168337,4.985385485920332e-51,1.0
0.02405588359252505,0.0015030061090180362,2.0917768885979753e-50,1.0
0.02405588359252505,0.0016032065096192386,1.8268041919033377e-51,1.0
0.02405588359252505,0.0017034069102204409,1.0154275755295049e-50,1.0
0.02405588359252505,0.0018036073108216434,1.4706313151569e-48,1.0
0.02415367173680361,1e-10,2.513105329813819e-53,1.0
0.02415367173680361,0.0001002005006012024,5.764144511381045e-53,1.0
0.02415367173680361,0.00020040090120240482,1.021909437307709e-52,1.0
0.02415367173680361,0.0003006013018036072,1.8931874338592603e-53,1.0
0.02415367173680361,0.0004008017024048096,2.5705536762851988e-54,1.0
0.02415367173680361,0.0005010021030060121,1.733129762689847e-52,1.0
0.02415367173680361,0.0006012025036072144,3.5042653556493423e-54,1.0
0.02415367173680361,0.0007014029042084169,4.336273654388854e-53,1.0
0.02415367173680361,0.0008016033048096193,1.752395168793938e-53,1.0
0.02415367173680361,0.0009018037054108217,1.4105700808137108e-52,1.0
0.02415367173680361,0.0010020041060120242,1.7666211681103858e-50,1.0
0.02415367173680361,0.0011022045066132265,1.0420779213303312e-50,1.0
0.02415367173680361,0.0012024049072144288,5.639869242804456e-51,1.0
0.02415367173680361,0.0013026053078156314,1.400838101218818e-51,1.0
0.02415367173680361,0.0014028057084168337,8.095301237886265e-51,1.0
0.02415367173680361,0.0015030061090180362,1.0614804130065587e-50,1.0
0.02415367173680361,0.0016032065096192386,6.179780563237338e-53,1.0
0.02415367173680361,0.0017034069102204409,4.3393953997115e-49,1.0
0.02415367173680361,0.0018036073108216434,2.147362892483516e-49,1.0
0.024251459881082165,1e-10,4.149261477780846e-53,1.0
0.024251459881082165,0.0001002005006012024,8.017989773940114e-53,1.0
0.024251459881082165,0.00020040090120240482,9.77518789171303e-53,1.0
0.024251459881082165,0.0003006013018036072,6.608754140975447e-52,1.0
0.024251459881082165,0.0004008017024048096,6.035663254603941e-53,1.0
0.024251459881082165,0.0005010021030060121,2.8864038986121126e-53,1.0
0.024251459881082165,0.0006012025036072144,1.8093628080095073e-52,1.0
0.024251459881082165,0.0007014029042084169,3.695367005273405e-51,1.0
0.024251459881082165,0.0008016033048096193,2.914529031226665e-52,1.0
0.024251459881082165,0.0009018037054108217,3.9008261813072215e-51,1.0
0.024251459881082165,0.0010020041060120242,2.4508942143601867e-50,1.0
0.024251459881082165,0.0011022045066132265,3.1809712381461785e-52,1.0
0.024251459881082165,0.0012024049072144288,2.6608523138047948e-50,1.0
0.024251459881082165,0.0013026053078156314,1.2641507872793953e-51,1.0
0.024251459881082165,0.0014028057084168337,7.661505743376204e-53,1.0
0.024251459881082165,0.0015030061090180362,4.658347997062452e-53,1.0
0.024251459881082165,0.0016032065096192386,2.6443933324251673e-49,1.0
0.024251459881082165,0.0017034069102204409,3.189027913114588e-50,1.0
0.024251459881082165,0.0018036073108216434,1.1012909134755196e-49,1.0
0.02434924802536072,1e-10,6.848890551972109e-53,1.0
0.02434924802536072,0.0001002005006012024,1.113523557197188e-52,1.0
0.02434924802536072,0.00020040090120240482,1.0487983561429248e-52,1.0
0.02434924802536072,0.0003006013018036072,2.7749481114928556e-53,1.0
0.02434924802536072,0.0004008017024048096,5.280380289227038e-52,1.0
0.02434924802536072,0.0005010021030060121,2.101680568617156e-52,1.0
0.02434924802536072,0.0006012025036072144,1.8428260426400015e-52,1.0
0.02434924802536072,0.0007014029042084169,9.009194654840773e-53,1.0
0.02434924802536072,0.0008016033048096193,2.6156033918210153e-52,1.0
0.02434924802536072,0.0009018037054108217,4.503922973614527e-53,1.0
0.02434924802536072,0.0010020041060120242,4.443445106989373e-53,1.0
0.02434924802536072,0.0011022045066132265,2.316680772898055e-52,1.0
0.02434924802536072,0.0012024049072144288,1.0253656230802166e-53,1.0
0.02434924802536072,0.0013026053078156314,6.746411163463633e-53,1.0
0.02434924802536072,0.0014028057084168337,4.1661006381173297e-51,1.0
0.02434924802536072,0.0015030061090180362,4.370419900197463e-51,1.0
0.02434924802536072,0.0016032065096192386,4.634370229000798e-49,1.0
0.02434924802536072,0.0017034069102204409,2.3992157634939354e-52,1.0
0.02434924802536072,0.0018036073108216434,4.1685296342368613e-50,1.0
0.02444703616963928,1e-10,1.1290746930656573e-52,1.0
0.02444703616963928,0.0001002005006012024,2.400027384463336e-52,1.0
0.02444703616963928,0.00020040090120240482,8.271178084297028e-53,1.0
0.02444703616963928,0.0003006013018036072,2.4932993350295076e-52,1.0
0.02444703616963928,0.0004008017024048096,1.7527825432714504e-52,1.0
0.02444703616963928,0.0005010021030060121,7.753605547614256e-51,1.0
0.02444703616963928,0.0006012025036072144,7.719448431772284e-53,0.9999999999999999
0.02444703616963928,0.0007014029042084169,1.018507066616378e-52,1.0
0.02444703616963928,0.0008016033048096193,4.36260244693265e-53,1.0
0.02444703616963928,0.0009018037054108217,5.047269443577554e-52,1.0
0.02444703616963928,0.0010020041060120242,6.848289991334343e-53,1.0
0.02444703616963928,0.0011022045066132265,1.3583189097040656e-50,1.0
0.02444703616963928,0.0012024049072144288,1.3884312205349724e-53,1.0
0.02444703616963928,0.0013026053078156314,2.359147420367195e-51,1.0
0.02444703616963928,0.0014028057084168337,2.9171970738103284e-50,1.0
0.02444703616963928,0.0015030061090180362,1.978542775381379e-51,1.0
0.02444703616963928,0.0016032065096192386,3.5020732047222625e-52,1.0
0.02444703616963928,0.0017034069102204409,3.395782403307318e-51,1.0
0.02444703616963928,0.0018036073108216434,3.2751533108580344e-51,0.9999999999999999
0.024544824313917836,1e-10,1.8622931492856764e-52,1.0
0.024544824313917836,0.0001002005006012024,4.062643144955665e-52,0.9999999999999999
0.024544824313917836,0.00020040090120240482,2.0518405667176905e-52,1.0
0.024544824313917836,0.0003006013018036072,5.848012830410261e-52,1.0
0.024544824313917836,0.0004008017024048096,2.008340616477581e-52,1.0
0.024544824313917836,0.0005010021030060121,9.75009664847955e-51,1.0
0.024544824313917836,0.0006012025036072144,5.2912952668988124e-51,1.0
0.024544824313917836,0.0007014029042084169,2.8564285827914317e-50,1.0
0.024544824313917836,0.0008016033048096193,1.1232637971103152e-51,1.0
0.024544824313917836,0.0009018037054108217,1.7858375561300046e-52,1.0
0.024544824313917836,0.0010020041060120242,5.382592141327095e-52,1.0
0.024544824313917836,0.0011022045066132265,2.183114017358152e-51,1.0
0.024544824313917836,0.0012024049072144288,2.375726724055851e-53,1.0
0.024544824313917836,0.0013026053078156314,4.165575836105818e-54,1.0
0.024544824313917836,0.0014028057084168337,1.2821907662088843e-49,1.0
0.024544824313917836,0.0015030061090180362,2.2065989386517825e-51,1.0
0.024544824313917836,0.0016032065096192386,7.025272289174335e-49,1.0
0.024544824313917836,0.0017034069102204409,2.0404329604537582e-49,1.0
0.024544824313917836,0.0018036073108216434,4.784848420533003e-53,1.0
0.024642612458196392,1e-10,3.074546105643662e-52,1.0
0.024642612458196392,0.0001002005006012024,3.243365056748401e-52,1.0
0.024642612458196392,0.00020040090120240482,9.913621915760401e-52,1.0
0.024642612458196392,0.0003006013018036072,4.2385919576579984e-52,1.0
0.024642612458196392,0.0004008017024048096,1.1551197803026764e-52,1.0
0.024642612458196392,0.0005010021030060121,9.783685023010316e-52,1.0
0.024642612458196392,0.0006012025036072144,1.5735262408771577e-50,1.0
0.024642612458196392,0.0007014029042084169,2.84015933166925e-51,1.0
0.024642612458196392,0.0008016033048096193,1.7543790252691627e-51,1.0
0.024642612458196392,0.0009018037054108217,2.8678090878578836e-51,1.0
0.024642612458196392,0.0010020041060120242,2.0990000170551444e-51,1.0
0.024642612458196392,0.0011022045066132265,5.280546620240703e-49,1.0
0.024642612458196392,0.0012024049072144288,8.202195284699054e-52,1.0
0.024642612458196392,0.0013026053078156314,2.111010059463305e-48,1.0
0.024642612458196392,0.0014028057084168337,1.4019592010330943e-51,1.0
0.024642612458196392,0.0015030061090180362,9.619335641031922e-49,1.0
0.024642612458196392,0.0016032065096192386,3.5874782115742944e-49,1.0
0.024642612458196392,0.0017034069102204409,4.143818385850483e-49,1.0
0.024642612458196392,0.0018036073108216434,4.3682105626294e-52,1.0
0.02474040060247495,1e-10,5.0687937889588036e-52,1.0
0.02474040060247495,0.0001002005006012024,7.665670760916033e-52,1.0
0.02474040060247495,0.00020040090120240482,1.4962894941242047e-51,1.0
0.02474040060247495,0.0003006013018036072,2.8338239087886332e-52,1.0
0.02474040060247495,0.0004008017024048096,3.415932134018962e-51,1.0
0.02474040060247495,0.0005010021030060121,4.729708002603434e-51,1.0
0.02474040060247495,0.0006012025036072144,2.887181311415153e-52,1.0
0.02474040060247495,0.0007014029042084169,9.097750091893611e-51,1.0
0.02474040060247495,0.0008016033048096193,7.095604329703034e-51,1.0
0.02474040060247495,0.0009018037054108217,4.344144692800928e-52,1.0
0.02474040060247495,0.0010020041060120242,3.62723287709638e-50,1.0
0.02474040060247495,0.0011022045066132265,2.80042530729214e-51,1.0
0.02474040060247495,0.0012024049072144288,6.405124330140543e-50,1.0
0.02474040060247495,0.0013026053078156314,4.350799608044382e-50,1.0
0.02474040060247495,0.0014028057084168337,2.4815817780952047e-49,1.0
0.02474040060247495,0.0015030061090180362,7.949227900491369e-50,1.0
0.02474040060247495,0.0016032065096192386,2.3229401513800652e-51,1.0
0.02474040060247495,0.0017034069102204409,3.9941119794577525e-48,1.0
0.02474040060247495,0.0018036073108216434,1.7276024913731735e-50,1.0
0.024838188746753507,1e-10,8.379203147180843e-52,1.0
0.024838188746753507,0.0001002005006012024,4.519641669890424e-51,1.0
0.024838188746753507,0.00020040090120240482,3.419492414760463e-52,1.0
0.024838188746753507,0.0003006013018036072,9.897015784900878e-51,1.0
0.024838188746753507,0.0004008017024048096,3.1720674634898706e-51,1.0
0.024838188746753507,0.0005010021030060121,5.890912819477778e-52,1.0
0.024838188746753507,0.0006012025036072144,1.0800092625693577e-51,1.0
0.024838188746753507,0.0007014029042084169,7.22255143094559e-53,1.0
0.024838188746753507,0.0008016033048096193,8.911764699775745e-50,1.0
0.024838188746753507,0.0009018037054108217,1.2770774905904813e-52,1.0
0.024838188746753507,0.0010020041060120242,1.6275149687611982e-49,1.0
0.024838188746753507,0.0011022045066132265,1.4897694715617208e-50,1.0
0.024838188746753507,0.0012024049072144288,8.611987169603914e-51,1.0
0.024838188746753507,0.0013026053078156314,2.5453603523136015e-49,1.0
0.024838188746753507,0.0014028057084168337,1.2004064447973426e-48,0.9999999999999999
0.024838188746753507,0.0015030061090180362,2.8838906103167024e-49,1.0
0.024838188746753507,0.0016032065096192386,6.479546271696747e-52,1.0
0.024838188746753507,0.0017034069102204409,2.550023949706018e-50,1.0
0.024838188746753507,0.0018036073108216434,1.4346972552010414e-50,1.0
0.024935976891032066,1e-10,1.379704346985856e-51,1.0
0.024935976891032066,0.0001002005006012024,4.0599542153275394e-51,1.0
0.024935976891032066,0.00020040090120240482,6.026202549683711e-52,1.0
0.024935976891032066,0.0003006013018036072,1.478149392993746e-51,1.0
0.024935976891032066,0.0004008017024048096,6.607428302033901e-50,1.0
0.024935976891032066,0.0005010021030060121,1.76505224130137e-50,1.0
0.024935976891032066,0.0006012025036072144,1.6792504822499605e-50,1.0
0.024935976891032066,0.0007014029042084169,8.586987341531977e-51,1.0
0.024935976891032066,0.0008016033048096193,5.738763944088074e-50,1.0
0.024935976891032066,0.0009018037054108217,4.1705922484213525e-51,1.0
0.024935976891032066,0.0010020041060120242,2.4560107228729297e-50,1.0
0.024935976891032066,0.0011022045066132265,3.948121482796075e-51,1.0
0.024935976891032066,0.0012024049072144288,6.291382092231327e-50,1.0
0.024935976891032066,0.0013026053078156314,1.3109229745726707e-50,1.0
0.024935976891032066,0.0014028057084168337,1.805399883082004e-51,1.0
0.024935976891032066,0.0015030061090180362,8.76102001663456e-49,1.0
0.024935976891032066,0.0016032065096192386,1.561669543686669e-48,1.0
0.024935976891032066,0.0017034069102204409,1.211105822718893e-50,1.0
0.024935976891032066,0.0018036073108216434,6.512557420653548e-53,1.0
0.025033765035310622,1e-10,2.2778366240177466e-51,1.0
0.025033765035310622,0.0001002005006012024,1.2055690725344307e-51,1.0
0.025033765035310622,0.00020040090120240482,2.8192808775425636e-51,0.9999999999999999
0.025033765035310622,0.0003006013018036072,3.2137210295027187e-51,1.0
0.025033765035310622,0.0004008017024048096,1.3251451393735684e-50,1.0
0.025033765035310622,0.0005010021030060121,1.6656368123195923e-51,1.0
0.025033765035310622,0.0006012025036072144,2.1728735864354753e-49,0.9999999999999999
0.025033765035310622,0.0007014029042084169,1.569184287607921e-49,1.0
0.025033765035310622,0.0008016033048096193,6.496968835600124e-51,1.0
0.025033765035310622,0.0009018037054108217,1.6559651872909787e-49,1.0
0.025033765035310622,0.0010020041060120242,2.527279178690673e-49,1.0
0.025033765035310622,0.0011022045066132265,1.8336932618117313e-49,1.0
0.025033765035310622,0.0012024049072144288,8.349560382371885e-52,1.0
0.025033765035310622,0.0013026053078156314,6.482358965070785e-51,1.0
0.025033765035310622,0.0014028057084168337,1.4491414311645778e-49,1.0
0.025033765035310622,0.0015030061090180362,3.272416845488786e-49,1.0
0.025033765035310622,0.0016032065096192386,6.116839731125578e-51,1.0
0.025033765035310622,0.0017034069102204409,1.9735923886708176e-51,1.0
0.025033765035310622,0.0018036073108216434,1.9569139101539628e-48,1.0
0.025131553179589178,1e-10,3.759499637278858e-51,1.0
0.025131553179589178,0.0001002005006012024,2.348056103472583e-50,1.0
0.025131553179589178,0.00020040090120240482,1.4169945768550135e-50,0.9999999999999999
0.025131553179589178,0.0003006013018036072,8.218426506255784e-51,1.0
0.025131553179589178,0.0004008017024048096,1.6552409362463834e-49,1.0
0.025131553179589178,0.0005010021030060121,3.556398971701099e-51,1.0
0.025131553179589178,0.0006012025036072144,5.918486923094374e-51,1.0
0.025131553179589178,0.0007014029042084169,1.7664899404853963e-49,1.0
0.025131553179589178,0.0008016033048096193,3.155684118929163e-50,1.0
0.025131553179589178,0.0009018037054108217,1.1227677583593268e-49,1.0
0.025131553179589178,0.0010020041060120242,2.7626029262150906e-51,1.0
0.025131553179589178,0.0011022045066132265,6.72033084238284e-50,1.0
0.025131553179589178,0.0012024049072144288,7.22100978138457e-49,1.0
0.025131553179589178,0.0013026053078156314,4.560632107746799e-53,1.0
0.025131553179589178,0.0014028057084168337,3.025630076201807e-49,1.0
0.025131553179589178,0.0015030061090180362,1.4990376669595133e-50,1.0
0.025131553179589178,0.0016032065096192386,1.9459550095533912e-46,1.0
0.025131553179589178,0.0017034069102204409,5.110460912015015e-50,1.0
0.025131553179589178,0.0018036073108216434,1.7001583190709336e-47,1.0
0.025229341323867737,1e-10,6.20579549069722e-51,1.0
0.025229341323867737,0.0001002005006012024,1.9032732711566782e-50,1.0
0.025229341323867737,0.00020040090120240482,1.230395753114729e-50,1.0
0.025229341323867737,0.0003006013018036072,1.0028594232387565e-50,1.0
0.025229341323867737,0.0004008017024048096,6.345253976432122e-51,1.0
0.025229341323867737,0.0005010021030060121,5.99534094517325e-49,1.0
0.025229341323867737,0.0006012025036072144,5.336444547400792e-51,1.0
0.025229341323867737,0.0007014029042084169,3.0392276084330184e-50,1.0
0.025229341323867737,0.0008016033048096193,2.8072579116831504e-51,1.0
0.025229341323867737,0.0009018037054108217,8.085154943312013e-49,1.0
0.025229341323867737,0.0010020041060120242,1.1664759776209811e-50,1.0
0.025229341323867737,0.0011022045066132265,4.8855361832871085e-48,1.0
0.025229341323867737,0.0012024049072144288,4.0471186015301934e-50,1.0
0.025229341323867737,0.0013026053078156314,1.939809729366702e-48,1.0
0.025229341323867737,0.0014028057084168337,2.3007066182439124e-48,1.0
0.025229341323867737,0.0015030061090180362,1.0765365951645886e-48,1.0
0.025229341323867737,0.0016032065096192386,3.636947530950052e-49,0.9999999999999999
0.025229341323867737,0.0017034069102204409,2.781343597309264e-50,1.0
0.025229341323867737,0.0018036073108216434,5.96622769300445e-51,1.0
0.025327129468146293,1e-10,1.0247217018667994e-50,1.0
0.025327129468146293,0.0001002005006012024,1.528877818451445e-50,1.0
0.025327129468146293,0.00020040090120240482,8.507463238005151e-51,1.0
0.025327129468146293,0.0003006013018036072,1.4624212922829137e-50,1.0
0.025327129468146293,0.0004008017024048096,2.227485718400392e-50,1.0
0.025327129468146293,0.0005010021030060121,4.2198911878830166e-51,1.0
0.025327129468146293,0.0006012025036072144,1.3716607558303245e-48,1.0
0.025327129468146293,0.0007014029042084169,1.9988940875815266e-48,1.0
0.025327129468146293,0.0008016033048096193,3.569119358824674e-49,1.0
0.025327129468146293,0.0009018037054108217,6.551264662458999e-49,1.0
0.025327129468146293,0.0010020041060120242,6.079616664322261e-50,1.0
0.025327129468146293,0.0011022045066132265,1.1685844803488573e-48,1.0
0.025327129468146293,0.0012024049072144288,2.0115457107805897e-48,1.0
0.025327129468146293,0.0013026053078156314,7.88690538655567e-50,1.0
0.025327129468146293,0.0014028057084168337,6.952325641450643e-50,1.0
0.025327129468146293,0.0015030061090180362,3.4961444969222794e-48,1.0
0.025327129468146293,0.0016032065096192386,1.196866236355888e-46,1.0
0.025327129468146293,0.0017034069102204409,1.7682189656811384e-47,1.0
0.025327129468146293,0.0018036073108216434,3.8795635688323925e-50,1.0
0.025424917612424852,1e-10,1.6895100855868902e-50,1.0
0.025424917612424852,0.0001002005006012024,1.0857875410534102e-50,1.0
0.025424917612424852,0.00020040090120240482,1.2444029942960336e-49,1.0
0.025424917612424852,0.0003006013018036072,2.9198762911798104e-50,1.0
0.025424917612424852,0.0004008017024048096,3.461251726542896e-51,1.0
0.025424917612424852,0.0005010021030060121,3.9347826221159993e-50,1.0
0.025424917612424852,0.0006012025036072144,4.675395010741479e-50,1.0
0.025424917612424852,0.0007014029042084169,1.221542641712069e-50,1.0
0.025424917612424852,0.0008016033048096193,5.750889020688092e-49,1.0
0.025424917612424852,0.0009018037054108217,1.136963841757199e-47,1.0
0.025424917612424852,0.0010020041060120242,2.8967686334200785e-49,1.0
0.025424917612424852,0.0011022045066132265,2.932520182381478e-48,1.0
0.025424917612424852,0.0012024049072144288,1.7959564543046877e-47,1.0
0.025424917612424852,0.0013026053078156314,6.860378238370634e-48,1.0
0.025424917612424852,0.0014028057084168337,3.755647017687289e-49,1.0
0.025424917612424852,0.0015030061090180362,8.667716665387538e-52,1.0
0.025424917612424852,0.0016032065096192386,7.127072139371731e-47,1.0
0.025424917612424852,0.0017034069102204409,8.11319278254761e-48,1.0
0.025424917612424852,0.0018036073108216434,6.5473993661552335e-49,1.0
0.025522705756703408,1e-10,2.787428160817511e-50,1.0
0.025522705756703408,0.0001002005006012024,2.881458386835378e-50,1.0
0.025522705756703408,0.00020040090120240482,8.447258781500393e-50,1.0
0.025522705756703408,0.0003006013018036072,4.1534996184654086e-50,1.0
0.025522705756703408,0.0004008017024048096,2.617804541662166e-49,1.0
0.025522705756703408,0.0005010021030060121,4.174147118244545e-50,1.0
0.025522705756703408,0.0006012025036072144,9.308869915711048e-50,1.0
0.025522705756703408,0.0007014029042084169,3.502679626444477e-49,1.0
0.025522705756703408,0.0008016033048096193,3.770892995103328e-49,1.0
0.025522705756703408,0.0009018037054108217,8.34121680769814e-47,1.0
0.025522705756703408,0.0010020041060120242,1.967074983641001e-47,1.0
0.025522705756703408,0.0011022045066132265,2.195486152329403e-50,1.0
0.025522705756703408,0.0012024049072144288,4.6780370160015134e-48,1.0
0.025522705756703408,0.0013026053078156314,8.505687937139822e-49,1.0
0.025522705756703408,0.0014028057084168337,6.464469942320507e-50,1.0
0.025522705756703408,0.0015030061090180362,3.9717466057569777e-50,1.0
0.025522705756703408,0.0016032065096192386,1.387020810416438e-50,1.0
0.025522705756703408,0.0017034069102204409,1.072649141481791e-47,1.0
0.025522705756703408,0.0018036073108216434,1.1557140858658908e-48,1.0
0.025620493900981964,1e-10,4.605492539286672e-50,1.0
0.025620493900981964,0.0001002005006012024,1.0038019530952712e-49,1.0
0.025620493900981964,0.00020040090120240482,3.0232079519049543e-50,1.0
0.025620493900981964,0.0003006013018036072,8.75049371186389e-50,1.0
0.025620493900981964,0.0004008017024048096,3.994499179475303e-50,1.0
0.025620493900981964,0.0005010021030060121,1.82369217810114e-49,1.0
0.025620493900981964,0.0006012025036072144,2.163880831675996e-50,1.0
0.025620493900981964,0.0007014029042084169,6.328672019263873e-49,1.0
0.025620493900981964,0.0008016033048096193,1.4833176121055787e-49,1.0
0.025620493900981964,0.0009018037054108217,2.837708128235766e-47,1.0
0.025620493900981964,0.0010020041060120242,2.0499057682308365e-49,1.0
0.025620493900981964,0.0011022045066132265,1.4167536077773252e-48,1.0
0.025620493900981964,0.0012024049072144288,7.95080150695412e-49,1.0
0.025620493900981964,0.0013026053078156314,9.210161896399349e-50,1.0
0.025620493900981964,0.0014028057084168337,7.272424619860806e-46,1.0
0.025620493900981964,0.0015030061090180362,1.975181137069026e-49,1.0
0.025620493900981964,0.0016032065096192386,3.1991378832845375e-48,1.0
0.025620493900981964,0.0017034069102204409,2.59541330105604e-49,1.0
0.025620493900981964,0.0018036073108216434,3.6491192212503146e-48,1.0
0.025620493900981964,0.0019038077114228457,7.730425588849365e-49,1.0
0.025718282045260523,1e-10,7.615229790785497e-50,1.0
0.025718282045260523,0.0001002005006012024,4.018202417649239e-49,1.0
0.025718282045260523,0.00020040090120240482,2.75973947003983e-49,1.0
0.025718282045260523,0.0003006013018036072,3.920529211595575e-49,1.0
0.025718282045260523,0.0004008017024048096,2.754447120648243e-50,1.0
0.025718282045260523,0.0005010021030060121,5.255070058906765e-50,1.0
0.025718282045260523,0.0006012025036072144,3.6758651220751556e-50,1.0
0.025718282045260523,0.0007014029042084169,1.1827338190999366e-48,1.0
0.025718282045260523,0.0008016033048096193,1.3284404247014423e-48,1.0
0.025718282045260523,0.0009018037054108217,1.3462443227107476e-48,1.0
0.025718282045260523,0.0010020041060120242,5.3578596789765746e-49,1.0
0.025718282045260523,0.0011022045066132265,8.10035445402703e-51,1.0
0.025718282045260523,0.0012024049072144288,1.498551185832935e-48,1.0
0.025718282045260523,0.0013026053078156314,1.29581527938806e-47,1.0
0.025718282045260523,0.0014028057084168337,1.997939816907503e-49,1.0
0.025718282045260523,0.0015030061090180362,6.787098013782089e-49,1.0
0.025718282045260523,0.0016032065096192386,2.3048494828204257e-46,1.0
0.025718282045260523,0.0017034069102204409,6.309848873684937e-47,1.0
0.025718282045260523,0.0018036073108216434,2.081761196835211e-48,1.0
0.025718282045260523,0.0019038077114228457,4.4062585356893176e-44,1.0
0.02581607018953908,1e-10,1.254348639624025e-49,1.0
0.02581607018953908,0.0001002005006012024,3.436844227747951e-50,1.0
0.02581607018953908,0.00020040090120240482,4.558755465858692e-50,1.0
0.02581607018953908,0.0003006013018036072,4.484939626428847e-49,1.0
0.02581607018953908,0.0004008017024048096,7.436083675128326e-50,1.0
0.02581607018953908,0.0005010021030060121,5.268608617042985e-50,1.0
0.02581607018953908,0.0006012025036072144,2.4492441833579193e-50,1.0
0.02581607018953908,0.0007014029042084169,1.1668457172139236e-48,1.0
0.02581607018953908,0.0008016033048096193,1.9619337736728002e-47,1.0
0.02581607018953908,0.0009018037054108217,1.8293515588709807e-49,1.0
0.02581607018953908,0.0010020041060120242,4.306848156348903e-48,1.0
0.02581607018953908,0.0011022045066132265,1.922290419427216e-46,1.0
0.02581607018953908,0.0012024049072144288,4.076288500518075e-50,1.0
0.02581607018953908,0.0013026053078156314,1.3901538046428714e-47,1.0
0.02581607018953908,0.0014028057084168337,7.553895404881336e-49,1.0
0.02581607018953908,0.0015030061090180362,3.035627610404969e-50,1.0
0.02581607018953908,0.0016032065096192386,4.277517994832309e-50,1.0
0.02581607018953908,0.0017034069102204409,2.859247546940676e-48,1.0
0.02581607018953908,0.0018036073108216434,3.3951751349312002e-49,1.0
0.02581607018953908,0.0019038077114228457,3.162009889350135e-46,1.0
0.025913858333817635,1e-10,2.0736751493034253e-49,1.0
0.025913858333817635,0.0001002005006012024,9.992489972597009e-50,1.0
0.025913858333817635,0.00020040090120240482,1.7935631732619496e-49,1.0
0.025913858333817635,0.0003006013018036072,2.1978975163652442e-49,1.0
0.025913858333817635,0.0004008017024048096,1.2448073093269139e-49,1.0
0.025913858333817635,0.0005010021030060121,2.4001518318338767e-48,1.0
0.025913858333817635,0.0006012025036072144,3.5848897766928825e-49,1.0
0.025913858333817635,0.0007014029042084169,6.348745073113097e-47,1.0
0.025913858333817635,0.0008016033048096193,4.7265660328376135e-50,1.0
0.025913858333817635,0.0009018037054108217,1.6414935641794496e-48,1.0
0.025913858333817635,0.0010020041060120242,5.797019927936908e-47,1.0
0.025913858333817635,0.0011022045066132265,6.80737078728576e-47,1.0
0.025913858333817635,0.0012024049072144288,6.897156959287566e-49,1.0
0.025913858333817635,0.0013026053078156314,3.1282180564264503e-47,1.0
0.025913858333817635,0.0014028057084168337,9.69489603542804e-49,1.0
0.025913858333817635,0.0015030061090180362,7.428340902654912e-46,0.9999999999999999
0.025913858333817635,0.0016032065096192386,2.9664157467517055e-47,1.0
0.025913858333817635,0.0017034069102204409,7.005104008739558e-48,1.0
0.025913858333817635,0.0018036073108216434,1.2706837288229098e-46,1.0
0.025913858333817635,0.0019038077114228457,1.9170007381045495e-48,1.0
0.026011646478096194,1e-10,3.421394696791209e-49,1.0
0.026011646478096194,0.0001002005006012024,4.564170274697964e-49,1.0
0.026011646478096194,0.00020040090120240482,7.314448014585184e-49,1.0
0.026011646478096194,0.0003006013018036072,6.534135387825087e-50,1.0
0.026011646478096194,0.0004008017024048096,1.868867374039441e-47,1.0
0.026011646478096194,0.0005010021030060121,4.799918070807322e-48,1.0
0.026011646478096194,0.0006012025036072144,1.9094884683360198e-48,1.0
0.026011646478096194,0.0007014029042084169,3.734689330235569e-49,1.0
0.026011646478096194,0.0008016033048096193,1.4283790486002953e-47,1.0
0.026011646478096194,0.0009018037054108217,1.4946928214307537e-47,1.0
0.026011646478096194,0.0010020041060120242,1.0830805591046122e-47,1.0
0.026011646478096194,0.0011022045066132265,7.994038525129621e-47,1.0
0.026011646478096194,0.0012024049072144288,8.144544809383483e-48,1.0
0.026011646478096194,0.0013026053078156314,5.6529586374152946e-46,1.0
0.026011646478096194,0.0014028057084168337,9.347700202476025e-49,1.0
0.026011646478096194,0.0015030061090180362,7.38835369074772e-46,1.0
0.026011646478096194,0.0016032065096192386,7.00071899758356e-48,1.0
0.026011646478096194,0.0017034069102204409,2.0528876066653042e-47,1.0
0.026011646478096194,0.0018036073108216434,5.187306516630689e-47,1.0
0.026011646478096194,0.0019038077114228457,1.8272289277000257e-47,1.0
0.02610943462237475,1e-10,5.6506868199409704e-49,1.0
0.02610943462237475,0.0001002005006012024,1.5759754271643547e-48,1.0
0.02610943462237475,0.00020040090120240482,5.060380663416846e-48,1.0
0.02610943462237475,0.0003006013018036072,1.1481681474287524e-48,1.0
0.02610943462237475,0.0004008017024048096,1.0212261621880749e-47,1.0
0.02610943462237475,0.0005010021030060121,3.837043207146236e-48,1.0
0.02610943462237475,0.0006012025036072144,1.1432402017732288e-47,1.0
0.02610943462237475,0.0007014029042084169,2.5979404442479522e-48,1.0
0.02610943462237475,0.0008016033048096193,5.101423828444351e-46,1.0
0.02610943462237475,0.0009018037054108217,2.9342264708981163e-47,1.0
0.02610943462237475,0.0010020041060120242,2.1983279796244367e-49,1.0
0.02610943462237475,0.0011022045066132265,4.04061396564068e-47,1.0
0.02610943462237475,0.0012024049072144288,7.266565533510102e-48,1.0
0.02610943462237475,0.0013026053078156314,4.4713196086836514e-49,1.0
0.02610943462237475,0.0014028057084168337,1.7050201611055875e-46,1.0
0.02610943462237475,0.0015030061090180362,3.617034523955943e-46,1.0
0.02610943462237475,0.0016032065096192386,4.639127043934268e-46,1.0
0.02610943462237475,0.0017034069102204409,2.3222889139259885e-48,1.0
0.02610943462237475,0.0018036073108216434,1.2891073053356853e-47,1.0
0.02610943462237475,0.0019038077114228457,2.1134918199804565e-46,1.0
0.026207222766653306,1e-10,9.323141977020014e-49,1.0
0.026207222766653306,0.0001002005006012024,3.1400210693068693e-49,1.0
0.026207222766653306,0.00020040090120240482,6.97906140386209e-48,1.0
0.026207222766653306,0.0003006013018036072,9.044871711039122e-49,1.0
0.026207222766653306,0.0004008017024048096,1.3836941889612108e-47,1.0
0.026207222766653306,0.0005010021030060121,2.3781392312438447e-48,1.0
0.026207222766653306,0.0006012025036072144,5.181428528580541e-48,1.0
0.026207222766653306,0.0007014029042084169,1.2176839849706162e-47,1.0
0.026207222766653306,0.0008016033048096193,2.3811121462560577e-46,1.0
0.026207222766653306,0.0009018037054108217,2.8598876029598535e-49,0.9999999999999999
0.026207222766653306,0.0010020041060120242,4.69470673410497e-46,1.0
0.026207222766653306,0.0011022045066132265,8.307442209559958e-47,1.0
0.026207222766653306,0.0012024049072144288,2.2057322940060053e-47,1.0
0.026207222766653306,0.0013026053078156314,2.8887837450800596e-47,1.0
0.026207222766653306,0.0014028057084168337,3.532236783379794e-47,1.0
0.026207222766653306,0.0015030061090180362,3.152431544059573e-48,1.0
0.026207222766653306,0.0016032065096192386,3.715892324966464e-48,1.0
0.026207222766653306,0.0017034069102204409,4.455711820848471e-47,1.0
0.026207222766653306,0.0018036073108216434,4.975617942764077e-47,0.9999999999999999
0.026207222766653306,0.0019038077114228457,3.9695734203278404e-47,1.0
0.026305010910931865,1e-10,1.540443583282051e-48,1.0
0.026305010910931865,0.0001002005006012024,1.2691092787812164e-48,1.0
0.026305010910931865,0.00020040090120240482,4.7777300305783305e-48,1.0
0.026305010910931865,0.0003006013018036072,4.799955884595485e-49,1.0
0.026305010910931865,0.0004008017024048096,2.891927664332842e-48,1.0
0.026305010910931865,0.0005010021030060121,5.147577877198587e-48,1.0
0.026305010910931865,0.0006012025036072144,4.816055278431864e-47,1.0
0.026305010910931865,0.0007014029042084169,7.536769116876016e-49,1.0
0.026305010910931865,0.0008016033048096193,3.887700339494493e-46,1.0
0.026305010910931865,0.0009018037054108217,4.910153389686485e-48,1.0
0.026305010910931865,0.0010020041060120242,1.0947608190174897e-46,1.0
0.026305010910931865,0.0011022045066132265,3.353013300137735e-49,1.0
0.026305010910931865,0.0012024049072144288,2.8405927690641454e-46,1.0
0.026305010910931865,0.0013026053078156314,1.257245042626405e-47,1.0
0.026305010910931865,0.0014028057084168337,1.779841573569536e-45,1.0
0.026305010910931865,0.0015030061090180362,2.1735244348598356e-46,1.0
0.026305010910931865,0.0016032065096192386,3.0441155262059746e-49,1.0
0.026305010910931865,0.0017034069102204409,8.696755162983791e-47,1.0
0.026305010910931865,0.0018036073108216434,3.466705025050913e-45,1.0
0.026305010910931865,0.0019038077114228457,1.0302587539253527e-46,1.0
0.02640279905521042,1e-10,2.5464940892799756e-48,1.0
0.02640279905521042,0.0001002005006012024,4.887475924271469e-48,1.0
0.02640279905521042,0.00020040090120240482,2.649078409615367e-48,1.0
0.02640279905521042,0.0003006013018036072,2.9230309241928766e-47,1.0
0.02640279905521042,0.0004008017024048096,8.306223748688314e-48,1.0
0.02640279905521042,0.0005010021030060121,2.4853492161314504e-47,1.0
0.02640279905521042,0.0006012025036072144,3.098435110849086e-47,1.0
0.02640279905521042,0.0007014029042084169,1.5130601807993735e-48,1.0
0.02640279905521042,0.0008016033048096193,2.321125020326711e-46,1.0
0.02640279905521042,0.0009018037054108217,7.376688049339507e-48,1.0
0.02640279905521042,0.0010020041060120242,3.2706418643077367e-49,1.0
0.02640279905521042,0.0011022045066132265,6.375287272150823e-48,1.0
0.02640279905521042,0.0012024049072144288,6.5755728538885e-47,1.0
0.02640279905521042,0.0013026053078156314,5.923220716644074e-47,1.0
0.02640279905521042,0.0014028057084168337,7.786683237522151e-48,1.0
0.02640279905521042,0.0015030061090180362,3.733257932126382e-48,1.0
0.02640279905521042,0.0016032065096192386,3.671924616743359e-47,1.0
0.02640279905521042,0.0017034069102204409,1.2400214284278912e-45,1.0
0.02640279905521042,0.0018036073108216434,1.0146003753251418e-44,1.0
0.02640279905521042,0.0019038077114228457,3.678524348612397e-48,1.0
0.02650058719948898,1e-10,4.2069957830336805e-48,1.0
0.02650058719948898,0.0001002005006012024,2.2913295398276913e-48,1.0
0.02650058719948898,0.00020040090120240482,9.235073483145665e-48,1.0
0.02650058719948898,0.0003006013018036072,5.0832301398890114e-49,1.0
0.02650058719948898,0.0004008017024048096,7.350554747107903e-48,1.0
0.02650058719948898,0.0005010021030060121,1.9255871470322262e-48,1.0
0.02650058719948898,0.0006012025036072144,3.22080519339389e-46,1.0
0.02650058719948898,0.0007014029042084169,3.4051679478814445e-47,1.0
0.02650058719948898,0.0008016033048096193,6.520031353169374e-45,1.0
0.02650058719948898,0.0009018037054108217,1.669207510666563e-46,1.0
0.02650058719948898,0.0010020041060120242,1.4632885894346994e-48,1.0
0.02650058719948898,0.0011022045066132265,1.0305254282993865e-44,0.9999999999999999
0.02650058719948898,0.0012024049072144288,5.083983570540036e-47,1.0
0.02650058719948898,0.0013026053078156314,1.2726641765785407e-46,1.0
0.02650058719948898,0.0014028057084168337,6.494399898449636e-44,1.0
0.02650058719948898,0.0015030061090180362,3.45152108850676e-46,1.0
0.02650058719948898,0.0016032065096192386,3.2599209677253925e-47,1.0
0.02650058719948898,0.0017034069102204409,3.3405114249484764e-46,1.0
0.02650058719948898,0.0018036073108216434,3.881056026044945e-45,1.0
0.02650058719948898,0.0019038077114228457,4.361533212814942e-47,1.0
0.026598375343767536,1e-10,6.934701264114305e-48,0.9999999999999999
0.026598375343767536,0.0001002005006012024,1.147371808743818e-47,1.0
0.026598375343767536,0.00020040090120240482,2.258196541326247e-47,1.0
0.026598375343767536,0.0003006013018036072,9.107370644386114e-47,1.0
0.026598375343767536,0.0004008017024048096,6.493576218703984e-49,1.0
0.026598375343767536,0.0005010021030060121,2.599366443117231e-47,1.0
0.026598375343767536,0.0006012025036072144,1.1426456192930465e-48,1.0
0.026598375343767536,0.0007014029042084169,6.472946389678938e-47,1.0
0.026598375343767536,0.0008016033048096193,1.744319195594416e-46,1.0
0.026598375343767536,0.0009018037054108217,8.0787752040837e-47,1.0
0.026598375343767536,0.0010020041060120242,7.477634981576622e-48,1.0
0.026598375343767536,0.0011022045066132265,1.1868098576872587e-46,1.0
0.026598375343767536,0.0012024049072144288,1.3581959827082256e-45,1.0
0.026598375343767536,0.0013026053078156314,1.8016100223172784e-43,1.0
0.026598375343767536,0.0014028057084168337,5.394806856810282e-47,1.0
0.026598375343767536,0.0015030061090180362,1.1444398172540419e-46,1.0
0.026598375343767536,0.0016032065096192386,8.379878473718918e-43,1.0
0.026598375343767536,0.0017034069102204409,3.4144473858973914e-45,1.0
0.026598375343767536,0.0018036073108216434,7.038533889179907e-46,1.0
0.026598375343767536,0.0019038077114228457,3.1313843386984874e-45,1.0
0.02669616348804609,1e-10,1.1467684480679825e-47,1.0
0.02669616348804609,0.0001002005006012024,6.608456422999035e-48,1.0
0.02669616348804609,0.00020040090120240482,7.168786026788151e-47,1.0
0.02669616348804609,0.0003006013018036072,5.566948855106909e-47,1.0
0.02669616348804609,0.0004008017024048096,6.318772514073011e-47,0.9999999999999999
0.02669616348804609,0.0005010021030060121,7.618463817750646e-48,1.0
0.02669616348804609,0.0006012025036072144,1.2418874113924452e-47,1.0
0.02669616348804609,0.0007014029042084169,8.074914894596361e-46,1.0
0.02669616348804609,0.0008016033048096193,2.1679440692577486e-47,1.0
0.02669616348804609,0.0009018037054108217,4.23862539851571e-49,1.0
0.02669616348804609,0.0010020041060120242,6.309801825518473e-47,1.0
0.02669616348804609,0.0011022045066132265,3.699794005471415e-45,1.0
0.02669616348804609,0.0012024049072144288,3.93815409435106e-44,1.0
0.02669616348804609,0.0013026053078156314,1.8735496157588463e-46,1.0
0.02669616348804609,0.0014028057084168337,4.349679033792487e-45,1.0
0.02669616348804609,0.0015030061090180362,3.615136969931665e-46,1.0
0.02669616348804609,0.0016032065096192386,7.348326421281811e-45,1.0
0.02669616348804609,0.0017034069102204409,5.436461241558258e-47,1.0
0.02669616348804609,0.0018036073108216434,7.358786555879563e-43,1.0
0.02669616348804609,0.0019038077114228457,1.225426492949666e-43,1.0
0.02679395163232465,1e-10,1.895027583465264e-47,1.0
0.02679395163232465,0.0001002005006012024,4.0371956361154986e-47,1.0
0.02679395163232465,0.00020040090120240482,1.7119278597677972e-47,1.0
0.02679395163232465,0.0003006013018036072,6.616029929855163e-47,1.0
0.02679395163232465,0.0004008017024048096,2.772154687677396e-47,1.0
0.02679395163232465,0.0005010021030060121,3.715937438932282e-46,1.0
0.02679395163232465,0.0006012025036072144,4.571903805093006e-46,1.0
0.02679395163232465,0.0007014029042084169,2.063637682234609e-47,1.0
0.02679395163232465,0.0008016033048096193,2.7484353050324342e-46,1.0
0.02679395163232465,0.0009018037054108217,2.810320803240374e-44,1.0
0.02679395163232465,0.0010020041060120242,2.671081103891242e-47,1.0
0.02679395163232465,0.0011022045066132265,7.59213573490388e-47,1.0
0.02679395163232465,0.0012024049072144288,2.458339583217336e-43,1.0
0.02679395163232465,0.0013026053078156314,5.50486936927001e-44,1.0
0.02679395163232465,0.0014028057084168337,9.430148543212323e-43,1.0
0.02679395163232465,0.0015030061090180362,4.0679313753113004e-44,1.0
0.02679395163232465,0.0016032065096192386,1.0739924094398532e-45,1.0
0.02679395163232465,0.0017034069102204409,5.997353134975531e-43,1.0
0.02679395163232465,0.0018036073108216434,6.222910144435965e-46,1.0
0.02679395163232465,0.0019038077114228457,2.9126867698271426e-43,1.0
0.026891739776603207,1e-10,3.127772324079774e-47,1.0
0.026891739776603207,0.0001002005006012024,4.440395999405223e-47,1.0
0.026891739776603207,0.00020040090120240482,3.940353898898663e-47,1.0
0.026891739776603207,0.0003006013018036072,2.1776362012213194e-47,1.0
0.026891739776603207,0.0004008017024048096,1.8103366065596235e-47,1.0
0.026891739776603207,0.0005010021030060121,2.945423654088232e-47,1.0
0.026891739776603207,0.0006012025036072144,3.65963707108687e-47,1.0
0.026891739776603207,0.0007014029042084169,1.6665500280395971e-46,1.0
0.026891739776603207,0.0008016033048096193,1.889485663039522e-46,1.0
0.026891739776603207,0.0009018037054108217,5.603115101521673e-47,1.0
0.026891739776603207,0.0010020041060120242,1.9555333266420065e-46,1.0
0.026891739776603207,0.0011022045066132265,1.2460472431439173e-48,1.0
0.026891739776603207,0.0012024049072144288,2.55976382497034e-44,1.0
0.026891739776603207,0.0013026053078156314,1.3801570800914628e-43,1.0
0.026891739776603207,0.0014028057084168337,1.3232705076636862e-49,1.0
0.026891739776603207,0.0015030061090180362,2.4968681779020694e-48,1.0
0.026891739776603207,0.0016032065096192386,3.68022225753458e-44,1.0
0.026891739776603207,0.0017034069102204409,3.1404859026417964e-46,1.0
0.026891739776603207,0.0018036073108216434,4.013320134161416e-47,1.0
0.026891739776603207,0.0019038077114228457,1.1913045673796787e-43,1.0
0.026989527920881766,1e-10,5.16448811713741e-47,1.0
0.026989527920881766,0.0001002005006012024,3.488012240269671e-47,1.0
0.026989527920881766,0.00020040090120240482,1.2546777327217815e-46,1.0
0.026989527920881766,0.0003006013018036072,2.521228307597905e-47,1.0
0.026989527920881766,0.0004008017024048096,1.1942075833724615e-46,1.0
0.026989527920881766,0.0005010021030060121,2.1744530593790874e-46,1.0
0.026989527920881766,0.0006012025036072144,2.129259469313971e-47,1.0
0.026989527920881766,0.0007014029042084169,6.318337691281672e-47,1.0
0.026989527920881766,0.0008016033048096193,1.0373810427705963e-45,1.0
0.026989527920881766,0.0009018037054108217,3.917929119922496e-45,1.0
0.026989527920881766,0.0010020041060120242,4.0599506198782405e-46,1.0
0.026989527920881766,0.0011022045066132265,5.453270137908311e-47,1.0
0.026989527920881766,0.0012024049072144288,5.514136473357294e-45,1.0
0.026989527920881766,0.0013026053078156314,3.7502517204889744e-45,1.0
0.026989527920881766,0.0014028057084168337,1.3558516411412244e-43,1.0
0.026989527920881766,0.0015030061090180362,1.1532279947519952e-42,1.0
0.026989527920881766,0.0016032065096192386,2.3146239269125586e-45,1.0
0.026989527920881766,0.0017034069102204409,3.806082935487734e-46,1.0
0.026989527920881766,0.0018036073108216434,4.045182353651974e-45,1.0
0.026989527920881766,0.0019038077114228457,2.797521407531319e-44,1.0
0.027087316065160322,1e-10,8.528866575830928e-47,1.0
0.027087316065160322,0.0001002005006012024,6.243462667768004e-47,1.0
0.027087316065160322,0.00020040090120240482,4.577562305797524e-46,1.0
0.027087316065160322,0.0003006013018036072,1.464006954257455e-46,1.0
0.027087316065160322,0.0004008017024048096,2.4548997643835524e-47,1.0
0.027087316065160322,0.0005010021030060121,2.2200724307143658e-46,1.0
0.027087316065160322,0.0006012025036072144,9.143336546508372e-45,1.0
0.027087316065160322,0.0007014029042084169,5.087948629255137e-46,1.0
0.027087316065160322,0.0008016033048096193,2.463230175650631e-47,1.0
0.027087316065160322,0.0009018037054108217,3.227141915052059e-45,1.0
0.027087316065160322,0.0010020041060120242,1.4203988841943115e-43,1.0
0.027087316065160322,0.0011022045066132265,7.80076803972719e-45,1.0
0.027087316065160322,0.0012024049072144288,7.798081006811112e-45,1.0
0.027087316065160322,0.0013026053078156314,2.097084988690672e-46,1.0
0.027087316065160322,0.0014028057084168337,3.415830589546213e-45,1.0
0.027087316065160322,0.0015030061090180362,1.0620750167149609e-43,1.0
0.027087316065160322,0.0016032065096192386,4.281875002732123e-47,1.0
0.027087316065160322,0.0017034069102204409,1.4713982635755324e-44,1.0
0.027087316065160322,0.0018036073108216434,4.0548092493784565e-46,1.0
0.027087316065160322,0.0019038077114228457,2.734774245200246e-44,1.0
0.027185104209438878,1e-10,1.410217129161532e-46,1.0
0.027185104209438878,0.0001002005006012024,1.2229224117772528e-46,1.0
0.027185104209438878,0.00020040090120240482,1.5829574268616497e-45,1.0
0.027185104209438878,0.0003006013018036072,8.595856665380132e-46,1.0
0.027185104209438878,0.0004008017024048096,9.240111965247144e-47,1.0
0.027185104209438878,0.0005010021030060121,1.552759808975972e-46,1.0
0.027185104209438878,0.0006012025036072144,3.724399696956944e-44,1.0
0.027185104209438878,0.0007014029042084169,2.3468179948837897e-45,0.9999999999999999
0.027185104209438878,0.0008016033048096193,1.9230285644169573e-45,1.0
0.027185104209438878,0.0009018037054108217,2.974857595016178e-45,1.0
0.027185104209438878,0.0010020041060120242,2.7752255047910124e-45,1.0
0.027185104209438878,0.0011022045066132265,3.3915859953382798e-46,1.0
0.027185104209438878,0.0012024049072144288,2.3050814875882007e-44,1.0
0.027185104209438878,0.0013026053078156314,1.271026591265126e-44,1.0
0.027185104209438878,0.0014028057084168337,4.508304905076339e-47,1.0
0.027185104209438878,0.0015030061090180362,3.156406928663253e-43,1.0
0.027185104209438878,0.0016032065096192386,6.091427694467085e-44,1.0
0.027185104209438878,0.0017034069102204409,6.714864635455414e-44,1.0
0.027185104209438878,0.0018036073108216434,2.7823427294775996e-47,1.0
0.027185104209438878,0.0019038077114228457,7.809736120138107e-44,1.0
0.027185104209438878,0.0020040081120240483,5.56778064034086e-44,1.0
0.027282892353717437,1e-10,2.330957782712365e-46,1.0
0.027282892353717437,0.0001002005006012024,6.013690293332266e-46,1.0
0.027282892353717437,0.00020040090120240482,5.946113849008878e-46,1.0
0.027282892353717437,0.0003006013018036072,1.5672448774870103e-46,1.0
0.027282892353717437,0.0004008017024048096,2.6666460913195248e-45,1.0
0.027282892353717437,0.0005010021030060121,3.503766610546607e-44,1.0
0.027282892353717437,0.0006012025036072144,2.2554143648141267e-44,1.0
0.027282892353717437,0.0007014029042084169,1.5151883969402303e-44,1.0
0.027282892353717437,0.0008016033048096193,4.805529858446624e-45,1.0
0.027282892353717437,0.0009018037054108217,1.1584043387282974e-43,1.0
0.027282892353717437,0.0010020041060120242,1.795510520071379e-45,1.0
0.027282892353717437,0.0011022045066132265,6.08687009999741e-45,1.0
0.027282892353717437,0.0012024049072144288,1.7918076518015818e-43,1.0
0.027282892353717437,0.0013026053078156314,8.615210189971688e-45,1.0
0.027282892353717437,0.0014028057084168337,1.390268254730283e-43,1.0
0.027282892353717437,0.0015030061090180362,3.3925223409850596e-43,1.0
0.027282892353717437,0.0016032065096192386,4.509233692773465e-43,1.0
0.027282892353717437,0.0017034069102204409,3.681710894920114e-44,1.0
0.027282892353717437,0.0018036073108216434,2.2919936233688183e-46,1.0
0.027282892353717437,0.0019038077114228457,2.1753161915184846e-43,1.0
0.027282892353717437,0.0020040081120240483,5.3657130885436144e-45,1.0
0.027380680497995993,1e-10,3.847535961419329e-46,1.0
0.027380680497995993,0.0001002005006012024,2.9364953438947496e-46,1.0
0.027380680497995993,0.00020040090120240482,7.037165027230238e-45,1.0
0.027380680497995993,0.0003006013018036072,9.101007454034706e-46,1.0
0.027380680497995993,0.0004008017024048096,5.0234037189595096e-48,1.0
0.027380680497995993,0.0005010021030060121,2.9730031105468175e-46,1.0
0.027380680497995993,0.0006012025036072144,8.544468989596476e-46,1.0
0.027380680497995993,0.0007014029042084169,2.328265271997659e-45,1.0
0.027380680497995993,0.0008016033048096193,1.2108305027665168e-44,1.0
0.027380680497995993,0.0009018037054108217,7.34513233916987e-46,1.0
0.027380680497995993,0.0010020041060120242,2.922431707569001e-44,1.0
0.027380680497995993,0.0011022045066132265,8.33814875033087e-44,1.0
0.027380680497995993,0.0012024049072144288,1.1574767536020144e-43,1.0
0.027380680497995993,0.0013026053078156314,1.258516791372338e-46,1.0
0.027380680497995993,0.0014028057084168337,5.6602008064526774e-46,1.0
0.027380680497995993,0.0015030061090180362,3.836481315896705e-42,1.0
0.027380680497995993,0.0016032065096192386,1.9515684724132692e-45,1.0
0.027380680497995993,0.0017034069102204409,1.3298969786649696e-44,1.0
0.027380680497995993,0.0018036073108216434,4.299162280997122e-43,1.0
0.027380680497995993,0.0019038077114228457,1.1656715562129115e-44,1.0
0.027380680497995993,0.0020040081120240483,3.507368546235333e-43,1.0
0.02747846864227455,1e-10,6.365601947858354e-46,1.0
0.02747846864227455,0.0001002005006012024,4.61881337622904e-46,1.0
0.02747846864227455,0.00020040090120240482,3.125679124047377e-45,1.0
0.02747846864227455,0.0003006013018036072,1.948421539878295e-45,1.0
0.02747846864227455,0.0004008017024048096,1.6591722415514254e-45,1.0
0.02747846864227455,0.0005010021030060121,9.588728446025345e-46,1.0
0.02747846864227455,0.0006012025036072144,8.336944124090891e-44,1.0
0.02747846864227455,0.0007014029042084169,3.056598266497363e-45,1.0
0.02747846864227455,0.0008016033048096193,2.3002567563392076e-45,1.0
0.02747846864227455,0.0009018037054108217,2.3949557294323296e-44,1.0
0.02747846864227455,0.0010020041060120242,4.031413383229583e-43,1.0
0.02747846864227455,0.0011022045066132265,1.1669119586393172e-43,1.0
0.02747846864227455,0.0012024049072144288,6.548914085131744e-45,1.0
0.02747846864227455,0.0013026053078156314,2.5775682813715047e-45,1.0
0.02747846864227455,0.0014028057084168337,7.518380474688956e-43,1.0
0.02747846864227455,0.0015030061090180362,4.704689490446692e-42,1.0
0.02747846864227455,0.0016032065096192386,8.128909343156556e-43,1.0
0.02747846864227455,0.0017034069102204409,7.224902383256601e-45,1.0
0.02747846864227455,0.0018036073108216434,2.8789526810827353e-43,1.0
0.02747846864227455,0.0019038077114228457,4.9254541929791746e-43,1.0
0.02747846864227455,0.0020040081120240483,9.130335713662392e-45,1.0
0.027576256786553108,1e-10,1.051053864721505e-45,1.0
0.027576256786553108,0.0001002005006012024,1.2703146920992704e-45,1.0
0.027576256786553108,0.00020040090120240482,4.028535270793716e-46,1.0
0.027576256786553108,0.0003006013018036072,1.819262895978939e-45,1.0
0.027576256786553108,0.0004008017024048096,1.923493286680098e-45,1.0
0.027576256786553108,0.0005010021030060121,9.851541715853771e-44,1.0
0.027576256786553108,0.0006012025036072144,6.819328093503625e-44,1.0
0.027576256786553108,0.0007014029042084169,3.526745709140229e-45,1.0
0.027576256786553108,0.0008016033048096193,2.5237593704157956e-44,1.0
0.027576256786553108,0.0009018037054108217,2.907386832990413e-45,0.9999999999999999
0.027576256786553108,0.0010020041060120242,2.7589585619697914e-44,1.0
0.027576256786553108,0.0011022045066132265,2.280735729256059e-46,1.0
0.027576256786553108,0.0012024049072144288,2.914311963143965e-41,1.0
0.027576256786553108,0.0013026053078156314,6.454248140409039e-45,1.0
0.027576256786553108,0.0014028057084168337,4.493399735056259e-45,1.0
0.027576256786553108,0.0015030061090180362,4.884726919631518e-43,1.0
0.027576256786553108,0.0016032065096192386,1.0491809473206809e-44,1.0
0.027576256786553108,0.0017034069102204409,7.213223273627083e-45,1.0
0.027576256786553108,0.0018036073108216434,3.540713083190548e-46,1.0
0.027576256786553108,0.0019038077114228457,4.950758025889809e-41,1.0
0.027576256786553108,0.0020040081120240483,3.420649551441257e-42,1.0
0.027674044930831664,1e-10,1.7347754999227375e-45,1.0
0.027674044930831664,0.0001002005006012024,6.563416262986552e-45,1.0
0.027674044930831664,0.00020040090120240482,1.1694503854301574e-45,1.0
0.027674044930831664,0.0003006013018036072,2.2013036926051032e-45,1.0
0.027674044930831664,0.0004008017024048096,2.158160984714826e-45,1.0
0.027674044930831664,0.0005010021030060121,9.637198659283395e-46,1.0
0.027674044930831664,0.0006012025036072144,1.034890573967213e-44,1.0
0.027674044930831664,0.0007014029042084169,1.382802023438096e-44,1.0
0.027674044930831664,0.0008016033048096193,1.66759003160318e-42,1.0
0.027674044930831664,0.0009018037054108217,1.2542291374048006e-43,1.0
0.027674044930831664,0.0010020041060120242,1.2208250137256793e-44,1.0
0.027674044930831664,0.0011022045066132265,1.7452504004059304e-43,1.0
0.027674044930831664,0.0012024049072144288,8.234567207769866e-42,1.0
0.027674044930831664,0.0013026053078156314,2.992648748474561e-44,1.0
0.027674044930831664,0.0014028057084168337,1.1253600260296639e-45,1.0
0.027674044930831664,0.0015030061090180362,2.8433163382481994e-44,1.0
0.027674044930831664,0.0016032065096192386,5.765105324550567e-44,1.0
0.027674044930831664,0.0017034069102204409,1.1002783606694689e-41,1.0
0.027674044930831664,0.0018036073108216434,2.3269340385301914e-42,1.0
0.027674044930831664,0.0019038077114228457,6.980003763447395e-44,1.0
0.027674044930831664,0.0020040081120240483,1.847933948035608e-43,1.0
0.02777183307511022,1e-10,2.869662858120538e-45,1.0
0.02777183307511022,0.0001002005006012024,5.065209083874711e-45,1.0
0.02777183307511022,0.00020040090120240482,2.7304765136053613e-44,1.0
0.02777183307511022,0.0003006013018036072,1.9215704877771927e-44,1.0
0.02777183307511022,0.0004008017024048096,6.62567175216712e-44,1.0
0.02777183307511022,0.0005010021030060121,3.171349455739366e-43,1.0
0.02777183307511022,0.0006012025036072144,5.56979357541e-45,1.0
0.02777183307511022,0.0007014029042084169,1.2503552527682182e-44,1.0
0.02777183307511022,0.0008016033048096193,2.8618501507384885e-44,1.0
0.02777183307511022,0.0009018037054108217,7.417233570172111e-45,1.0
0.02777183307511022,0.0010020041060120242,9.676565851001526e-43,1.0
0.02777183307511022,0.0011022045066132265,2.7393300941014026e-42,1.0
0.02777183307511022,0.0012024049072144288,4.511571383593382e-43,1.0
0.02777183307511022,0.0013026053078156314,1.755601632001721e-45,1.0
0.02777183307511022,0.0014028057084168337,5.960707013554606e-45,0.9999999999999999
0.02777183307511022,0.0015030061090180362,6.821136186154001e-44,1.0
0.02777183307511022,0.0016032065096192386,3.794673501438898e-43,1.0
0.02777183307511022,0.0017034069102204409,1.6352659609171083e-41,1.0
0.02777183307511022,0.0018036073108216434,6.8750579790701755e-43,1.0
0.02777183307511022,0.0019038077114228457,1.2853820861935152e-45,1.0
0.02777183307511022,0.0020040081120240483,1.6217270974618164e-41,1.0
0.02786962121938878,1e-10,4.7455154743448707e-45,1.0
0.02786962121938878,0.0001002005006012024,1.0681948184098827e-44,1.0
0.02786962121938878,0.00020040090120240482,2.2994188894884213e-45,1.0
0.02786962121938878,0.0003006013018036072,5.1498277778774075e-45,1.0
0.02786962121938878,0.0004008017024048096,8.329756029313591e-46,1.0
0.02786962121938878,0.0005010021030060121,3.5361241559661056e-44,1.0
0.02786962121938878,0.0006012025036072144,1.0454069805631072e-45,1.0
0.02786962121938878,0.0007014029042084169,1.840162507561032e-42,1.0
0.02786962121938878,0.0008016033048096193,2.4125575377547237e-44,1.0
0.02786962121938878,0.0009018037054108217,2.5263870934868336e-44,1.0
0.02786962121938878,0.0010020041060120242,1.0807277977982965e-44,1.0
0.02786962121938878,0.0011022045066132265,1.9031941946523623e-43,1.0
0.02786962121938878,0.0012024049072144288,1.7721574871267119e-43,1.0
0.02786962121938878,0.0013026053078156314,2.374944745531511e-44,1.0
0.02786962121938878,0.0014028057084168337,1.2473378459814876e-45,1.0
0.02786962121938878,0.0015030061090180362,5.5763709579056304e-43,1.0
0.02786962121938878,0.0016032065096192386,1.1451936946711996e-38,1.0
0.02786962121938878,0.0017034069102204409,3.9659742482390495e-42,1.0
0.02786962121938878,0.0018036073108216434,2.5839875912543456e-42,1.0
0.02786962121938878,0.0019038077114228457,6.0255535576292e-41,1.0
0.02786962121938878,0.0020040081120240483,2.8469399288990608e-42,1.0
0.027967409363667334,1e-10,7.840075005791379e-45,1.0
0.027967409363667334,0.0001002005006012024,5.053945837554488e-45,1.0
0.027967409363667334,0.00020040090120240482,2.6711329841959936e-44,1.0
0.027967409363667334,0.0003006013018036072,1.92769793569265e-43,1.0
0.027967409363667334,0.0004008017024048096,9.84952587854587e-45,1.0
0.027967409363667334,0.0005010021030060121,1.854277140412476e-44,1.0
0.027967409363667334,0.0006012025036072144,5.5709149585626764e-45,1.0
0.027967409363667334,0.0007014029042084169,1.2225989110530058e-43,1.0
0.027967409363667334,0.0008016033048096193,3.92224840727531e-45,1.0
0.027967409363667334,0.0009018037054108217,2.1115238392322444e-42,1.0
0.027967409363667334,0.0010020041060120242,2.5914602015732544e-43,1.0
0.027967409363667334,0.0011022045066132265,2.7861763230618577e-42,1.0
0.027967409363667334,0.0012024049072144288,2.142627035437716e-45,1.0
0.027967409363667334,0.0013026053078156314,2.1566938334311212e-42,1.0
0.027967409363667334,0.0014028057084168337,5.534393707313286e-45,1.0
0.027967409363667334,0.0015030061090180362,1.1590068287477384e-43,1.0
0.027967409363667334,0.0016032065096192386,2.5352899471694698e-43,1.0
0.027967409363667334,0.0017034069102204409,2.3035155231070436e-44,1.0
0.027967409363667334,0.0018036073108216434,5.751803991442668e-40,1.0
0.027967409363667334,0.0019038077114228457,3.8536202105322997e-45,1.0
0.027967409363667334,0.0020040081120240483,1.1981559910483027e-40,1.0
0.028065197507945894,1e-10,1.2962141900302033e-44,1.0
0.028065197507945894,0.0001002005006012024,7.550962294565384e-45,1.0
0.028065197507945894,0.00020040090120240482,1.1963033272771198e-44,1.0
0.028065197507945894,0.0003006013018036072,1.0975076368336023e-43,1.0
0.028065197507945894,0.0004008017024048096,4.442727814722053e-44,1.0
0.028065197507945894,0.0005010021030060121,9.531197200469071e-43,1.0
0.028065197507945894,0.0006012025036072144,8.03209355497629e-43,1.0
0.028065197507945894,0.0007014029042084169,9.60430804158426e-44,1.0
0.028065197507945894,0.0008016033048096193,2.2118749922961273e-44,1.0
0.028065197507945894,0.0009018037054108217,2.4850295327525896e-43,1.0
0.028065197507945894,0.0010020041060120242,3.051826021587106e-42,1.0
0.028065197507945894,0.0011022045066132265,7.534435997957688e-43,1.0
0.028065197507945894,0.0012024049072144288,1.0212742752388143e-42,1.0
0.028065197507945894,0.0013026053078156314,3.929539626635076e-44,1.0
0.028065197507945894,0.0014028057084168337,4.542290123826266e-44,1.0
0.028065197507945894,0.0015030061090180362,2.4615151586845962e-43,1.0
0.028065197507945894,0.0016032065096192386,6.441829216815255e-44,1.0
0.028065197507945894,0.0017034069102204409,4.826431217257055e-43,1.0
0.028065197507945894,0.0018036073108216434,8.991451262830814e-42,1.0
0.028065197507945894,0.0019038077114228457,2.0834668277078526e-41,1.0
0.028065197507945894,0.0020040081120240483,5.733088828724783e-41,1.0
0.02816298565222445,1e-10,2.1379311464540814e-44,1.0
0.02816298565222445,0.0001002005006012024,3.6991809154078227e-44,1.0
0.02816298565222445,0.00020040090120240482,3.4573849085728284e-44,1.0
0.02816298565222445,0.0003006013018036072,1.5486215283858995e-43,1.0
0.02816298565222445,0.0004008017024048096,3.1061503742876487e-43,1.0
0.02816298565222445,0.0005010021030060121,2.6371726916708763e-44,1.0
0.02816298565222445,0.0006012025036072144,7.178455800617641e-44,1.0
0.02816298565222445,0.0007014029042084169,2.1582787756735458e-43,1.0
0.02816298565222445,0.0008016033048096193,3.2344015461724014e-42,1.0
0.02816298565222445,0.0009018037054108217,5.363141288337181e-44,1.0
0.02816298565222445,0.0010020041060120242,1.9261600219210745e-42,1.0
0.02816298565222445,0.0011022045066132265,3.174058794080125e-44,1.0
0.02816298565222445,0.0012024049072144288,6.716532593000688e-42,1.0
0.02816298565222445,0.0013026053078156314,2.7091662923656685e-43,1.0
0.02816298565222445,0.0014028057084168337,1.1410557911278122e-40,1.0
0.02816298565222445,0.0015030061090180362,1.0503951427087813e-40,1.0
0.02816298565222445,0.0016032065096192386,2.8512270460532763e-40,1.0
0.02816298565222445,0.0017034069102204409,2.9562313677247314e-42,1.0
0.02816298565222445,0.0018036073108216434,4.5953397002019223e-42,1.0
0.02816298565222445,0.0019038077114228457,5.172462149015264e-40,1.0
0.02816298565222445,0.0020040081120240483,6.866836738873222e-42,1.0
0.028260773796503005,1e-10,3.5395152690350613e-44,1.0
0.028260773796503005,0.0001002005006012024,1.4922441165277783e-43,1.0
0.028260773796503005,0.00020040090120240482,2.6484900936185995e-44,1.0
0.028260773796503005,0.0003006013018036072,4.682825998368166e-43,1.0
0.028260773796503005,0.0004008017024048096,1.513597248526661e-44,1.0
0.028260773796503005,0.0005010021030060121,6.094407758475638e-44,1.0
0.028260773796503005,0.0006012025036072144,4.3041563140950257e-44,1.0
0.028260773796503005,0.0007014029042084169,8.130581063738674e-44,1.0
0.028260773796503005,0.0008016033048096193,1.2783300506356582e-43,1.0
0.028260773796503005,0.0009018037054108217,1.4272688752439114e-42,1.0
0.028260773796503005,0.0010020041060120242,1.7580947980651728e-41,1.0
0.028260773796503005,0.0011022045066132265,2.0416292952437533e-43,1.0
0.028260773796503005,0.0012024049072144288,1.979408693650206e-43,1.0
0.028260773796503005,0.0013026053078156314,1.5432880142158346e-43,1.0
0.028260773796503005,0.0014028057084168337,7.86718228116323e-44,1.0
0.028260773796503005,0.0015030061090180362,3.538550306086927e-43,1.0
0.028260773796503005,0.0016032065096192386,5.526832128716723e-41,1.0
0.028260773796503005,0.0017034069102204409,1.709226273559873e-41,1.0
0.028260773796503005,0.0018036073108216434,2.0830941826065174e-38,1.0
0.028260773796503005,0.0019038077114228457,3.802156598095561e-43,1.0
0.028260773796503005,0.0020040081120240483,5.844949471305367e-42,1.0
0.028358561940781565,1e-10,5.849155649161487e-44,1.0
0.028358561940781565,0.0001002005006012024,1.0749055041975626e-43,1.0
0.028358561940781565,0.00020040090120240482,1.7945654142780625e-44,1.0
0.028358561940781565,0.0003006013018036072,4.3527968381613264e-44,1.0
0.028358561940781565,0.0004008017024048096,3.1536136938748685e-43,1.0
0.028358561940781565,0.0005010021030060121,5.485936640131645e-44,1.0
0.028358561940781565,0.0006012025036072144,1.7555697126468502e-42,1.0
0.028358561940781565,0.0007014029042084169,9.529554280523681e-43,1.0
0.028358561940781565,0.0008016033048096193,2.3912586666407656e-43,1.0
0.028358561940781565,0.0009018037054108217,8.139586937775191e-43,1.0
0.028358561940781565,0.0010020041060120242,1.1577823736405045e-42,1.0
0.028358561940781565,0.0011022045066132265,3.7746875981749384e-44,1.0
0.028358561940781565,0.0012024049072144288,9.55256263853618e-42,1.0
0.028358561940781565,0.0013026053078156314,2.5754431762813234e-41,1.0
0.028358561940781565,0.0014028057084168337,9.010930503070431e-43,1.0
0.028358561940781565,0.0015030061090180362,2.054936587439204e-43,1.0
0.028358561940781565,0.0016032065096192386,5.562592169116545e-42,1.0
0.028358561940781565,0.0017034069102204409,5.338188910546042e-39,1.0
0.028358561940781565,0.0018036073108216434,5.547359751231173e-43,1.0
0.028358561940781565,0.0019038077114228457,1.7021301751741493e-40,1.0
0.028358561940781565,0.0020040081120240483,3.6297167995377605e-43,1.0
0.02845635008506012,1e-10,9.663489159465137e-44,1.0
0.02845635008506012,0.0001002005006012024,9.825853866719386e-44,1.0
0.02845635008506012,0.00020040090120240482,1.4669381526851137e-43,1.0
0.02845635008506012,0.0003006013018036072,7.812626524819282e-44,1.0
0.02845635008506012,0.0004008017024048096,2.6783782434464307e-42,1.0
0.02845635008506012,0.0005010021030060121,9.321610129451656e-44,1.0
0.02845635008506012,0.0006012025036072144,5.813947171929277e-43,1.0
0.02845635008506012,0.0007014029042084169,1.7608212865482153e-43,1.0
0.02845635008506012,0.0008016033048096193,2.378804868746093e-43,1.0
0.02845635008506012,0.0009018037054108217,4.63594501789992e-41,1.0
0.02845635008506012,0.0010020041060120242,9.266792964448655e-44,1.0
0.02845635008506012,0.0011022045066132265,8.473588107840428e-43,1.0
0.02845635008506012,0.0012024049072144288,1.0076455060024815e-41,1.0
0.02845635008506012,0.0013026053078156314,6.322180581656323e-41,1.0
0.02845635008506012,0.0014028057084168337,2.3442467262178913e-41,1.0
0.02845635008506012,0.0015030061090180362,3.2088635860127107e-38,1.0
0.02845635008506012,0.0016032065096192386,2.3533036660058396e-44,1.0
0.02845635008506012,0.0017034069102204409,9.350307567603186e-44,1.0
0.02845635008506012,0.0018036073108216434,1.1534526516222745e-40,1.0
0.02845635008506012,0.0019038077114228457,4.778472651382373e-42,0.9999999999999999
0.02845635008506012,0.0020040081120240483,4.533230994911314e-41,1.0
0.02855413822933868,1e-10,1.598055663856683e-43,1.0
0.02855413822933868,0.0001002005006012024,2.299828244638629e-43,1.0
0.02855413822933868,0.00020040090120240482,7.710624271361469e-44,1.0
0.02855413822933868,0.0003006013018036072,4.733713228073912e-43,1.0
0.02855413822933868,0.0004008017024048096,3.641903150739568e-42,1.0
0.02855413822933868,0.0005010021030060121,1.8665037805705185e-42,1.0
0.02855413822933868,0.0006012025036072144,4.866380467735536e-43,1.0
0.02855413822933868,0.0007014029042084169,1.663795915113326e-42,1.0
0.02855413822933868,0.0008016033048096193,4.36074624088033e-43,1.0
0.02855413822933868,0.0009018037054108217,9.595964283596051e-43,1.0
0.02855413822933868,0.0010020041060120242,8.045877598271839e-43,1.0
0.02855413822933868,0.0011022045066132265,1.964725048322633e-42,1.0
0.02855413822933868,0.0012024049072144288,6.359862690972559e-43,1.0
0.02855413822933868,0.0013026053078156314,1.3820481962721524e-42,1.0
0.02855413822933868,0.0014028057084168337,1.358983158177875e-40,1.0
0.02855413822933868,0.0015030061090180362,8.611292007757207e-40,1.0
0.02855413822933868,0.0016032065096192386,4.544891691070616e-40,1.0
0.02855413822933868,0.0017034069102204409,6.578748572164344e-40,1.0
0.02855413822933868,0.0018036073108216434,2.856433807344757e-42,1.0
0.02855413822933868,0.0019038077114228457,4.453313618200746e-39,1.0
0.02855413822933868,0.0020040081120240483,8.50191637493621e-40,1.0
0.028651926373617236,1e-10,2.6422341704947947e-43,1.0
0.028651926373617236,0.0001002005006012024,4.219739810241561e-43,1.0
0.028651926373617236,0.00020040090120240482,1.2513092481998727e-43,1.0
0.028651926373617236,0.0003006013018036072,2.4023968907431555e-43,1.0
0.028651926373617236,0.0004008017024048096,6.5235852265565655e-43,1.0
0.028651926373617236,0.0005010021030060121,6.909765270328393e-44,1.0
0.028651926373617236,0.0006012025036072144,3.972647223602091e-43,1.0
0.028651926373617236,0.0007014029042084169,4.5422102286996125e-43,1.0
0.028651926373617236,0.0008016033048096193,7.405258778248041e-43,1.0
0.028651926373617236,0.0009018037054108217,5.336862270883825e-42,1.0
0.028651926373617236,0.0010020041060120242,1.313729824225689e-42,1.0
0.028651926373617236,0.0011022045066132265,1.2934175470206867e-42,1.0
0.028651926373617236,0.0012024049072144288,3.0664049175803954e-42,1.0
0.028651926373617236,0.0013026053078156314,5.5541366044325694e-42,1.0
0.028651926373617236,0.0014028057084168337,6.814170681379539e-42,1.0
0.028651926373617236,0.0015030061090180362,3.787835461860745e-41,1.0
0.028651926373617236,0.0016032065096192386,1.5712760159207454e-41,1.0
0.028651926373617236,0.0017034069102204409,2.2866054107393398e-42,1.0
0.028651926373617236,0.0018036073108216434,3.7824921179918125e-42,1.0
0.028651926373617236,0.0019038077114228457,8.941372039320392e-40,1.0
0.028651926373617236,0.0020040081120240483,4.0636241902843884e-43,1.0
0.02874971451789579,1e-10,4.371769727558317e-43,1.0
0.02874971451789579,0.0001002005006012024,3.1890501500220628e-43,1.0
0.02874971451789579,0.00020040090120240482,5.7773883670403456e-43,1.0
0.02874971451789579,0.0003006013018036072,1.4739381394019962e-42,1.0
0.02874971451789579,0.0004008017024048096,5.094548275759624e-42,1.0
0.02874971451789579,0.0005010021030060121,5.0717190990312754e-42,1.0
0.02874971451789579,0.0006012025036072144,1.1701653750478273e-42,1.0
0.02874971451789579,0.0007014029042084169,5.574874901010204e-42,1.0
0.02874971451789579,0.0008016033048096193,1.9251959359978472e-42,1.0
0.02874971451789579,0.0009018037054108217,2.7340443284536846e-42,1.0
0.02874971451789579,0.0010020041060120242,7.827109713085338e-42,1.0
0.02874971451789579,0.0011022045066132265,2.3127382864914785e-42,1.0
0.02874971451789579,0.0012024049072144288,9.933608046741805e-45,1.0
0.02874971451789579,0.0013026053078156314,4.1925442420437485e-41,1.0
0.02874971451789579,0.0014028057084168337,7.063740789970312e-41,1.0
0.02874971451789579,0.0015030061090180362,4.878178298679109e-43,1.0
0.02874971451789579,0.0016032065096192386,1.96611120200835e-42,1.0
0.02874971451789579,0.0017034069102204409,2.2956875615568375e-38,1.0
0.02874971451789579,0.0018036073108216434,5.897065105825897e-39,1.0
0.02874971451789579,0.0019038077114228457,6.528918578389862e-39,1.0
0.02874971451789579,0.0020040081120240483,2.462979422823286e-40,1.0
0.02884750266217435,1e-10,7.228284779339179e-43,1.0
0.02884750266217435,0.0001002005006012024,1.732791729284425e-42,1.0
0.02884750266217435,0.00020040090120240482,1.0091244964852626e-42,1.0
0.02884750266217435,0.0003006013018036072,6.7270870364367346e-43,1.0
0.02884750266217435,0.0004008017024048096,1.1677162610076283e-42,1.0
0.02884750266217435,0.0005010021030060121,8.356595528198734e-43,1.0
0.02884750266217435,0.0006012025036072144,8.095221916986307e-44,1.0
0.02884750266217435,0.0007014029042084169,1.5412706899608126e-44,1.0
0.02884750266217435,0.0008016033048096193,4.870980663297266e-42,1.0
0.02884750266217435,0.0009018037054108217,5.384096082100948e-40,1.0
0.02884750266217435,0.0010020041060120242,6.976688697063666e-43,1.0
0.02884750266217435,0.0011022045066132265,5.657420514132292e-42,1.0
0.02884750266217435,0.0012024049072144288,2.076017667093039e-40,1.0
0.02884750266217435,0.0013026053078156314,1.3744536862626368e-42,1.0
0.02884750266217435,0.0014028057084168337,5.940839625402664e-43,1.0
0.02884750266217435,0.0015030061090180362,4.713886957614383e-38,1.0
0.02884750266217435,0.0016032065096192386,7.789431441913012e-43,1.0
0.02884750266217435,0.0017034069102204409,1.248958485249348e-39,1.0
0.02884750266217435,0.0018036073108216434,1.6925230010780694e-41,1.0
0.02884750266217435,0.0019038077114228457,4.753070051855086e-41,1.0
0.02884750266217435,0.0020040081120240483,2.932861655296018e-40,1.0
0.02884750266217435,0.0021042085126252506,1.63231639841095e-41,1.0
0.028945290806452906,1e-10,1.1945072338761978e-42,1.0
0.028945290806452906,0.0001002005006012024,6.835432057697926e-43,1.0
0.028945290806452906,0.00020040090120240482,5.164274170837666e-42,1.0
0.028945290806452906,0.0003006013018036072,1.0234303468331244e-42,1.0
0.028945290806452906,0.0004008017024048096,1.3227068168229356e-41,1.0
0.028945290806452906,0.0005010021030060121,1.3734634542089427e-40,1.0
0.028945290806452906,0.0006012025036072144,6.174390312752475e-42,1.0
0.028945290806452906,0.0007014029042084169,8.764620728928668e-40,1.0
0.028945290806452906,0.0008016033048096193,4.681191736296498e-42,1.0
0.028945290806452906,0.0009018037054108217,1.3828186211662142e-42,1.0
0.028945290806452906,0.0010020041060120242,3.0561442267478225e-41,1.0
0.028945290806452906,0.0011022045066132265,5.611045949870065e-42,1.0
0.028945290806452906,0.0012024049072144288,1.2563992842465503e-40,1.0
0.028945290806452906,0.0013026053078156314,1.1539819271631236e-40,1.0
0.028945290806452906,0.0014028057084168337,1.316004260181109e-42,1.0
0.028945290806452906,0.0015030061090180362,4.2037893874081594e-41,1.0
0.028945290806452906,0.0016032065096192386,1.81203753449314e-40,1.0
0.028945290806452906,0.0017034069102204409,5.003938808952727e-40,1.0
0.028945290806452906,0.0018036073108216434,1.8525586871783955e-40,1.0
0.028945290806452906,0.0019038077114228457,9.880118959258378e-41,1.0
0.028945290806452906,0.0020040081120240483,1.6024330744623436e-40,1.0
0.028945290806452906,0.0021042085126252506,8.256769733985441e-39,1.0
0.029043078950731462,1e-10,1.9762532725861476e-42,1.0
0.029043078950731462,0.0001002005006012024,1.5586989661059417e-42,1.0
0.029043078950731462,0.00020040090120240482,2.1495275725329816e-42,1.0
0.029043078950731462,0.0003006013018036072,3.543328864409688e-42,1.0
0.029043078950731462,0.0004008017024048096,7.507291234005916e-42,0.9999999999999999
0.029043078950731462,0.0005010021030060121,9.781723539030821e-42,1.0
0.029043078950731462,0.0006012025036072144,2.134963282544919e-41,1.0
0.029043078950731462,0.0007014029042084169,1.6966016155651654e-42,1.0
0.029043078950731462,0.0008016033048096193,7.031955930137602e-42,1.0
0.029043078950731462,0.0009018037054108217,9.922599837769972e-41,1.0
0.029043078950731462,0.0010020041060120242,1.8411850115039495e-41,1.0
0.029043078950731462,0.0011022045066132265,3.728347218145482e-41,1.0
0.029043078950731462,0.0012024049072144288,3.0768475462098943e-40,1.0
0.029043078950731462,0.0013026053078156314,4.110944884632481e-42,1.0
0.029043078950731462,0.0014028057084168337,5.1096833597606055e-40,1.0
0.029043078950731462,0.0015030061090180362,3.826582890181879e-41,1.0
0.029043078950731462,0.0016032065096192386,4.430990026054223e-40,1.0
0.029043078950731462,0.0017034069102204409,6.080505472042243e-40,1.0
0.029043078950731462,0.0018036073108216434,2.650463352892518e-39,1.0
0.029043078950731462,0.0019038077114228457,3.12623431027944e-42,1.0
0.029043078950731462,0.0020040081120240483,8.826627505706299e-41,1.0
0.029043078950731462,0.0021042085126252506,9.306839756909526e-41,1.0
0.02914086709501002,1e-10,3.272894417748992e-42,1.0
0.02914086709501002,0.0001002005006012024,6.356324744569999e-42,1.0
0.02914086709501002,0.00020040090120240482,5.64378775766167e-42,1.0
0.02914086709501002,0.0003006013018036072,7.20915423738669e-42,1.0
0.02914086709501002,0.0004008017024048096,5.991236279651888e-41,1.0
0.02914086709501002,0.0005010021030060121,9.316772523365026e-42,1.0
0.02914086709501002,0.0006012025036072144,5.786409408181864e-43,1.0
0.02914086709501002,0.0007014029042084169,3.411066785114442e-42,1.0
0.02914086709501002,0.0008016033048096193,9.017144251070522e-42,1.0
0.02914086709501002,0.0009018037054108217,1.1302860915886235e-41,1.0
0.02914086709501002,0.0010020041060120242,1.2715916229773278e-41,1.0
0.02914086709501002,0.0011022045066132265,3.800712525419177e-41,1.0
0.02914086709501002,0.0012024049072144288,4.121597097790297e-41,1.0
0.02914086709501002,0.0013026053078156314,1.1841337161825947e-41,1.0
0.02914086709501002,0.0014028057084168337,4.66969909397159e-41,1.0
0.02914086709501002,0.0015030061090180362,1.2863611795225108e-39,1.0
0.02914086709501002,0.0016032065096192386,5.627550293448045e-41,1.0
0.02914086709501002,0.0017034069102204409,9.691775327607326e-38,1.0
0.02914086709501002,0.0018036073108216434,5.990422112846404e-40,1.0
0.02914086709501002,0.0019038077114228457,3.6421952089191993e-41,1.0
0.02914086709501002,0.0020040081120240483,1.0113130562741606e-43,1.0
0.02914086709501002,0.0021042085126252506,4.1780920877262863e-42,1.0
0.029238655239288577,1e-10,5.4023131848733513e-42,1.0
0.029238655239288577,0.0001002005006012024,4.918248178810271e-42,1.0
0.029238655239288577,0.00020040090120240482,2.949517939705503e-41,1.0
0.029238655239288577,0.0003006013018036072,7.402070358978984e-41,1.0
0.029238655239288577,0.0004008017024048096,2.807794422378563e-42,1.0
0.029238655239288577,0.0005010021030060121,3.6799146248838297e-41,1.0
0.029238655239288577,0.0006012025036072144,3.061416413239734e-42,1.0
0.029238655239288577,0.0007014029042084169,1.7171474690556126e-40,1.0
0.029238655239288577,0.0008016033048096193,4.5499800322981356e-41,1.0
0.029238655239288577,0.0009018037054108217,9.130325471494981e-41,1.0
0.029238655239288577,0.0010020041060120242,8.617011342073283e-37,1.0
0.029238655239288577,0.0011022045066132265,1.8064345861411387e-41,1.0
0.029238655239288577,0.0012024049072144288,5.5235109597591106e-42,1.0
0.029238655239288577,0.0013026053078156314,2.0033754586042605e-40,1.0
0.029238655239288577,0.0014028057084168337,5.759488516523035e-40,1.0
0.029238655239288577,0.0015030061090180362,7.908513431985252e-39,1.0
0.029238655239288577,0.0016032065096192386,3.93313845012619e-38,1.0
0.029238655239288577,0.0017034069102204409,2.9377147835915897e-41,1.0
0.029238655239288577,0.0018036073108216434,8.502263891805384e-38,1.0
0.029238655239288577,0.0019038077114228457,3.233566661048487e-43,1.0
0.029238655239288577,0.0020040081120240483,1.1047719922027236e-37,1.0
0.029238655239288577,0.0021042085126252506,3.392127085790355e-41,1.0
0.029336443383567133,1e-10,8.93012199922368e-42,1.0
0.029336443383567133,0.0001002005006012024,2.9944884531621334e-41,1.0
0.029336443383567133,0.00020040090120240482,7.789240665486038e-41,1.0
0.029336443383567133,0.0003006013018036072,4.688692190757879e-41,1.0
0.029336443383567133,0.0004008017024048096,5.112278774703643e-41,1.0
0.029336443383567133,0.0005010021030060121,9.9437536989236e-41,1.0
0.029336443383567133,0.0006012025036072144,3.7544488521091365e-42,1.0
0.029336443383567133,0.0007014029042084169,1.3696720594773462e-39,1.0
0.029336443383567133,0.0008016033048096193,2.0987697382074415e-39,1.0
0.029336443383567133,0.0009018037054108217,4.592746101419237e-43,1.0
0.029336443383567133,0.0010020041060120242,1.5226905119942035e-41,1.0
0.029336443383567133,0.0011022045066132265,8.129973800603062e-40,1.0
0.029336443383567133,0.0012024049072144288,1.2504794050466854e-41,1.0
0.029336443383567133,0.0013026053078156314,1.0041610384479766e-39,1.0
0.029336443383567133,0.0014028057084168337,7.519664549380301e-38,1.0
0.029336443383567133,0.0015030061090180362,5.987727729172167e-39,1.0
0.029336443383567133,0.0016032065096192386,7.559442095743734e-39,1.0
0.029336443383567133,0.0017034069102204409,8.658314840820577e-39,1.0
0.029336443383567133,0.0018036073108216434,2.108759108912987e-37,1.0
0.029336443383567133,0.0019038077114228457,5.1081275802438405e-37,1.0
0.029336443383567133,0.0020040081120240483,1.6916804526898778e-39,1.0
0.029336443383567133,0.0021042085126252506,3.899062096070637e-35,1.0
0.029434231527845692,1e-10,1.477303327725039e-41,1.0
0.029434231527845692,0.0001002005006012024,1.4211607431247475e-41,1.0
0.029434231527845692,0.00020040090120240482,2.8095765536184184e-41,1.0
0.029434231527845692,0.0003006013018036072,5.407392077176954e-41,1.0
0.029434231527845692,0.0004008017024048096,1.5518846297840111e-40,1.0
0.029434231527845692,0.0005010021030060121,1.5630164441565028e-40,1.0
0.029434231527845692,0.0006012025036072144,5.842976878138489e-41,1.0
0.029434231527845692,0.0007014029042084169,1.2540259442431024e-41,1.0
0.029434231527845692,0.0008016033048096193,1.0647000913036899e-39,1.0
0.029434231527845692,0.0009018037054108217,8.511173802400046e-40,1.0
0.029434231527845692,0.0010020041060120242,4.195337637724693e-40,1.0
0.029434231527845692,0.0011022045066132265,3.4073828605573143e-39,1.0
0.029434231527845692,0.0012024049072144288,2.726964880910002e-41,1.0
0.029434231527845692,0.0013026053078156314,2.7956678044025586e-39,1.0
0.029434231527845692,0.0014028057084168337,7.313324557579886e-38,1.0
0.029434231527845692,0.0015030061090180362,3.5870114023432466e-41,1.0
0.029434231527845692,0.0016032065096192386,1.8036515908528594e-38,1.0
0.029434231527845692,0.0017034069102204409,3.9573815230737686e-40,1.0
0.029434231527845692,0.0018036073108216434,2.2339889883409377e-38,1.0
0.029434231527845692,0.0019038077114228457,5.562612601178206e-38,1.0
0.029434231527845692,0.0020040081120240483,8.600973057109392e-40,1.0
0.029434231527845692,0.0021042085126252506,1.3408717628178928e-37,1.0
0.029532019672124248,1e-10,2.4424415363493264e-41,1.0
0.029532019672124248,0.0001002005006012024,4.316063738642602e-41,1.0
0.029532019672124248,0.00020040090120240482,1.0890351688804344e-41,1.0
0.029532019672124248,0.0003006013018036072,9.654579828340174e-41,1.0
0.029532019672124248,0.0004008017024048096,3.289899838659181e-41,1.0
0.029532019672124248,0.0005010021030060121,7.525717591483773e-42,1.0
0.029532019672124248,0.0006012025036072144,3.229051047199095e-41,1.0
0.029532019672124248,0.0007014029042084169,1.318583891860422e-41,1.0
0.029532019672124248,0.0008016033048096193,2.0903313992433514e-38,1.0
0.029532019672124248,0.0009018037054108217,3.091925789385923e-39,1.0
0.029532019672124248,0.0010020041060120242,2.3029595180677828e-38,1.0
0.029532019672124248,0.0011022045066132265,6.157304750479348e-40,1.0
0.029532019672124248,0.0012024049072144288,1.8360693909808374e-38,1.0
0.029532019672124248,0.0013026053078156314,7.032893949250689e-40,1.0
0.029532019672124248,0.0014028057084168337,2.658741552387784e-40,1.0
0.029532019672124248,0.0015030061090180362,1.5427763720690832e-39,1.0
0.029532019672124248,0.0016032065096192386,1.3669873929496304e-38,1.0
0.029532019672124248,0.0017034069102204409,5.108009104942024e-40,1.0
0.029532019672124248,0.0018036073108216434,7.768269889497044e-41,1.0
0.029532019672124248,0.0019038077114228457,1.9683596486646824e-37,1.0
0.029532019672124248,0.0020040081120240483,2.537297125671599e-37,1.0
0.029532019672124248,0.0021042085126252506,1.1349698417194432e-37,1.0
0.029629807816402808,1e-10,4.043307394414404e-41,1.0
0.029629807816402808,0.0001002005006012024,3.2637581577649237e-40,1.0
0.029629807816402808,0.00020040090120240482,3.3502554572816813e-41,1.0
0.029629807816402808,0.0003006013018036072,1.1829601045473103e-40,1.0
0.029629807816402808,0.0004008017024048096,5.634281448101756e-41,1.0
0.029629807816402808,0.0005010021030060121,1.7275188633915757e-41,1.0
0.029629807816402808,0.0006012025036072144,1.3841031405766034e-40,1.0
0.029629807816402808,0.0007014029042084169,9.191061431889565e-40,1.0
0.029629807816402808,0.0008016033048096193,1.4515455821753927e-40,1.0
0.029629807816402808,0.0009018037054108217,7.409603634729762e-41,1.0
0.029629807816402808,0.0010020041060120242,6.036605904284687e-40,1.0
0.029629807816402808,0.0011022045066132265,5.941322407140668e-40,1.0
0.029629807816402808,0.0012024049072144288,2.0394305889366421e-41,1.0
0.029629807816402808,0.0013026053078156314,6.870700040755798e-41,1.0
0.029629807816402808,0.0014028057084168337,2.1724188041559742e-38,1.0
0.029629807816402808,0.0015030061090180362,1.0853441312136399e-39,1.0
0.029629807816402808,0.0016032065096192386,1.4068099677486007e-39,1.0
0.029629807816402808,0.0017034069102204409,1.686159290347127e-36,1.0
0.029629807816402808,0.0018036073108216434,8.223772520313166e-40,1.0
0.029629807816402808,0.0019038077114228457,2.3503408439682128e-38,1.0
0.029629807816402808,0.0020040081120240483,3.4372776032271256e-39,1.0
0.029629807816402808,0.0021042085126252506,1.6566129051269546e-36,1.0
0.029727595960681363,1e-10,6.689651458110493e-41,1.0
0.029727595960681363,0.0001002005006012024,6.062021095459949e-41,1.0
0.029727595960681363,0.00020040090120240482,1.5967613792635731e-40,1.0
0.029727595960681363,0.0003006013018036072,3.3833554539806354e-40,1.0
0.029727595960681363,0.0004008017024048096,8.436505955682626e-39,1.0
0.029727595960681363,0.0005010021030060121,3.388799442519066e-39,1.0
0.029727595960681363,0.0006012025036072144,5.832087180938504e-40,1.0
0.029727595960681363,0.0007014029042084169,8.726935225935093e-41,1.0
0.029727595960681363,0.0008016033048096193,2.3253785293951604e-39,1.0
0.029727595960681363,0.0009018037054108217,4.1528175613031873e-38,1.0
0.029727595960681363,0.0010020041060120242,6.974633229214602e-38,1.0
0.029727595960681363,0.0011022045066132265,2.683144355730189e-39,1.0
0.029727595960681363,0.0012024049072144288,1.4417154316921636e-40,1.0
0.029727595960681363,0.0013026053078156314,5.438407375572245e-38,1.0
0.029727595960681363,0.0014028057084168337,8.130688066710401e-38,1.0
0.029727595960681363,0.0015030061090180362,1.6748686307613205e-39,1.0
0.029727595960681363,0.0016032065096192386,8.0480080643614e-37,1.0
0.029727595960681363,0.0017034069102204409,3.8637169285024024e-39,0.9999999999999999
0.029727595960681363,0.0018036073108216434,2.3020713435615223e-39,1.0
0.029727595960681363,0.0019038077114228457,8.056225313039215e-39,1.0
0.029727595960681363,0.0020040081120240483,3.8134701473983734e-38,1.0
0.029727595960681363,0.0021042085126252506,7.144125047901364e-38,1.0
0.02982538410495992,1e-10,1.106356091970784e-40,1.0
0.02982538410495992,0.0001002005006012024,7.732173938444055e-41,1.0
0.02982538410495992,0.00020040090120240482,2.569186815680287e-40,1.0
0.02982538410495992,0.0003006013018036072,2.3666883821593983e-40,1.0
0.02982538410495992,0.0004008017024048096,2.8210086539078733e-40,1.0
0.02982538410495992,0.0005010021030060121,3.913980112308911e-39,1.0
0.02982538410495992,0.0006012025036072144,1.6302074824166927e-39,1.0
0.02982538410495992,0.0007014029042084169,3.6095905596522627e-41,1.0
0.02982538410495992,0.0008016033048096193,5.064162540619038e-40,1.0
0.02982538410495992,0.0009018037054108217,2.266177978246049e-40,1.0
0.02982538410495992,0.0010020041060120242,1.7194148420373924e-37,1.0
0.02982538410495992,0.0011022045066132265,4.0718006445565744e-41,1.0
0.02982538410495992,0.0012024049072144288,5.613300967108958e-39,1.0
0.02982538410495992,0.0013026053078156314,9.509377742269395e-39,1.0
0.02982538410495992,0.0014028057084168337,3.182456157060077e-37,1.0
0.02982538410495992,0.0015030061090180362,2.7003603044065323e-40,1.0
0.02982538410495992,0.0016032065096192386,1.103352223449102e-37,1.0
0.02982538410495992,0.0017034069102204409,5.762257296202009e-38,1.0
0.02982538410495992,0.0018036073108216434,1.120027177369473e-34,1.0
0.02982538410495992,0.0019038077114228457,2.9005645298996696e-40,1.0
0.02982538410495992,0.0020040081120240483,1.2451341816570902e-36,1.0
0.02982538410495992,0.0021042085126252506,5.3188849023867494e-39,1.0
0.02992317224923848,1e-10,1.829508810893397e-40,1.0
0.02992317224923848,0.0001002005006012024,1.4391094701408629e-40,1.0
0.02992317224923848,0.00020040090120240482,2.985104938255812e-40,1.0
0.02992317224923848,0.0003006013018036072,2.081875266073279e-38,1.0
0.02992317224923848,0.0004008017024048096,3.519699900206791e-40,1.0
0.02992317224923848,0.0005010021030060121,2.2419177581712046e-38,1.0
0.02992317224923848,0.0006012025036072144,1.8091066795998363e-40,1.0
0.02992317224923848,0.0007014029042084169,3.1328361548731344e-40,1.0
0.02992317224923848,0.0008016033048096193,5.483602120921024e-39,1.0
0.02992317224923848,0.0009018037054108217,1.4615075183088529e-39,1.0
0.02992317224923848,0.0010020041060120242,1.6730478389755813e-39,1.0
0.02992317224923848,0.0011022045066132265,3.5290282974868967e-40,1.0
0.02992317224923848,0.0012024049072144288,2.1224718521318295e-39,1.0
0.02992317224923848,0.0013026053078156314,1.1686902973884759e-38,1.0
0.02992317224923848,0.0014028057084168337,2.3686693073555446e-38,1.0
0.02992317224923848,0.0015030061090180362,5.09296855309328e-39,1.0
0.02992317224923848,0.0016032065096192386,4.552940311880477e-39,1.0
0.02992317224923848,0.0017034069102204409,1.5410464928618266e-37,1.0
0.02992317224923848,0.0018036073108216434,2.2660544643867332e-38,1.0
0.02992317224923848,0.0019038077114228457,5.335300799213229e-38,1.0
0.02992317224923848,0.0020040081120240483,2.0262881332686534e-38,1.0
0.02992317224923848,0.0021042085126252506,2.5214610394979226e-37,1.0
0.030020960393517034,1e-10,3.028926146010394e-40,1.0
0.030020960393517034,0.0001002005006012024,1.0890627385975183e-40,1.0
0.030020960393517034,0.00020040090120240482,8.445038375630127e-41,1.0
0.030020960393517034,0.0003006013018036072,6.568782169838848e-40,1.0
0.030020960393517034,0.0004008017024048096,3.2612203063723024e-41,1.0
0.030020960393517034,0.0005010021030060121,7.794382634024123e-40,1.0
0.030020960393517034,0.0006012025036072144,8.933398141765827e-41,1.0
0.030020960393517034,0.0007014029042084169,7.20234101895329e-39,1.0
0.030020960393517034,0.0008016033048096193,1.687618268042048e-39,1.0
0.030020960393517034,0.0009018037054108217,4.974374236374143e-40,1.0
0.030020960393517034,0.0010020041060120242,7.081345493041947e-38,1.0
0.030020960393517034,0.0011022045066132265,8.459510941231237e-38,1.0
0.030020960393517034,0.0012024049072144288,4.7516412519527365e-37,1.0
0.030020960393517034,0.0013026053078156314,1.8509797354408379e-37,1.0
0.030020960393517034,0.0014028057084168337,6.788974300800984e-38,1.0
0.030020960393517034,0.0015030061090180362,1.8646513912698508e-37,1.0
0.030020960393517034,0.0016032065096192386,3.0784552050632865e-39,1.0
0.030020960393517034,0.0017034069102204409,7.440334879281428e-36,1.0
0.030020960393517034,0.0018036073108216434,1.0256411511759213e-37,1.0
0.030020960393517034,0.0019038077114228457,7.13741079669341e-37,1.0
0.030020960393517034,0.0020040081120240483,1.5041427886610663e-36,1.0
0.030020960393517034,0.0021042085126252506,1.5440801833056155e-35,1.0
0.030118748537795594,1e-10,5.013911056753035e-40,1.0
0.030118748537795594,0.0001002005006012024,1.683713324335348e-39,1.0
0.030118748537795594,0.00020040090120240482,6.1194228227421e-40,1.0
0.030118748537795594,0.0003006013018036072,9.621834552760322e-40,1.0
0.030118748537795594,0.0004008017024048096,3.1705003061353798e-40,1.0
0.030118748537795594,0.0005010021030060121,1.1598212442922059e-39,1.0
0.030118748537795594,0.0006012025036072144,1.019704697692434e-37,1.0
0.030118748537795594,0.0007014029042084169,2.9599798551973635e-39,1.0
0.030118748537795594,0.0008016033048096193,5.540386139981653e-38,1.0
0.030118748537795594,0.0009018037054108217,1.3987280341045997e-38,1.0
0.030118748537795594,0.0010020041060120242,8.083770858139177e-39,1.0
0.030118748537795594,0.0011022045066132265,4.0605426848773865e-39,1.0
0.030118748537795594,0.0012024049072144288,1.7130113607939988e-39,1.0
0.030118748537795594,0.0013026053078156314,6.744548989317819e-40,1.0
0.030118748537795594,0.0014028057084168337,1.0978942347322143e-36,1.0
0.030118748537795594,0.0015030061090180362,4.635236852476536e-38,1.0
0.030118748537795594,0.0016032065096192386,4.0761810452664666e-39,1.0
0.030118748537795594,0.0017034069102204409,1.7320361707164832e-38,1.0
0.030118748537795594,0.0018036073108216434,1.7003421213696293e-36,1.0
0.030118748537795594,0.0019038077114228457,2.5759793108812353e-38,1.0
0.030118748537795594,0.0020040081120240483,9.901370319815934e-36,1.0
0.030118748537795594,0.0021042085126252506,5.313902462227673e-39,1.0
0.03021653668207415,1e-10,8.287874945634133e-40,1.0
0.03021653668207415,0.0001002005006012024,7.709854373925677e-40,1.0
0.03021653668207415,0.00020040090120240482,5.317397300577756e-40,1.0
0.03021653668207415,0.0003006013018036072,3.3097044013452537e-40,1.0
0.03021653668207415,0.0004008017024048096,2.224005904108936e-40,1.0
0.03021653668207415,0.0005010021030060121,6.248267233054035e-39,1.0
0.03021653668207415,0.0006012025036072144,4.6779446223535553e-39,1.0
0.03021653668207415,0.0007014029042084169,8.380919299363713e-40,1.0
0.03021653668207415,0.0008016033048096193,1.9028418254478186e-39,1.0
0.03021653668207415,0.0009018037054108217,3.1753172164949686e-38,1.0
0.03021653668207415,0.0010020041060120242,9.400301115616822e-39,1.0
0.03021653668207415,0.0011022045066132265,7.165754462211683e-39,1.0
0.03021653668207415,0.0012024049072144288,1.7064837471971785e-37,1.0
0.03021653668207415,0.0013026053078156314,2.4561952747502586e-39,1.0
0.03021653668207415,0.0014028057084168337,3.7843223766070636e-36,1.0
0.03021653668207415,0.0015030061090180362,2.040775429078845e-40,1.0
0.03021653668207415,0.0016032065096192386,3.0332429573294655e-37,1.0
0.03021653668207415,0.0017034069102204409,5.846541158922658e-40,1.0
0.03021653668207415,0.0018036073108216434,1.1374362286029e-36,1.0
0.03021653668207415,0.0019038077114228457,8.952556282242078e-39,1.0
0.03021653668207415,0.0020040081120240483,8.56800043185195e-36,1.0
0.03021653668207415,0.0021042085126252506,2.9721829524754413e-35,1.0
0.030314324826352705,1e-10,1.3706993739882259e-39,1.0
0.030314324826352705,0.0001002005006012024,1.9227752618455675e-39,1.0
0.030314324826352705,0.00020040090120240482,8.384540516169754e-39,1.0
0.030314324826352705,0.0003006013018036072,1.6451260744856668e-39,1.0
0.030314324826352705,0.0004008017024048096,2.1639061557561974e-39,1.0
0.030314324826352705,0.0005010021030060121,8.556830518484007e-39,1.0
0.030314324826352705,0.0006012025036072144,1.1302055050324112e-39,1.0
0.030314324826352705,0.0007014029042084169,1.1175199753438215e-37,1.0
0.030314324826352705,0.0008016033048096193,2.3260364717917884e-40,1.0
0.030314324826352705,0.0009018037054108217,8.196154858301641e-37,1.0
0.030314324826352705,0.0010020041060120242,4.692907343354688e-38,1.0
0.030314324826352705,0.0011022045066132265,1.9255643887305363e-37,1.0
0.030314324826352705,0.0012024049072144288,5.738060408105039e-38,1.0
0.030314324826352705,0.0013026053078156314,4.640723930217165e-38,1.0
0.030314324826352705,0.0014028057084168337,2.6872266867680194e-38,1.0
0.030314324826352705,0.0015030061090180362,2.4638739878358846e-39,1.0
0.030314324826352705,0.0016032065096192386,5.431625931610073e-41,1.0
0.030314324826352705,0.0017034069102204409,7.273249187146382e-37,1.0
0.030314324826352705,0.0018036073108216434,7.17241188059982e-36,1.0
0.030314324826352705,0.0019038077114228457,1.2484238189503571e-39,1.0
0.030314324826352705,0.0020040081120240483,1.247218091802931e-40,1.0
0.030314324826352705,0.0021042085126252506,8.694516433893585e-37,1.0
0.030412112970631264,1e-10,2.271641265113995e-39,1.0
0.030412112970631264,0.0001002005006012024,5.724281871955395e-39,1.0
0.030412112970631264,0.00020040090120240482,9.120174113347325e-40,1.0
0.030412112970631264,0.0003006013018036072,2.505884858781836e-38,1.0
0.030412112970631264,0.0004008017024048096,6.399566459258402e-39,1.0
0.030412112970631264,0.0005010021030060121,5.372356516462496e-39,1.0
0.030412112970631264,0.0006012025036072144,3.832732373456751e-38,1.0
0.030412112970631264,0.0007014029042084169,8.711899115840098e-37,1.0
0.030412112970631264,0.0008016033048096193,2.7625330918817114e-39,1.0
0.030412112970631264,0.0009018037054108217,2.409604468789272e-39,0.9999999999999999
0.030412112970631264,0.0010020041060120242,5.96809142253928e-38,1.0
0.030412112970631264,0.0011022045066132265,1.4038333886319718e-38,1.0
0.030412112970631264,0.0012024049072144288,1.570701102796775e-40,1.0
0.030412112970631264,0.0013026053078156314,2.840427264641146e-38,0.9999999999999999
0.030412112970631264,0.0014028057084168337,2.2031607024456815e-40,1.0
0.030412112970631264,0.0015030061090180362,1.0752635565273565e-36,1.0
0.030412112970631264,0.0016032065096192386,2.1208176340396055e-37,1.0
0.030412112970631264,0.0017034069102204409,1.906295738193676e-37,1.0
0.030412112970631264,0.0018036073108216434,1.1582818444344211e-37,1.0
0.030412112970631264,0.0019038077114228457,4.8353290843410066e-39,1.0
0.030412112970631264,0.0020040081120240483,3.368653062646055e-36,1.0
0.030412112970631264,0.0021042085126252506,1.0435485424191783e-36,1.0
0.03050990111490982,1e-10,3.7534293842520275e-39,1.0
0.03050990111490982,0.0001002005006012024,3.218912539050015e-39,1.0
0.03050990111490982,0.00020040090120240482,4.766089487291889e-39,1.0
0.03050990111490982,0.0003006013018036072,3.726063439942532e-39,1.0
0.03050990111490982,0.0004008017024048096,4.866243546390614e-38,1.0
0.03050990111490982,0.0005010021030060121,4.352411612020015e-37,1.0
0.03050990111490982,0.0006012025036072144,1.3262623480752115e-36,1.0
0.03050990111490982,0.0007014029042084169,2.3912812066677784e-37,1.0
0.03050990111490982,0.0008016033048096193,2.9172295058560795e-37,1.0
0.03050990111490982,0.0009018037054108217,1.473143772032965e-39,1.0
0.03050990111490982,0.0010020041060120242,7.20516896546821e-38,1.0
0.03050990111490982,0.0011022045066132265,3.028774996179979e-36,1.0
0.03050990111490982,0.0012024049072144288,1.0335413434629747e-36,1.0
0.03050990111490982,0.0013026053078156314,2.7355725698836467e-37,1.0
0.03050990111490982,0.0014028057084168337,1.7177004223198067e-36,1.0
0.03050990111490982,0.0015030061090180362,5.453427112002205e-37,1.0
0.03050990111490982,0.0016032065096192386,4.862958503601835e-38,1.0
0.03050990111490982,0.0017034069102204409,4.1298625003712763e-41,1.0
0.03050990111490982,0.0018036073108216434,2.4643422509553815e-40,1.0
0.03050990111490982,0.0019038077114228457,6.78471927709571e-36,1.0
0.03050990111490982,0.0020040081120240483,9.95966168329103e-38,1.0
0.03050990111490982,0.0021042085126252506,1.0353471282443546e-39,1.0
0.03050990111490982,0.002204408913226453,1.247132047881419e-35,1.0
0.030607689259188376,1e-10,6.217364435878357e-39,1.0
0.030607689259188376,0.0001002005006012024,1.97626816389078e-38,1.0
0.030607689259188376,0.00020040090120240482,9.446146887769172e-39,1.0
0.030607689259188376,0.0003006013018036072,8.309250495260164e-39,1.0
0.030607689259188376,0.0004008017024048096,5.7335524292329757e-39,1.0
0.030607689259188376,0.0005010021030060121,4.2798366526631016e-38,1.0
0.030607689259188376,0.0006012025036072144,1.1061240841698627e-37,1.0
0.030607689259188376,0.0007014029042084169,2.141116882134339e-39,1.0
0.030607689259188376,0.0008016033048096193,1.5586777957391551e-37,1.0
0.030607689259188376,0.0009018037054108217,1.0033707822749058e-37,1.0
0.030607689259188376,0.0010020041060120242,5.910836687736898e-38,1.0
0.030607689259188376,0.0011022045066132265,2.7739399707978683e-38,1.0
0.030607689259188376,0.0012024049072144288,7.53372894055634e-37,1.0
0.030607689259188376,0.0013026053078156314,6.535390513559499e-38,0.9999999999999999
0.030607689259188376,0.0014028057084168337,7.390061173348682e-38,1.0
0.030607689259188376,0.0015030061090180362,2.2504555741906165e-37,1.0
0.030607689259188376,0.0016032065096192386,7.370064657582628e-36,1.0
0.030607689259188376,0.0017034069102204409,8.753853766204235e-37,1.0
0.030607689259188376,0.0018036073108216434,7.192825768222874e-36,1.0
0.030607689259188376,0.0019038077114228457,2.1553701099227133e-38,1.0
0.030607689259188376,0.0020040081120240483,1.8383308032436903e-36,1.0
0.030607689259188376,0.0021042085126252506,3.281856692611185e-34,1.0
0.030607689259188376,0.002204408913226453,1.1613034532020582e-34,1.0
0.030705477403466935,1e-10,1.0304300817746491e-38,1.0
0.030705477403466935,0.0001002005006012024,9.563584487722237e-39,1.0
0.030705477403466935,0.00020040090120240482,3.8751621733602813e-38,1.0
0.030705477403466935,0.0003006013018036072,4.775329051618267e-38,1.0
0.030705477403466935,0.0004008017024048096,3.2952788699290595e-39,1.0
0.030705477403466935,0.0005010021030060121,2.4285771756283594e-37,1.0
0.030705477403466935,0.0006012025036072144,6.098776292101508e-37,1.0
0.030705477403466935,0.0007014029042084169,5.486960643779599e-38,1.0
0.030705477403466935,0.0008016033048096193,2.8360659039439554e-39,1.0
0.030705477403466935,0.0009018037054108217,5.257706791996263e-36,1.0
0.030705477403466935,0.0010020041060120242,2.19868286555612e-37,1.0
0.030705477403466935,0.0011022045066132265,1.3360379229068553e-38,1.0
0.030705477403466935,0.0012024049072144288,3.1039186036521955e-37,1.0
0.030705477403466935,0.0013026053078156314,8.870424321602254e-38,1.0
0.030705477403466935,0.0014028057084168337,4.419503279095239e-36,1.0
0.030705477403466935,0.0015030061090180362,5.524968920954111e-37,1.0
0.030705477403466935,0.0016032065096192386,4.622970039427778e-37,1.0
0.030705477403466935,0.0017034069102204409,4.667692961772927e-36,1.0
0.030705477403466935,0.0018036073108216434,5.920664345132314e-34,1.0
0.030705477403466935,0.0019038077114228457,5.300235361508433e-38,1.0
0.030705477403466935,0.0020040081120240483,2.7167298601341196e-37,1.0
0.030705477403466935,0.0021042085126252506,1.9468019034573878e-34,1.0
0.030705477403466935,0.002204408913226453,5.735352762730661e-34,1.0
0.03080326554774549,1e-10,1.703713149388076e-38,1.0
0.03080326554774549,0.0001002005006012024,1.381912912450199e-38,1.0
0.03080326554774549,0.00020040090120240482,3.30418511695628e-38,1.0
0.03080326554774549,0.0003006013018036072,9.486762269504705e-39,1.0
0.03080326554774549,0.0004008017024048096,4.799456843755965e-38,1.0
0.03080326554774549,0.0005010021030060121,5.50222745881147e-37,1.0
0.03080326554774549,0.0006012025036072144,3.291077539280905e-38,1.0
0.03080326554774549,0.0007014029042084169,2.046543588301216e-37,1.0
0.03080326554774549,0.0008016033048096193,7.743953080197909e-39,0.9999999999999999
0.03080326554774549,0.0009018037054108217,2.287837877710784e-36,1.0
0.03080326554774549,0.0010020041060120242,2.0095433615040563e-38,1.0
0.03080326554774549,0.0011022045066132265,1.2133482259908252e-35,1.0
0.03080326554774549,0.0012024049072144288,3.8379512713819547e-36,1.0
0.03080326554774549,0.0013026053078156314,2.139988157659412e-38,1.0
0.03080326554774549,0.0014028057084168337,2.5035399682903008e-37,1.0
0.03080326554774549,0.0015030061090180362,1.571709885141599e-36,1.0
0.03080326554774549,0.0016032065096192386,1.7037633876687514e-33,1.0
0.03080326554774549,0.0017034069102204409,2.7214506630174664e-38,1.0
0.03080326554774549,0.0018036073108216434,2.679543753054805e-35,1.0
0.03080326554774549,0.0019038077114228457,5.3732717302881e-36,0.9999999999999999
0.03080326554774549,0.0020040081120240483,6.75993091310856e-37,1.0
0.03080326554774549,0.0021042085126252506,1.473781622084516e-35,1.0
0.03080326554774549,0.002204408913226453,6.53021145418973e-38,0.9999999999999999
0.030901053692024047,1e-10,2.8189784337969226e-38,1.0
0.030901053692024047,0.0001002005006012024,8.07967597021721e-39,1.0
0.030901053692024047,0.00020040090120240482,3.631408273776937e-38,1.0
0.030901053692024047,0.0003006013018036072,1.5159181361793637e-37,1.0
0.030901053692024047,0.0004008017024048096,1.6229945691528674e-37,1.0
0.030901053692024047,0.0005010021030060121,1.11400347016656e-37,1.0
0.030901053692024047,0.0006012025036072144,1.678104567488323e-37,1.0
0.030901053692024047,0.0007014029042084169,9.809715520177309e-37,1.0
0.030901053692024047,0.0008016033048096193,7.93858516743678e-37,1.0
0.030901053692024047,0.0009018037054108217,2.4577348174839966e-38,1.0
0.030901053692024047,0.0010020041060120242,9.628840238821322e-37,1.0
0.030901053692024047,0.0011022045066132265,9.831025991518863e-38,1.0
0.030901053692024047,0.0012024049072144288,2.3378789887900075e-37,1.0
0.030901053692024047,0.0013026053078156314,7.277753318909662e-38,1.0
0.030901053692024047,0.0014028057084168337,3.7154676938589117e-35,1.0
0.030901053692024047,0.0015030061090180362,1.8591630078789714e-36,1.0
0.030901053692024047,0.0016032065096192386,2.4974026604293416e-36,1.0
0.030901053692024047,0.0017034069102204409,3.54625254480636e-36,1.0
0.030901053692024047,0.0018036073108216434,1.3757239652872496e-37,1.0
0.030901053692024047,0.0019038077114228457,1.9653961185916228e-35,1.0
0.030901053692024047,0.0020040081120240483,8.050981550257406e-36,1.0
0.030901053692024047,0.0021042085126252506,1.3699157112843609e-36,1.0
0.030901053692024047,0.002204408913226453,5.2412004656549284e-37,1.0
0.030998841836302606,1e-10,4.6644553872946794e-38,1.0
0.030998841836302606,0.0001002005006012024,3.464612155866548e-38,1.0
0.030998841836302606,0.00020040090120240482,3.835956691105939e-37,1.0
0.030998841836302606,0.0003006013018036072,7.535750527172743e-38,1.0
0.030998841836302606,0.0004008017024048096,3.889662843699948e-37,1.0
0.030998841836302606,0.0005010021030060121,8.02312970387234e-39,1.0
0.030998841836302606,0.0006012025036072144,6.774381915192912e-37,1.0
0.030998841836302606,0.0007014029042084169,2.1972345840523155e-37,1.0
0.030998841836302606,0.0008016033048096193,1.8875650312565424e-36,1.0
0.030998841836302606,0.0009018037054108217,5.422060116463535e-37,1.0
0.030998841836302606,0.0010020041060120242,1.7840012179496012e-35,1.0
0.030998841836302606,0.0011022045066132265,1.6054642847003383e-35,1.0
0.030998841836302606,0.0012024049072144288,9.012283117521321e-37,1.0
0.030998841836302606,0.0013026053078156314,9.929460899228532e-37,1.0
0.030998841836302606,0.0014028057084168337,4.62888693010537e-36,1.0
0.030998841836302606,0.0015030061090180362,2.0542745766134113e-36,1.0
0.030998841836302606,0.0016032065096192386,5.953887001160063e-37,1.0
0.030998841836302606,0.0017034069102204409,8.722361099059884e-37,1.0
0.030998841836302606,0.0018036073108216434,7.561567658231337e-34,1.0
0.030998841836302606,0.0019038077114228457,1.3919668710863922e-38,1.0
0.030998841836302606,0.0020040081120240483,6.666655097553555e-37,1.0
0.030998841836302606,0.0021042085126252506,2.1136382786916113e-34,1.0
0.030998841836302606,0.002204408913226453,5.362710370683661e-36,1.0
0.031096629980581162,1e-10,7.720129183295118e-38,1.0
0.031096629980581162,0.0001002005006012024,6.269537908204887e-38,1.0
0.031096629980581162,0.00020040090120240482,3.0124396473564265e-38,1.0
0.031096629980581162,0.0003006013018036072,1.1532021023625069e-37,1.0
0.031096629980581162,0.0004008017024048096,1.2757887384787689e-36,1.0
0.031096629980581162,0.0005010021030060121,1.0265140612499749e-38,1.0
0.031096629980581162,0.0006012025036072144,3.7207343274482034e-37,1.0
0.031096629980581162,0.0007014029042084169,6.065446461923926e-37,1.0
0.031096629980581162,0.0008016033048096193,1.5363164115960008e-36,1.0
0.031096629980581162,0.0009018037054108217,6.242362859289917e-37,1.0
0.031096629980581162,0.0010020041060120242,2.0757092241811626e-37,1.0
0.031096629980581162,0.0011022045066132265,2.2108038049293834e-38,0.9999999999999999
0.031096629980581162,0.0012024049072144288,4.983347809364009e-40,1.0
0.031096629980581162,0.0013026053078156314,2.427479537556147e-37,1.0
0.031096629980581162,0.0014028057084168337,1.734480063409993e-34,1.0
0.031096629980581162,0.0015030061090180362,3.3547640068124167e-35,1.0
0.031096629980581162,0.0016032065096192386,5.891487113395121e-35,1.0
0.031096629980581162,0.0017034069102204409,2.7708243089533763e-33,1.0
0.031096629980581162,0.0018036073108216434,8.45235106050677e-36,1.0
0.031096629980581162,0.0019038077114228457,1.8135841721764425e-35,1.0
0.031096629980581162,0.0020040081120240483,7.49151576708617e-35,1.0
0.031096629980581162,0.0021042085126252506,2.2623564413197522e-36,1.0
0.031096629980581162,0.002204408913226453,3.245247574829146e-32,1.0
0.03119441812485972,1e-10,1.2786813487049865e-37,1.0
0.03119441812485972,0.0001002005006012024,4.533299505062521e-37,1.0
0.03119441812485972,0.00020040090120240482,2.744479496260255e-37,1.0
0.03119441812485972,0.0003006013018036072,1.0181827571987586e-37,1.0
0.03119441812485972,0.0004008017024048096,7.472322033308171e-38,1.0
0.03119441812485972,0.0005010021030060121,6.360217460097831e-37,1.0
0.03119441812485972,0.0006012025036072144,8.965417250259015e-36,1.0
0.03119441812485972,0.0007014029042084169,9.737017824171457e-37,1.0
0.03119441812485972,0.0008016033048096193,5.219176142803477e-37,1.0
0.03119441812485972,0.0009018037054108217,7.233286642798218e-38,1.0
0.03119441812485972,0.0010020041060120242,3.335793958247113e-35,1.0
0.03119441812485972,0.0011022045066132265,1.854639882494409e-36,1.0
0.03119441812485972,0.0012024049072144288,2.7749254192232485e-36,1.0
0.03119441812485972,0.0013026053078156314,3.115626237904488e-34,1.0
0.03119441812485972,0.0014028057084168337,2.5579281032376538e-37,1.0
0.03119441812485972,0.0015030061090180362,6.481092149448812e-35,1.0
0.03119441812485972,0.0016032065096192386,1.0341351400362033e-34,1.0
0.03119441812485972,0.0017034069102204409,2.899554288293702e-35,1.0
0.03119441812485972,0.0018036073108216434,5.835055173508676e-37,1.0
0.03119441812485972,0.0019038077114228457,1.1777442745073029e-32,1.0
0.03119441812485972,0.0020040081120240483,8.552143296662966e-37,1.0
0.03119441812485972,0.0021042085126252506,1.225120110532743e-31,1.0
0.03119441812485972,0.002204408913226453,1.0673770564552684e-37,1.0
0.03129220626913828,1e-10,2.115238290173417e-37,1.0
0.03129220626913828,0.0001002005006012024,3.4606651327479377e-37,1.0
0.03129220626913828,0.00020040090120240482,1.1429440275934393e-36,1.0
0.03129220626913828,0.0003006013018036072,1.0844057135630038e-36,1.0
0.03129220626913828,0.0004008017024048096,4.269414470939543e-37,1.0
0.03129220626913828,0.0005010021030060121,2.7530100306285916e-38,1.0
0.03129220626913828,0.0006012025036072144,1.8055838387049559e-37,1.0
0.03129220626913828,0.0007014029042084169,3.484674257873708e-38,1.0
0.03129220626913828,0.0008016033048096193,2.759048102708266e-35,1.0
0.03129220626913828,0.0009018037054108217,6.396340704613137e-37,1.0
0.03129220626913828,0.0010020041060120242,3.5923561780943036e-38,1.0
0.03129220626913828,0.0011022045066132265,1.769026551968911e-34,1.0
0.03129220626913828,0.0012024049072144288,1.0717121410568614e-38,1.0
0.03129220626913828,0.0013026053078156314,1.539978139212581e-37,1.0
0.03129220626913828,0.0014028057084168337,7.286432278608597e-36,1.0
0.03129220626913828,0.0015030061090180362,6.345777103780066e-35,1.0
0.03129220626913828,0.0016032065096192386,2.3129111158480734e-34,1.0
0.03129220626913828,0.0017034069102204409,2.556496237891543e-36,1.0
0.03129220626913828,0.0018036073108216434,1.8608215723378847e-34,1.0
0.03129220626913828,0.0019038077114228457,1.2722502646931956e-33,1.0
0.03129220626913828,0.0020040081120240483,9.232926873537027e-34,1.0
0.03129220626913828,0.0021042085126252506,8.866291717557359e-35,1.0
0.03129220626913828,0.002204408913226453,1.1298514226040674e-33,1.0
0.03138999441341683,1e-10,3.5069599610474164e-37,1.0
0.03138999441341683,0.0001002005006012024,8.54742044370912e-37,1.0
0.03138999441341683,0.00020040090120240482,2.7432273711871256e-37,1.0
0.03138999441341683,0.0003006013018036072,4.845227796335891e-37,1.0
0.03138999441341683,0.0004008017024048096,3.454830683359321e-36,1.0
0.03138999441341683,0.0005010021030060121,2.462666811160876e-37,1.0
0.03138999441341683,0.0006012025036072144,4.2565391518438014e-36,1.0
0.03138999441341683,0.0007014029042084169,5.306517932443814e-35,1.0
0.03138999441341683,0.0008016033048096193,2.8208866640559543e-35,1.0
0.03138999441341683,0.0009018037054108217,2.849581437915004e-35,1.0
0.03138999441341683,0.0010020041060120242,2.3019405740936247e-35,1.0
0.03138999441341683,0.0011022045066132265,1.6582988390621948e-34,1.0
0.03138999441341683,0.0012024049072144288,1.3982048219512354e-35,1.0
0.03138999441341683,0.0013026053078156314,1.548150488103292e-37,1.0
0.03138999441341683,0.0014028057084168337,1.1716135952605644e-34,1.0
0.03138999441341683,0.0015030061090180362,6.523826836867076e-39,0.9999999999999999
0.03138999441341683,0.0016032065096192386,1.5853176424054927e-33,1.0
0.03138999441341683,0.0017034069102204409,3.492749245859178e-35,1.0
0.03138999441341683,0.0018036073108216434,1.1393493010220674e-33,1.0
0.03138999441341683,0.0019038077114228457,1.7892978255843025e-36,1.0
0.03138999441341683,0.0020040081120240483,3.888054639442556e-35,1.0
0.03138999441341683,0.0021042085126252506,2.456388535768274e-35,1.0
0.03138999441341683,0.002204408913226453,6.616459606064782e-35,1.0
0.03148778255769539,1e-10,5.799799643508208e-37,1.0
0.03148778255769539,0.0001002005006012024,6.223971765219656e-37,1.0
0.03148778255769539,0.00020040090120240482,2.5214336611199954e-37,1.0
0.03148778255769539,0.0003006013018036072,9.345550091922439e-36,1.0
0.03148778255769539,0.0004008017024048096,3.882243287239777e-36,1.0
0.03148778255769539,0.0005010021030060121,3.7601512372306935e-35,1.0
0.03148778255769539,0.0006012025036072144,3.5912408916085168e-37,1.0
0.03148778255769539,0.0007014029042084169,4.583172036162713e-36,1.0
0.03148778255769539,0.0008016033048096193,2.729433434677366e-35,1.0
0.03148778255769539,0.0009018037054108217,1.1279967427037317e-35,1.0
0.03148778255769539,0.0010020041060120242,5.794459534557195e-36,1.0
0.03148778255769539,0.0011022045066132265,7.964273856621479e-36,1.0
0.03148778255769539,0.0012024049072144288,2.1184539613798196e-35,1.0
0.03148778255769539,0.0013026053078156314,1.0912223060954725e-35,1.0
0.03148778255769539,0.0014028057084168337,4.0746539879164314e-32,1.0
0.03148778255769539,0.0015030061090180362,9.93035724989637e-33,1.0
0.03148778255769539,0.0016032065096192386,1.6010181676049463e-33,1.0
0.03148778255769539,0.0017034069102204409,2.7827528521122163e-33,1.0
0.03148778255769539,0.0018036073108216434,2.5906050971971145e-36,1.0
0.03148778255769539,0.0019038077114228457,2.6138147790486756e-35,1.0
0.03148778255769539,0.0020040081120240483,9.584018819918598e-36,1.0
0.03148778255769539,0.0021042085126252506,1.185728980734887e-34,1.0
0.03148778255769539,0.002204408913226453,1.1012374352867798e-36,1.0
0.03158557070197395,1e-10,9.597235238725187e-37,1.0
0.03158557070197395,0.0001002005006012024,1.6007533527349254e-36,1.0
0.03158557070197395,0.00020040090120240482,1.5919584586852968e-37,1.0
0.03158557070197395,0.0003006013018036072,1.665872118720331e-35,1.0
0.03158557070197395,0.0004008017024048096,9.322167468528762e-36,1.0
0.03158557070197395,0.0005010021030060121,1.9620994158469207e-35,0.9999999999999999
0.03158557070197395,0.0006012025036072144,1.1707097146741627e-35,1.0
0.03158557070197395,0.0007014029042084169,6.997690265401188e-37,1.0
0.03158557070197395,0.0008016033048096193,7.028290497608526e-36,1.0
0.03158557070197395,0.0009018037054108217,4.587844838541939e-36,1.0
0.03158557070197395,0.0010020041060120242,1.0655164223551428e-35,1.0
0.03158557070197395,0.0011022045066132265,6.319889713590441e-36,1.0
0.03158557070197395,0.0012024049072144288,8.322444246393447e-37,1.0
0.03158557070197395,0.0013026053078156314,3.763641033950187e-37,1.0
0.03158557070197395,0.0014028057084168337,1.6660376218536324e-33,1.0
0.03158557070197395,0.0015030061090180362,1.0539060197311687e-37,1.0
0.03158557070197395,0.0016032065096192386,1.7060391741226577e-34,1.0
0.03158557070197395,0.0017034069102204409,4.9554195920076874e-36,1.0
0.03158557070197395,0.0018036073108216434,2.170419450768007e-34,1.0
0.03158557070197395,0.0019038077114228457,1.3512650230223747e-36,1.0
0.03158557070197395,0.0020040081120240483,1.9078929538785592e-29,1.0
0.03158557070197395,0.0021042085126252506,1.5456599752845137e-35,1.0
0.03158557070197395,0.002204408913226453,4.4064262034991195e-34,1.0
0.03168335884625251,1e-10,1.591529132770588e-36,1.0
0.03168335884625251,0.0001002005006012024,1.8831476294518515e-36,1.0
0.03168335884625251,0.00020040090120240482,2.1493654623616515e-36,1.0
0.03168335884625251,0.0003006013018036072,3.212764513759601e-36,1.0
0.03168335884625251,0.0004008017024048096,1.5931819442246012e-35,1.0
0.03168335884625251,0.0005010021030060121,4.6145474312490326e-36,1.0
0.03168335884625251,0.0006012025036072144,5.422198606860773e-36,1.0
0.03168335884625251,0.0007014029042084169,5.223314134852364e-35,1.0
0.03168335884625251,0.0008016033048096193,1.93112845880817e-36,1.0
0.03168335884625251,0.0009018037054108217,9.012108584223705e-35,1.0
0.03168335884625251,0.0010020041060120242,6.008806301114091e-35,1.0
0.03168335884625251,0.0011022045066132265,4.999253428992785e-35,1.0
0.03168335884625251,0.0012024049072144288,3.049378804721464e-32,1.0
0.03168335884625251,0.0013026053078156314,3.428996913212255e-34,1.0
0.03168335884625251,0.0014028057084168337,7.97270876633656e-35,1.0
0.03168335884625251,0.0015030061090180362,5.9336471605492385e-34,1.0
0.03168335884625251,0.0016032065096192386,1.627278315886689e-35,1.0
0.03168335884625251,0.0017034069102204409,2.9569702022963177e-33,1.0
0.03168335884625251,0.0018036073108216434,4.293187378451261e-37,1.0
0.03168335884625251,0.0019038077114228457,4.466976198851949e-36,1.0
0.03168335884625251,0.0020040081120240483,1.8338058788665193e-31,1.0
0.03168335884625251,0.0021042085126252506,9.601791193630315e-34,1.0
0.03168335884625251,0.002204408913226453,1.0227399134862996e-34,1.0
0.03178114699053106,1e-10,2.6368586592134566e-36,1.0
0.03178114699053106,0.0001002005006012024,1.0154753611401764e-35,1.0
0.03178114699053106,0.00020040090120240482,2.9199304567921715e-36,1.0
0.03178114699053106,0.0003006013018036072,8.545534888210964e-36,1.0
0.03178114699053106,0.0004008017024048096,1.2282929938328685e-36,1.0
0.03178114699053106,0.0005010021030060121,7.114990910761367e-35,1.0
0.03178114699053106,0.0006012025036072144,4.4758331738414985e-35,1.0
0.03178114699053106,0.0007014029042084169,9.565629381926763e-36,1.0
0.03178114699053106,0.0008016033048096193,5.146916301913669e-37,1.0
0.03178114699053106,0.0009018037054108217,4.0168213589260074e-35,1.0
0.03178114699053106,0.0010020041060120242,9.952163123347488e-36,1.0
0.03178114699053106,0.0011022045066132265,3.7313588597713043e-37,1.0
0.03178114699053106,0.0012024049072144288,1.7800034637477615e-33,1.0
0.03178114699053106,0.0013026053078156314,2.2376031011342768e-35,1.0
0.03178114699053106,0.0014028057084168337,2.341576127891259e-35,1.0
0.03178114699053106,0.0015030061090180362,3.0718594254871674e-34,1.0
0.03178114699053106,0.0016032065096192386,1.0907712988918891e-32,1.0
0.03178114699053106,0.0017034069102204409,1.613941926912341e-35,1.0
0.03178114699053106,0.0018036073108216434,3.4171830252408933e-37,1.0
0.03178114699053106,0.0019038077114228457,6.552996863848683e-35,1.0
0.03178114699053106,0.0020040081120240483,1.1737053941802235e-32,1.0
0.03178114699053106,0.0021042085126252506,3.498068262326915e-31,1.0
0.03178114699053106,0.002204408913226453,2.635431240285729e-34,1.0
0.03187893513480962,1e-10,4.358157327597443e-36,1.0
0.03187893513480962,0.0001002005006012024,3.0126717388652335e-36,1.0
0.03187893513480962,0.00020040090120240482,1.3940018039038847e-35,1.0
0.03187893513480962,0.0003006013018036072,2.0411518248063488e-35,1.0
0.03187893513480962,0.0004008017024048096,1.5042985268162764e-36,1.0
0.03187893513480962,0.0005010021030060121,1.1457132443709352e-35,1.0
0.03187893513480962,0.0006012025036072144,3.086353659031121e-35,1.0
0.03187893513480962,0.0007014029042084169,3.492959016870795e-35,1.0
0.03187893513480962,0.0008016033048096193,2.1216045637086402e-36,1.0
0.03187893513480962,0.0009018037054108217,1.6695015112763673e-35,1.0
0.03187893513480962,0.0010020041060120242,1.763392528928221e-35,1.0
0.03187893513480962,0.0011022045066132265,4.937234666660282e-36,1.0
0.03187893513480962,0.0012024049072144288,1.8313655368026166e-35,1.0
0.03187893513480962,0.0013026053078156314,1.483010609686267e-35,1.0
0.03187893513480962,0.0014028057084168337,7.900802787063282e-34,1.0
0.03187893513480962,0.0015030061090180362,5.667376597466179e-33,1.0
0.03187893513480962,0.0016032065096192386,4.266200526193359e-33,1.0
0.03187893513480962,0.0017034069102204409,1.2993658490966968e-34,1.0
0.03187893513480962,0.0018036073108216434,2.4056626446879065e-31,1.0
0.03187893513480962,0.0019038077114228457,1.8335018643704983e-32,1.0
0.03187893513480962,0.0020040081120240483,1.297868664331726e-33,1.0
0.03187893513480962,0.0021042085126252506,2.7733862852047824e-33,0.9999999999999999
0.03187893513480962,0.002204408913226453,8.359318087443736e-31,1.0
0.031976723279088175,1e-10,7.221696826534009e-36,1.0
0.031976723279088175,0.0001002005006012024,4.062839671728862e-36,1.0
0.031976723279088175,0.00020040090120240482,4.176497804186733e-35,1.0
0.031976723279088175,0.0003006013018036072,7.584866428765642e-36,1.0
0.031976723279088175,0.0004008017024048096,3.746909116449739e-35,1.0
0.031976723279088175,0.0005010021030060121,3.639093702076233e-35,1.0
0.031976723279088175,0.0006012025036072144,8.916984045398009e-35,1.0
0.031976723279088175,0.0007014029042084169,5.892366388079375e-35,1.0
0.031976723279088175,0.0008016033048096193,3.2682246860432664e-33,1.0
0.031976723279088175,0.0009018037054108217,1.6364943598017524e-35,1.0
0.031976723279088175,0.0010020041060120242,3.8408689240955074e-34,1.0
0.031976723279088175,0.0011022045066132265,1.6270581128666524e-33,1.0
0.031976723279088175,0.0012024049072144288,1.5665937310384344e-33,1.0
0.031976723279088175,0.0013026053078156314,5.362852184897675e-36,1.0
0.031976723279088175,0.0014028057084168337,6.594844540311265e-33,1.0
0.031976723279088175,0.0015030061090180362,1.3700287460586777e-33,1.0
0.031976723279088175,0.0016032065096192386,1.551271796814542e-33,1.0
0.031976723279088175,0.0017034069102204409,1.7030028960199643e-36,1.0
0.031976723279088175,0.0018036073108216434,1.6221668046524263e-33,1.0
0.031976723279088175,0.0019038077114228457,2.7446356784480574e-36,1.0
0.031976723279088175,0.0020040081120240483,1.0136215621048411e-33,1.0
0.031976723279088175,0.0021042085126252506,1.139725287728846e-30,1.0
0.031976723279088175,0.002204408913226453,2.1260497826348208e-32,1.0
0.03207451142336674,1e-10,1.1980065936484209e-35,1.0
0.03207451142336674,0.0001002005006012024,6.97039983148141e-36,1.0
0.03207451142336674,0.00020040090120240482,9.150439216790009e-35,1.0
0.03207451142336674,0.0003006013018036072,4.401954287920592e-35,1.0
0.03207451142336674,0.0004008017024048096,8.672121294099735e-36,1.0
0.03207451142336674,0.0005010021030060121,1.3969201482213844e-35,1.0
0.03207451142336674,0.0006012025036072144,2.337669867036427e-34,1.0
0.03207451142336674,0.0007014029042084169,1.0150517778153593e-33,1.0
0.03207451142336674,0.0008016033048096193,1.0471979362218545e-35,1.0
0.03207451142336674,0.0009018037054108217,3.059004868819668e-35,1.0
0.03207451142336674,0.0010020041060120242,2.2523652775834132e-35,1.0
0.03207451142336674,0.0011022045066132265,5.9146241341794025e-37,1.0
0.03207451142336674,0.0012024049072144288,2.0105608461671746e-34,1.0
0.03207451142336674,0.0013026053078156314,2.3501174247675594e-34,1.0
0.03207451142336674,0.0014028057084168337,2.2668545432224056e-34,1.0
0.03207451142336674,0.0015030061090180362,1.5939161450042036e-33,1.0
0.03207451142336674,0.0016032065096192386,2.028498617430206e-32,1.0
0.03207451142336674,0.0017034069102204409,2.5951858956974493e-32,1.0
0.03207451142336674,0.0018036073108216434,1.3316633727840198e-30,1.0
0.03207451142336674,0.0019038077114228457,9.073233626112692e-34,1.0
0.03207451142336674,0.0020040081120240483,1.6541976809245877e-33,1.0
0.03207451142336674,0.0021042085126252506,9.02232722823745e-33,1.0
0.03207451142336674,0.002204408913226453,6.0872447865090136e-33,1.0
0.03217229956764529,1e-10,1.982415218500653e-35,1.0
0.03217229956764529,0.0001002005006012024,7.424677793667663e-35,1.0
0.03217229956764529,0.00020040090120240482,2.2649912032729074e-35,1.0
0.03217229956764529,0.0003006013018036072,1.1005222707338589e-35,1.0
0.03217229956764529,0.0004008017024048096,1.6705736896190525e-34,1.0
0.03217229956764529,0.0005010021030060121,2.492670977375257e-35,1.0
0.03217229956764529,0.0006012025036072144,3.6786451150041177e-34,1.0
0.03217229956764529,0.0007014029042084169,4.053501573896783e-35,1.0
0.03217229956764529,0.0008016033048096193,1.0294083051500602e-33,1.0
0.03217229956764529,0.0009018037054108217,1.05441417500841e-34,1.0
0.03217229956764529,0.0010020041060120242,1.0741814351773877e-34,1.0
0.03217229956764529,0.0011022045066132265,9.679271478427452e-34,1.0
0.03217229956764529,0.0012024049072144288,2.60966198835528e-33,1.0
0.03217229956764529,0.0013026053078156314,7.979238671995987e-34,1.0
0.03217229956764529,0.0014028057084168337,8.060284765558734e-34,1.0
0.03217229956764529,0.0015030061090180362,1.2910703128734009e-33,1.0
0.03217229956764529,0.0016032065096192386,2.410380547460151e-35,1.0
0.03217229956764529,0.0017034069102204409,1.467614255937965e-33,1.0
0.03217229956764529,0.0018036073108216434,1.219156429883556e-32,1.0
0.03217229956764529,0.0019038077114228457,6.755641501490198e-34,1.0
0.03217229956764529,0.0020040081120240483,1.2323232139613209e-31,1.0
0.03217229956764529,0.0021042085126252506,2.893446485833779e-33,1.0
0.03217229956764529,0.002204408913226453,1.6949246512330494e-34,1.0
0.03217229956764529,0.0023046093138276553,9.045956611475094e-29,1.0
0.03227008771192385,1e-10,3.281568989680499e-35,1.0
0.03227008771192385,0.0001002005006012024,1.173890298006789e-34,1.0
0.03227008771192385,0.00020040090120240482,5.194636396209137e-35,1.0
0.03227008771192385,0.0003006013018036072,4.455564176099269e-34,0.9999999999999999
0.03227008771192385,0.0004008017024048096,3.8468517065863056e-34,1.0
0.03227008771192385,0.0005010021030060121,1.0072156628300108e-33,1.0
0.03227008771192385,0.0006012025036072144,2.5168054898853545e-35,1.0
0.03227008771192385,0.0007014029042084169,5.616297449403995e-34,1.0
0.03227008771192385,0.0008016033048096193,1.119423728262265e-33,1.0
0.03227008771192385,0.0009018037054108217,1.9017048010960667e-33,1.0
0.03227008771192385,0.0010020041060120242,2.3833217047049766e-35,1.0
0.03227008771192385,0.0011022045066132265,6.879062587027589e-35,1.0
0.03227008771192385,0.0012024049072144288,5.518671636658091e-34,1.0
0.03227008771192385,0.0013026053078156314,5.8155580033575665e-33,1.0
0.03227008771192385,0.0014028057084168337,2.0034335411190184e-35,1.0
0.03227008771192385,0.0015030061090180362,1.0837949941156098e-33,1.0
0.03227008771192385,0.0016032065096192386,1.634347895435377e-33,1.0
0.03227008771192385,0.0017034069102204409,1.6334558187305908e-33,1.0
0.03227008771192385,0.0018036073108216434,2.5002969521686824e-34,1.0
0.03227008771192385,0.0019038077114228457,1.8184098546802503e-33,1.0
0.03227008771192385,0.0020040081120240483,1.1757567685914703e-34,1.0
0.03227008771192385,0.0021042085126252506,1.1409402313653378e-32,1.0
0.03227008771192385,0.002204408913226453,1.114978615975058e-31,1.0
0.03227008771192385,0.0023046093138276553,4.469895417228418e-32,1.0
0.032367875856202405,1e-10,5.44423277107351e-35,1.0
0.032367875856202405,0.0001002005006012024,1.1239556412559426e-34,1.0
0.032367875856202405,0.00020040090120240482,1.0863132213704511e-35,1.0
0.032367875856202405,0.0003006013018036072,7.87740431806471e-35,1.0
0.032367875856202405,0.0004008017024048096,1.7842196838406806e-34,1.0
0.032367875856202405,0.0005010021030060121,8.640441613613971e-34,1.0
0.032367875856202405,0.0006012025036072144,2.2458964135526995e-35,1.0
0.032367875856202405,0.0007014029042084169,1.4662056113811346e-33,1.0
0.032367875856202405,0.0008016033048096193,2.8752399558152258e-33,1.0
0.032367875856202405,0.0009018037054108217,1.7501526112584086e-34,1.0
0.032367875856202405,0.0010020041060120242,3.680358150317353e-34,1.0
0.032367875856202405,0.0011022045066132265,4.027324499723335e-35,1.0
0.032367875856202405,0.0012024049072144288,3.7367519949869882e-34,0.9999999999999999
0.032367875856202405,0.0013026053078156314,2.4081790533831536e-30,1.0
0.032367875856202405,0.0014028057084168337,2.482977771371656e-31,1.0
0.032367875856202405,0.0015030061090180362,1.3910188416240875e-31,1.0
0.032367875856202405,0.0016032065096192386,9.531619532392633e-31,1.0
0.032367875856202405,0.0017034069102204409,3.4740361605927447e-32,1.0
0.032367875856202405,0.0018036073108216434,1.810036341223068e-33,1.0
0.032367875856202405,0.0019038077114228457,1.941219658141804e-31,1.0
0.032367875856202405,0.0020040081120240483,8.757277734098456e-31,1.0
0.032367875856202405,0.0021042085126252506,2.3329423506332208e-32,1.0
0.032367875856202405,0.002204408913226453,6.124138790836554e-28,1.0
0.032367875856202405,0.0023046093138276553,3.649805614486761e-30,1.0
0.03246566400048096,1e-10,9.009975737754409e-35,0.9999999999999999
0.03246566400048096,0.0001002005006012024,4.7746168621470933e-35,1.0
0.03246566400048096,0.00020040090120240482,3.0321329689669526e-34,1.0
0.03246566400048096,0.0003006013018036072,1.2498439992790157e-34,1.0
0.03246566400048096,0.0004008017024048096,2.2457324527932234e-35,1.0
0.03246566400048096,0.0005010021030060121,8.869169612942838e-33,1.0
0.03246566400048096,0.0006012025036072144,9.8149965596984e-34,1.0
0.03246566400048096,0.0007014029042084169,4.458871084189995e-33,1.0
0.03246566400048096,0.0008016033048096193,2.1698207252141063e-32,1.0
0.03246566400048096,0.0009018037054108217,3.3745019288322864e-35,1.0
0.03246566400048096,0.0010020041060120242,9.436601612220513e-34,1.0
0.03246566400048096,0.0011022045066132265,1.3009335467659025e-34,1.0
0.03246566400048096,0.0012024049072144288,7.281749934366174e-33,1.0
0.03246566400048096,0.0013026053078156314,1.245220119041239e-33,1.0
0.03246566400048096,0.0014028057084168337,2.6965839362926987e-31,1.0
0.03246566400048096,0.0015030061090180362,3.7283332242623676e-35,1.0
0.03246566400048096,0.0016032065096192386,3.1298241719344903e-34,1.0
0.03246566400048096,0.0017034069102204409,1.5112416352819045e-34,1.0
0.03246566400048096,0.0018036073108216434,1.31939819410632e-32,1.0
0.03246566400048096,0.0019038077114228457,3.730145903931924e-34,1.0
0.03246566400048096,0.0020040081120240483,4.59026445248413e-34,1.0
0.03246566400048096,0.0021042085126252506,3.0921731773460305e-33,1.0
0.03246566400048096,0.002204408913226453,2.485539135358444e-32,1.0
0.03246566400048096,0.0023046093138276553,1.0541780766722911e-29,1.0
0.03256345214475952,1e-10,1.4951537550511177e-34,1.0
0.03256345214475952,0.0001002005006012024,4.026451072270055e-34,1.0
0.03256345214475952,0.00020040090120240482,3.012201680577818e-34,1.0
0.03256345214475952,0.0003006013018036072,2.3973790412432957e-34,1.0
0.03256345214475952,0.0004008017024048096,9.884977326944448e-35,1.0
0.03256345214475952,0.0005010021030060121,1.7454723677950762e-34,1.0
0.03256345214475952,0.0006012025036072144,6.867863012073283e-35,1.0
0.03256345214475952,0.0007014029042084169,2.6877794724174763e-33,1.0
0.03256345214475952,0.0008016033048096193,1.5027057126470696e-32,1.0
0.03256345214475952,0.0009018037054108217,5.69670273020829e-33,1.0
0.03256345214475952,0.0010020041060120242,3.7392000924108803e-34,1.0
0.03256345214475952,0.0011022045066132265,1.0761312068699577e-31,1.0
0.03256345214475952,0.0012024049072144288,1.7422209632435058e-33,1.0
0.03256345214475952,0.0013026053078156314,1.8605000460074378e-31,1.0
0.03256345214475952,0.0014028057084168337,1.2492799345392183e-32,1.0
0.03256345214475952,0.0015030061090180362,3.89749630466104e-34,1.0
0.03256345214475952,0.0016032065096192386,3.039609908076081e-33,1.0
0.03256345214475952,0.0017034069102204409,1.1122719108560688e-32,1.0
0.03256345214475952,0.0018036073108216434,1.0331068160171845e-31,1.0
0.03256345214475952,0.0019038077114228457,2.0528351596939545e-34,1.0
0.03256345214475952,0.0020040081120240483,4.143410487253753e-33,1.0
0.03256345214475952,0.0021042085126252506,3.5588663907476496e-30,1.0
0.03256345214475952,0.002204408913226453,3.442840663695113e-33,1.0
0.03256345214475952,0.0023046093138276553,1.3104290815779621e-30,1.0
0.03266124028903808,1e-10,2.4723997788718843e-34,1.0
0.03266124028903808,0.0001002005006012024,1.0379952181786893e-33,1.0
0.03266124028903808,0.00020040090120240482,2.320090736357364e-33,1.0
0.03266124028903808,0.0003006013018036072,5.53493097136855e-34,1.0
0.03266124028903808,0.0004008017024048096,1.3752184283116882e-33,1.0
0.03266124028903808,0.0005010021030060121,6.843003527115122e-34,1.0
0.03266124028903808,0.0006012025036072144,2.9364319809432284e-34,1.0
0.03266124028903808,0.0007014029042084169,1.82255369084875e-33,0.9999999999999999
0.03266124028903808,0.0008016033048096193,9.910611105591943e-33,1.0
0.03266124028903808,0.0009018037054108217,6.025928423022439e-33,1.0
0.03266124028903808,0.0010020041060120242,1.430820346784719e-33,1.0
0.03266124028903808,0.0011022045066132265,1.2174476379776772e-32,1.0
0.03266124028903808,0.0012024049072144288,2.9636685916874406e-32,0.9999999999999999
0.03266124028903808,0.0013026053078156314,2.551345112528026e-33,1.0
0.03266124028903808,0.0014028057084168337,1.3724767710677299e-32,1.0
0.03266124028903808,0.0015030061090180362,3.8499131890322445e-30,1.0
0.03266124028903808,0.0016032065096192386,1.0533360162467203e-31,1.0
0.03266124028903808,0.0017034069102204409,2.558036414251862e-32,1.0
0.03266124028903808,0.0018036073108216434,4.105349421470202e-30,1.0
0.03266124028903808,0.0019038077114228457,4.314098412090231e-32,1.0
0.03266124028903808,0.0020040081120240483,2.378395511616017e-34,1.0
0.03266124028903808,0.0021042085126252506,3.20803422507268e-30,1.0
0.03266124028903808,0.002204408913226453,6.379775864813793e-32,1.0
0.03266124028903808,0.0023046093138276553,1.990924739982365e-34,1.0
0.032759028433316635,1e-10,4.103059656257011e-34,1.0
0.032759028433316635,0.0001002005006012024,1.8275550933089223e-34,1.0
0.032759028433316635,0.00020040090120240482,3.7256546908738854e-34,1.0
0.032759028433316635,0.0003006013018036072,2.90795210226373e-34,1.0
0.032759028433316635,0.0004008017024048096,5.729205911907806e-35,1.0
0.032759028433316635,0.0005010021030060121,3.1901160418482292e-34,1.0
0.032759028433316635,0.0006012025036072144,6.566865254068988e-33,1.0
0.032759028433316635,0.0007014029042084169,2.1632818501912032e-33,1.0
0.032759028433316635,0.0008016033048096193,4.283024393216382e-32,1.0
0.032759028433316635,0.0009018037054108217,6.756790462733426e-34,1.0
0.032759028433316635,0.0010020041060120242,8.80478188743669e-33,1.0
0.032759028433316635,0.0011022045066132265,1.3979153685699938e-33,1.0
0.032759028433316635,0.0012024049072144288,1.574146112203089e-33,1.0
0.032759028433316635,0.0013026053078156314,7.16676651820146e-32,1.0
0.032759028433316635,0.0014028057084168337,4.392946812634695e-33,1.0
0.032759028433316635,0.0015030061090180362,2.4441264549684953e-34,1.0
0.032759028433316635,0.0016032065096192386,1.816021514371441e-31,1.0
0.032759028433316635,0.0017034069102204409,6.423055997827127e-32,1.0
0.032759028433316635,0.0018036073108216434,5.452426595354449e-31,1.0
0.032759028433316635,0.0019038077114228457,1.6735224396263193e-32,1.0
0.032759028433316635,0.0020040081120240483,5.368447654795003e-34,1.0
0.032759028433316635,0.0021042085126252506,1.0978877176994287e-31,1.0
0.032759028433316635,0.002204408913226453,3.171536151719247e-30,1.0
0.032759028433316635,0.0023046093138276553,7.478972707846809e-34,1.0
0.03285681657759519,1e-10,6.787570644805751e-34,1.0
0.03285681657759519,0.0001002005006012024,1.0274443572726974e-33,1.0
0.03285681657759519,0.00020040090120240482,6.278378730182446e-34,1.0
0.03285681657759519,0.0003006013018036072,1.030340230414003e-33,1.0
0.03285681657759519,0.0004008017024048096,3.617937397869473e-33,1.0
0.03285681657759519,0.0005010021030060121,5.3233987435870274e-33,1.0
0.03285681657759519,0.0006012025036072144,4.427455801178935e-33,1.0
0.03285681657759519,0.0007014029042084169,7.313863415762727e-33,1.0
0.03285681657759519,0.0008016033048096193,1.59187539740394e-33,1.0
0.03285681657759519,0.0009018037054108217,4.8037050552166874e-33,1.0
0.03285681657759519,0.0010020041060120242,1.3408838681260744e-30,1.0
0.03285681657759519,0.0011022045066132265,1.076295408434952e-31,1.0
0.03285681657759519,0.0012024049072144288,2.4475992281901264e-33,1.0
0.03285681657759519,0.0013026053078156314,3.387323186138011e-33,1.0
0.03285681657759519,0.0014028057084168337,7.369339653360807e-31,1.0
0.03285681657759519,0.0015030061090180362,5.38596933996057e-31,0.9999999999999999
0.03285681657759519,0.0016032065096192386,1.7100458541396168e-30,1.0
0.03285681657759519,0.0017034069102204409,2.0823332942242813e-33,1.0
0.03285681657759519,0.0018036073108216434,6.836181338846981e-32,1.0
0.03285681657759519,0.0019038077114228457,3.170074037673511e-31,1.0
0.03285681657759519,0.0020040081120240483,8.074565140797277e-32,1.0
0.03285681657759519,0.0021042085126252506,8.036601309126228e-31,1.0
0.03285681657759519,0.002204408913226453,7.660472557264087e-33,1.0
0.03285681657759519,0.0023046093138276553,5.611526647248345e-31,1.0
0.03295460472187375,1e-10,1.1242414131642657e-33,1.0
0.03295460472187375,0.0001002005006012024,1.0733709228792382e-33,1.0
0.03295460472187375,0.00020040090120240482,2.5881942945297098e-33,1.0
0.03295460472187375,0.0003006013018036072,6.8297646689474455e-34,1.0
0.03295460472187375,0.0004008017024048096,1.1195360698860975e-32,1.0
0.03295460472187375,0.0005010021030060121,9.454400045495741e-32,1.0
0.03295460472187375,0.0006012025036072144,1.465016166896493e-32,0.9999999999999999
0.03295460472187375,0.0007014029042084169,5.950298703073261e-35,1.0
0.03295460472187375,0.0008016033048096193,1.9877302031399837e-32,1.0
0.03295460472187375,0.0009018037054108217,2.2503645735017586e-32,1.0
0.03295460472187375,0.0010020041060120242,2.9811686189825706e-32,1.0
0.03295460472187375,0.0011022045066132265,1.6240906522782847e-32,1.0
0.03295460472187375,0.0012024049072144288,6.26412755222317e-33,1.0
0.03295460472187375,0.0013026053078156314,7.529103423312598e-33,1.0
0.03295460472187375,0.0014028057084168337,4.743532327383162e-33,1.0
0.03295460472187375,0.0015030061090180362,4.6469190563126055e-32,1.0
0.03295460472187375,0.0016032065096192386,4.243566586033633e-31,1.0
0.03295460472187375,0.0017034069102204409,3.221248337988302e-31,1.0
0.03295460472187375,0.0018036073108216434,8.878883061098818e-30,1.0
0.03295460472187375,0.0019038077114228457,9.105061680836694e-31,1.0
0.03295460472187375,0.0020040081120240483,1.2128742830329464e-31,1.0
0.03295460472187375,0.0021042085126252506,5.584111906564426e-34,1.0
0.03295460472187375,0.002204408913226453,7.61971362438737e-32,1.0
0.03295460472187375,0.0023046093138276553,7.91823850809119e-30,1.0
0.0330523928661523,1e-10,1.8654268502626445e-33,1.0
0.0330523928661523,0.0001002005006012024,5.345052170742508e-33,0.9999999999999999
0.0330523928661523,0.00020040090120240482,7.48835173028083e-33,1.0
0.0330523928661523,0.0003006013018036072,5.340833939009005e-33,1.0
0.0330523928661523,0.0004008017024048096,2.836331203752202e-32,1.0
0.0330523928661523,0.0005010021030060121,3.6790784066398233e-34,1.0
0.0330523928661523,0.0006012025036072144,6.806288309651081e-32,1.0
0.0330523928661523,0.0007014029042084169,3.7068110559148155e-33,1.0
0.0330523928661523,0.0008016033048096193,1.773555234174561e-31,1.0
0.0330523928661523,0.0009018037054108217,1.0937784564512054e-31,1.0
0.0330523928661523,0.0010020041060120242,1.3155801169376687e-32,1.0
0.0330523928661523,0.0011022045066132265,4.7449562077624014e-32,1.0
0.0330523928661523,0.0012024049072144288,1.7174848857209489e-31,1.0
0.0330523928661523,0.0013026053078156314,2.292080565860615e-30,1.0
0.0330523928661523,0.0014028057084168337,1.5174633230136346e-31,1.0
0.0330523928661523,0.0015030061090180362,6.375742134763186e-33,1.0
0.0330523928661523,0.0016032065096192386,4.152588531709387e-31,1.0
0.0330523928661523,0.0017034069102204409,3.7576230049582727e-34,1.0
0.0330523928661523,0.0018036073108216434,2.9097251003460676e-30,1.0
0.0330523928661523,0.0019038077114228457,3.5627505090597835e-30,1.0
0.0330523928661523,0.0020040081120240483,1.8205530093540547e-29,1.0
0.0330523928661523,0.0021042085126252506,1.8957267242294412e-31,1.0
0.0330523928661523,0.002204408913226453,1.8092858445955735e-28,1.0
0.0330523928661523,0.0023046093138276553,1.154002061881586e-28,1.0
0.033150181010430865,1e-10,3.087406155114361e-33,1.0
0.033150181010430865,0.0001002005006012024,2.054911789953149e-33,1.0
0.033150181010430865,0.00020040090120240482,8.45980906853531e-33,1.0
0.033150181010430865,0.0003006013018036072,8.770668453099152e-33,1.0
0.033150181010430865,0.0004008017024048096,6.156522539137503e-33,1.0
0.033150181010430865,0.0005010021030060121,5.906718208681341e-32,1.0
0.033150181010430865,0.0006012025036072144,9.834147365601729e-33,1.0
0.033150181010430865,0.0007014029042084169,1.159241239040672e-32,1.0
0.033150181010430865,0.0008016033048096193,4.0516903217546836e-33,1.0
0.033150181010430865,0.0009018037054108217,3.780781138360052e-31,1.0
0.033150181010430865,0.0010020041060120242,3.685988726645064e-31,0.9999999999999999
0.033150181010430865,0.0011022045066132265,5.2915971801527746e-33,1.0
0.033150181010430865,0.0012024049072144288,7.755049612616522e-33,1.0
0.033150181010430865,0.0013026053078156314,3.0661392620533114e-33,1.0
0.033150181010430865,0.0014028057084168337,3.7352157378854416e-32,1.0
0.033150181010430865,0.0015030061090180362,1.4280237727794352e-31,1.0
0.033150181010430865,0.0016032065096192386,1.4227737020217945e-31,1.0
0.033150181010430865,0.0017034069102204409,1.658008629049859e-31,1.0
0.033150181010430865,0.0018036073108216434,7.517891175254643e-28,1.0
0.033150181010430865,0.0019038077114228457,4.5461463504490526e-29,1.0
0.033150181010430865,0.0020040081120240483,5.07735344657063e-32,1.0
0.033150181010430865,0.0021042085126252506,1.906745301764328e-31,1.0
0.033150181010430865,0.002204408913226453,6.9572806150486345e-31,1.0
0.033150181010430865,0.0023046093138276553,2.602757996814998e-29,1.0
0.03324796915470942,1e-10,5.121352549587365e-33,1.0
0.03324796915470942,0.0001002005006012024,3.1552268502313776e-33,1.0
0.03324796915470942,0.00020040090120240482,2.3691810961302102e-33,1.0
0.03324796915470942,0.0003006013018036072,3.4425522297119366e-33,1.0
0.03324796915470942,0.0004008017024048096,3.0089478008640297e-33,1.0
0.03324796915470942,0.0005010021030060121,6.33408070748435e-31,1.0
0.03324796915470942,0.0006012025036072144,1.6425690117218894e-32,1.0
0.03324796915470942,0.0007014029042084169,5.181524610826355e-31,1.0
0.03324796915470942,0.0008016033048096193,9.421844698657246e-32,1.0
0.03324796915470942,0.0009018037054108217,1.9816752200207536e-30,1.0
0.03324796915470942,0.0010020041060120242,5.1713107513246e-32,1.0
0.03324796915470942,0.0011022045066132265,1.1186395563806762e-29,1.0
0.03324796915470942,0.0012024049072144288,7.824362660480981e-33,1.0
0.03324796915470942,0.0013026053078156314,2.4964108208144574e-32,1.0
0.03324796915470942,0.0014028057084168337,9.369199880738337e-32,1.0
0.03324796915470942,0.0015030061090180362,5.3551193669387595e-31,1.0
0.03324796915470942,0.0016032065096192386,5.211307442270973e-32,0.9999999999999999
0.03324796915470942,0.0017034069102204409,5.95946288778411e-31,1.0
0.03324796915470942,0.0018036073108216434,2.62907883932401e-31,1.0
0.03324796915470942,0.0019038077114228457,4.956525537585014e-30,1.0
0.03324796915470942,0.0020040081120240483,1.508451273152596e-29,1.0
0.03324796915470942,0.0021042085126252506,2.539294166823316e-30,1.0
0.03324796915470942,0.002204408913226453,2.0391470255995874e-28,1.0
0.03324796915470942,0.0023046093138276553,4.6314054146538575e-31,1.0
0.03334575729898798,1e-10,8.486646996579156e-33,1.0
0.03334575729898798,0.0001002005006012024,2.4191910388914296e-32,1.0
0.03334575729898798,0.00020040090120240482,2.9388710123804676e-32,1.0
0.03334575729898798,0.0003006013018036072,1.4476785660194997e-32,1.0
0.03334575729898798,0.0004008017024048096,3.4456609225755523e-32,1.0
0.03334575729898798,0.0005010021030060121,4.221574506998395e-33,1.0
0.03334575729898798,0.0006012025036072144,4.584020223264422e-32,1.0
0.03334575729898798,0.0007014029042084169,2.187378584949592e-32,1.0
0.03334575729898798,0.0008016033048096193,1.6831300676225723e-32,1.0
0.03334575729898798,0.0009018037054108217,1.817183806673658e-32,1.0
0.03334575729898798,0.0010020041060120242,3.5421226054408784e-29,1.0
0.03334575729898798,0.0011022045066132265,3.635878016648013e-32,1.0
0.03334575729898798,0.0012024049072144288,3.097306771179042e-32,1.0
0.03334575729898798,0.0013026053078156314,2.4380225537344532e-29,1.0
0.03334575729898798,0.0014028057084168337,7.333333354380814e-30,1.0
0.03334575729898798,0.0015030061090180362,8.453155919907899e-29,1.0
0.03334575729898798,0.0016032065096192386,1.851480589773109e-30,1.0
0.03334575729898798,0.0017034069102204409,1.983058052661816e-30,1.0
0.03334575729898798,0.0018036073108216434,1.758586793362118e-32,1.0
0.03334575729898798,0.0019038077114228457,9.720598630909607e-33,1.0
0.03334575729898798,0.0020040081120240483,3.06206823498885e-29,1.0
0.03334575729898798,0.0021042085126252506,9.085546134116311e-30,1.0
0.03334575729898798,0.002204408913226453,4.4959976220665894e-30,1.0
0.03334575729898798,0.0023046093138276553,2.9230078520488957e-28,1.0
0.03344354544326653,1e-10,1.4054230144791036e-32,1.0
0.03344354544326653,0.0001002005006012024,4.9021848104181975e-32,1.0
0.03344354544326653,0.00020040090120240482,2.3788735124102188e-32,1.0
0.03344354544326653,0.0003006013018036072,4.319313582946426e-33,1.0
0.03344354544326653,0.0004008017024048096,5.594755745820462e-32,1.0
0.03344354544326653,0.0005010021030060121,9.463304120692609e-33,1.0
0.03344354544326653,0.0006012025036072144,1.0653334190815804e-30,1.0
0.03344354544326653,0.0007014029042084169,3.8935592204173746e-31,1.0
0.03344354544326653,0.0008016033048096193,1.0246489022651595e-31,1.0
0.03344354544326653,0.0009018037054108217,6.54200667032367e-31,1.0
0.03344354544326653,0.0010020041060120242,9.962151449645142e-32,1.0
0.03344354544326653,0.0011022045066132265,2.7004254220652047e-32,1.0
0.03344354544326653,0.0012024049072144288,1.7654047219976e-30,1.0
0.03344354544326653,0.0013026053078156314,1.5903968500133849e-32,1.0
0.03344354544326653,0.0014028057084168337,1.347533777012187e-35,1.0
0.03344354544326653,0.0015030061090180362,4.822511812706266e-30,1.0
0.03344354544326653,0.0016032065096192386,2.4955500777416263e-31,1.0
0.03344354544326653,0.0017034069102204409,5.07354784414672e-32,1.0
0.03344354544326653,0.0018036073108216434,9.38872092122854e-32,1.0
0.03344354544326653,0.0019038077114228457,9.004211859793575e-31,1.0
0.03344354544326653,0.0020040081120240483,1.3732179542383383e-29,1.0
0.03344354544326653,0.0021042085126252506,1.4450924957631973e-30,1.0
0.03344354544326653,0.002204408913226453,1.0737326813952193e-30,1.0
0.03344354544326653,0.0023046093138276553,6.714570929824527e-30,1.0
0.03354133358754509,1e-10,2.3347375129352018e-32,1.0
0.03354133358754509,0.0001002005006012024,3.779543756298856e-32,1.0
0.03354133358754509,0.00020040090120240482,1.7308615416248506e-31,1.0
0.03354133358754509,0.0003006013018036072,1.1503788185229528e-32,1.0
0.03354133358754509,0.0004008017024048096,1.937759646737093e-32,1.0
0.03354133358754509,0.0005010021030060121,7.184697340249921e-32,1.0
0.03354133358754509,0.0006012025036072144,2.4226479456217306e-31,1.0
0.03354133358754509,0.0007014029042084169,5.96844381737399e-32,1.0
0.03354133358754509,0.0008016033048096193,5.729479284252e-31,1.0
0.03354133358754509,0.0009018037054108217,5.596747206504102e-32,1.0
0.03354133358754509,0.0010020041060120242,1.351668852314607e-30,1.0
0.03354133358754509,0.0011022045066132265,1.381357056657174e-31,1.0
0.03354133358754509,0.0012024049072144288,1.922100725906895e-32,1.0
0.03354133358754509,0.0013026053078156314,4.966210255304351e-32,1.0
0.03354133358754509,0.0014028057084168337,1.9790553894607017e-28,1.0
0.03354133358754509,0.0015030061090180362,1.9271444450155328e-29,1.0
0.03354133358754509,0.0016032065096192386,1.181766271609047e-29,1.0
0.03354133358754509,0.0017034069102204409,4.327758428468174e-30,1.0
0.03354133358754509,0.0018036073108216434,1.8580967319868607e-32,1.0
0.03354133358754509,0.0019038077114228457,8.56912245008017e-30,1.0
0.03354133358754509,0.0020040081120240483,1.0672397312136275e-29,1.0
0.03354133358754509,0.0021042085126252506,5.751230508754149e-29,1.0
0.03354133358754509,0.002204408913226453,9.544373922798471e-29,1.0
0.03354133358754509,0.0023046093138276553,6.786043807640635e-32,1.0
0.033639121731823644,1e-10,3.8712280257000143e-32,1.0
0.033639121731823644,0.0001002005006012024,3.427840313987293e-32,1.0
0.033639121731823644,0.00020040090120240482,5.028715096478118e-32,1.0
0.033639121731823644,0.0003006013018036072,2.259355778053742e-31,1.0
0.033639121731823644,0.0004008017024048096,6.852555782920876e-32,1.0
0.033639121731823644,0.0005010021030060121,4.4137866630684864e-32,1.0
0.033639121731823644,0.0006012025036072144,3.8845855451889846e-32,1.0
0.033639121731823644,0.0007014029042084169,8.748919191056361e-32,1.0
0.033639121731823644,0.0008016033048096193,8.979964542662624e-31,1.0
0.033639121731823644,0.0009018037054108217,7.655046443426643e-33,1.0
0.033639121731823644,0.0010020041060120242,6.237860008793696e-32,1.0
0.033639121731823644,0.0011022045066132265,2.76924133803333e-29,1.0
0.033639121731823644,0.0012024049072144288,1.3981439555666358e-30,1.0
0.033639121731823644,0.0013026053078156314,1.8023910974976496e-28,1.0
0.033639121731823644,0.0014028057084168337,2.917115315280927e-29,1.0
0.033639121731823644,0.0015030061090180362,2.097660361957424e-31,1.0
0.033639121731823644,0.0016032065096192386,3.3540924823774607e-31,1.0
0.033639121731823644,0.0017034069102204409,1.9968257256283473e-29,1.0
0.033639121731823644,0.0018036073108216434,4.351196510305251e-30,1.0
0.033639121731823644,0.0019038077114228457,2.4985880545183745e-31,1.0
0.033639121731823644,0.0020040081120240483,3.6615498909984764e-29,1.0
0.033639121731823644,0.0021042085126252506,1.1554000640137325e-30,1.0
0.033639121731823644,0.002204408913226453,1.3969772977177733e-29,1.0
0.033639121731823644,0.0023046093138276553,5.154408789670565e-31,1.0
0.03373690987610221,1e-10,6.407559423405203e-32,1.0
0.03373690987610221,0.0001002005006012024,1.5218207077489821e-31,1.0
0.03373690987610221,0.00020040090120240482,9.311304871676394e-32,1.0
0.03373690987610221,0.0003006013018036072,6.697080974164651e-32,1.0
0.03373690987610221,0.0004008017024048096,1.4378918689596123e-30,1.0
0.03373690987610221,0.0005010021030060121,1.8881625939879628e-31,1.0
0.03373690987610221,0.0006012025036072144,4.380597245095293e-31,1.0
0.03373690987610221,0.0007014029042084169,9.83146958114894e-31,1.0
0.03373690987610221,0.0008016033048096193,1.0379764522146684e-30,1.0
0.03373690987610221,0.0009018037054108217,4.640871095101251e-31,1.0
0.03373690987610221,0.0010020041060120242,4.345413895544047e-32,1.0
0.03373690987610221,0.0011022045066132265,5.853295989227317e-31,1.0
0.03373690987610221,0.0012024049072144288,1.2243680328913517e-30,1.0
0.03373690987610221,0.0013026053078156314,7.510132031102587e-31,1.0
0.03373690987610221,0.0014028057084168337,3.727142164372221e-27,1.0
0.03373690987610221,0.0015030061090180362,1.813552584452731e-30,1.0
0.03373690987610221,0.0016032065096192386,1.0921009387270419e-28,1.0
0.03373690987610221,0.0017034069102204409,3.477233740229358e-30,1.0
0.03373690987610221,0.0018036073108216434,8.479311198059598e-31,1.0
0.03373690987610221,0.0019038077114228457,4.4637991859574e-33,1.0
0.03373690987610221,0.0020040081120240483,3.466195256678743e-31,1.0
0.03373690987610221,0.0021042085126252506,6.172317933205659e-28,1.0
0.03373690987610221,0.002204408913226453,9.060098792574139e-31,1.0
0.03373690987610221,0.0023046093138276553,1.15007818546772e-27,1.0
0.03383469802038076,1e-10,1.0611230133069054e-31,1.0
0.03383469802038076,0.0001002005006012024,1.121628026115625e-31,1.0
0.03383469802038076,0.00020040090120240482,4.4395969501545876e-32,1.0
0.03383469802038076,0.0003006013018036072,6.2604026512967655e-31,1.0
0.03383469802038076,0.0004008017024048096,5.7698643498345965e-31,1.0
0.03383469802038076,0.0005010021030060121,1.4175530941531048e-31,1.0
0.03383469802038076,0.0006012025036072144,1.2923081336369692e-30,1.0
0.03383469802038076,0.0007014029042084169,8.332436044545963e-32,1.0
0.03383469802038076,0.0008016033048096193,8.394310181216786e-32,1.0
0.03383469802038076,0.0009018037054108217,2.4346363288917106e-31,1.0
0.03383469802038076,0.0010020041060120242,1.357556815513269e-27,1.0
0.03383469802038076,0.0011022045066132265,7.321362181799889e-30,1.0
0.03383469802038076,0.0012024049072144288,1.136894468465218e-28,1.0
0.03383469802038076,0.0013026053078156314,1.119722238063284e-30,1.0
0.03383469802038076,0.0014028057084168337,5.3746971752260234e-30,1.0
0.03383469802038076,0.0015030061090180362,3.1754665998485706e-30,1.0
0.03383469802038076,0.0016032065096192386,6.61927608676707e-30,1.0
0.03383469802038076,0.0017034069102204409,7.244152829317337e-30,1.0
0.03383469802038076,0.0018036073108216434,4.6187690847903655e-29,1.0
0.03383469802038076,0.0019038077114228457,2.914057283894073e-27,1.0
0.03383469802038076,0.0020040081120240483,6.414576429659148e-29,1.0
0.03383469802038076,0.0021042085126252506,6.332521511206947e-31,1.0
0.03383469802038076,0.002204408913226453,7.956378953755554e-30,1.0
0.03383469802038076,0.0023046093138276553,1.5426592819755993e-28,1.0
0.03393248616465932,1e-10,1.7610722185229817e-31,1.0
0.03393248616465932,0.0001002005006012024,9.784082546800647e-32,1.0
0.03393248616465932,0.00020040090120240482,2.506831048589832e-31,1.0
0.03393248616465932,0.0003006013018036072,2.116426020101842e-31,1.0
0.03393248616465932,0.0004008017024048096,7.220678408501629e-31,1.0
0.03393248616465932,0.0005010021030060121,7.27029429629371e-31,1.0
0.03393248616465932,0.0006012025036072144,1.755263961578853e-31,1.0
0.03393248616465932,0.0007014029042084169,8.410494872445874e-31,0.9999999999999999
0.03393248616465932,0.0008016033048096193,1.274883130337553e-29,1.0
0.03393248616465932,0.0009018037054108217,3.1515369911915094e-29,1.0
0.03393248616465932,0.0010020041060120242,4.996176299214051e-30,1.0
0.03393248616465932,0.0011022045066132265,4.3054911301131514e-30,1.0
0.03393248616465932,0.0012024049072144288,1.142236088645448e-30,1.0
0.03393248616465932,0.0013026053078156314,3.596859612632794e-30,1.0
0.03393248616465932,0.0014028057084168337,6.422603760202407e-29,0.9999999999999999
0.03393248616465932,0.0015030061090180362,2.2232888202213978e-29,1.0
0.03393248616465932,0.0016032065096192386,1.2438595505865384e-28,1.0
0.03393248616465932,0.0017034069102204409,1.5686455357182045e-30,1.0
0.03393248616465932,0.0018036073108216434,5.7160998111760736e-30,1.0
0.03393248616465932,0.0019038077114228457,7.984320124458585e-28,1.0
0.03393248616465932,0.0020040081120240483,1.9215368335924793e-29,1.0
0.03393248616465932,0.0021042085126252506,9.12649115851666e-30,1.0
0.03393248616465932,0.002204408913226453,1.4922349319423678e-30,1.0
0.03393248616465932,0.0023046093138276553,3.5432054752493706e-27,0.9999999999999999
0.03393248616465932,0.0024048097144288576,1.0436633409992028e-31,1.0
0.034030274308937875,1e-10,2.9161223417547053e-31,1.0
0.034030274308937875,0.0001002005006012024,3.1033595497562203e-31,1.0
0.034030274308937875,0.00020040090120240482,6.9079139452272774e-31,1.0
0.034030274308937875,0.0003006013018036072,2.1793171223631508e-30,1.0
0.034030274308937875,0.0004008017024048096,3.262934115261135e-31,1.0
0.034030274308937875,0.0005010021030060121,1.0710364435552574e-29,1.0
0.034030274308937875,0.0006012025036072144,5.736062753507352e-30,1.0
0.034030274308937875,0.0007014029042084169,1.5311688945528284e-30,1.0
0.034030274308937875,0.0008016033048096193,7.431678950953412e-29,1.0
0.034030274308937875,0.0009018037054108217,8.447252301850779e-31,1.0
0.034030274308937875,0.0010020041060120242,1.4475992915754133e-30,1.0
0.034030274308937875,0.0011022045066132265,1.2622105066542705e-31,1.0
0.034030274308937875,0.0012024049072144288,4.8358412546851525e-30,1.0
0.034030274308937875,0.0013026053078156314,4.7861846118482325e-30,1.0
0.034030274308937875,0.0014028057084168337,2.8642933673434647e-31,1.0
0.034030274308937875,0.0015030061090180362,8.612589831891639e-31,1.0
0.034030274308937875,0.0016032065096192386,4.077624572359852e-27,1.0
0.034030274308937875,0.0017034069102204409,6.024225387898111e-27,1.0
0.034030274308937875,0.0018036073108216434,1.7502035385689144e-27,1.0
0.034030274308937875,0.0019038077114228457,1.4190950306342356e-26,1.0
0.034030274308937875,0.0020040081120240483,2.802759157696432e-29,1.0
0.034030274308937875,0.0021042085126252506,1.6592732050225978e-25,1.0
0.034030274308937875,0.002204408913226453,3.0490099686777745e-26,1.0
0.034030274308937875,0.0023046093138276553,1.1544086617552864e-26,1.0
0.034030274308937875,0.0024048097144288576,9.744648331457843e-31,1.0
0.03412806245321643,1e-10,4.839209857306989e-31,1.0
0.03412806245321643,0.0001002005006012024,3.922091777070738e-30,1.0
0.03412806245321643,0.00020040090120240482,1.707033034876302e-30,1.0
0.03412806245321643,0.0003006013018036072,1.2439412478524676e-30,1.0
0.03412806245321643,0.0004008017024048096,2.7278830007143133e-30,1.0
0.03412806245321643,0.0005010021030060121,1.1198221386714481e-29,1.0
0.03412806245321643,0.0006012025036072144,8.676845123580594e-30,1.0
0.03412806245321643,0.0007014029042084169,1.353125025914617e-29,1.0
0.03412806245321643,0.0008016033048096193,2.3659152498527983e-30,1.0
0.03412806245321643,0.0009018037054108217,1.2959729421996943e-30,1.0
0.03412806245321643,0.0010020041060120242,2.9194417173064315e-29,1.0
0.03412806245321643,0.0011022045066132265,2.6974977728330895e-30,1.0
0.03412806245321643,0.0012024049072144288,1.7838203842020876e-31,1.0
0.03412806245321643,0.0013026053078156314,1.728363727910608e-28,1.0
0.03412806245321643,0.0014028057084168337,2.0090504975417333e-29,1.0
0.03412806245321643,0.0015030061090180362,1.3376117731747739e-31,1.0
0.03412806245321643,0.0016032065096192386,2.117405106952989e-29,1.0
0.03412806245321643,0.0017034069102204409,3.356257489180256e-26,1.0
0.03412806245321643,0.0018036073108216434,1.0254164739114652e-29,1.0
0.03412806245321643,0.0019038077114228457,3.056907565873417e-27,1.0
0.03412806245321643,0.0020040081120240483,9.808639954532106e-31,1.0
0.03412806245321643,0.0021042085126252506,2.645549852931272e-28,1.0
0.03412806245321643,0.002204408913226453,2.5320905138031887e-28,1.0
0.03412806245321643,0.0023046093138276553,5.104325022646057e-28,1.0
0.03412806245321643,0.0024048097144288576,1.2268124630638192e-23,1.0
0.03422585059749499,1e-10,8.018922820962626e-31,1.0
0.03422585059749499,0.0001002005006012024,1.2571903230494722e-30,1.0
0.03422585059749499,0.00020040090120240482,7.514595032449957e-31,1.0
0.03422585059749499,0.0003006013018036072,4.109585026565174e-31,1.0
0.03422585059749499,0.0004008017024048096,1.0005852458304187e-29,1.0
0.03422585059749499,0.0005010021030060121,6.422558507499578e-29,1.0
0.03422585059749499,0.0006012025036072144,2.06845818444305e-30,1.0
0.03422585059749499,0.0007014029042084169,2.312547328439878e-30,1.0
0.03422585059749499,0.0008016033048096193,1.6144580930611916e-28,1.0
0.03422585059749499,0.0009018037054108217,3.462865818088783e-30,0.9999999999999999
0.03422585059749499,0.0010020041060120242,1.3661101148804477e-29,1.0
0.03422585059749499,0.0011022045066132265,7.625758133982593e-31,1.0
0.03422585059749499,0.0012024049072144288,1.942685783767118e-29,1.0
0.03422585059749499,0.0013026053078156314,8.894141639751753e-28,1.0
0.03422585059749499,0.0014028057084168337,6.004949525705384e-28,1.0
0.03422585059749499,0.0015030061090180362,6.81893455241242e-27,1.0
0.03422585059749499,0.0016032065096192386,2.170635212982126e-30,1.0
0.03422585059749499,0.0017034069102204409,7.146173025953701e-30,1.0
0.03422585059749499,0.0018036073108216434,8.786994462559108e-29,1.0
0.03422585059749499,0.0019038077114228457,2.42725955476647e-28,1.0
0.03422585059749499,0.0020040081120240483,1.046416945501532e-27,1.0
0.03422585059749499,0.0021042085126252506,3.0075287760636606e-28,1.0
0.03422585059749499,0.002204408913226453,6.288881939162342e-28,1.0
0.03422585059749499,0.0023046093138276553,5.6606366468195176e-30,1.0
0.03422585059749499,0.0024048097144288576,1.6630927744476995e-30,1.0
0.03432363874177355,1e-10,1.3308282108611377e-30,1.0
0.03432363874177355,0.0001002005006012024,3.4729933631510136e-30,1.0
0.03432363874177355,0.00020040090120240482,4.795164236215044e-31,1.0
0.03432363874177355,0.0003006013018036072,4.4655061171360786e-30,0.9999999999999999
0.03432363874177355,0.0004008017024048096,7.880136834085991e-30,1.0
0.03432363874177355,0.0005010021030060121,8.787556371665925e-30,1.0
0.03432363874177355,0.0006012025036072144,1.0779428181930067e-29,1.0
0.03432363874177355,0.0007014029042084169,2.2155943103679992e-29,1.0
0.03432363874177355,0.0008016033048096193,7.608082374018263e-30,1.0
0.03432363874177355,0.0009018037054108217,1.5029668886285291e-29,1.0
0.03432363874177355,0.0010020041060120242,8.257723600376215e-28,1.0
0.03432363874177355,0.0011022045066132265,6.747870993626744e-30,1.0
0.03432363874177355,0.0012024049072144288,5.1179983918755845e-30,1.0
0.03432363874177355,0.0013026053078156314,5.686265290770755e-29,1.0
0.03432363874177355,0.0014028057084168337,1.8832157978923493e-26,1.0
0.03432363874177355,0.0015030061090180362,2.324825263429922e-27,1.0
0.03432363874177355,0.0016032065096192386,2.4584318521680935e-26,1.0
0.03432363874177355,0.0017034069102204409,3.578018900790806e-30,1.0
0.03432363874177355,0.0018036073108216434,3.768435463842471e-28,1.0
0.03432363874177355,0.0019038077114228457,1.0297191372794978e-29,1.0
0.03432363874177355,0.0020040081120240483,4.564351200952832e-28,1.0
0.03432363874177355,0.0021042085126252506,7.607422903530586e-28,1.0
0.03432363874177355,0.002204408913226453,1.1931356017888598e-23,1.0
0.03432363874177355,0.0023046093138276553,2.915996608771583e-24,1.0
0.03432363874177355,0.0024048097144288576,4.900980933217069e-28,1.0
0.034421426886052105,1e-10,2.205452433604619e-30,1.0
0.034421426886052105,0.0001002005006012024,1.992137077777598e-30,1.0
0.034421426886052105,0.00020040090120240482,3.739224692399233e-30,0.9999999999999999
0.034421426886052105,0.0003006013018036072,3.0376451374445925e-30,1.0
0.034421426886052105,0.0004008017024048096,1.0708690155304875e-30,1.0
0.034421426886052105,0.0005010021030060121,1.5423357569892831e-29,1.0
0.034421426886052105,0.0006012025036072144,6.395819122268093e-29,1.0
0.034421426886052105,0.0007014029042084169,3.014634682424956e-28,1.0
0.034421426886052105,0.0008016033048096193,1.9172784138085767e-29,1.0
0.034421426886052105,0.0009018037054108217,1.118386295614341e-28,1.0
0.034421426886052105,0.0010020041060120242,1.1182819961722043e-29,1.0
0.034421426886052105,0.0011022045066132265,2.438614762126696e-30,1.0
0.034421426886052105,0.0012024049072144288,3.064774086518608e-28,1.0
0.034421426886052105,0.0013026053078156314,1.4458966059413787e-28,1.0
0.034421426886052105,0.0014028057084168337,1.6556889463795932e-28,1.0
0.034421426886052105,0.0015030061090180362,1.0974026751742494e-26,1.0
0.034421426886052105,0.0016032065096192386,4.150179006333711e-28,1.0
0.034421426886052105,0.0017034069102204409,6.790543746475716e-27,1.0
0.034421426886052105,0.0018036073108216434,1.9276454378966068e-26,1.0
0.034421426886052105,0.0019038077114228457,3.9199742408085367e-28,1.0
0.034421426886052105,0.0020040081120240483,9.911104006405554e-29,1.0
0.034421426886052105,0.0021042085126252506,1.0983939392730208e-28,1.0
0.034421426886052105,0.002204408913226453,3.9024965686977604e-30,1.0
0.034421426886052105,0.0023046093138276553,6.185516840305777e-26,1.0
0.034421426886052105,0.0024048097144288576,5.666733710770073e-27,1.0
0.03451921503033066,1e-10,3.65820392887725e-30,1.0
0.03451921503033066,0.0001002005006012024,1.4192288549862566e-29,1.0
0.03451921503033066,0.00020040090120240482,3.73412446373378e-30,1.0
0.03451921503033066,0.0003006013018036072,1.8175039022148867e-30,1.0
0.03451921503033066,0.0004008017024048096,3.837266687530345e-29,1.0
0.03451921503033066,0.0005010021030060121,8.033088102264048e-29,1.0
0.03451921503033066,0.0006012025036072144,9.870574759560892e-30,1.0
0.03451921503033066,0.0007014029042084169,5.883645468959295e-30,1.0
0.03451921503033066,0.0008016033048096193,5.524956243166123e-30,1.0
0.03451921503033066,0.0009018037054108217,4.128987989154977e-27,1.0
0.03451921503033066,0.0010020041060120242,1.471761132716068e-30,1.0
0.03451921503033066,0.0011022045066132265,3.691036057926886e-29,1.0
0.03451921503033066,0.0012024049072144288,3.7567008464900025e-29,1.0
0.03451921503033066,0.0013026053078156314,1.8294991396102993e-29,1.0
0.03451921503033066,0.0014028057084168337,3.89694773806103e-27,1.0
0.03451921503033066,0.0015030061090180362,7.158738076699196e-28,1.0
0.03451921503033066,0.0016032065096192386,1.0080381004648582e-28,1.0
0.03451921503033066,0.0017034069102204409,2.947083922740324e-28,1.0
0.03451921503033066,0.0018036073108216434,4.309638497748857e-28,1.0
0.03451921503033066,0.0019038077114228457,1.3005824159523945e-29,1.0
0.03451921503033066,0.0020040081120240483,1.4891271100412354e-26,1.0
0.03451921503033066,0.0021042085126252506,8.536339990487236e-29,1.0
0.03451921503033066,0.002204408913226453,7.318880404381436e-26,1.0
0.03451921503033066,0.0023046093138276553,1.4217744909954508e-24,1.0
0.03451921503033066,0.0024048097144288576,7.459748505888918e-25,1.0
0.034617003174609216,1e-10,6.069413104204667e-30,1.0
0.034617003174609216,0.0001002005006012024,5.089580338296947e-30,1.0
0.034617003174609216,0.00020040090120240482,4.3095228815916115e-30,1.0
0.034617003174609216,0.0003006013018036072,1.0108007026105775e-29,1.0
0.034617003174609216,0.0004008017024048096,7.989955117332721e-29,1.0
0.034617003174609216,0.0005010021030060121,5.819744923346142e-30,1.0
0.034617003174609216,0.0006012025036072144,1.7200549506150173e-29,1.0
0.034617003174609216,0.0007014029042084169,1.8984126357155142e-29,1.0
0.034617003174609216,0.0008016033048096193,7.276350732654879e-29,1.0
0.034617003174609216,0.0009018037054108217,7.885790675949101e-29,1.0
0.034617003174609216,0.0010020041060120242,1.1091433708696896e-28,1.0
0.034617003174609216,0.0011022045066132265,3.725107336802881e-29,1.0
0.034617003174609216,0.0012024049072144288,1.8811067456930144e-27,1.0
0.034617003174609216,0.0013026053078156314,5.414570340164613e-27,1.0
0.034617003174609216,0.0014028057084168337,1.3499132339161787e-27,1.0
0.034617003174609216,0.0015030061090180362,6.546467135871419e-26,1.0
0.034617003174609216,0.0016032065096192386,6.659458754479685e-30,1.0
0.034617003174609216,0.0017034069102204409,1.4257331868911829e-28,1.0
0.034617003174609216,0.0018036073108216434,1.4751912626163782e-23,1.0
0.034617003174609216,0.0019038077114228457,1.3132594483178055e-29,1.0
0.034617003174609216,0.0020040081120240483,1.3709952523461037e-27,1.0
0.034617003174609216,0.0021042085126252506,2.167523557211024e-30,1.0
0.034617003174609216,0.002204408913226453,2.83000551465032e-27,1.0
0.034617003174609216,0.0023046093138276553,4.110061198974351e-27,1.0
0.034617003174609216,0.0024048097144288576,5.369267336429869e-26,1.0
0.03471479131888778,1e-10,1.0055935048427491e-29,1.0
0.03471479131888778,0.0001002005006012024,2.0160914097871715e-29,1.0
0.03471479131888778,0.00020040090120240482,5.474876568945657e-29,1.0
0.03471479131888778,0.0003006013018036072,1.3272196946460966e-29,1.0
0.03471479131888778,0.0004008017024048096,5.178914373059823e-29,1.0
0.03471479131888778,0.0005010021030060121,1.744361476486233e-29,1.0
0.03471479131888778,0.0006012025036072144,1.0962151423354279e-26,1.0
0.03471479131888778,0.0007014029042084169,5.219264181415266e-28,1.0
0.03471479131888778,0.0008016033048096193,2.4417862431051135e-27,1.0
0.03471479131888778,0.0009018037054108217,8.844682494080499e-29,1.0
0.03471479131888778,0.0010020041060120242,2.6233231634156096e-28,1.0
0.03471479131888778,0.0011022045066132265,2.1592491992320744e-27,1.0
0.03471479131888778,0.0012024049072144288,1.5614642000496846e-27,1.0
0.03471479131888778,0.0013026053078156314,1.133557478465135e-27,1.0
0.03471479131888778,0.0014028057084168337,5.1881610851415765e-28,1.0
0.03471479131888778,0.0015030061090180362,7.054420719097533e-29,1.0
0.03471479131888778,0.0016032065096192386,2.1875342616769004e-27,1.0
0.03471479131888778,0.0017034069102204409,5.1189130854686963e-26,1.0
0.03471479131888778,0.0018036073108216434,2.6583732721737034e-25,1.0
0.03471479131888778,0.0019038077114228457,4.852599185051841e-28,1.0
0.03471479131888778,0.0020040081120240483,6.323843432180328e-30,1.0
0.03471479131888778,0.0021042085126252506,5.845976595681715e-28,1.0
0.03471479131888778,0.002204408913226453,1.9906099396501912e-27,1.0
0.03471479131888778,0.0023046093138276553,2.4503068937289097e-26,1.0
0.03471479131888778,0.0024048097144288576,5.1053934338461946e-24,1.0
0.034812579463166335,1e-10,1.6686145872231794e-29,1.0
0.034812579463166335,0.0001002005006012024,7.222086804971667e-30,1.0
0.034812579463166335,0.00020040090120240482,3.086180308261356e-29,1.0
0.034812579463166335,0.0003006013018036072,1.66609204035982e-28,1.0
0.034812579463166335,0.0004008017024048096,3.1398197155540685e-28,1.0
0.034812579463166335,0.0005010021030060121,2.3047449344017006e-28,1.0
0.034812579463166335,0.0006012025036072144,7.006009880612617e-29,1.0
0.034812579463166335,0.0007014029042084169,6.1739005851353795e-28,1.0
0.034812579463166335,0.0008016033048096193,3.9258122600089177e-29,1.0
0.034812579463166335,0.0009018037054108217,1.0718256083834266e-27,1.0
0.034812579463166335,0.0010020041060120242,9.37651963168198e-30,1.0
0.034812579463166335,0.0011022045066132265,2.7012918578044717e-28,1.0
0.034812579463166335,0.0012024049072144288,1.1144153579898861e-26,1.0
0.034812579463166335,0.0013026053078156314,8.142003031051062e-28,1.0
0.034812579463166335,0.0014028057084168337,4.476213201079555e-30,1.0
0.034812579463166335,0.0015030061090180362,6.377127280958921e-29,1.0
0.034812579463166335,0.0016032065096192386,3.453889159913885e-25,1.0
0.034812579463166335,0.0017034069102204409,5.776920524779864e-28,1.0
0.034812579463166335,0.0018036073108216434,4.539876439432412e-27,1.0
0.034812579463166335,0.0019038077114228457,1.1755741055294145e-26,1.0
0.034812579463166335,0.0020040081120240483,8.701585526102215e-26,1.0
0.034812579463166335,0.0021042085126252506,3.7269753799370777e-28,1.0
0.034812579463166335,0.002204408913226453,4.1168731081687066e-26,1.0
0.034812579463166335,0.0023046093138276553,1.3937554845908968e-30,1.0
0.034812579463166335,0.0024048097144288576,1.4693372271821948e-28,1.0
0.03491036760744489,1e-10,2.7677844070795645e-29,1.0
0.03491036760744489,0.0001002005006012024,3.3517698157153147e-29,1.0
0.03491036760744489,0.00020040090120240482,3.9963980720401387e-29,1.0
0.03491036760744489,0.0003006013018036072,1.6408291063213135e-29,1.0
0.03491036760744489,0.0004008017024048096,4.863498883117466e-28,1.0
0.03491036760744489,0.0005010021030060121,2.6727518903564048e-28,1.0
0.03491036760744489,0.0006012025036072144,4.234276813312349e-28,1.0
0.03491036760744489,0.0007014029042084169,9.036406390199512e-29,1.0
0.03491036760744489,0.0008016033048096193,5.311889236400504e-28,1.0
0.03491036760744489,0.0009018037054108217,3.8503543562643347e-28,1.0
0.03491036760744489,0.0010020041060120242,1.2171361349560616e-27,1.0
0.03491036760744489,0.0011022045066132265,1.1673995955083903e-26,1.0
0.03491036760744489,0.0012024049072144288,1.2828865936009417e-27,1.0
0.03491036760744489,0.0013026053078156314,4.373898725324546e-28,1.0
0.03491036760744489,0.0014028057084168337,5.046978860920013e-26,1.0
0.03491036760744489,0.0015030061090180362,1.919790774180542e-27,1.0
0.03491036760744489,0.0016032065096192386,4.5575432411285655e-27,1.0
0.03491036760744489,0.0017034069102204409,3.4278435034723366e-29,1.0
0.03491036760744489,0.0018036073108216434,9.188586093228211e-27,1.0
0.03491036760744489,0.0019038077114228457,6.2940047340261964e-27,1.0
0.03491036760744489,0.0020040081120240483,8.80836665545803e-25,1.0
0.03491036760744489,0.0021042085126252506,1.4058243656413374e-26,1.0
0.03491036760744489,0.002204408913226453,5.449841201396278e-25,1.0
0.03491036760744489,0.0023046093138276553,4.0633691077551386e-26,1.0
0.03491036760744489,0.0024048097144288576,2.266874104996982e-26,1.0
0.035008155751723447,1e-10,4.588591511348792e-29,1.0
0.035008155751723447,0.0001002005006012024,3.2632790057752436e-29,1.0
0.035008155751723447,0.00020040090120240482,6.827068034968192e-29,1.0
0.035008155751723447,0.0003006013018036072,2.450222338322216e-28,1.0
0.035008155751723447,0.0004008017024048096,2.7095561584799614e-28,1.0
0.035008155751723447,0.0005010021030060121,1.6030210704447862e-28,1.0
0.035008155751723447,0.0006012025036072144,1.1828157788749576e-28,0.9999999999999999
0.035008155751723447,0.0007014029042084169,1.030786421198149e-28,1.0
0.035008155751723447,0.0008016033048096193,5.541708041437896e-28,1.0
0.035008155751723447,0.0009018037054108217,9.772364495919068e-29,1.0
0.035008155751723447,0.0010020041060120242,2.4430682186223257e-27,1.0
0.035008155751723447,0.0011022045066132265,2.2845061960894924e-26,1.0
0.035008155751723447,0.0012024049072144288,7.1443630253896e-26,1.0
0.035008155751723447,0.0013026053078156314,6.68164098822694e-27,1.0
0.035008155751723447,0.0014028057084168337,2.256862485469104e-27,0.9999999999999999
0.035008155751723447,0.0015030061090180362,4.243729317727685e-28,1.0
0.035008155751723447,0.0016032065096192386,4.8638288370554504e-27,1.0
0.035008155751723447,0.0017034069102204409,1.876103272101145e-27,1.0
0.035008155751723447,0.0018036073108216434,1.0496898177381122e-26,1.0
0.035008155751723447,0.0019038077114228457,2.5740796411075455e-26,1.0
0.035008155751723447,0.0020040081120240483,8.265395589756037e-26,1.0
0.035008155751723447,0.0021042085126252506,1.404372140464099e-26,1.0
0.035008155751723447,0.002204408913226453,1.15791732149902e-27,1.0
0.035008155751723447,0.0023046093138276553,8.273553289171705e-29,1.0
0.035008155751723447,0.0024048097144288576,1.4719769949669582e-25,1.0
0.035105943896002,1e-10,7.614058713871078e-29,1.0
0.035105943896002,0.0001002005006012024,1.861143230765202e-28,1.0
0.035105943896002,0.00020040090120240482,7.879345741590148e-28,1.0
0.035105943896002,0.0003006013018036072,1.1635233002488937e-27,1.0
0.035105943896002,0.0004008017024048096,3.290120470730903e-28,1.0
0.035105943896002,0.0005010021030060121,1.3406514143148118e-27,1.0
0.035105943896002,0.0006012025036072144,3.731191375780242e-28,1.0
0.035105943896002,0.0007014029042084169,7.378253148983079e-29,1.0
0.035105943896002,0.0008016033048096193,3.9600743517603177e-29,1.0
0.035105943896002,0.0009018037054108217,4.566946624080455e-27,1.0
0.035105943896002,0.0010020041060120242,5.338281095749389e-28,1.0
0.035105943896002,0.0011022045066132265,3.24734842330789e-26,1.0
0.035105943896002,0.0012024049072144288,1.6921536180408836e-27,1.0
0.035105943896002,0.0013026053078156314,1.1004917218941147e-26,1.0
0.035105943896002,0.0014028057084168337,5.406173965084578e-28,1.0
0.035105943896002,0.0015030061090180362,8.059313720242297e-25,1.0
0.035105943896002,0.0016032065096192386,2.875279521626034e-26,1.0
0.035105943896002,0.0017034069102204409,9.365059260789402e-28,1.0
0.035105943896002,0.0018036073108216434,1.669030711677734e-24,1.0
0.035105943896002,0.0019038077114228457,3.339426969048532e-27,1.0
0.035105943896002,0.0020040081120240483,7.5805828702407785e-25,1.0
0.035105943896002,0.0021042085126252506,3.967665443286412e-26,1.0
0.035105943896002,0.002204408913226453,9.161198972523029e-29,1.0
0.035105943896002,0.0023046093138276553,8.151931936067278e-25,1.0
0.035105943896002,0.0024048097144288576,3.611135324255667e-26,1.0
0.035203732040280565,1e-10,1.2625990710941776e-28,1.0
0.035203732040280565,0.0001002005006012024,5.992864109165822e-28,1.0
0.035203732040280565,0.00020040090120240482,1.2197436016722555e-28,1.0
0.035203732040280565,0.0003006013018036072,8.852620455299605e-28,1.0
0.035203732040280565,0.0004008017024048096,7.8910861686341055e-28,1.0
0.035203732040280565,0.0005010021030060121,8.778014123119636e-30,1.0
0.035203732040280565,0.0006012025036072144,1.3948370072788797e-28,1.0
0.035203732040280565,0.0007014029042084169,1.4169163470098816e-27,1.0
0.035203732040280565,0.0008016033048096193,8.434937395721731e-29,1.0
0.035203732040280565,0.0009018037054108217,1.1410089524972915e-26,1.0
0.035203732040280565,0.0010020041060120242,8.507352956932773e-28,1.0
0.035203732040280565,0.0011022045066132265,4.715310725943968e-28,1.0
0.035203732040280565,0.0012024049072144288,3.1750309087823758e-27,1.0
0.035203732040280565,0.0013026053078156314,3.012949270791491e-28,1.0
0.035203732040280565,0.0014028057084168337,1.008226236737164e-26,1.0
0.035203732040280565,0.0015030061090180362,2.194294151268843e-27,1.0
0.035203732040280565,0.0016032065096192386,2.9356852599726716e-25,1.0
0.035203732040280565,0.0017034069102204409,3.082304295308151e-26,1.0
0.035203732040280565,0.0018036073108216434,1.2115409052564845e-24,1.0
0.035203732040280565,0.0019038077114228457,3.8923121301170637e-28,0.9999999999999999
0.035203732040280565,0.0020040081120240483,9.599647415645413e-26,1.0
0.035203732040280565,0.0021042085126252506,3.159969011405876e-27,1.0
0.035203732040280565,0.002204408913226453,5.182003973429179e-24,1.0
0.035203732040280565,0.0023046093138276553,2.6487076315734664e-23,1.0
0.035203732040280565,0.0024048097144288576,2.0838599364849895e-28,1.0
0.03530152018455912,1e-10,2.0949636464918047e-28,1.0
0.03530152018455912,0.0001002005006012024,8.019927678296786e-29,1.0
0.03530152018455912,0.00020040090120240482,1.7655341676087477e-28,1.0
0.03530152018455912,0.0003006013018036072,1.5710293475547467e-28,1.0
0.03530152018455912,0.0004008017024048096,1.503085188171411e-28,1.0
0.03530152018455912,0.0005010021030060121,1.9608600740895045e-27,1.0
0.03530152018455912,0.0006012025036072144,3.531915368885753e-27,1.0
0.03530152018455912,0.0007014029042084169,1.7093136311863097e-27,1.0
0.03530152018455912,0.0008016033048096193,6.463239052010243e-28,1.0
0.03530152018455912,0.0009018037054108217,5.288738912759882e-27,1.0
0.03530152018455912,0.0010020041060120242,4.745563018909041e-27,1.0
0.03530152018455912,0.0011022045066132265,4.242024679583213e-26,1.0
0.03530152018455912,0.0012024049072144288,6.768168985102086e-27,1.0
0.03530152018455912,0.0013026053078156314,3.7270636646457327e-26,1.0
0.03530152018455912,0.0014028057084168337,5.05185578694515e-28,1.0
0.03530152018455912,0.0015030061090180362,2.870834963415898e-25,1.0
0.03530152018455912,0.0016032065096192386,8.501961138429379e-26,1.0
0.03530152018455912,0.0017034069102204409,8.918228155932175e-26,1.0
0.03530152018455912,0.0018036073108216434,2.904899015114935e-27,1.0
0.03530152018455912,0.0019038077114228457,3.0739144127085146e-26,1.0
0.03530152018455912,0.0020040081120240483,3.992165843750574e-28,1.0
0.03530152018455912,0.0021042085126252506,4.591576283829835e-24,1.0
0.03530152018455912,0.002204408913226453,1.1427710394529842e-26,1.0
0.03530152018455912,0.0023046093138276553,7.053433748389544e-24,1.0
0.03530152018455912,0.0024048097144288576,4.695629459993672e-22,1.0
0.03539930832883768,1e-10,3.476065844598519e-28,1.0
0.03539930832883768,0.0001002005006012024,8.768538636852392e-28,1.0
0.03539930832883768,0.00020040090120240482,3.4866538932597135e-28,1.0
0.03539930832883768,0.0003006013018036072,1.62961986132717e-27,1.0
0.03539930832883768,0.0004008017024048096,6.900602469171301e-29,1.0
0.03539930832883768,0.0005010021030060121,7.2372977875699e-28,1.0
0.03539930832883768,0.0006012025036072144,2.1366499836829884e-26,1.0
0.03539930832883768,0.0007014029042084169,4.0119928512952685e-26,1.0
0.03539930832883768,0.0008016033048096193,3.839433968806008e-27,1.0
0.03539930832883768,0.0009018037054108217,4.7387309530394637e-26,1.0
0.03539930832883768,0.0010020041060120242,2.043159500146366e-27,1.0
0.03539930832883768,0.0011022045066132265,4.2109600411761226e-24,1.0
0.03539930832883768,0.0012024049072144288,3.43203744382992e-25,1.0
0.03539930832883768,0.0013026053078156314,1.9379978812217343e-27,1.0
0.03539930832883768,0.0014028057084168337,2.562221644805714e-25,1.0
0.03539930832883768,0.0015030061090180362,5.056971782482088e-27,1.0
0.03539930832883768,0.0016032065096192386,1.8346231576443254e-26,1.0
0.03539930832883768,0.0017034069102204409,8.63476543533974e-27,1.0
0.03539930832883768,0.0018036073108216434,2.2677921343607785e-24,1.0
0.03539930832883768,0.0019038077114228457,1.2440556602876725e-23,1.0
0.03539930832883768,0.0020040081120240483,1.4111429761023641e-25,1.0
0.03539930832883768,0.0021042085126252506,1.0688653360439093e-27,1.0
0.03539930832883768,0.002204408913226453,1.748985528953064e-24,1.0
0.03539930832883768,0.0023046093138276553,6.992386458209854e-24,1.0
0.03539930832883768,0.0024048097144288576,2.0333514643654747e-24,1.0
0.03549709647311623,1e-10,5.770493016816351e-28,1.0
0.03549709647311623,0.0001002005006012024,6.4008797660415745e-28,1.0
0.03549709647311623,0.00020040090120240482,5.734107471885947e-27,1.0
0.03549709647311623,0.0003006013018036072,8.763228233716651e-28,1.0
0.03549709647311623,0.0004008017024048096,2.880245011525596e-28,1.0
0.03549709647311623,0.0005010021030060121,2.2818507650715633e-26,1.0
0.03549709647311623,0.0006012025036072144,9.049925742608814e-28,1.0
0.03549709647311623,0.0007014029042084169,1.800688127226792e-27,1.0
0.03549709647311623,0.0008016033048096193,6.570697744117086e-27,1.0
0.03549709647311623,0.0009018037054108217,7.108077691457449e-26,1.0
0.03549709647311623,0.0010020041060120242,9.344457725862305e-27,1.0
0.03549709647311623,0.0011022045066132265,1.3618295639300883e-24,1.0
0.03549709647311623,0.0012024049072144288,4.179596534407969e-26,1.0
0.03549709647311623,0.0013026053078156314,1.093170387193753e-25,1.0
0.03549709647311623,0.0014028057084168337,9.774078002676846e-27,1.0
0.03549709647311623,0.0015030061090180362,3.4891451658853563e-26,0.9999999999999999
0.03549709647311623,0.0016032065096192386,6.24830095646537e-28,1.0
0.03549709647311623,0.0017034069102204409,9.619120188504778e-27,1.0
0.03549709647311623,0.0018036073108216434,8.94264560732023e-25,1.0
0.03549709647311623,0.0019038077114228457,3.1996696630971736e-24,1.0
0.03549709647311623,0.0020040081120240483,1.6208311493432804e-25,1.0
0.03549709647311623,0.0021042085126252506,6.096151702266645e-24,1.0
0.03549709647311623,0.002204408913226453,2.2223455682629805e-27,1.0
0.03549709647311623,0.0023046093138276553,1.804567342197548e-21,1.0
0.03549709647311623,0.0024048097144288576,8.547036570387823e-22,1.0
0.03559488461739479,1e-10,9.578154037356933e-28,1.0
0.03559488461739479,0.0001002005006012024,1.3888957231802311e-27,1.0
0.03559488461739479,0.00020040090120240482,2.953405357102217e-27,1.0
0.03559488461739479,0.0003006013018036072,3.458073184767241e-27,1.0
0.03559488461739479,0.0004008017024048096,1.165868947868731e-27,1.0
0.03559488461739479,0.0005010021030060121,4.964870533562964e-27,1.0
0.03559488461739479,0.0006012025036072144,2.394140861531331e-27,1.0
0.03559488461739479,0.0007014029042084169,1.8555855266435833e-27,1.0
0.03559488461739479,0.0008016033048096193,4.3023929868038234e-26,1.0
0.03559488461739479,0.0009018037054108217,2.672356524376095e-27,1.0
0.03559488461739479,0.0010020041060120242,1.3986575803195433e-26,1.0
0.03559488461739479,0.0011022045066132265,9.847163494234135e-26,1.0
0.03559488461739479,0.0012024049072144288,7.893545124923816e-27,1.0
0.03559488461739479,0.0013026053078156314,3.286512192188694e-27,1.0
0.03559488461739479,0.0014028057084168337,1.3749293324691296e-27,1.0
0.03559488461739479,0.0015030061090180362,1.593715355914621e-25,1.0
0.03559488461739479,0.0016032065096192386,1.8973911926594276e-26,1.0
0.03559488461739479,0.0017034069102204409,1.717191174122043e-27,1.0
0.03559488461739479,0.0018036073108216434,2.523351184752049e-25,1.0
0.03559488461739479,0.0019038077114228457,5.002278484745028e-25,1.0
0.03559488461739479,0.0020040081120240483,1.6687855193032814e-28,1.0
0.03559488461739479,0.0021042085126252506,1.3498121093318195e-25,1.0
0.03559488461739479,0.002204408913226453,2.140730526903918e-22,1.0
0.03559488461739479,0.0023046093138276553,2.2633626572312067e-24,1.0
0.03559488461739479,0.0024048097144288576,3.029680176307809e-28,1.0
0.035692672761673344,1e-10,1.5861672838346061e-27,1.0
0.035692672761673344,0.0001002005006012024,7.442905625547218e-28,1.0
0.035692672761673344,0.00020040090120240482,2.419099295982441e-27,1.0
0.035692672761673344,0.0003006013018036072,4.007020064682764e-27,1.0
0.035692672761673344,0.0004008017024048096,3.530069533800167e-27,1.0
0.035692672761673344,0.0005010021030060121,1.0389382459515872e-26,1.0
0.035692672761673344,0.0006012025036072144,1.4600980162474984e-27,1.0
0.035692672761673344,0.0007014029042084169,5.917759814045156e-26,1.0
0.035692672761673344,0.0008016033048096193,1.398692200599797e-26,1.0
0.035692672761673344,0.0009018037054108217,2.1920588361731124e-25,1.0
0.035692672761673344,0.0010020041060120242,8.070695106408307e-26,1.0
0.035692672761673344,0.0011022045066132265,1.896032821257389e-24,1.0
0.035692672761673344,0.0012024049072144288,2.192835632981465e-25,1.0
0.035692672761673344,0.0013026053078156314,4.0604002019984257e-25,1.0
0.035692672761673344,0.0014028057084168337,4.810349299734066e-26,1.0
0.035692672761673344,0.0015030061090180362,5.3872196911923406e-27,1.0
0.035692672761673344,0.0016032065096192386,3.4514946762933414e-28,1.0
0.035692672761673344,0.0017034069102204409,7.041346428552018e-24,1.0
0.035692672761673344,0.0018036073108216434,6.423664795415403e-26,1.0
0.035692672761673344,0.0019038077114228457,1.9949611851951992e-25,1.0
0.035692672761673344,0.0020040081120240483,1.6070495361068168e-27,1.0
0.035692672761673344,0.0021042085126252506,3.818708798898978e-26,1.0
0.035692672761673344,0.002204408913226453,1.2118031548932022e-27,1.0
0.035692672761673344,0.0023046093138276553,2.7002272711354685e-24,1.0
0.035692672761673344,0.0024048097144288576,1.3072403222298962e-24,1.0
0.035692672761673344,0.0025050101150300604,9.34451279644077e-25,1.0
0.03579046090595191,1e-10,2.6341494732148835e-27,1.0
0.03579046090595191,0.0001002005006012024,1.627657838022409e-27,1.0
0.03579046090595191,0.00020040090120240482,1.6290910757369954e-27,1.0
0.03579046090595191,0.0003006013018036072,8.485500638110897e-28,1.0
0.03579046090595191,0.0004008017024048096,3.173704260802513e-26,1.0
0.03579046090595191,0.0005010021030060121,2.858697293579226e-28,1.0
0.03579046090595191,0.0006012025036072144,1.7286085400417e-26,1.0
0.03579046090595191,0.0007014029042084169,1.066404717501936e-24,1.0
0.03579046090595191,0.0008016033048096193,1.5166819139046506e-25,1.0
0.03579046090595191,0.0009018037054108217,3.9748720930383078e-28,1.0
0.03579046090595191,0.0010020041060120242,8.58029114064864e-26,1.0
0.03579046090595191,0.0011022045066132265,2.465623864932311e-25,1.0
0.03579046090595191,0.0012024049072144288,1.7210109250324194e-25,1.0
0.03579046090595191,0.0013026053078156314,3.2213576724819842e-24,1.0
0.03579046090595191,0.0014028057084168337,1.3541494274400378e-26,1.0
0.03579046090595191,0.0015030061090180362,9.976373768673311e-28,1.0
0.03579046090595191,0.0016032065096192386,1.4240996100801527e-25,1.0
0.03579046090595191,0.0017034069102204409,1.7066657838890565e-23,1.0
0.03579046090595191,0.0018036073108216434,1.8585726645922962e-25,1.0
0.03579046090595191,0.0019038077114228457,1.704224187729565e-26,1.0
0.03579046090595191,0.0020040081120240483,4.357134881665958e-27,1.0
0.03579046090595191,0.0021042085126252506,6.672674972100281e-25,1.0
0.03579046090595191,0.002204408913226453,1.0021771475469063e-23,1.0
0.03579046090595191,0.0023046093138276553,1.8564072018348108e-24,1.0
0.03579046090595191,0.0024048097144288576,9.52667689665267e-27,1.0
0.03579046090595191,0.0025050101150300604,5.42765810387304e-22,1.0
0.03588824905023046,1e-10,4.3732524913535465e-27,1.0
0.03588824905023046,0.0001002005006012024,4.781588468416617e-27,1.0
0.03588824905023046,0.00020040090120240482,2.209894894001427e-26,1.0
0.03588824905023046,0.0003006013018036072,2.2009628214082046e-27,1.0
0.03588824905023046,0.0004008017024048096,2.2755750655662165e-26,1.0
0.03588824905023046,0.0005010021030060121,1.7494210909888096e-25,1.0
0.03588824905023046,0.0006012025036072144,4.945058896415349e-26,1.0
0.03588824905023046,0.0007014029042084169,7.921319841908906e-27,1.0
0.03588824905023046,0.0008016033048096193,1.0586560995960426e-25,1.0
0.03588824905023046,0.0009018037054108217,6.466269866811038e-26,1.0
0.03588824905023046,0.0010020041060120242,4.738997925302407e-27,1.0
0.03588824905023046,0.0011022045066132265,1.3102567719573645e-25,1.0
0.03588824905023046,0.0012024049072144288,4.883094279288271e-25,1.0
0.03588824905023046,0.0013026053078156314,5.786715408844873e-26,1.0
0.03588824905023046,0.0014028057084168337,1.4207208046929084e-23,1.0
0.03588824905023046,0.0015030061090180362,4.048985043765636e-24,1.0
0.03588824905023046,0.0016032065096192386,1.3315697989331028e-26,1.0
0.03588824905023046,0.0017034069102204409,1.456171664045525e-23,1.0
0.03588824905023046,0.0018036073108216434,3.070380314419166e-27,1.0
0.03588824905023046,0.0019038077114228457,3.347243843321978e-25,1.0
0.03588824905023046,0.0020040081120240483,2.2039280970378404e-25,1.0
0.03588824905023046,0.0021042085126252506,1.0964702720073617e-24,1.0
0.03588824905023046,0.002204408913226453,9.187645537907416e-25,1.0
0.03588824905023046,0.0023046093138276553,4.388617400420888e-26,1.0
0.03588824905023046,0.0024048097144288576,7.738988828948381e-25,1.0
0.03588824905023046,0.0025050101150300604,4.207286519878457e-24,1.0
0.03598603719450902,1e-10,7.264868273628798e-27,1.0
0.03598603719450902,0.0001002005006012024,3.3510666611826627e-26,1.0
0.03598603719450902,0.00020040090120240482,1.8576383312912022e-26,1.0
0.03598603719450902,0.0003006013018036072,2.9556422381404644e-26,1.0
0.03598603719450902,0.0004008017024048096,1.7136218532628194e-26,1.0
0.03598603719450902,0.0005010021030060121,3.1456465232103333e-26,1.0
0.03598603719450902,0.0006012025036072144,4.100216221387796e-27,1.0
0.03598603719450902,0.0007014029042084169,3.79182498671222e-26,1.0
0.03598603719450902,0.0008016033048096193,9.380097633112503e-25,1.0
0.03598603719450902,0.0009018037054108217,1.1811473502657081e-25,1.0
0.03598603719450902,0.0010020041060120242,4.7265223501400964e-27,1.0
0.03598603719450902,0.0011022045066132265,2.067772301420263e-24,1.0
0.03598603719450902,0.0012024049072144288,2.0275248501478913e-26,1.0
0.03598603719450902,0.0013026053078156314,3.247277804707537e-26,1.0
0.03598603719450902,0.0014028057084168337,5.719374144050631e-26,1.0
0.03598603719450902,0.0015030061090180362,1.923158132302543e-27,1.0
0.03598603719450902,0.0016032065096192386,2.3204271772344794e-24,0.9999999999999999
0.03598603719450902,0.0017034069102204409,1.5967989650146587e-22,1.0
0.03598603719450902,0.0018036073108216434,2.122726509189563e-28,1.0
0.03598603719450902,0.0019038077114228457,3.892774915460591e-24,1.0
0.03598603719450902,0.0020040081120240483,3.4883461149120636e-23,1.0
0.03598603719450902,0.0021042085126252506,4.0061720349841595e-24,1.0
0.03598603719450902,0.002204408913226453,8.908284506251815e-26,1.0
0.03598603719450902,0.0023046093138276553,4.716674062025035e-25,1.0
0.03598603719450902,0.0024048097144288576,9.117247284651898e-26,1.0
0.03598603719450902,0.0025050101150300604,6.50057795810095e-24,1.0
0.036083825338787574,1e-10,1.20524017155464e-26,1.0
0.036083825338787574,0.0001002005006012024,1.5297396407833174e-26,1.0
0.036083825338787574,0.00020040090120240482,2.962895207950238e-26,1.0
0.036083825338787574,0.0003006013018036072,1.4562391698419196e-26,1.0
0.036083825338787574,0.0004008017024048096,2.3806465930823935e-27,1.0
0.036083825338787574,0.0005010021030060121,1.1109877143625994e-25,1.0
0.036083825338787574,0.0006012025036072144,1.1597006439633588e-26,1.0
0.036083825338787574,0.0007014029042084169,1.086187829440662e-26,1.0
0.036083825338787574,0.0008016033048096193,9.352883862771571e-26,1.0
0.036083825338787574,0.0009018037054108217,1.4019905239572388e-26,1.0
0.036083825338787574,0.0010020041060120242,7.038174060621392e-26,1.0
0.036083825338787574,0.0011022045066132265,1.0177805397702989e-25,1.0
0.036083825338787574,0.0012024049072144288,4.0536792465993804e-25,1.0
0.036083825338787574,0.0013026053078156314,1.2107975719624426e-26,1.0
0.036083825338787574,0.0014028057084168337,2.268252006929337e-25,1.0
0.036083825338787574,0.0015030061090180362,4.808373186739011e-25,1.0
0.036083825338787574,0.0016032065096192386,3.2524137025184777e-25,1.0
0.036083825338787574,0.0017034069102204409,1.9807681387575322e-26,1.0
0.036083825338787574,0.0018036073108216434,1.4465555745004556e-22,1.0
0.036083825338787574,0.0019038077114228457,3.5076771668556436e-23,1.0
0.036083825338787574,0.0020040081120240483,7.789586350636362e-24,1.0
0.036083825338787574,0.0021042085126252506,4.664021811138182e-23,0.9999999999999999
0.036083825338787574,0.002204408913226453,4.46007789978921e-25,1.0
0.036083825338787574,0.0023046093138276553,4.9957171161783225e-24,1.0
0.036083825338787574,0.0024048097144288576,1.5020424845663694e-24,1.0
0.036083825338787574,0.0025050101150300604,7.354306963340859e-25,1.0
0.03618161348306613,1e-10,2.0010286282768997e-26,1.0
0.03618161348306613,0.0001002005006012024,4.172721606938937e-26,1.0
0.03618161348306613,0.00020040090120240482,5.6886797416414e-27,1.0
0.03618161348306613,0.0003006013018036072,5.274578548221887e-26,1.0
0.03618161348306613,0.0004008017024048096,8.941042140362893e-28,1.0
0.03618161348306613,0.0005010021030060121,8.35002542892227e-27,1.0
0.03618161348306613,0.0006012025036072144,1.811664737354031e-25,1.0
0.03618161348306613,0.0007014029042084169,1.0012659110582392e-23,1.0
0.03618161348306613,0.0008016033048096193,1.8902217562642035e-25,1.0
0.03618161348306613,0.0009018037054108217,1.7753238475400277e-26,1.0
0.03618161348306613,0.0010020041060120242,8.978421220397557e-27,1.0
0.03618161348306613,0.0011022045066132265,3.692748096735423e-26,1.0
0.03618161348306613,0.0012024049072144288,5.199124457968988e-25,1.0
0.03618161348306613,0.0013026053078156314,1.74440972295797e-23,1.0
0.03618161348306613,0.0014028057084168337,4.252354600849472e-24,1.0
0.03618161348306613,0.0015030061090180362,1.085610580512355e-23,1.0
0.03618161348306613,0.0016032065096192386,8.250513418403379e-23,1.0
0.03618161348306613,0.0017034069102204409,1.0659560000776678e-22,1.0
0.03618161348306613,0.0018036073108216434,1.096049816512875e-25,1.0
0.03618161348306613,0.0019038077114228457,3.698372697928207e-25,1.0
0.03618161348306613,0.0020040081120240483,1.0533395994647929e-24,1.0
0.03618161348306613,0.0021042085126252506,9.712485887642607e-22,1.0
0.03618161348306613,0.002204408913226453,2.6612519334563413e-24,1.0
0.03618161348306613,0.0023046093138276553,2.0832753963145274e-22,1.0
0.03618161348306613,0.0024048097144288576,4.5953307668218956e-23,1.0
0.03618161348306613,0.0025050101150300604,1.7367178697083946e-21,1.0
0.03627940162734469,1e-10,3.3204406282212253e-26,1.0
0.03627940162734469,0.0001002005006012024,2.4328753821880557e-25,1.0
0.03627940162734469,0.00020040090120240482,2.877124379921374e-25,1.0
0.03627940162734469,0.0003006013018036072,5.359583505753491e-26,1.0
0.03627940162734469,0.0004008017024048096,1.447068652663021e-24,1.0
0.03627940162734469,0.0005010021030060121,3.40659601513901e-26,1.0
0.03627940162734469,0.0006012025036072144,1.249485178560566e-24,1.0
0.03627940162734469,0.0007014029042084169,1.225322006303367e-24,1.0
0.03627940162734469,0.0008016033048096193,7.4787053633327805e-25,1.0
0.03627940162734469,0.0009018037054108217,4.7903279082299826e-26,1.0
0.03627940162734469,0.0010020041060120242,9.181236238877648e-26,1.0
0.03627940162734469,0.0011022045066132265,1.3867757699727014e-24,1.0
0.03627940162734469,0.0012024049072144288,4.398935639455797e-25,1.0
0.03627940162734469,0.0013026053078156314,6.783251424163755e-25,1.0
0.03627940162734469,0.0014028057084168337,1.4832237551986497e-22,1.0
0.03627940162734469,0.0015030061090180362,5.946592491886232e-22,1.0
0.03627940162734469,0.0016032065096192386,1.7771869936955752e-22,1.0
0.03627940162734469,0.0017034069102204409,1.849403127255591e-23,1.0
0.03627940162734469,0.0018036073108216434,8.819161904243212e-22,1.0
0.03627940162734469,0.0019038077114228457,1.9670174280939494e-26,1.0
0.03627940162734469,0.0020040081120240483,2.919961994921724e-24,1.0
0.03627940162734469,0.0021042085126252506,1.969492885252798e-23,1.0
0.03627940162734469,0.002204408913226453,1.088223199890401e-18,1.0
0.03627940162734469,0.0023046093138276553,4.087927429726983e-27,1.0
0.03627940162734469,0.0024048097144288576,7.269017751770337e-20,1.0
0.03627940162734469,0.0025050101150300604,2.3510839703184427e-23,1.0
0.03637718977162325,1e-10,5.511278731781008e-26,1.0
0.03637718977162325,0.0001002005006012024,4.1059249266553636e-26,1.0
0.03637718977162325,0.00020040090120240482,1.172661966437737e-25,1.0
0.03637718977162325,0.0003006013018036072,1.981955311440442e-25,1.0
0.03637718977162325,0.0004008017024048096,1.586535971089428e-25,1.0
0.03637718977162325,0.0005010021030060121,4.6131988213905246e-26,1.0
0.03637718977162325,0.0006012025036072144,9.208756349814803e-26,1.0
0.03637718977162325,0.0007014029042084169,1.3811767354034097e-24,1.0
0.03637718977162325,0.0008016033048096193,2.6230486695313076e-25,1.0
0.03637718977162325,0.0009018037054108217,6.709625720069219e-23,1.0
0.03637718977162325,0.0010020041060120242,6.1415948656195995e-25,1.0
0.03637718977162325,0.0011022045066132265,8.319153187186077e-23,1.0
0.03637718977162325,0.0012024049072144288,3.0800498809895327e-23,1.0
0.03637718977162325,0.0013026053078156314,2.316074800829047e-25,1.0
0.03637718977162325,0.0014028057084168337,1.1117644157789938e-23,1.0
0.03637718977162325,0.0015030061090180362,3.186250964002757e-23,1.0
0.03637718977162325,0.0016032065096192386,6.52386211284745e-23,1.0
0.03637718977162325,0.0017034069102204409,2.4993340975440837e-24,1.0
0.03637718977162325,0.0018036073108216434,2.2514752708100503e-25,1.0
0.03637718977162325,0.0019038077114228457,6.021429427578589e-19,1.0
0.03637718977162325,0.0020040081120240483,1.5988912182715045e-25,1.0
0.03637718977162325,0.0021042085126252506,1.7117818363130056e-22,1.0
0.03637718977162325,0.002204408913226453,2.2631031386986234e-26,1.0
0.03637718977162325,0.0023046093138276553,2.5593716533815628e-23,1.0
0.03637718977162325,0.0024048097144288576,2.5262221398754773e-24,1.0
0.03637718977162325,0.0025050101150300604,1.3435573363465716e-25,1.0
0.036474977915901804,1e-10,9.1474367325415e-26,1.0
0.036474977915901804,0.0001002005006012024,2.0498079942169388e-26,1.0
0.036474977915901804,0.00020040090120240482,1.2751239609703626e-25,1.0
0.036474977915901804,0.0003006013018036072,8.577741990410637e-26,1.0
0.036474977915901804,0.0004008017024048096,8.71836933162419e-25,1.0
0.036474977915901804,0.0005010021030060121,1.2748928545808484e-23,1.0
0.036474977915901804,0.0006012025036072144,2.428418762992461e-25,1.0
0.036474977915901804,0.0007014029042084169,8.88396287470459e-25,1.0
0.036474977915901804,0.0008016033048096193,1.202391082429491e-23,1.0
0.036474977915901804,0.0009018037054108217,1.2686052395215707e-23,1.0
0.036474977915901804,0.0010020041060120242,1.4957841693085899e-25,1.0
0.036474977915901804,0.0011022045066132265,4.7853976014709334e-23,1.0
0.036474977915901804,0.0012024049072144288,7.608064196348936e-23,1.0
0.036474977915901804,0.0013026053078156314,1.1405752231736137e-22,1.0
0.036474977915901804,0.0014028057084168337,2.8292241385309033e-24,1.0
0.036474977915901804,0.0015030061090180362,1.7646859951779316e-24,1.0
0.036474977915901804,0.0016032065096192386,2.9774301944254636e-24,1.0
0.036474977915901804,0.0017034069102204409,2.418625504721217e-21,1.0
0.036474977915901804,0.0018036073108216434,5.127524344424499e-24,1.0
0.036474977915901804,0.0019038077114228457,1.9487560743641108e-23,1.0
0.036474977915901804,0.0020040081120240483,1.1297992268374564e-21,1.0
0.036474977915901804,0.0021042085126252506,3.6742421882517323e-25,1.0
0.036474977915901804,0.002204408913226453,3.014746207693727e-23,1.0
0.036474977915901804,0.0023046093138276553,2.789463988134789e-26,0.9999999999999999
0.036474977915901804,0.0024048097144288576,9.729002271536994e-22,1.0
0.036474977915901804,0.0025050101150300604,2.4629258846908062e-23,1.0
0.03657276606018036,1e-10,1.5183903719924024e-25,1.0
0.03657276606018036,0.0001002005006012024,8.336418871249473e-26,1.0
0.03657276606018036,0.00020040090120240482,5.873250468092039e-26,1.0
0.03657276606018036,0.0003006013018036072,1.5590669695740234e-24,1.0
0.03657276606018036,0.0004008017024048096,1.746919085999797e-24,1.0
0.03657276606018036,0.0005010021030060121,1.3791694986863135e-24,1.0
0.03657276606018036,0.0006012025036072144,3.2638108612028787e-24,1.0
0.03657276606018036,0.0007014029042084169,1.4125382328734257e-25,1.0
0.03657276606018036,0.0008016033048096193,1.399936376708623e-23,1.0
0.03657276606018036,0.0009018037054108217,1.1730639576030315e-25,1.0
0.03657276606018036,0.0010020041060120242,4.62310545930035e-24,1.0
0.03657276606018036,0.0011022045066132265,1.955970258735136e-24,1.0
0.03657276606018036,0.0012024049072144288,2.237535242122068e-24,1.0
0.03657276606018036,0.0013026053078156314,4.1986060910292594e-23,1.0
0.03657276606018036,0.0014028057084168337,9.099189126322563e-23,1.0
0.03657276606018036,0.0015030061090180362,6.652650625737768e-24,1.0
0.03657276606018036,0.0016032065096192386,1.1962160530084853e-22,1.0
0.03657276606018036,0.0017034069102204409,1.2663783739262859e-20,1.0
0.03657276606018036,0.0018036073108216434,6.950722692556738e-26,1.0
0.03657276606018036,0.0019038077114228457,5.734450683964758e-23,1.0
0.03657276606018036,0.0020040081120240483,5.08870046263744e-21,1.0
0.03657276606018036,0.0021042085126252506,1.936787723277539e-24,1.0
0.03657276606018036,0.002204408913226453,2.24787464282843e-25,1.0
0.03657276606018036,0.0023046093138276553,3.8759060307913056e-26,1.0
0.03657276606018036,0.0024048097144288576,2.714583862072616e-24,1.0
0.03657276606018036,0.0025050101150300604,1.0662146287207607e-22,1.0
0.036670554204458916,1e-10,2.5176531853556266e-25,1.0
0.036670554204458916,0.0001002005006012024,2.615138080169113e-25,1.0
0.036670554204458916,0.00020040090120240482,9.174455169604863e-26,1.0
0.036670554204458916,0.0003006013018036072,4.5674606300146856e-24,1.0
0.036670554204458916,0.0004008017024048096,1.013969066377846e-24,1.0
0.036670554204458916,0.0005010021030060121,5.9585772890152685e-25,1.0
0.036670554204458916,0.0006012025036072144,8.877824385798446e-25,1.0
0.036670554204458916,0.0007014029042084169,6.948414346445445e-23,1.0
0.036670554204458916,0.0008016033048096193,6.2724345114992035e-25,1.0
0.036670554204458916,0.0009018037054108217,1.4246553912508512e-23,1.0
0.036670554204458916,0.0010020041060120242,1.7136723270755567e-21,1.0
0.036670554204458916,0.0011022045066132265,1.0652192655596462e-23,1.0
0.036670554204458916,0.0012024049072144288,5.227930711082398e-24,1.0
0.036670554204458916,0.0013026053078156314,2.288546575925914e-25,1.0
0.036670554204458916,0.0014028057084168337,1.5359414411499139e-22,1.0
0.036670554204458916,0.0015030061090180362,7.947988164066897e-22,1.0
0.036670554204458916,0.0016032065096192386,3.808471551156e-24,1.0
0.036670554204458916,0.0017034069102204409,1.1577588974267565e-22,1.0
0.036670554204458916,0.0018036073108216434,4.1026615633221045e-22,1.0
0.036670554204458916,0.0019038077114228457,1.4101055756578054e-21,1.0
0.036670554204458916,0.0020040081120240483,6.254663922760934e-22,1.0
0.036670554204458916,0.0021042085126252506,1.2427156513416287e-18,1.0
0.036670554204458916,0.002204408913226453,1.8360388062685205e-19,1.0
0.036670554204458916,0.0023046093138276553,5.2125694926346206e-24,1.0
0.036670554204458916,0.0024048097144288576,8.934400175601868e-24,1.0
0.036670554204458916,0.0025050101150300604,2.7941387823126676e-22,1.0
0.03676834234873747,1e-10,4.184714421272995e-25,1.0
0.03676834234873747,0.0001002005006012024,5.847349008666444e-25,1.0
0.03676834234873747,0.00020040090120240482,2.4359947681887187e-25,1.0
0.03676834234873747,0.0003006013018036072,4.87169009552695e-24,1.0
0.03676834234873747,0.0004008017024048096,1.1440457482638281e-25,1.0
0.03676834234873747,0.0005010021030060121,1.7879569746260394e-24,1.0
0.03676834234873747,0.0006012025036072144,1.8360400527996405e-24,1.0
0.03676834234873747,0.0007014029042084169,1.8723257850728515e-25,1.0
0.03676834234873747,0.0008016033048096193,1.0641895376805737e-23,1.0
0.03676834234873747,0.0009018037054108217,2.676297581981006e-23,1.0
0.03676834234873747,0.0010020041060120242,5.1108014988433145e-24,1.0
0.03676834234873747,0.0011022045066132265,1.2525344173162402e-23,1.0
0.03676834234873747,0.0012024049072144288,2.478506535039791e-24,1.0
0.03676834234873747,0.0013026053078156314,2.8741165017592293e-21,1.0
0.03676834234873747,0.0014028057084168337,1.2040868133595284e-23,1.0
0.03676834234873747,0.0015030061090180362,1.2764544273508142e-22,1.0
0.03676834234873747,0.0016032065096192386,7.823817010358956e-22,1.0
0.03676834234873747,0.0017034069102204409,2.219222429119257e-23,1.0
0.03676834234873747,0.0018036073108216434,4.524393346368288e-24,1.0
0.03676834234873747,0.0019038077114228457,1.8893750510513893e-22,1.0
0.03676834234873747,0.0020040081120240483,3.659487195218774e-23,1.0
0.03676834234873747,0.0021042085126252506,5.075168990974953e-22,1.0
0.03676834234873747,0.002204408913226453,1.3845533891484347e-25,1.0
0.03676834234873747,0.0023046093138276553,4.6103600785850084e-21,1.0
0.03676834234873747,0.0024048097144288576,1.2924748131036271e-20,1.0
0.03676834234873747,0.0025050101150300604,4.322233473375632e-26,1.0
0.036866130493016035,1e-10,6.949998714626673e-25,1.0
0.036866130493016035,0.0001002005006012024,1.308116584538577e-24,1.0
0.036866130493016035,0.00020040090120240482,3.1615413648950533e-24,1.0
0.036866130493016035,0.0003006013018036072,2.1581917128055866e-24,1.0
0.036866130493016035,0.0004008017024048096,1.2585347581006178e-23,1.0
0.036866130493016035,0.0005010021030060121,1.6389076887775794e-24,1.0
0.036866130493016035,0.0006012025036072144,2.4278109530766612e-24,1.0
0.036866130493016035,0.0007014029042084169,2.556155398344517e-24,1.0
0.036866130493016035,0.0008016033048096193,2.226945505036958e-25,1.0
0.036866130493016035,0.0009018037054108217,1.226291030363339e-23,1.0
0.036866130493016035,0.0010020041060120242,1.0920846760275974e-23,1.0
0.036866130493016035,0.0011022045066132265,1.5272747121565996e-23,1.0
0.036866130493016035,0.0012024049072144288,6.112170953286174e-23,1.0
0.036866130493016035,0.0013026053078156314,1.299499015629285e-23,1.0
0.036866130493016035,0.0014028057084168337,2.36225503679496e-22,1.0
0.036866130493016035,0.0015030061090180362,2.391749112729863e-25,1.0
0.036866130493016035,0.0016032065096192386,3.1890405927246e-24,1.0
0.036866130493016035,0.0017034069102204409,5.604172202796511e-22,1.0
0.036866130493016035,0.0018036073108216434,1.419232327123613e-21,1.0
0.036866130493016035,0.0019038077114228457,2.2026742175126236e-22,1.0
0.036866130493016035,0.0020040081120240483,2.9354866348453476e-26,1.0
0.036866130493016035,0.0021042085126252506,1.5617477619521384e-18,1.0
0.036866130493016035,0.002204408913226453,5.165627608564461e-23,1.0
0.036866130493016035,0.0023046093138276553,1.2024253141628542e-17,1.0
0.036866130493016035,0.0024048097144288576,1.1419650727671671e-23,1.0
0.036866130493016035,0.0025050101150300604,1.0291968500378573e-17,1.0
0.03696391863729459,1e-10,1.1535554383579005e-24,1.0
0.03696391863729459,0.0001002005006012024,1.3398045660107603e-24,1.0
0.03696391863729459,0.00020040090120240482,1.083506927293257e-24,1.0
0.03696391863729459,0.0003006013018036072,7.969765044123116e-24,1.0
0.03696391863729459,0.0004008017024048096,1.0141966979182138e-23,1.0
0.03696391863729459,0.0005010021030060121,2.14822277325327e-24,1.0
0.03696391863729459,0.0006012025036072144,8.271415379885464e-23,1.0
0.03696391863729459,0.0007014029042084169,4.498434293506437e-24,1.0
0.03696391863729459,0.0008016033048096193,7.07133072421951e-24,1.0
0.03696391863729459,0.0009018037054108217,2.604644416902244e-23,1.0
0.03696391863729459,0.0010020041060120242,7.5050958903352665e-25,1.0
0.03696391863729459,0.0011022045066132265,6.953753282691478e-22,1.0
0.03696391863729459,0.0012024049072144288,2.099140456853392e-23,1.0
0.03696391863729459,0.0013026053078156314,3.162145541192565e-23,1.0
0.03696391863729459,0.0014028057084168337,2.8145969073470373e-22,1.0
0.03696391863729459,0.0015030061090180362,1.492991654726274e-20,1.0
0.03696391863729459,0.0016032065096192386,4.5334531189821586e-20,0.9999999999999999
0.03696391863729459,0.0017034069102204409,1.3364325414269192e-22,1.0
0.03696391863729459,0.0018036073108216434,3.20456136039727e-22,1.0
0.03696391863729459,0.0019038077114228457,2.2908692174045152e-20,1.0
0.03696391863729459,0.0020040081120240483,3.685090764917747e-21,1.0
0.03696391863729459,0.0021042085126252506,2.7774439174751057e-22,1.0
0.03696391863729459,0.002204408913226453,9.838322098630562e-22,1.0
0.03696391863729459,0.0023046093138276553,1.3424460406359356e-20,1.0
0.03696391863729459,0.0024048097144288576,4.186896321927288e-21,1.0
0.03696391863729459,0.0025050101150300604,3.838011286279209e-20,1.0
0.037061706781573146,1e-10,1.9135950094377852e-24,1.0
0.037061706781573146,0.0001002005006012024,3.700110439921447e-24,1.0
0.037061706781573146,0.00020040090120240482,1.310170006783741e-23,1.0
0.037061706781573146,0.0003006013018036072,1.0219610575868314e-24,1.0
0.037061706781573146,0.0004008017024048096,1.1242220583986618e-23,1.0
0.037061706781573146,0.0005010021030060121,1.570142970695752e-23,1.0
0.037061706781573146,0.0006012025036072144,1.5379621556727488e-23,1.0
0.037061706781573146,0.0007014029042084169,6.967704597528237e-24,1.0
0.037061706781573146,0.0008016033048096193,1.216989799140577e-23,1.0
0.037061706781573146,0.0009018037054108217,2.1948507526390686e-24,1.0
0.037061706781573146,0.0010020041060120242,1.7307169383125687e-22,1.0
0.037061706781573146,0.0011022045066132265,3.056688162796632e-22,1.0
0.037061706781573146,0.0012024049072144288,3.094742606196032e-23,1.0
0.037061706781573146,0.0013026053078156314,1.7000794359550446e-23,1.0
0.037061706781573146,0.0014028057084168337,6.149586489967378e-24,1.0
0.037061706781573146,0.0015030061090180362,1.4574806043370538e-21,1.0
0.037061706781573146,0.0016032065096192386,1.0769899703772749e-21,1.0
0.037061706781573146,0.0017034069102204409,1.3053312348928382e-21,1.0
0.037061706781573146,0.0018036073108216434,4.2070699527246915e-20,1.0
0.037061706781573146,0.0019038077114228457,3.707502974530223e-21,1.0
0.037061706781573146,0.0020040081120240483,1.9453036027380217e-23,1.0
0.037061706781573146,0.0021042085126252506,3.2571401933529183e-21,1.0
0.037061706781573146,0.002204408913226453,3.028685195766063e-20,1.0
0.037061706781573146,0.0023046093138276553,1.3722030486567462e-22,1.0
0.037061706781573146,0.0024048097144288576,2.6239086719660254e-23,1.0
0.037061706781573146,0.0025050101150300604,3.493192195853013e-20,1.0
0.0371594949258517,1e-10,3.1823299922379016e-24,1.0
0.0371594949258517,0.0001002005006012024,5.946681922382221e-24,1.0
0.0371594949258517,0.00020040090120240482,1.1638854049561586e-23,1.0
0.0371594949258517,0.0003006013018036072,4.734512179352102e-24,1.0
0.0371594949258517,0.0004008017024048096,1.060557200557629e-23,1.0
0.0371594949258517,0.0005010021030060121,1.9700023656806985e-24,1.0
0.0371594949258517,0.0006012025036072144,1.7523540282880614e-23,0.9999999999999999
0.0371594949258517,0.0007014029042084169,1.863319678648766e-22,1.0
0.0371594949258517,0.0008016033048096193,1.395988527623411e-23,1.0
0.0371594949258517,0.0009018037054108217,2.7776909193080897e-22,1.0
0.0371594949258517,0.0010020041060120242,1.759127972501053e-23,1.0
0.0371594949258517,0.0011022045066132265,1.2223966216800952e-22,1.0
0.0371594949258517,0.0012024049072144288,1.807864485369816e-22,1.0
0.0371594949258517,0.0013026053078156314,1.4944367428560048e-21,1.0
0.0371594949258517,0.0014028057084168337,2.148402421759407e-22,1.0
0.0371594949258517,0.0015030061090180362,2.625068522771233e-20,1.0
0.0371594949258517,0.0016032065096192386,2.890281800616958e-23,1.0
0.0371594949258517,0.0017034069102204409,2.3188433266546005e-20,1.0
0.0371594949258517,0.0018036073108216434,2.060995522071201e-19,1.0
0.0371594949258517,0.0019038077114228457,3.145119975697982e-22,1.0
0.0371594949258517,0.0020040081120240483,7.133710925324925e-21,1.0
0.0371594949258517,0.0021042085126252506,1.2441292170005217e-23,1.0
0.0371594949258517,0.002204408913226453,9.246430932510676e-19,1.0
0.0371594949258517,0.0023046093138276553,2.6430001993115727e-22,1.0
0.0371594949258517,0.0024048097144288576,2.6059064724533475e-20,1.0
0.0371594949258517,0.0025050101150300604,4.805623853893175e-24,1.0
0.03725728307013026,1e-10,5.284759027162225e-24,1.0
0.03725728307013026,0.0001002005006012024,6.897754898982521e-24,1.0
0.03725728307013026,0.00020040090120240482,1.571648386342017e-23,1.0
0.03725728307013026,0.0003006013018036072,2.6546013181146546e-23,1.0
0.03725728307013026,0.0004008017024048096,1.1079853883574253e-23,1.0
0.03725728307013026,0.0005010021030060121,2.013815060087306e-23,1.0
0.03725728307013026,0.0006012025036072144,1.988094893099746e-22,1.0
0.03725728307013026,0.0007014029042084169,1.24425411747716e-23,1.0
0.03725728307013026,0.0008016033048096193,1.8187315453999146e-22,1.0
0.03725728307013026,0.0009018037054108217,8.104040305632898e-24,1.0
0.03725728307013026,0.0010020041060120242,5.2921426625112254e-23,1.0
0.03725728307013026,0.0011022045066132265,1.6244483523374246e-22,1.0
0.03725728307013026,0.0012024049072144288,2.137917726535394e-21,1.0
0.03725728307013026,0.0013026053078156314,2.4994342728298574e-22,1.0
0.03725728307013026,0.0014028057084168337,6.443616181260679e-23,1.0
0.03725728307013026,0.0015030061090180362,2.6515558488087354e-19,1.0
0.03725728307013026,0.0016032065096192386,7.332778103910758e-20,1.0
0.03725728307013026,0.0017034069102204409,2.893550575666754e-23,1.0
0.03725728307013026,0.0018036073108216434,9.402901352558037e-24,1.0
0.03725728307013026,0.0019038077114228457,3.7242551659324906e-22,1.0
0.03725728307013026,0.0020040081120240483,6.444588103898005e-21,1.0
0.03725728307013026,0.0021042085126252506,8.984046357669862e-21,1.0
0.03725728307013026,0.002204408913226453,8.92007184338461e-25,1.0
0.03725728307013026,0.0023046093138276553,8.584828815283563e-21,1.0
0.03725728307013026,0.0024048097144288576,3.796491872817252e-21,1.0
0.03725728307013026,0.0025050101150300604,5.349183885300248e-20,1.0
0.03735507121440882,1e-10,8.773837804385311e-24,1.0
0.03735507121440882,0.0001002005006012024,4.452127201257906e-24,1.0
0.03735507121440882,0.00020040090120240482,8.58025182386012e-24,1.0
0.03735507121440882,0.0003006013018036072,3.680170460705548e-22,1.0
0.03735507121440882,0.0004008017024048096,3.6790194799488286e-24,1.0
0.03735507121440882,0.0005010021030060121,8.56493843137266e-22,1.0
0.03735507121440882,0.0006012025036072144,3.370028064067455e-22,1.0
0.03735507121440882,0.0007014029042084169,2.845103136267891e-23,1.0
0.03735507121440882,0.0008016033048096193,6.443084781345756e-23,1.0
0.03735507121440882,0.0009018037054108217,2.1859803742732502e-23,1.0
0.03735507121440882,0.0010020041060120242,2.5392114794351885e-23,1.0
0.03735507121440882,0.0011022045066132265,4.246453912239143e-23,1.0
0.03735507121440882,0.0012024049072144288,6.693706851677545e-22,1.0
0.03735507121440882,0.0013026053078156314,1.4259097127558118e-22,1.0
0.03735507121440882,0.0014028057084168337,7.325953429612681e-22,1.0
0.03735507121440882,0.0015030061090180362,1.626565297508881e-20,1.0
0.03735507121440882,0.0016032065096192386,4.4573651812712916e-20,1.0
0.03735507121440882,0.0017034069102204409,9.348297430013274e-25,1.0
0.03735507121440882,0.0018036073108216434,5.489134663058291e-23,1.0
0.03735507121440882,0.0019038077114228457,3.0768373524432575e-21,1.0
0.03735507121440882,0.0020040081120240483,3.83550451809181e-21,1.0
0.03735507121440882,0.0021042085126252506,2.200052332740781e-21,1.0
0.03735507121440882,0.002204408913226453,8.347802610158756e-20,1.0
0.03735507121440882,0.0023046093138276553,4.886706279328667e-22,1.0
0.03735507121440882,0.0024048097144288576,2.430160601402958e-19,1.0
0.03735507121440882,0.0025050101150300604,1.8490840527017198e-20,1.0
0.037452859358687376,1e-10,1.45661667772002e-23,1.0
0.037452859358687376,0.0001002005006012024,8.136831943065103e-24,1.0
0.037452859358687376,0.00020040090120240482,3.586004937040833e-23,1.0
0.037452859358687376,0.0003006013018036072,1.4930258331611474e-23,1.0
0.037452859358687376,0.0004008017024048096,9.526900428859733e-23,1.0
0.037452859358687376,0.0005010021030060121,3.0335157925664233e-22,1.0
0.037452859358687376,0.0006012025036072144,4.722578175937702e-22,1.0
0.037452859358687376,0.0007014029042084169,2.3270647993139257e-22,1.0
0.037452859358687376,0.0008016033048096193,8.086862393286377e-23,1.0
0.037452859358687376,0.0009018037054108217,2.2129679107066733e-25,1.0
0.037452859358687376,0.0010020041060120242,3.6414441343650674e-24,1.0
0.037452859358687376,0.0011022045066132265,1.8815318639540317e-21,1.0
0.037452859358687376,0.0012024049072144288,1.5318853370912042e-20,1.0
0.037452859358687376,0.0013026053078156314,1.456160656500603e-20,1.0
0.037452859358687376,0.0014028057084168337,2.3556182224952138e-23,1.0
0.037452859358687376,0.0015030061090180362,6.062626967952326e-22,1.0
0.037452859358687376,0.0016032065096192386,3.6542341612387134e-22,1.0
0.037452859358687376,0.0017034069102204409,1.095275723542442e-22,1.0
0.037452859358687376,0.0018036073108216434,7.243316565006182e-22,1.0
0.037452859358687376,0.0019038077114228457,8.825317866921393e-22,1.0
0.037452859358687376,0.0020040081120240483,4.11324597241821e-21,0.9999999999999999
0.037452859358687376,0.0021042085126252506,1.4696709105318997e-21,1.0
0.037452859358687376,0.002204408913226453,4.435981396824923e-21,1.0
0.037452859358687376,0.0023046093138276553,3.730974586021686e-21,1.0
0.037452859358687376,0.0024048097144288576,2.3193249508608102e-20,1.0
0.037452859358687376,0.0025050101150300604,5.528791103880241e-17,1.0
0.037452859358687376,0.0026052105156312627,2.0914386280444408e-22,1.0
0.03755064750296593,1e-10,2.4199141623112018e-23,1.0
0.03755064750296593,0.0001002005006012024,1.1994380170487695e-22,1.0
0.03755064750296593,0.00020040090120240482,3.1510194053788066e-23,1.0
0.03755064750296593,0.0003006013018036072,1.0059046007409407e-23,1.0
0.03755064750296593,0.0004008017024048096,1.515547301074835e-22,1.0
0.03755064750296593,0.0005010021030060121,3.8772680772955637e-23,1.0
0.03755064750296593,0.0006012025036072144,2.6103307594456696e-23,1.0
0.03755064750296593,0.0007014029042084169,3.031985935822023e-22,1.0
0.03755064750296593,0.0008016033048096193,2.7538593100329904e-22,1.0
0.03755064750296593,0.0009018037054108217,6.792029608775665e-21,1.0
0.03755064750296593,0.0010020041060120242,4.535164580712537e-20,1.0
0.03755064750296593,0.0011022045066132265,4.7340042951056496e-21,1.0
0.03755064750296593,0.0012024049072144288,1.5792172444317353e-23,1.0
0.03755064750296593,0.0013026053078156314,3.2687831429021127e-21,1.0
0.03755064750296593,0.0014028057084168337,3.0421493513240256e-23,1.0
0.03755064750296593,0.0015030061090180362,8.7181573440027e-24,1.0
0.03755064750296593,0.0016032065096192386,6.822837897978849e-23,1.0
0.03755064750296593,0.0017034069102204409,3.108587022314759e-23,1.0
0.03755064750296593,0.0018036073108216434,9.303040198695324e-24,1.0
0.03755064750296593,0.0019038077114228457,1.6004184263394027e-21,1.0
0.03755064750296593,0.0020040081120240483,9.701275409619915e-24,1.0
0.03755064750296593,0.0021042085126252506,2.325636648653139e-22,1.0
0.03755064750296593,0.002204408913226453,1.1107289874604292e-22,1.0
0.03755064750296593,0.0023046093138276553,5.152428518250714e-20,1.0
0.03755064750296593,0.0024048097144288576,8.063654663619457e-20,1.0
0.03755064750296593,0.0025050101150300604,2.874216167733729e-21,0.9999999999999999
0.03755064750296593,0.0026052105156312627,6.0300533712294515e-18,1.0
0.03764843564724449,1e-10,4.022712081055519e-23,1.0
0.03764843564724449,0.0001002005006012024,9.680642430165248e-23,1.0
0.03764843564724449,0.00020040090120240482,4.965976006591951e-23,1.0
0.03764843564724449,0.0003006013018036072,1.2297642818613075e-22,1.0
0.03764843564724449,0.0004008017024048096,3.842683737836298e-22,1.0
0.03764843564724449,0.0005010021030060121,5.663221043957644e-23,1.0
0.03764843564724449,0.0006012025036072144,2.408652946091211e-23,1.0
0.03764843564724449,0.0007014029042084169,7.378893891640357e-23,1.0
0.03764843564724449,0.0008016033048096193,1.303010080043297e-21,1.0
0.03764843564724449,0.0009018037054108217,3.625343967721826e-22,1.0
0.03764843564724449,0.0010020041060120242,1.1443905832683316e-23,1.0
0.03764843564724449,0.0011022045066132265,1.5874495605386308e-21,1.0
0.03764843564724449,0.0012024049072144288,5.052419263709865e-21,1.0
0.03764843564724449,0.0013026053078156314,1.3643274481480683e-20,1.0
0.03764843564724449,0.0014028057084168337,5.110409602966013e-21,1.0
0.03764843564724449,0.0015030061090180362,8.488468159564453e-23,1.0
0.03764843564724449,0.0016032065096192386,2.389785894718447e-22,1.0
0.03764843564724449,0.0017034069102204409,4.750603393666606e-21,1.0
0.03764843564724449,0.0018036073108216434,6.32992785286697e-20,1.0
0.03764843564724449,0.0019038077114228457,9.099045139113895e-20,1.0
0.03764843564724449,0.0020040081120240483,8.694961941155089e-21,1.0
0.03764843564724449,0.0021042085126252506,4.371511206954524e-17,1.0
0.03764843564724449,0.002204408913226453,2.131294767223428e-20,1.0
0.03764843564724449,0.0023046093138276553,9.227077549382416e-20,1.0
0.03764843564724449,0.0024048097144288576,4.292415022967411e-22,1.0
0.03764843564724449,0.0025050101150300604,4.045814416499714e-20,1.0
0.03764843564724449,0.0026052105156312627,5.338606614838889e-19,1.0
0.037746223791523044,1e-10,6.67409721458602e-23,1.0
0.037746223791523044,0.0001002005006012024,7.348615515801778e-23,1.0
0.037746223791523044,0.00020040090120240482,3.5784012567016022e-22,1.0
0.037746223791523044,0.0003006013018036072,1.0787024067734897e-21,1.0
0.037746223791523044,0.0004008017024048096,1.70452884754435e-23,0.9999999999999999
0.037746223791523044,0.0005010021030060121,1.6159076103809212e-23,1.0
0.037746223791523044,0.0006012025036072144,8.757506848120268e-22,1.0
0.037746223791523044,0.0007014029042084169,9.6754387622386e-22,1.0
0.037746223791523044,0.0008016033048096193,1.399038845843646e-21,1.0
0.037746223791523044,0.0009018037054108217,7.417173572667312e-22,1.0
0.037746223791523044,0.0010020041060120242,1.0002549314140431e-21,1.0
0.037746223791523044,0.0011022045066132265,5.380180972459928e-22,1.0
0.037746223791523044,0.0012024049072144288,1.2018877170103563e-21,1.0
0.037746223791523044,0.0013026053078156314,1.6419636398427735e-20,1.0
0.037746223791523044,0.0014028057084168337,7.5873442469970365e-22,1.0
0.037746223791523044,0.0015030061090180362,3.6003350927182624e-20,1.0
0.037746223791523044,0.0016032065096192386,8.208722607415063e-20,1.0
0.037746223791523044,0.0017034069102204409,1.2010034626559209e-22,1.0
0.037746223791523044,0.0018036073108216434,3.744587147328893e-19,1.0
0.037746223791523044,0.0019038077114228457,1.083918606242412e-20,1.0
0.037746223791523044,0.0020040081120240483,1.6882342333415195e-20,0.9999999999999999
0.037746223791523044,0.0021042085126252506,9.935298252901306e-20,1.0
0.037746223791523044,0.002204408913226453,8.891541305964844e-22,1.0
0.037746223791523044,0.0023046093138276553,1.5193272239321294e-20,1.0
0.037746223791523044,0.0024048097144288576,7.858369404435526e-25,1.0
0.037746223791523044,0.0025050101150300604,1.5805543302628138e-22,1.0
0.037746223791523044,0.0026052105156312627,1.6437370688655593e-20,1.0
0.03784401193580161,1e-10,1.1075314437843978e-22,1.0
0.03784401193580161,0.0001002005006012024,1.0025817744877754e-22,1.0
0.03784401193580161,0.00020040090120240482,7.725944892850929e-23,1.0
0.03784401193580161,0.0003006013018036072,7.683945974904372e-23,1.0
0.03784401193580161,0.0004008017024048096,4.368964111230705e-22,1.0
0.03784401193580161,0.0005010021030060121,1.283655286035546e-22,1.0
0.03784401193580161,0.0006012025036072144,1.1174394578113577e-23,1.0
0.03784401193580161,0.0007014029042084169,3.992554361673532e-23,1.0
0.03784401193580161,0.0008016033048096193,8.976511227568216e-22,1.0
0.03784401193580161,0.0009018037054108217,2.2974952546109214e-21,1.0
0.03784401193580161,0.0010020041060120242,2.6872422434672023e-23,0.9999999999999999
0.03784401193580161,0.0011022045066132265,7.943451477878308e-21,1.0
0.03784401193580161,0.0012024049072144288,1.8348043464327284e-20,1.0
0.03784401193580161,0.0013026053078156314,1.2583453915362759e-21,1.0
0.03784401193580161,0.0014028057084168337,1.2758163878003658e-21,1.0
0.03784401193580161,0.0015030061090180362,1.0450486825318428e-21,0.9999999999999999
0.03784401193580161,0.0016032065096192386,2.3024985849205274e-22,1.0
0.03784401193580161,0.0017034069102204409,2.05725026294414e-20,1.0
0.03784401193580161,0.0018036073108216434,1.1963259836758546e-19,1.0
0.03784401193580161,0.0019038077114228457,6.807118168651914e-20,1.0
0.03784401193580161,0.0020040081120240483,1.5381573712509112e-22,1.0
0.03784401193580161,0.0021042085126252506,9.607472628122823e-19,1.0
0.03784401193580161,0.002204408913226453,4.006963865119354e-22,1.0
0.03784401193580161,0.0023046093138276553,4.937496934240977e-22,1.0
0.03784401193580161,0.0024048097144288576,2.0353998147162914e-19,1.0
0.03784401193580161,0.0025050101150300604,2.176724965614113e-16,0.9999999999999998
0.03784401193580161,0.0026052105156312627,4.596675668377945e-20,1.0
0.03794180008008016,1e-10,1.8425391595989322e-22,1.0
0.03794180008008016,0.0001002005006012024,9.971325330085917e-23,1.0
0.03794180008008016,0.00020040090120240482,1.9579977044288922e-22,1.0
0.03794180008008016,0.0003006013018036072,1.0729165778721892e-22,1.0
0.03794180008008016,0.0004008017024048096,2.1649964560293597e-21,1.0
0.03794180008008016,0.0005010021030060121,2.312956445951842e-22,1.0
0.03794180008008016,0.0006012025036072144,1.6066568828266328e-21,1.0
0.03794180008008016,0.0007014029042084169,6.319163735758613e-19,1.0
0.03794180008008016,0.0008016033048096193,4.0578644284188024e-21,1.0
0.03794180008008016,0.0009018037054108217,5.775946967511372e-22,1.0
0.03794180008008016,0.0010020041060120242,2.827159314123344e-21,1.0
0.03794180008008016,0.0011022045066132265,4.033014846464779e-22,1.0
0.03794180008008016,0.0012024049072144288,3.8733070914359914e-20,1.0
0.03794180008008016,0.0013026053078156314,5.214361588667559e-20,0.9999999999999999
0.03794180008008016,0.0014028057084168337,1.1568136914447052e-20,1.0
0.03794180008008016,0.0015030061090180362,5.909097370029176e-20,1.0
0.03794180008008016,0.0016032065096192386,2.1235121664007185e-22,1.0
0.03794180008008016,0.0017034069102204409,9.041374418955556e-21,1.0
0.03794180008008016,0.0018036073108216434,5.589051190653734e-19,1.0
0.03794180008008016,0.0019038077114228457,1.0403001436510638e-20,1.0
0.03794180008008016,0.0020040081120240483,1.969016951200033e-21,1.0
0.03794180008008016,0.0021042085126252506,6.73745014547624e-20,1.0
0.03794180008008016,0.002204408913226453,9.024535659743428e-22,1.0
0.03794180008008016,0.0023046093138276553,3.1349907850082005e-20,1.0
0.03794180008008016,0.0024048097144288576,9.12986813457721e-18,1.0
0.03794180008008016,0.0025050101150300604,8.19666019578201e-22,1.0
0.03794180008008016,0.0026052105156312627,3.812385887388857e-19,1.0
0.03803958822435872,1e-10,3.059713408284035e-22,1.0
0.03803958822435872,0.0001002005006012024,5.090210179030073e-22,1.0
0.03803958822435872,0.00020040090120240482,1.414371330315259e-21,1.0
0.03803958822435872,0.0003006013018036072,2.292830921112767e-22,1.0
0.03803958822435872,0.0004008017024048096,5.848405261730019e-21,1.0
0.03803958822435872,0.0005010021030060121,1.464007568158206e-21,1.0
0.03803958822435872,0.0006012025036072144,1.2657988798027864e-20,1.0
0.03803958822435872,0.0007014029042084169,6.228557470387051e-22,1.0
0.03803958822435872,0.0008016033048096193,7.836950580295447e-22,1.0
0.03803958822435872,0.0009018037054108217,9.047138411615191e-21,1.0
0.03803958822435872,0.0010020041060120242,2.6838307693761958e-21,1.0
0.03803958822435872,0.0011022045066132265,1.0994515948053224e-22,1.0
0.03803958822435872,0.0012024049072144288,5.891521321324933e-19,1.0
0.03803958822435872,0.0013026053078156314,5.640157801018361e-21,1.0
0.03803958822435872,0.0014028057084168337,3.0829501229265947e-21,1.0
0.03803958822435872,0.0015030061090180362,1.6472148425377392e-18,1.0
0.03803958822435872,0.0016032065096192386,2.0980489944273603e-23,1.0
0.03803958822435872,0.0017034069102204409,5.559218140670737e-22,1.0
0.03803958822435872,0.0018036073108216434,1.1746435479323098e-19,1.0
0.03803958822435872,0.0019038077114228457,4.67837840041396e-22,1.0
0.03803958822435872,0.0020040081120240483,8.544621248043715e-19,1.0
0.03803958822435872,0.0021042085126252506,1.951620245348672e-21,1.0
0.03803958822435872,0.002204408913226453,2.0258213285240252e-20,1.0
0.03803958822435872,0.0023046093138276553,7.088472731292791e-20,1.0
0.03803958822435872,0.0024048097144288576,4.974503351729508e-21,1.0
0.03803958822435872,0.0025050101150300604,4.842578598137772e-20,1.0
0.03803958822435872,0.0026052105156312627,1.6236021964677871e-18,1.0
0.038137376368637274,1e-10,5.086349449014832e-22,1.0
0.038137376368637274,0.0001002005006012024,3.2121311373541925e-22,1.0
0.038137376368637274,0.00020040090120240482,1.8272889349832114e-22,1.0
0.038137376368637274,0.0003006013018036072,1.3111657251459965e-22,1.0
0.038137376368637274,0.0004008017024048096,3.975694392366132e-23,1.0
0.038137376368637274,0.0005010021030060121,6.266335677537172e-23,1.0
0.038137376368637274,0.0006012025036072144,1.068004359043222e-21,1.0
0.038137376368637274,0.0007014029042084169,2.2782987733371637e-20,1.0
0.038137376368637274,0.0008016033048096193,1.187081863681381e-21,1.0
0.038137376368637274,0.0009018037054108217,1.1226657315265007e-21,1.0
0.038137376368637274,0.0010020041060120242,2.6970239551754013e-21,1.0
0.038137376368637274,0.0011022045066132265,1.5792390227257907e-20,1.0
0.038137376368637274,0.0012024049072144288,1.443905975657145e-20,1.0
0.038137376368637274,0.0013026053078156314,3.979704462146923e-22,1.0
0.038137376368637274,0.0014028057084168337,5.65205720653275e-21,1.0
0.038137376368637274,0.0015030061090180362,1.1494145026047929e-19,1.0
0.038137376368637274,0.0016032065096192386,6.260625376878753e-21,1.0
0.038137376368637274,0.0017034069102204409,1.6400045131160055e-19,1.0
0.038137376368637274,0.0018036073108216434,5.801451829137844e-20,1.0
0.038137376368637274,0.0019038077114228457,1.089574043764305e-18,1.0
0.038137376368637274,0.0020040081120240483,1.918131246274728e-21,1.0
0.038137376368637274,0.0021042085126252506,1.6589928481012427e-18,1.0
0.038137376368637274,0.002204408913226453,8.217850816467017e-19,1.0
0.038137376368637274,0.0023046093138276553,1.9644986194379767e-21,1.0
0.038137376368637274,0.0024048097144288576,1.8137558430191607e-19,1.0
0.038137376368637274,0.0025050101150300604,4.3706752466784683e-17,1.0
0.038137376368637274,0.0026052105156312627,2.800958009894132e-19,1.0
0.03823516451291583,1e-10,8.444933095416535e-22,1.0
0.03823516451291583,0.0001002005006012024,1.1190047271676653e-20,1.0
0.03823516451291583,0.00020040090120240482,8.271453367822047e-22,1.0
0.03823516451291583,0.0003006013018036072,2.2258794153306376e-22,1.0
0.03823516451291583,0.0004008017024048096,2.7064250279230184e-22,1.0
0.03823516451291583,0.0005010021030060121,3.3299877932057636e-21,1.0
0.03823516451291583,0.0006012025036072144,1.2721596336664984e-20,1.0
0.03823516451291583,0.0007014029042084169,1.7930589122269078e-21,1.0
0.03823516451291583,0.0008016033048096193,8.614686769263536e-20,1.0
0.03823516451291583,0.0009018037054108217,4.9535185669978465e-20,1.0
0.03823516451291583,0.0010020041060120242,1.1432256986709467e-19,1.0
0.03823516451291583,0.0011022045066132265,3.170558035767731e-20,1.0
0.03823516451291583,0.0012024049072144288,2.868002703222161e-21,1.0
0.03823516451291583,0.0013026053078156314,1.9471145125458295e-19,1.0
0.03823516451291583,0.0014028057084168337,1.0669037211589329e-18,1.0
0.03823516451291583,0.0015030061090180362,2.5897713749311737e-21,1.0
0.03823516451291583,0.0016032065096192386,2.727276966350251e-17,1.0
0.03823516451291583,0.0017034069102204409,7.015423541519806e-17,1.0
0.03823516451291583,0.0018036073108216434,4.8624435894754924e-21,1.0
0.03823516451291583,0.0019038077114228457,3.302174923279367e-19,1.0
0.03823516451291583,0.0020040081120240483,8.980410328579713e-21,1.0
0.03823516451291583,0.0021042085126252506,3.474133368353913e-21,1.0
0.03823516451291583,0.002204408913226453,5.00292073835138e-21,1.0
0.03823516451291583,0.0023046093138276553,4.8037016770969675e-22,1.0
0.03823516451291583,0.0024048097144288576,5.988180063267732e-19,1.0
0.03823516451291583,0.0025050101150300604,7.350908065390119e-19,1.0
0.03823516451291583,0.0026052105156312627,1.4754541391266062e-16,0.9999999999999999
0.03833295265719439,1e-10,1.4038271813616294e-21,1.0
0.03833295265719439,0.0001002005006012024,4.420814339935315e-22,1.0
0.03833295265719439,0.00020040090120240482,4.1009933908325986e-22,1.0
0.03833295265719439,0.0003006013018036072,8.306145127993792e-22,1.0
0.03833295265719439,0.0004008017024048096,5.760087129999326e-22,1.0
0.03833295265719439,0.0005010021030060121,2.2258675932368853e-22,1.0
0.03833295265719439,0.0006012025036072144,1.0333439101994944e-20,1.0
0.03833295265719439,0.0007014029042084169,9.105722687652823e-22,1.0
0.03833295265719439,0.0008016033048096193,5.593601514255955e-21,1.0
0.03833295265719439,0.0009018037054108217,3.8759571953918746e-22,1.0
0.03833295265719439,0.0010020041060120242,4.808871917633782e-20,1.0
0.03833295265719439,0.0011022045066132265,2.6317308906878994e-18,1.0
0.03833295265719439,0.0012024049072144288,9.616057698465734e-21,1.0
0.03833295265719439,0.0013026053078156314,3.3676915518893355e-20,1.0
0.03833295265719439,0.0014028057084168337,6.0072845311726925e-21,1.0
0.03833295265719439,0.0015030061090180362,3.009911893242057e-18,1.0
0.03833295265719439,0.0016032065096192386,1.1943756750962749e-18,1.0
0.03833295265719439,0.0017034069102204409,8.996326048901286e-20,1.0
0.03833295265719439,0.0018036073108216434,4.851927619941588e-20,1.0
0.03833295265719439,0.0019038077114228457,3.4441339468550533e-19,1.0
0.03833295265719439,0.0020040081120240483,1.6660685177372929e-19,1.0
0.03833295265719439,0.0021042085126252506,5.578028794142848e-18,1.0
0.03833295265719439,0.002204408913226453,6.628628833403189e-18,1.0
0.03833295265719439,0.0023046093138276553,2.1701632894412437e-19,1.0
0.03833295265719439,0.0024048097144288576,6.987090177739297e-18,1.0
0.03833295265719439,0.0025050101150300604,6.698145784690357e-16,0.9999999999999993
0.03833295265719439,0.0026052105156312627,2.621995805860927e-16,0.9999999999999998
0.03843074080147295,1e-10,2.3331925180916594e-21,1.0
0.03843074080147295,0.0001002005006012024,1.2737065601651164e-20,1.0
0.03843074080147295,0.00020040090120240482,5.479434984113723e-21,1.0
0.03843074080147295,0.0003006013018036072,6.794941455781374e-21,1.0
0.03843074080147295,0.0004008017024048096,1.6914126786051172e-21,1.0
0.03843074080147295,0.0005010021030060121,2.147802910999295e-19,1.0
0.03843074080147295,0.0006012025036072144,4.497577961369711e-20,1.0
0.03843074080147295,0.0007014029042084169,2.3183955729861703e-20,1.0
0.03843074080147295,0.0008016033048096193,6.394713060923015e-19,1.0
0.03843074080147295,0.0009018037054108217,8.562951675993895e-20,1.0
0.03843074080147295,0.0010020041060120242,3.1383666527024645e-21,1.0
0.03843074080147295,0.0011022045066132265,2.7819970307866614e-20,1.0
0.03843074080147295,0.0012024049072144288,8.872815244098376e-20,1.0
0.03843074080147295,0.0013026053078156314,4.47058014561686e-21,1.0
0.03843074080147295,0.0014028057084168337,7.201597650358378e-18,1.0
0.03843074080147295,0.0015030061090180362,5.647926305943177e-21,1.0
0.03843074080147295,0.0016032065096192386,1.696197433770815e-23,1.0
0.03843074080147295,0.0017034069102204409,1.194485572100724e-19,1.0
0.03843074080147295,0.0018036073108216434,5.544281393215646e-20,1.0
0.03843074080147295,0.0019038077114228457,1.7745005062025426e-20,1.0
0.03843074080147295,0.0020040081120240483,2.8933287484675737e-19,1.0
0.03843074080147295,0.0021042085126252506,3.509952873131695e-17,1.0
0.03843074080147295,0.002204408913226453,5.048156092172607e-19,1.0
0.03843074080147295,0.0023046093138276553,5.417227109027218e-19,1.0
0.03843074080147295,0.0024048097144288576,2.752277113236749e-20,1.0
0.03843074080147295,0.0025050101150300604,2.166557228739977e-20,1.0
0.03843074080147295,0.0026052105156312627,1.0617144696999452e-17,1.0
0.038528528945751504,1e-10,3.885153310307242e-21,1.0
0.038528528945751504,0.0001002005006012024,4.426850246795901e-21,1.0
0.038528528945751504,0.00020040090120240482,1.7519335133733484e-20,1.0
0.038528528945751504,0.0003006013018036072,6.5568996009105356e-21,1.0
0.038528528945751504,0.0004008017024048096,6.559735368658716e-21,1.0
0.038528528945751504,0.0005010021030060121,2.39335089548172e-21,1.0
0.038528528945751504,0.0006012025036072144,1.2668881127325166e-19,1.0
0.038528528945751504,0.0007014029042084169,2.87527942178297e-19,1.0
0.038528528945751504,0.0008016033048096193,1.4683525430501468e-19,1.0
0.038528528945751504,0.0009018037054108217,5.996821770002513e-19,1.0
0.038528528945751504,0.0010020041060120242,1.3417807605461372e-19,1.0
0.038528528945751504,0.0011022045066132265,8.818715036622498e-21,1.0
0.038528528945751504,0.0012024049072144288,5.148175265802219e-20,1.0
0.038528528945751504,0.0013026053078156314,3.408021155673013e-21,1.0
0.038528528945751504,0.0014028057084168337,1.7153161026776824e-22,1.0
0.038528528945751504,0.0015030061090180362,1.993155949624545e-21,1.0
0.038528528945751504,0.0016032065096192386,1.6626854110139637e-19,1.0
0.038528528945751504,0.0017034069102204409,1.8804150440607538e-20,1.0
0.038528528945751504,0.0018036073108216434,2.0532977018259155e-19,1.0
0.038528528945751504,0.0019038077114228457,4.2665024313523007e-19,1.0
0.038528528945751504,0.0020040081120240483,2.5287399115471227e-17,1.0
0.038528528945751504,0.0021042085126252506,2.8448942994837456e-17,1.0
0.038528528945751504,0.002204408913226453,2.0088500318397462e-19,1.0
0.038528528945751504,0.0023046093138276553,3.2582878616696202e-18,1.0
0.038528528945751504,0.0024048097144288576,1.4118217523589475e-15,0.9999999999999987
0.038528528945751504,0.0025050101150300604,6.601632325794943e-18,1.0
0.038528528945751504,0.0026052105156312627,5.912141807127749e-15,0.9999999999999941
0.03862631709003006,1e-10,6.442215664577458e-21,1.0
0.03862631709003006,0.0001002005006012024,2.5861944751944605e-21,1.0
0.03862631709003006,0.00020040090120240482,2.1429683988872035e-20,1.0
0.03862631709003006,0.0003006013018036072,1.6000934627988412e-19,1.0
0.03862631709003006,0.0004008017024048096,7.548722649783151e-20,1.0
0.03862631709003006,0.0005010021030060121,6.153913051066242e-20,1.0
0.03862631709003006,0.0006012025036072144,1.9617901884267887e-19,1.0
0.03862631709003006,0.0007014029042084169,9.882885863371327e-19,1.0
0.03862631709003006,0.0008016033048096193,1.181187694919477e-19,1.0
0.03862631709003006,0.0009018037054108217,1.0290083389855084e-19,1.0
0.03862631709003006,0.0010020041060120242,2.876710309733238e-19,1.0
0.03862631709003006,0.0011022045066132265,3.4787133968739573e-19,1.0
0.03862631709003006,0.0012024049072144288,4.4925199084555485e-20,1.0
0.03862631709003006,0.0013026053078156314,6.2078846534386905e-18,1.0
0.03862631709003006,0.0014028057084168337,1.290383670593863e-19,1.0
0.03862631709003006,0.0015030061090180362,1.210778974092398e-17,1.0
0.03862631709003006,0.0016032065096192386,7.72653261222125e-18,1.0
0.03862631709003006,0.0017034069102204409,7.234479789357675e-19,1.0
0.03862631709003006,0.0018036073108216434,5.3825467798524214e-18,1.0
0.03862631709003006,0.0019038077114228457,2.7938157011287286e-17,1.0
0.03862631709003006,0.0020040081120240483,3.879576641803964e-21,1.0
0.03862631709003006,0.0021042085126252506,1.2929131809111064e-18,1.0
0.03862631709003006,0.002204408913226453,5.171058879552196e-18,1.0
0.03862631709003006,0.0023046093138276553,2.6116084988174952e-17,1.0
0.03862631709003006,0.0024048097144288576,2.0840820739205575e-17,1.0
0.03862631709003006,0.0025050101150300604,8.068671602451039e-18,1.0
0.03862631709003006,0.0026052105156312627,2.2955005192028697e-16,0.9999999999999998
0.038724105234308616,1e-10,1.0724186018070115e-20,1.0
0.038724105234308616,0.0001002005006012024,1.1362224962206306e-20,1.0
0.038724105234308616,0.00020040090120240482,4.162277771113544e-20,1.0
0.038724105234308616,0.0003006013018036072,1.1451091888158187e-19,1.0
0.038724105234308616,0.0004008017024048096,1.2279840022755892e-19,1.0
0.038724105234308616,0.0005010021030060121,5.6634395641014e-21,1.0
0.038724105234308616,0.0006012025036072144,1.159929865131353e-21,1.0
0.038724105234308616,0.0007014029042084169,1.7737737319969555e-20,1.0
0.038724105234308616,0.0008016033048096193,2.790920931433772e-19,1.0
0.038724105234308616,0.0009018037054108217,2.0315895605292262e-19,1.0
0.038724105234308616,0.0010020041060120242,2.959001497229326e-19,1.0
0.038724105234308616,0.0011022045066132265,3.1059225931384655e-19,1.0
0.038724105234308616,0.0012024049072144288,2.562398542250755e-18,1.0
0.038724105234308616,0.0013026053078156314,2.651075348543104e-19,1.0
0.038724105234308616,0.0014028057084168337,8.130013199108523e-23,1.0
0.038724105234308616,0.0015030061090180362,7.57130173633872e-20,1.0
0.038724105234308616,0.0016032065096192386,1.129231136223802e-16,1.0
0.038724105234308616,0.0017034069102204409,2.25114121005349e-19,1.0
0.038724105234308616,0.0018036073108216434,1.2401004314144896e-19,1.0
0.038724105234308616,0.0019038077114228457,2.517826745586726e-15,0.9999999999999976
0.038724105234308616,0.0020040081120240483,1.5222977766545377e-17,1.0
0.038724105234308616,0.0021042085126252506,6.205462667538932e-20,1.0
0.038724105234308616,0.002204408913226453,8.777093205705108e-20,1.0
0.038724105234308616,0.0023046093138276553,1.6415842021435758e-19,1.0
0.038724105234308616,0.0024048097144288576,2.133843017030172e-17,1.0
0.038724105234308616,0.0025050101150300604,1.2022645410044449e-16,0.9999999999999998
0.038724105234308616,0.0026052105156312627,2.4501288763945166e-16,0.9999999999999998
0.03882189337858717,1e-10,1.780178303211357e-20,1.0
0.03882189337858717,0.0001002005006012024,1.071131004651233e-20,1.0
0.03882189337858717,0.00020040090120240482,9.480655411238054e-20,1.0
0.03882189337858717,0.0003006013018036072,2.2593412839135367e-21,1.0
0.03882189337858717,0.0004008017024048096,1.4549012809457077e-19,1.0
0.03882189337858717,0.0005010021030060121,3.035189547674831e-18,1.0
0.03882189337858717,0.0006012025036072144,3.2261622203056416e-19,1.0
0.03882189337858717,0.0007014029042084169,4.500342720541348e-19,1.0
0.03882189337858717,0.0008016033048096193,3.1929259553611992e-18,1.0
0.03882189337858717,0.0009018037054108217,9.780868657583542e-21,1.0
0.03882189337858717,0.0010020041060120242,1.1993441758579416e-18,1.0
0.03882189337858717,0.0011022045066132265,6.311802740112778e-19,1.0
0.03882189337858717,0.0012024049072144288,2.177111080566829e-19,1.0
0.03882189337858717,0.0013026053078156314,1.7930103314741396e-19,1.0
0.03882189337858717,0.0014028057084168337,2.2088076105630088e-20,1.0
0.03882189337858717,0.0015030061090180362,1.6473205687122884e-17,1.0
0.03882189337858717,0.0016032065096192386,1.2179315676641256e-16,1.0
0.03882189337858717,0.0017034069102204409,3.8315343025450955e-17,1.0
0.03882189337858717,0.0018036073108216434,1.293222554261539e-16,0.9999999999999999
0.03882189337858717,0.0019038077114228457,2.3108349788382734e-17,1.0
0.03882189337858717,0.0020040081120240483,2.6855055293471704e-17,1.0
0.03882189337858717,0.0021042085126252506,3.7363551702822355e-20,1.0
0.03882189337858717,0.002204408913226453,8.07119794116473e-17,1.0
0.03882189337858717,0.0023046093138276553,1.2977648746972353e-17,1.0
0.03882189337858717,0.0024048097144288576,5.89260730862634e-17,0.9999999999999999
0.03882189337858717,0.0025050101150300604,4.428747259358444e-16,0.9999999999999996
0.03882189337858717,0.0026052105156312627,1.384719132332343e-13,0.9999999999998617
0.038919681522865734,1e-10,2.9596887719777973e-20,1.0
0.038919681522865734,0.0001002005006012024,2.963060729123819e-20,1.0
0.038919681522865734,0.00020040090120240482,4.408876105207884e-19,1.0
0.038919681522865734,0.0003006013018036072,1.1044358597167107e-19,1.0
0.038919681522865734,0.0004008017024048096,3.3619826607946573e-19,1.0
0.038919681522865734,0.0005010021030060121,1.779561343093741e-19,1.0
0.038919681522865734,0.0006012025036072144,3.299249743209511e-20,1.0
0.038919681522865734,0.0007014029042084169,4.485509576847728e-19,1.0
0.038919681522865734,0.0008016033048096193,5.590992336728467e-20,1.0
0.038919681522865734,0.0009018037054108217,1.0202489274977234e-20,1.0
0.038919681522865734,0.0010020041060120242,1.0827040644645193e-19,1.0
0.038919681522865734,0.0011022045066132265,2.9541996689307876e-20,1.0
0.038919681522865734,0.0012024049072144288,1.7827825422018385e-18,1.0
0.038919681522865734,0.0013026053078156314,3.0745556286275327e-19,1.0
0.038919681522865734,0.0014028057084168337,2.135061922771803e-18,1.0
0.038919681522865734,0.0015030061090180362,5.314215923075432e-21,1.0
0.038919681522865734,0.0016032065096192386,1.1916764287863434e-18,1.0
0.038919681522865734,0.0017034069102204409,2.845042745724903e-18,1.0
0.038919681522865734,0.0018036073108216434,1.9440054870184805e-18,1.0
0.038919681522865734,0.0019038077114228457,3.4804849156003976e-14,0.9999999999999653
0.038919681522865734,0.0020040081120240483,1.0038199465915371e-13,0.9999999999998997
0.038919681522865734,0.0021042085126252506,2.0786824454991774e-17,1.0
0.038919681522865734,0.002204408913226453,1.5165070923429024e-18,1.0
0.038919681522865734,0.0023046093138276553,3.801339022161889e-15,0.9999999999999962
0.038919681522865734,0.0024048097144288576,1.7603144083711936e-17,1.0
0.038919681522865734,0.0025050101150300604,1.7749281291777559e-15,0.9999999999999983
0.038919681522865734,0.0026052105156312627,1.4742629444062527e-15,0.9999999999999986
0.03901746966714429,1e-10,4.9197891830144755e-20,1.0
0.03901746966714429,0.0001002005006012024,2.5123288340497113e-19,1.0
0.03901746966714429,0.00020040090120240482,1.2851004913401547e-19,1.0
0.03901746966714429,0.0003006013018036072,7.864437021225243e-20,1.0
0.03901746966714429,0.0004008017024048096,8.238436341545014e-19,1.0
0.03901746966714429,0.0005010021030060121,2.0992270077584907e-19,1.0
0.03901746966714429,0.0006012025036072144,1.7151541805427842e-20,1.0
0.03901746966714429,0.0007014029042084169,1.8607802137904458e-20,1.0
0.03901746966714429,0.0008016033048096193,5.787559853167674e-20,1.0
0.03901746966714429,0.0009018037054108217,1.819586971862436e-19,1.0
0.03901746966714429,0.0010020041060120242,5.788780135016596e-18,1.0
0.03901746966714429,0.0011022045066132265,4.197617468882289e-17,1.0
0.03901746966714429,0.0012024049072144288,8.85341291038556e-18,1.0
0.03901746966714429,0.0013026053078156314,1.3553846668596996e-20,1.0
0.03901746966714429,0.0014028057084168337,8.711352106086101e-18,1.0
0.03901746966714429,0.0015030061090180362,2.207757581142444e-18,1.0
0.03901746966714429,0.0016032065096192386,1.066757884976201e-17,1.0
0.03901746966714429,0.0017034069102204409,2.999412618787401e-18,1.0
0.03901746966714429,0.0018036073108216434,8.189698386072905e-19,1.0
0.03901746966714429,0.0019038077114228457,1.8830489988477651e-16,0.9999999999999998
0.03901746966714429,0.0020040081120240483,2.0246472791968907e-21,1.0
0.03901746966714429,0.0021042085126252506,3.0707123373496e-16,0.9999999999999996
0.03901746966714429,0.002204408913226453,1.6246553549864047e-15,0.9999999999999983
0.03901746966714429,0.0023046093138276553,1.1179557547948812e-16,1.0
0.03901746966714429,0.0024048097144288576,1.1301598454330811e-14,0.9999999999999887
0.03901746966714429,0.0025050101150300604,1.5093408666558579e-18,1.0
0.03901746966714429,0.0026052105156312627,1.0835681650336595e-19,1.0
0.039115257811422846,1e-10,8.181635166055763e-20,1.0
0.039115257811422846,0.0001002005006012024,1.817607620574306e-19,1.0
0.039115257811422846,0.00020040090120240482,7.615194465499691e-20,1.0
0.039115257811422846,0.0003006013018036072,8.316668410934293e-20,1.0
0.039115257811422846,0.0004008017024048096,5.4775747426959475e-19,1.0
0.039115257811422846,0.0005010021030060121,8.155441598724533e-19,1.0
0.039115257811422846,0.0006012025036072144,3.8232624123195064e-19,1.0
0.039115257811422846,0.0007014029042084169,2.9597272088787753e-20,1.0
0.039115257811422846,0.0008016033048096193,6.861963529650677e-18,1.0
0.039115257811422846,0.0009018037054108217,1.6546657272463675e-17,1.0
0.039115257811422846,0.0010020041060120242,1.644148666461114e-18,1.0
0.039115257811422846,0.0011022045066132265,1.780921287078791e-17,1.0
0.039115257811422846,0.0012024049072144288,4.31650141492605e-21,1.0
0.039115257811422846,0.0013026053078156314,5.83285700193052e-18,1.0
0.039115257811422846,0.0014028057084168337,9.641605702410903e-16,0.9999999999999991
0.039115257811422846,0.0015030061090180362,2.4819635952162432e-20,1.0
0.039115257811422846,0.0016032065096192386,4.500010211201324e-19,1.0
0.039115257811422846,0.0017034069102204409,2.379231955887997e-18,1.0
0.039115257811422846,0.0018036073108216434,1.5924000095621435e-18,1.0
0.039115257811422846,0.0019038077114228457,2.864339229348881e-15,0.9999999999999971
0.039115257811422846,0.0020040081120240483,3.231728961447858e-18,1.0
0.039115257811422846,0.0021042085126252506,2.897595302836395e-15,0.9999999999999971
0.039115257811422846,0.002204408913226453,3.505353123976688e-18,1.0
0.039115257811422846,0.0023046093138276553,1.0361668258380945e-18,1.0
0.039115257811422846,0.0024048097144288576,3.886004941693923e-17,1.0
0.039115257811422846,0.0025050101150300604,7.19741793308989e-15,0.9999999999999927
0.039115257811422846,0.0026052105156312627,6.80227105883517e-15,0.9999999999999932
0.0392130459557014,1e-10,1.3594769967848674e-19,1.0
0.0392130459557014,0.0001002005006012024,2.0070055570838024e-19,1.0
0.0392130459557014,0.00020040090120240482,9.941893651833094e-20,1.0
0.0392130459557014,0.0003006013018036072,1.0551271415811349e-18,1.0
0.0392130459557014,0.0004008017024048096,8.945562772448718e-19,1.0
0.0392130459557014,0.0005010021030060121,1.4339483556436245e-18,1.0
0.0392130459557014,0.0006012025036072144,2.9845136653534103e-18,1.0
0.0392130459557014,0.0007014029042084169,2.2424296667950343e-17,1.0
0.0392130459557014,0.0008016033048096193,1.7010976733852677e-20,1.0
0.0392130459557014,0.0009018037054108217,1.9204917740273146e-19,1.0
0.0392130459557014,0.0010020041060120242,6.01988126133449e-18,1.0
0.0392130459557014,0.0011022045066132265,2.819162687258243e-17,1.0
0.0392130459557014,0.0012024049072144288,3.1428338419321637e-15,0.9999999999999969
0.0392130459557014,0.0013026053078156314,2.7993113768204643e-18,1.0
0.0392130459557014,0.0014028057084168337,2.669445474365729e-20,1.0
0.0392130459557014,0.0015030061090180362,1.0621493140182787e-16,0.9999999999999999
0.0392130459557014,0.0016032065096192386,1.0404519430786955e-16,0.9999999999999999
0.0392130459557014,0.0017034069102204409,5.999412990680613e-16,0.9999999999999996
0.0392130459557014,0.0018036073108216434,1.211355205792008e-16,0.9999999999999999
0.0392130459557014,0.0019038077114228457,3.517479252376502e-17,1.0
0.0392130459557014,0.0020040081120240483,2.0040619824571953e-15,0.999999999999998
0.0392130459557014,0.0021042085126252506,3.865712881555067e-18,1.0
0.0392130459557014,0.002204408913226453,3.752755108068742e-18,1.0
0.0392130459557014,0.0023046093138276553,8.139203001830996e-15,0.999999999999992
0.0392130459557014,0.0024048097144288576,3.171403128287508e-17,1.0
0.0392130459557014,0.0025050101150300604,2.9307269189356294e-15,0.9999999999999971
0.0392130459557014,0.0026052105156312627,9.250601341239127e-19,1.0
0.0392130459557014,0.002705410916232465,1.4056113717151787e-17,1.0
0.03931083409997996,1e-10,2.2614940944444774e-19,1.0
0.03931083409997996,0.0001002005006012024,1.5776222591865296e-19,1.0
0.03931083409997996,0.00020040090120240482,1.296040584501866e-19,1.0
0.03931083409997996,0.0003006013018036072,7.773257593663199e-19,1.0
0.03931083409997996,0.0004008017024048096,1.4010736075409988e-19,1.0
0.03931083409997996,0.0005010021030060121,2.2521655716325324e-19,1.0
0.03931083409997996,0.0006012025036072144,1.9770341225923465e-19,1.0
0.03931083409997996,0.0007014029042084169,4.276906724435338e-18,1.0
0.03931083409997996,0.0008016033048096193,2.1990798177878414e-19,1.0
0.03931083409997996,0.0009018037054108217,3.1455877732037537e-18,1.0
0.03931083409997996,0.0010020041060120242,5.983529559989126e-17,0.9999999999999998
0.03931083409997996,0.0011022045066132265,2.0058422814998813e-19,1.0
0.03931083409997996,0.0012024049072144288,5.926247550766938e-19,1.0
0.03931083409997996,0.0013026053078156314,7.796004638178398e-19,1.0
0.03931083409997996,0.0014028057084168337,1.7896946937607483e-19,1.0
0.03931083409997996,0.0015030061090180362,3.4627884194497204e-18,1.0
0.03931083409997996,0.0016032065096192386,1.0360995439282317e-18,1.0
0.03931083409997996,0.0017034069102204409,1.23375164965894e-15,0.9999999999999989
0.03931083409997996,0.0018036073108216434,1.0839538617833972e-17,1.0
0.03931083409997996,0.0019038077114228457,4.286868137073096e-18,1.0
0.03931083409997996,0.0020040081120240483,1.4255342257097304e-14,0.9999999999999858
0.03931083409997996,0.0021042085126252506,2.7961037753708786e-20,1.0
0.03931083409997996,0.002204408913226453,5.610334504873574e-15,0.9999999999999943
0.03931083409997996,0.0023046093138276553,8.051299418046369e-15,0.9999999999999919
0.03931083409997996,0.0024048097144288576,7.18512445507665e-16,0.9999999999999993
0.03931083409997996,0.0025050101150300604,8.771369404812475e-16,0.9999999999999992
0.03931083409997996,0.0026052105156312627,2.658596626175993e-19,1.0
0.03931083409997996,0.002705410916232465,4.002189349799617e-18,1.0
0.03940862224425852,1e-10,3.759853016164729e-19,1.0
0.03940862224425852,0.0001002005006012024,9.187442612163143e-19,1.0
0.03940862224425852,0.00020040090120240482,2.247029119796105e-19,1.0
0.03940862224425852,0.0003006013018036072,1.4024674220462742e-18,1.0
0.03940862224425852,0.0004008017024048096,9.221775949674229e-20,1.0
0.03940862224425852,0.0005010021030060121,2.603910921601298e-17,1.0
0.03940862224425852,0.0006012025036072144,3.266140590240569e-20,1.0
0.03940862224425852,0.0007014029042084169,2.109868328394435e-18,1.0
0.03940862224425852,0.0008016033048096193,1.452598022568761e-18,1.0
0.03940862224425852,0.0009018037054108217,8.823911825172976e-19,1.0
0.03940862224425852,0.0010020041060120242,5.6797943876472075e-16,0.9999999999999994
0.03940862224425852,0.0011022045066132265,2.3715732648173128e-18,1.0
0.03940862224425852,0.0012024049072144288,1.637213069831059e-18,1.0
0.03940862224425852,0.0013026053078156314,2.1161123434893452e-17,1.0
0.03940862224425852,0.0014028057084168337,2.2054270803117487e-16,0.9999999999999998
0.03940862224425852,0.0015030061090180362,8.691366964076948e-19,1.0
0.03940862224425852,0.0016032065096192386,2.1403562001238612e-17,1.0
0.03940862224425852,0.0017034069102204409,3.56635800149275e-18,1.0
0.03940862224425852,0.0018036073108216434,5.071726016409829e-18,1.0
0.03940862224425852,0.0019038077114228457,1.6448595348011576e-14,0.9999999999999836
0.03940862224425852,0.0020040081120240483,5.459363437515445e-19,1.0
0.03940862224425852,0.0021042085126252506,7.560519702192063e-19,1.0
0.03940862224425852,0.002204408913226453,1.923860602530741e-16,0.9999999999999998
0.03940862224425852,0.0023046093138276553,3.1175507080364797e-15,0.999999999999997
0.03940862224425852,0.0024048097144288576,2.470158797860081e-18,1.0
0.03940862224425852,0.0025050101150300604,6.606347164722716e-17,1.0
0.03940862224425852,0.0026052105156312627,1.049709348922089e-18,1.0
0.03940862224425852,0.002705410916232465,5.876672775749621e-15,0.9999999999999941
0.039506410388537076,1e-10,6.256530902951229e-19,1.0
0.039506410388537076,0.0001002005006012024,4.699457224597425e-19,1.0
0.039506410388537076,0.00020040090120240482,1.3340875737698074e-18,1.0
0.039506410388537076,0.0003006013018036072,4.91666088637576e-18,1.0
0.039506410388537076,0.0004008017024048096,1.9185388716952405e-19,1.0
0.039506410388537076,0.0005010021030060121,2.4964794068803132e-18,1.0
0.039506410388537076,0.0006012025036072144,5.821149617126844e-18,1.0
0.039506410388537076,0.0007014029042084169,1.8413364099537258e-18,1.0
0.039506410388537076,0.0008016033048096193,1.184492798252865e-18,1.0
0.039506410388537076,0.0009018037054108217,1.784668535935139e-18,1.0
0.039506410388537076,0.0010020041060120242,1.201567210978337e-18,1.0
0.039506410388537076,0.0011022045066132265,2.5955633317015687e-15,0.9999999999999974
0.039506410388537076,0.0012024049072144288,9.694871917716132e-18,1.0
0.039506410388537076,0.0013026053078156314,4.680713376026521e-18,1.0
0.039506410388537076,0.0014028057084168337,1.3725037397003866e-18,1.0
0.039506410388537076,0.0015030061090180362,7.559437182270287e-17,0.9999999999999999
0.039506410388537076,0.0016032065096192386,6.616434802623603e-17,0.9999999999999998
0.039506410388537076,0.0017034069102204409,1.6657075225569631e-15,0.9999999999999983
0.039506410388537076,0.0018036073108216434,1.3140869568543365e-15,0.9999999999999987
0.039506410388537076,0.0019038077114228457,1.0073501711470405e-17,1.0
0.039506410388537076,0.0020040081120240483,3.0184487390126733e-15,0.999999999999997
0.039506410388537076,0.0021042085126252506,4.626206117891646e-15,0.9999999999999952
0.039506410388537076,0.002204408913226453,3.3468768260745754e-13,0.9999999999996653
0.039506410388537076,0.0023046093138276553,3.604832651210338e-13,0.9999999999996394
0.039506410388537076,0.0024048097144288576,7.312015285119091e-19,1.0
0.039506410388537076,0.0025050101150300604,1.4754793542354427e-15,0.9999999999999987
0.039506410388537076,0.0026052105156312627,7.759501280333444e-16,0.9999999999999991
0.039506410388537076,0.002705410916232465,2.861798842988352e-13,0.9999999999997137
0.03960419853281563,1e-10,1.0400562435962555e-18,1.0
0.03960419853281563,0.0001002005006012024,9.25764915771563e-18,1.0
0.03960419853281563,0.00020040090120240482,3.817910780644429e-18,1.0
0.03960419853281563,0.0003006013018036072,5.052532415966356e-18,1.0
0.03960419853281563,0.0004008017024048096,2.393416282751693e-18,1.0
0.03960419853281563,0.0005010021030060121,5.8950051132959094e-18,1.0
0.03960419853281563,0.0006012025036072144,2.544842029115778e-17,1.0
0.03960419853281563,0.0007014029042084169,6.172016744282807e-18,1.0
0.03960419853281563,0.0008016033048096193,5.6568601692143795e-18,1.0
0.03960419853281563,0.0009018037054108217,4.4977253428817785e-17,1.0
0.03960419853281563,0.0010020041060120242,7.2367495981243435e-19,1.0
0.03960419853281563,0.0011022045066132265,1.0383539713772087e-17,1.0
0.03960419853281563,0.0012024049072144288,6.253863550908312e-19,1.0
0.03960419853281563,0.0013026053078156314,3.573036144406412e-17,1.0
0.03960419853281563,0.0014028057084168337,5.506751647338069e-16,0.9999999999999996
0.03960419853281563,0.0015030061090180362,1.0648017169647122e-17,1.0
0.03960419853281563,0.0016032065096192386,8.352674426682002e-19,1.0
0.03960419853281563,0.0017034069102204409,4.2705143565384484e-16,0.9999999999999996
0.03960419853281563,0.0018036073108216434,2.8180908269883595e-16,0.9999999999999998
0.03960419853281563,0.0019038077114228457,1.3423583244831708e-12,0.9999999999986577
0.03960419853281563,0.0020040081120240483,1.925368061184152e-16,0.9999999999999999
0.03960419853281563,0.0021042085126252506,3.032467854040313e-12,0.9999999999969675
0.03960419853281563,0.002204408913226453,1.0880848731631516e-15,0.9999999999999989
0.03960419853281563,0.0023046093138276553,1.1780276681285526e-13,0.9999999999998822
0.03960419853281563,0.0024048097144288576,1.4746548013181317e-15,0.9999999999999984
0.03960419853281563,0.0025050101150300604,1.2906263372435673e-13,0.999999999999871
0.03960419853281563,0.0026052105156312627,8.287904627338861e-08,0.9999999171209538
0.03960419853281563,0.002705410916232465,8.477547169932219e-18,1.0
0.03970198667709419,1e-10,1.7298370431222414e-18,1.0
0.03970198667709419,0.0001002005006012024,2.1437795588763063e-18,1.0
0.03970198667709419,0.00020040090120240482,1.6198315505268534e-18,1.0
0.03970198667709419,0.0003006013018036072,9.531249114690188e-19,1.0
0.03970198667709419,0.0004008017024048096,1.3722195236448367e-18,1.0
0.03970198667709419,0.0005010021030060121,3.717755689136777e-18,1.0
0.03970198667709419,0.0006012025036072144,1.920228596283909e-17,1.0
0.03970198667709419,0.0007014029042084169,8.946734907097597e-18,1.0
0.03970198667709419,0.0008016033048096193,1.321712005992943e-19,1.0
0.03970198667709419,0.0009018037054108217,5.957138750034421e-17,1.0
0.03970198667709419,0.0010020041060120242,5.72798744102097e-17,1.0
0.03970198667709419,0.0011022045066132265,1.3936654771145835e-15,0.9999999999999984
0.03970198667709419,0.0012024049072144288,2.0046272916217053e-17,1.0
0.03970198667709419,0.0013026053078156314,3.648131319045931e-17,1.0
0.03970198667709419,0.0014028057084168337,2.7014835513866214e-16,0.9999999999999998
0.03970198667709419,0.0015030061090180362,4.200817269610977e-17,1.0
0.03970198667709419,0.0016032065096192386,9.885006406168994e-16,0.9999999999999991
0.03970198667709419,0.0017034069102204409,7.3197288950015e-17,1.0
0.03970198667709419,0.0018036073108216434,1.710664145911221e-16,0.9999999999999999
0.03970198667709419,0.0019038077114228457,2.977252005838701e-17,1.0
0.03970198667709419,0.0020040081120240483,1.1422685112975196e-14,0.9999999999999885
0.03970198667709419,0.0021042085126252506,2.5886991550985154e-18,1.0
0.03970198667709419,0.002204408913226453,2.5108660156611896e-18,0.9999999999999999
0.03970198667709419,0.0023046093138276553,1.832876973299066e-14,0.9999999999999816
0.03970198667709419,0.0024048097144288576,3.2438626783881457e-13,0.9999999999996756
0.03970198667709419,0.0025050101150300604,1.3513591794956631e-18,1.0
0.03970198667709419,0.0026052105156312627,2.0090601071444114e-14,0.9999999999999799
0.03970198667709419,0.002705410916232465,8.902101844890178e-20,1.0
0.039799774821372744,1e-10,2.8747674067828367e-18,1.0
0.039799774821372744,0.0001002005006012024,3.777541412023402e-18,1.0
0.039799774821372744,0.00020040090120240482,1.4153898047372946e-18,1.0
0.039799774821372744,0.0003006013018036072,5.907986441338192e-18,1.0
0.039799774821372744,0.0004008017024048096,1.1599536527484763e-17,1.0
0.039799774821372744,0.0005010021030060121,1.5690697368092328e-17,1.0
0.039799774821372744,0.0006012025036072144,3.0653920443164584e-18,1.0
0.039799774821372744,0.0007014029042084169,7.350071268671288e-18,1.0
0.039799774821372744,0.0008016033048096193,1.5771602569727438e-18,1.0
0.039799774821372744,0.0009018037054108217,2.1568995008509805e-18,1.0
0.039799774821372744,0.0010020041060120242,2.470075705811232e-15,0.9999999999999976
0.039799774821372744,0.0011022045066132265,2.398642317421041e-18,1.0
0.039799774821372744,0.0012024049072144288,2.1750841164420175e-15,0.9999999999999978
0.039799774821372744,0.0013026053078156314,1.1328214034716065e-17,1.0
0.039799774821372744,0.0014028057084168337,5.221715710996196e-16,0.9999999999999994
0.039799774821372744,0.0015030061090180362,5.01080734055636e-18,1.0
0.039799774821372744,0.0016032065096192386,1.3312272677604782e-17,1.0
0.039799774821372744,0.0017034069102204409,5.625339835491259e-16,0.9999999999999994
0.039799774821372744,0.0018036073108216434,1.2371490001998557e-16,1.0
0.039799774821372744,0.0019038077114228457,1.5878117982482264e-15,0.9999999999999984
0.039799774821372744,0.0020040081120240483,2.754363107085203e-20,1.0
0.039799774821372744,0.0021042085126252506,1.4755173309016496e-13,0.9999999999998526
0.039799774821372744,0.002204408913226453,7.24228698808881e-17,0.9999999999999999
0.039799774821372744,0.0023046093138276553,3.43133602773048e-14,0.9999999999999657
0.039799774821372744,0.0024048097144288576,8.884252230316952e-16,0.9999999999999991
0.039799774821372744,0.0025050101150300604,1.7025117061579127e-15,0.9999999999999983
0.039799774821372744,0.0026052105156312627,2.4108312427192916e-12,0.9999999999975892
0.039799774821372744,0.002705410916232465,7.461985730278729e-16,0.9999999999999993
0.0398975629656513,1e-10,4.782374257244718e-18,1.0
0.0398975629656513,0.0001002005006012024,4.859489769213417e-18,1.0
0.0398975629656513,0.00020040090120240482,7.170664865736544e-18,1.0
0.0398975629656513,0.0003006013018036072,9.414403386705802e-18,1.0
0.0398975629656513,0.0004008017024048096,1.9886767895425803e-18,1.0
0.0398975629656513,0.0005010021030060121,1.5486587849160313e-16,0.9999999999999998
0.0398975629656513,0.0006012025036072144,2.476930878912285e-18,1.0
0.0398975629656513,0.0007014029042084169,5.483548124657201e-16,0.9999999999999996
0.0398975629656513,0.0008016033048096193,1.7127690488086556e-17,1.0
0.0398975629656513,0.0009018037054108217,1.0930501929809299e-16,0.9999999999999998
0.0398975629656513,0.0010020041060120242,8.437323305655234e-18,1.0
0.0398975629656513,0.0011022045066132265,9.821454392367959e-17,0.9999999999999998
0.0398975629656513,0.0012024049072144288,2.670610386729254e-17,1.0
0.0398975629656513,0.0013026053078156314,3.2587136250084156e-17,1.0
0.0398975629656513,0.0014028057084168337,1.6111807479898939e-16,1.0
0.0398975629656513,0.0015030061090180362,2.5336253378478744e-15,0.9999999999999976
0.0398975629656513,0.0016032065096192386,4.16445733194906e-18,1.0
0.0398975629656513,0.0017034069102204409,1.1262286644833484e-16,1.0
0.0398975629656513,0.0018036073108216434,5.005098440693972e-15,0.999999999999995
0.0398975629656513,0.0019038077114228457,1.5417432462316857e-14,0.9999999999999846
0.0398975629656513,0.0020040081120240483,1.7390429066610642e-15,0.9999999999999983
0.0398975629656513,0.0021042085126252506,5.025500355639898e-16,0.9999999999999994
0.0398975629656513,0.002204408913226453,2.1507764626846584e-14,0.9999999999999785
0.0398975629656513,0.0023046093138276553,5.606566904741604e-17,1.0
0.0398975629656513,0.0024048097144288576,4.5359551138231493e-17,1.0
0.0398975629656513,0.0025050101150300604,4.004837603971917e-12,0.9999999999959952
0.0398975629656513,0.0026052105156312627,1.1003675088686641e-14,0.9999999999999889
0.0398975629656513,0.002705410916232465,1.1380989330114403e-16,0.9999999999999999
0.03999535110992986,1e-10,7.937468057639929e-18,1.0
0.03999535110992986,0.0001002005006012024,1.783885670935442e-17,1.0
0.03999535110992986,0.00020040090120240482,6.342752321344878e-18,0.9999999999999999
0.03999535110992986,0.0003006013018036072,6.212371644079494e-17,1.0
0.03999535110992986,0.0004008017024048096,1.3017462058342988e-18,1.0
0.03999535110992986,0.0005010021030060121,3.8854783472606807e-17,1.0
0.03999535110992986,0.0006012025036072144,2.5505959258556844e-18,1.0
0.03999535110992986,0.0007014029042084169,5.3771436429006033e-17,1.0
0.03999535110992986,0.0008016033048096193,1.9125171048418302e-17,1.0
0.03999535110992986,0.0009018037054108217,1.52452572220025e-17,1.0
0.03999535110992986,0.0010020041060120242,8.904334191680997e-18,1.0
0.03999535110992986,0.0011022045066132265,1.8266476478952695e-17,1.0
0.03999535110992986,0.0012024049072144288,2.990370332271189e-17,1.0
0.03999535110992986,0.0013026053078156314,4.565565355953988e-15,0.9999999999999954
0.03999535110992986,0.0014028057084168337,2.2012383215521556e-16,0.9999999999999998
0.03999535110992986,0.0015030061090180362,2.6384122556455227e-15,0.9999999999999974
0.03999535110992986,0.0016032065096192386,1.130722437332273e-16,1.0
0.03999535110992986,0.0017034069102204409,2.9384443536585796e-17,1.0
0.03999535110992986,0.0018036073108216434,1.302303072411119e-14,0.999999999999987
0.03999535110992986,0.0019038077114228457,1.053046303951275e-15,0.999999999999999
0.03999535110992986,0.0020040081120240483,3.66215787126686e-16,0.9999999999999997
0.03999535110992986,0.0021042085126252506,1.1404381929059936e-15,0.9999999999999989
0.03999535110992986,0.002204408913226453,8.109619620927448e-14,0.999999999999919
0.03999535110992986,0.0023046093138276553,2.7304702199531874e-14,0.9999999999999727
0.03999535110992986,0.0024048097144288576,9.014983181510873e-12,0.999999999990985
0.03999535110992986,0.0025050101150300604,1.1153361435776134e-15,0.9999999999999989
0.03999535110992986,0.0026052105156312627,5.128049964949898e-16,0.9999999999999994
0.03999535110992986,0.002705410916232465,4.0191960893949816e-14,0.9999999999999598
0.04009313925420842,1e-10,1.3221205258692258e-17,1.0
0.04009313925420842,0.0001002005006012024,4.4056267132277384e-17,1.0
0.04009313925420842,0.00020040090120240482,8.814954093977229e-17,0.9999999999999999
0.04009313925420842,0.0003006013018036072,1.908288461065042e-17,1.0
0.04009313925420842,0.0004008017024048096,5.9593395013282526e-18,1.0
0.04009313925420842,0.0005010021030060121,3.0548174200380385e-16,0.9999999999999998
0.04009313925420842,0.0006012025036072144,1.399322703937013e-18,1.0
0.04009313925420842,0.0007014029042084169,4.056065486167197e-17,1.0
0.04009313925420842,0.0008016033048096193,3.6280380111753803e-16,0.9999999999999998
0.04009313925420842,0.0009018037054108217,3.4147001626275307e-16,0.9999999999999998
0.04009313925420842,0.0010020041060120242,2.6291912597566e-16,0.9999999999999998
0.04009313925420842,0.0011022045066132265,2.501825858334598e-17,1.0
0.04009313925420842,0.0012024049072144288,1.745659846358834e-18,1.0
0.04009313925420842,0.0013026053078156314,2.69784637179774e-16,0.9999999999999998
0.04009313925420842,0.0014028057084168337,7.316376414408582e-17,0.9999999999999999
0.04009313925420842,0.0015030061090180362,5.297871269589416e-16,0.9999999999999993
0.04009313925420842,0.0016032065096192386,4.196728495489277e-15,0.9999999999999959
0.04009313925420842,0.0017034069102204409,1.990684083724316e-15,0.999999999999998
0.04009313925420842,0.0018036073108216434,5.703911875262117e-16,0.9999999999999994
0.04009313925420842,0.0019038077114228457,3.974710504763398e-17,1.0
0.04009313925420842,0.0020040081120240483,7.467084339396779e-13,0.9999999999992533
0.04009313925420842,0.0021042085126252506,1.5455564373163738e-15,0.9999999999999984
0.04009313925420842,0.002204408913226453,4.244212653140718e-14,0.9999999999999576
0.04009313925420842,0.0023046093138276553,4.254328815784118e-15,0.9999999999999958
0.04009313925420842,0.0024048097144288576,8.01833533920603e-14,0.9999999999999198
0.04009313925420842,0.0025050101150300604,8.029892366787014e-16,0.9999999999999992
0.04009313925420842,0.0026052105156312627,2.7502437610364084e-16,0.9999999999999998
0.04009313925420842,0.002705410916232465,1.8599611645696418e-11,0.9999999999814004
0.040190927398486974,1e-10,2.198419983291225e-17,1.0
0.040190927398486974,0.0001002005006012024,1.6105016133033934e-16,0.9999999999999999
0.040190927398486974,0.00020040090120240482,5.115774935137892e-17,1.0
0.040190927398486974,0.0003006013018036072,6.704744043800935e-17,1.0
0.040190927398486974,0.0004008017024048096,1.7105082179968083e-16,0.9999999999999998
0.040190927398486974,0.0005010021030060121,8.271027839660319e-18,1.0
0.040190927398486974,0.0006012025036072144,1.9654745929954962e-16,0.9999999999999998
0.040190927398486974,0.0007014029042084169,1.455976114071841e-17,1.0
0.040190927398486974,0.0008016033048096193,2.066218094259942e-15,0.999999999999998
0.040190927398486974,0.0009018037054108217,1.718449124053974e-17,1.0
0.040190927398486974,0.0010020041060120242,2.883706867621025e-17,1.0
0.040190927398486974,0.0011022045066132265,3.2704719241269224e-15,0.9999999999999969
0.040190927398486974,0.0012024049072144288,2.384398349856691e-16,0.9999999999999998
0.040190927398486974,0.0013026053078156314,8.588253041312096e-17,0.9999999999999999
0.040190927398486974,0.0014028057084168337,3.905229633746792e-15,0.9999999999999961
0.040190927398486974,0.0015030061090180362,4.621630420788751e-15,0.9999999999999954
0.040190927398486974,0.0016032065096192386,3.7079469783025256e-17,1.0
0.040190927398486974,0.0017034069102204409,1.3561116854841945e-14,0.9999999999999865
0.040190927398486974,0.0018036073108216434,4.517531985303238e-15,0.9999999999999954
0.040190927398486974,0.0019038077114228457,5.284168985214483e-17,1.0
0.040190927398486974,0.0020040081120240483,7.061837568706182e-13,0.9999999999992937
0.040190927398486974,0.0021042085126252506,1.5567200450900287e-14,0.9999999999999845
0.040190927398486974,0.002204408913226453,2.280151356394205e-16,0.9999999999999998
0.040190927398486974,0.0023046093138276553,5.588296424205844e-17,0.9999999999999998
0.040190927398486974,0.0024048097144288576,1.0809355554034887e-14,0.9999999999999892
0.040190927398486974,0.0025050101150300604,1.7509629942255224e-13,0.9999999999998249
0.040190927398486974,0.0026052105156312627,7.455092800808726e-14,0.9999999999999255
0.040190927398486974,0.002705410916232465,1.3033863064023723e-14,0.999999999999987
0.04028871554276553,1e-10,3.6565163461134843e-17,1.0
0.04028871554276553,0.0001002005006012024,1.699959270998647e-17,1.0
0.04028871554276553,0.00020040090120240482,2.848515786951769e-17,1.0
0.04028871554276553,0.0003006013018036072,2.921494536219749e-17,1.0
0.04028871554276553,0.0004008017024048096,3.5564010382464115e-17,1.0
0.04028871554276553,0.0005010021030060121,1.2789022915348626e-16,0.9999999999999998
0.04028871554276553,0.0006012025036072144,2.568294224368684e-15,0.9999999999999974
0.04028871554276553,0.0007014029042084169,2.962292917529023e-16,0.9999999999999996
0.04028871554276553,0.0008016033048096193,8.053034975553448e-16,0.9999999999999991
0.04028871554276553,0.0009018037054108217,5.89635240770045e-16,0.9999999999999994
0.04028871554276553,0.0010020041060120242,3.028400852376383e-16,0.9999999999999997
0.04028871554276553,0.0011022045066132265,2.9012248582068467e-13,0.9999999999997098
0.04028871554276553,0.0012024049072144288,8.911257322981802e-18,1.0
0.04028871554276553,0.0013026053078156314,2.5008380452329867e-16,0.9999999999999998
0.04028871554276553,0.0014028057084168337,6.144854593497077e-16,0.9999999999999994
0.04028871554276553,0.0015030061090180362,3.213414102603889e-16,0.9999999999999997
0.04028871554276553,0.0016032065096192386,1.2569165459651004e-14,0.9999999999999875
0.04028871554276553,0.0017034069102204409,4.3512607643147605e-18,1.0
0.04028871554276553,0.0018036073108216434,9.398124787399635e-13,0.9999999999990603
0.04028871554276553,0.0019038077114228457,5.365369925830454e-16,0.9999999999999994
0.04028871554276553,0.0020040081120240483,5.541039218992703e-13,0.9999999999994459
0.04028871554276553,0.0021042085126252506,1.7112610776035735e-13,0.999999999999829
0.04028871554276553,0.002204408913226453,2.057795445446345e-15,0.9999999999999978
0.04028871554276553,0.0023046093138276553,1.3420575332143947e-14,0.9999999999999866
0.04028871554276553,0.0024048097144288576,3.627935215209316e-14,0.9999999999999638
0.04028871554276553,0.0025050101150300604,2.7041645807971347e-11,0.9999999999729584
0.04028871554276553,0.0026052105156312627,7.159578583838661e-16,0.9999999999999993
0.04028871554276553,0.002705410916232465,2.084671529502071e-14,0.9999999999999791
0.040386503687044085,1e-10,6.07468224596743e-17,1.0
0.040386503687044085,0.0001002005006012024,5.405588800402425e-17,1.0
0.040386503687044085,0.00020040090120240482,1.1637381406496838e-16,0.9999999999999999
0.040386503687044085,0.0003006013018036072,8.117290783005853e-17,0.9999999999999998
0.040386503687044085,0.0004008017024048096,7.905259239225654e-15,0.999999999999992
0.040386503687044085,0.0005010021030060121,3.6977121162348666e-16,0.9999999999999997
0.040386503687044085,0.0006012025036072144,1.183689234298889e-15,0.9999999999999987
0.040386503687044085,0.0007014029042084169,1.873506414460978e-16,0.9999999999999998
0.040386503687044085,0.0008016033048096193,3.553903227374221e-15,0.9999999999999964
0.040386503687044085,0.0009018037054108217,5.886793668511184e-14,0.9999999999999413
0.040386503687044085,0.0010020041060120242,1.1548013228953888e-15,0.9999999999999989
0.040386503687044085,0.0011022045066132265,6.41380935332917e-16,0.9999999999999994
0.040386503687044085,0.0012024049072144288,1.071014024861016e-13,0.9999999999998928
0.040386503687044085,0.0013026053078156314,2.8233580892080385e-14,0.9999999999999718
0.040386503687044085,0.0014028057084168337,1.2867626448519918e-14,0.9999999999999871
0.040386503687044085,0.0015030061090180362,9.062621026535357e-15,0.9999999999999909
0.040386503687044085,0.0016032065096192386,1.3656448488553348e-14,0.9999999999999865
0.040386503687044085,0.0017034069102204409,3.249140139185076e-14,0.9999999999999674
0.040386503687044085,0.0018036073108216434,2.434070120493792e-12,0.9999999999975661
0.040386503687044085,0.0019038077114228457,1.3563682805261148e-13,0.9999999999998644
0.040386503687044085,0.0020040081120240483,1.9994345021323653e-13,0.9999999999998002
0.040386503687044085,0.0021042085126252506,7.465723600682012e-15,0.9999999999999927
0.040386503687044085,0.002204408913226453,1.777043262905047e-14,0.9999999999999822
0.040386503687044085,0.0023046093138276553,9.053583446700825e-12,0.9999999999909465
0.040386503687044085,0.0024048097144288576,7.661780414316582e-13,0.9999999999992337
0.040386503687044085,0.0025050101150300604,8.207157115402333e-12,0.999999999991793
0.040386503687044085,0.0026052105156312627,5.0167790166920596e-17,1.0
0.040386503687044085,0.002705410916232465,2.411364259975689e-10,0.9999999997588637
0.04048429183132265,1e-10,1.0118976605707087e-16,0.9999999999999998
0.04048429183132265,0.0001002005006012024,5.170533301468894e-16,0.9999999999999996
0.04048429183132265,0.00020040090120240482,5.427191393279981e-17,1.0
0.04048429183132265,0.0003006013018036072,1.6618221505302375e-16,0.9999999999999998
0.04048429183132265,0.0004008017024048096,5.781053287498836e-16,0.9999999999999996
0.04048429183132265,0.0005010021030060121,1.1903279166002889e-15,0.9999999999999988
0.04048429183132265,0.0006012025036072144,1.3339262749598462e-15,0.9999999999999987
0.04048429183132265,0.0007014029042084169,6.668097670936745e-16,0.9999999999999993
0.04048429183132265,0.0008016033048096193,1.721406162048638e-14,0.9999999999999828
0.04048429183132265,0.0009018037054108217,3.63633262618741e-17,1.0
0.04048429183132265,0.0010020041060120242,2.5313227375474695e-15,0.9999999999999974
0.04048429183132265,0.0011022045066132265,6.255683285994177e-16,0.9999999999999994
0.04048429183132265,0.0012024049072144288,7.247672796827182e-16,0.9999999999999993
0.04048429183132265,0.0013026053078156314,2.705808022112201e-15,0.9999999999999973
0.04048429183132265,0.0014028057084168337,8.981364798812465e-14,0.9999999999999102
0.04048429183132265,0.0015030061090180362,3.2411228739096294e-13,0.999999999999676
0.04048429183132265,0.0016032065096192386,3.2579413410550047e-16,0.9999999999999998
0.04048429183132265,0.0017034069102204409,4.4508208993542004e-15,0.9999999999999956
0.04048429183132265,0.0018036073108216434,1.7737350600734454e-14,0.9999999999999822
0.04048429183132265,0.0019038077114228457,1.535165495826424e-13,0.9999999999998466
0.04048429183132265,0.0020040081120240483,3.6445440616331345e-15,0.9999999999999963
0.04048429183132265,0.0021042085126252506,8.239224435237933e-15,0.9999999999999919
0.04048429183132265,0.002204408913226453,1.0188219191668716e-13,0.9999999999998981
0.04048429183132265,0.0023046093138276553,1.6146905659465095e-16,1.0
0.04048429183132265,0.0024048097144288576,9.724757054500403e-15,0.9999999999999902
0.04048429183132265,0.0025050101150300604,1.6643319549168846e-14,0.9999999999999833
0.04048429183132265,0.0026052105156312627,4.784350053555569e-13,0.9999999999995215
0.04048429183132265,0.002705410916232465,1.3385240240210387e-12,0.9999999999986615
0.040582079975601204,1e-10,1.6823234667960388e-16,0.9999999999999998
0.040582079975601204,0.0001002005006012024,1.6894044430990793e-15,0.9999999999999983
0.040582079975601204,0.00020040090120240482,1.3578801867230592e-16,0.9999999999999998
0.040582079975601204,0.0003006013018036072,4.681699246868945e-16,0.9999999999999996
0.040582079975601204,0.0004008017024048096,7.217644807132968e-16,0.9999999999999992
0.040582079975601204,0.0005010021030060121,1.4792816667906066e-16,0.9999999999999998
0.040582079975601204,0.0006012025036072144,2.97845709421133e-16,0.9999999999999997
0.040582079975601204,0.0007014029042084169,3.6017778049561594e-16,0.9999999999999996
0.040582079975601204,0.0008016033048096193,4.6154042921259755e-17,1.0
0.040582079975601204,0.0009018037054108217,4.477964795614613e-16,0.9999999999999997
0.040582079975601204,0.0010020041060120242,1.878419485372782e-15,0.9999999999999981
0.040582079975601204,0.0011022045066132265,1.604149907947801e-16,0.9999999999999999
0.040582079975601204,0.0012024049072144288,1.777222642368277e-15,0.9999999999999981
0.040582079975601204,0.0013026053078156314,3.3086968719859675e-14,0.999999999999967
0.040582079975601204,0.0014028057084168337,2.4492961009831394e-17,1.0
0.040582079975601204,0.0015030061090180362,2.6126601765848474e-14,0.9999999999999738
0.040582079975601204,0.0016032065096192386,2.4681911806819954e-12,0.9999999999975318
0.040582079975601204,0.0017034069102204409,1.5323220635158544e-16,0.9999999999999998
0.040582079975601204,0.0018036073108216434,1.2554162252372445e-15,0.9999999999999987
0.040582079975601204,0.0019038077114228457,7.658927069500297e-12,0.9999999999923411
0.040582079975601204,0.0020040081120240483,6.419754879490559e-16,0.9999999999999994
0.040582079975601204,0.0021042085126252506,1.1885122463130857e-13,0.9999999999998811
0.040582079975601204,0.002204408913226453,2.0393405054320342e-10,0.999999999796066
0.040582079975601204,0.0023046093138276553,3.7993725941360347e-13,0.9999999999996201
0.040582079975601204,0.0024048097144288576,6.9969987894952924e-15,0.999999999999993
0.040582079975601204,0.0025050101150300604,2.7825879097586588e-14,0.9999999999999721
0.040582079975601204,0.0026052105156312627,1.7020834581841404e-14,0.999999999999983
0.040582079975601204,0.002705410916232465,1.4752792415911014e-13,0.9999999999998526
0.04067986811987976,1e-10,2.799387776764978e-16,0.9999999999999996
0.04067986811987976,0.0001002005006012024,3.2141543115645893e-16,0.9999999999999998
0.04067986811987976,0.00020040090120240482,3.8882908625616373e-16,0.9999999999999996
0.04067986811987976,0.0003006013018036072,1.120278932123567e-15,0.999999999999999
0.04067986811987976,0.0004008017024048096,2.1227224727169737e-15,0.9999999999999979
0.04067986811987976,0.0005010021030060121,2.4992669905989873e-16,0.9999999999999998
0.04067986811987976,0.0006012025036072144,1.6832302019356218e-14,0.9999999999999832
0.04067986811987976,0.0007014029042084169,7.182456102026782e-16,0.9999999999999993
0.04067986811987976,0.0008016033048096193,2.6177519387371476e-14,0.9999999999999739
0.04067986811987976,0.0009018037054108217,5.96412553510041e-15,0.999999999999994
0.04067986811987976,0.0010020041060120242,3.88546456221492e-16,0.9999999999999997
0.04067986811987976,0.0011022045066132265,1.3605644170593243e-15,0.9999999999999988
0.04067986811987976,0.0012024049072144288,1.0457036237879574e-14,0.9999999999999896
0.04067986811987976,0.0013026053078156314,1.1061150065401675e-13,0.9999999999998894
0.04067986811987976,0.0014028057084168337,3.917592639588715e-14,0.9999999999999607
0.04067986811987976,0.0015030061090180362,9.435462220964332e-16,0.9999999999999991
0.04067986811987976,0.0016032065096192386,8.8826667168456e-15,0.9999999999999911
0.04067986811987976,0.0017034069102204409,4.9188649171528e-17,1.0
0.04067986811987976,0.0018036073108216434,4.342324886345685e-15,0.9999999999999957
0.04067986811987976,0.0019038077114228457,4.002756250757681e-15,0.999999999999996
0.04067986811987976,0.0020040081120240483,2.1748112059291543e-12,0.9999999999978253
0.04067986811987976,0.0021042085126252506,2.0749786677503355e-11,0.9999999999792502
0.04067986811987976,0.002204408913226453,5.351539745422741e-12,0.9999999999946485
0.04067986811987976,0.0023046093138276553,5.680444116526083e-14,0.9999999999999432
0.04067986811987976,0.0024048097144288576,1.937608907757237e-13,0.9999999999998063
0.04067986811987976,0.0025050101150300604,5.932691542082684e-17,1.0
0.04067986811987976,0.0026052105156312627,1.475502271091475e-11,0.9999999999852449
0.04067986811987976,0.002705410916232465,2.27657012688989e-13,0.9999999999997724
0.040777656264158316,1e-10,4.661570553085404e-16,0.9999999999999996
0.040777656264158316,0.0001002005006012024,4.075450698410664e-16,0.9999999999999996
0.040777656264158316,0.00020040090120240482,9.335085762579716e-16,0.9999999999999991
0.040777656264158316,0.0003006013018036072,2.479927729475716e-16,0.9999999999999998
0.040777656264158316,0.0004008017024048096,1.27948878677391e-15,0.9999999999999986
0.040777656264158316,0.0005010021030060121,4.1665483817472994e-15,0.9999999999999959
0.040777656264158316,0.0006012025036072144,1.1526607765491946e-15,0.9999999999999989
0.040777656264158316,0.0007014029042084169,6.563604890176158e-14,0.9999999999999344
0.040777656264158316,0.0008016033048096193,1.026099336665144e-14,0.9999999999999898
0.040777656264158316,0.0009018037054108217,2.1159600166607977e-15,0.9999999999999978
0.040777656264158316,0.0010020041060120242,8.87063828475995e-15,0.9999999999999911
0.040777656264158316,0.0011022045066132265,4.3737702702814497e-14,0.9999999999999563
0.040777656264158316,0.0012024049072144288,9.219321409060649e-17,0.9999999999999999
0.040777656264158316,0.0013026053078156314,1.859001460654997e-13,0.9999999999998141
0.040777656264158316,0.0014028057084168337,2.9450160209752696e-17,1.0
0.040777656264158316,0.0015030061090180362,2.3722180288905067e-13,0.9999999999997627
0.040777656264158316,0.0016032065096192386,1.0524559862236976e-13,0.9999999999998948
0.040777656264158316,0.0017034069102204409,5.959399503964307e-14,0.9999999999999404
0.040777656264158316,0.0018036073108216434,3.087642755495857e-16,0.9999999999999998
0.040777656264158316,0.0019038077114228457,3.9641337251910556e-13,0.9999999999996037
0.040777656264158316,0.0020040081120240483,2.7535205743756727e-13,0.9999999999997247
0.040777656264158316,0.0021042085126252506,1.2600052655576218e-14,0.9999999999999873
0.040777656264158316,0.002204408913226453,7.197888760872946e-14,0.9999999999999281
0.040777656264158316,0.0023046093138276553,3.391167283173659e-13,0.9999999999996609
0.040777656264158316,0.0024048097144288576,2.6714390982224233e-13,0.9999999999997329
0.040777656264158316,0.0025050101150300604,4.002073254030793e-13,0.9999999999995999
0.040777656264158316,0.0026052105156312627,6.909146655993906e-13,0.9999999999993091
0.040777656264158316,0.002705410916232465,4.053812817157156e-10,0.9999999995946187
0.04087544440843687,1e-10,7.752825290016624e-16,0.9999999999999992
0.04087544440843687,0.0001002005006012024,1.5572080830921467e-15,0.9999999999999984
0.04087544440843687,0.00020040090120240482,7.944102199871048e-16,0.9999999999999993
0.04087544440843687,0.0003006013018036072,5.3163184101952595e-15,0.9999999999999947
0.04087544440843687,0.0004008017024048096,1.1839594890986823e-14,0.9999999999999882
0.04087544440843687,0.0005010021030060121,1.2164363280714932e-15,0.9999999999999989
0.04087544440843687,0.0006012025036072144,8.728439909571299e-14,0.9999999999999127
0.04087544440843687,0.0007014029042084169,1.3203100898190059e-13,0.9999999999998679
0.04087544440843687,0.0008016033048096193,3.856289512705749e-15,0.9999999999999962
0.04087544440843687,0.0009018037054108217,3.1952881505307597e-13,0.9999999999996805
0.04087544440843687,0.0010020041060120242,2.5023054344472544e-14,0.999999999999975
0.04087544440843687,0.0011022045066132265,2.872304299619111e-14,0.9999999999999712
0.04087544440843687,0.0012024049072144288,9.077470387299769e-16,0.9999999999999991
0.04087544440843687,0.0013026053078156314,1.5964343092062973e-14,0.999999999999984
0.04087544440843687,0.0014028057084168337,1.0260309122207383e-14,0.9999999999999898
0.04087544440843687,0.0015030061090180362,9.861601219135188e-15,0.9999999999999901
0.04087544440843687,0.0016032065096192386,9.181379482804842e-13,0.999999999999082
0.04087544440843687,0.0017034069102204409,4.139455044748588e-14,0.9999999999999586
0.04087544440843687,0.0018036073108216434,1.9323685718979282e-14,0.9999999999999807
0.04087544440843687,0.0019038077114228457,4.982191229905359e-14,0.9999999999999503
0.04087544440843687,0.0020040081120240483,1.3194520943623444e-10,0.9999999998680549
0.04087544440843687,0.0021042085126252506,8.41264950197417e-14,0.999999999999916
0.04087544440843687,0.002204408913226453,1.1430390726811845e-15,0.9999999999999989
0.04087544440843687,0.0023046093138276553,5.2391535758223504e-14,0.9999999999999476
0.04087544440843687,0.0024048097144288576,5.127077203785657e-12,0.999999999994873
0.04087544440843687,0.0025050101150300604,2.644463345629416e-11,0.9999999999735554
0.04087544440843687,0.0026052105156312627,1.2364775908885349e-12,0.9999999999987635
0.04087544440843687,0.002705410916232465,3.9292561791444245e-12,0.9999999999960707
0.040973232552715434,1e-10,1.2906912231809444e-15,0.9999999999999987
0.040973232552715434,0.0001002005006012024,2.217456424444254e-15,0.9999999999999978
0.040973232552715434,0.00020040090120240482,8.99972054843345e-15,0.999999999999991
0.040973232552715434,0.0003006013018036072,1.9388112977217415e-15,0.9999999999999982
0.040973232552715434,0.0004008017024048096,1.550005141684263e-14,0.9999999999999845
0.040973232552715434,0.0005010021030060121,2.7303723985595027e-15,0.9999999999999971
0.040973232552715434,0.0006012025036072144,3.966314588275533e-17,1.0
0.040973232552715434,0.0007014029042084169,1.790645720814555e-15,0.9999999999999982
0.040973232552715434,0.0008016033048096193,7.254722849895545e-16,0.9999999999999991
0.040973232552715434,0.0009018037054108217,4.245489863130092e-17,1.0
0.040973232552715434,0.0010020041060120242,1.1243247683243905e-14,0.9999999999999889
0.040973232552715434,0.0011022045066132265,2.439405047974899e-13,0.9999999999997562
0.040973232552715434,0.0012024049072144288,4.767324584045957e-15,0.9999999999999951
0.040973232552715434,0.0013026053078156314,1.6994573264783306e-13,0.9999999999998301
0.040973232552715434,0.0014028057084168337,3.5262454188155594e-14,0.9999999999999647
0.040973232552715434,0.0015030061090180362,7.061404917726566e-15,0.9999999999999929
0.040973232552715434,0.0016032065096192386,1.8731059171885566e-12,0.9999999999981268
0.040973232552715434,0.0017034069102204409,3.645939101225549e-12,0.999999999996354
0.040973232552715434,0.0018036073108216434,2.286095865535137e-12,0.9999999999977138
0.040973232552715434,0.0019038077114228457,7.996192900936693e-14,0.9999999999999201
0.040973232552715434,0.0020040081120240483,1.2207360501035375e-13,0.9999999999998779
0.040973232552715434,0.0021042085126252506,2.0515727144187563e-13,0.9999999999997948
0.040973232552715434,0.002204408913226453,1.0810955040534778e-14,0.9999999999999892
0.040973232552715434,0.0023046093138276553,6.198685951755242e-13,0.9999999999993802
0.040973232552715434,0.0024048097144288576,6.603905660935786e-12,0.9999999999933962
0.040973232552715434,0.0025050101150300604,8.437154959220372e-11,0.9999999999156285
0.040973232552715434,0.0026052105156312627,2.6732121628689445e-13,0.9999999999997328
0.040973232552715434,0.002705410916232465,6.24925209129334e-11,0.9999999999375075
0.04107102069699399,1e-10,2.143327233055106e-15,0.999999999999998
0.04107102069699399,0.0001002005006012024,1.1233380821774361e-15,0.9999999999999989
0.04107102069699399,0.00020040090120240482,8.73874829874331e-16,0.9999999999999991
0.04107102069699399,0.0003006013018036072,9.477252798627966e-16,0.9999999999999991
0.04107102069699399,0.0004008017024048096,5.550302143851968e-14,0.9999999999999446
0.04107102069699399,0.0005010021030060121,4.5317561644639e-16,0.9999999999999997
0.04107102069699399,0.0006012025036072144,1.5040455329388603e-13,0.9999999999998497
0.04107102069699399,0.0007014029042084169,1.0541405636133956e-13,0.9999999999998945
0.04107102069699399,0.0008016033048096193,6.312354522245116e-13,0.9999999999993688
0.04107102069699399,0.0009018037054108217,1.4363227418157635e-14,0.9999999999999857
0.04107102069699399,0.0010020041060120242,1.7547667472985502e-12,0.9999999999982451
0.04107102069699399,0.0011022045066132265,3.897132115827816e-12,0.9999999999961029
0.04107102069699399,0.0012024049072144288,6.673057318894531e-13,0.9999999999993328
0.04107102069699399,0.0013026053078156314,5.3879470072610633e-14,0.9999999999999463
0.04107102069699399,0.0014028057084168337,6.906644779303781e-12,0.9999999999930934
0.04107102069699399,0.0015030061090180362,8.384305199488739e-14,0.9999999999999163
0.04107102069699399,0.0016032065096192386,3.4799957955462426e-13,0.9999999999996521
0.04107102069699399,0.0017034069102204409,7.07453580015902e-15,0.9999999999999929
0.04107102069699399,0.0018036073108216434,1.434304936895437e-11,0.999999999985657
0.04107102069699399,0.0019038077114228457,4.801132270378562e-12,0.999999999995199
0.04107102069699399,0.0020040081120240483,8.550201014565123e-14,0.9999999999999145
0.04107102069699399,0.0021042085126252506,6.156005125074411e-14,0.9999999999999385
0.04107102069699399,0.002204408913226453,2.108513462819464e-13,0.9999999999997893
0.04107102069699399,0.0023046093138276553,5.7100756713825755e-09,0.9999999942899244
0.04107102069699399,0.0024048097144288576,2.2958269304153141e-10,0.9999999997704174
0.04107102069699399,0.0025050101150300604,4.523315757935404e-12,0.9999999999954767
0.04107102069699399,0.0026052105156312627,6.910938122841503e-12,0.9999999999930891
0.04107102069699399,0.002705410916232465,8.3817778165397e-12,0.9999999999916183
0.04107102069699399,0.0028056113168336673,3.614649850138953e-11,0.9999999999638536
0.041168808841272546,1e-10,3.57804148571262e-15,0.9999999999999964
0.041168808841272546,0.0001002005006012024,3.944755544059332e-15,0.9999999999999961
0.041168808841272546,0.00020040090120240482,4.717240326529187e-15,0.9999999999999953
0.041168808841272546,0.0003006013018036072,4.757961548381845e-15,0.9999999999999953
0.041168808841272546,0.0004008017024048096,3.1021295754079855e-14,0.999999999999969
0.041168808841272546,0.0005010021030060121,7.74751750254912e-16,0.9999999999999993
0.041168808841272546,0.0006012025036072144,3.314696381692391e-14,0.9999999999999667
0.041168808841272546,0.0007014029042084169,3.03529352621966e-14,0.9999999999999697
0.041168808841272546,0.0008016033048096193,1.0181809842539823e-14,0.9999999999999899
0.041168808841272546,0.0009018037054108217,1.1520291851097497e-13,0.9999999999998848
0.041168808841272546,0.0010020041060120242,9.141000691147968e-15,0.9999999999999909
0.041168808841272546,0.0011022045066132265,1.3608526253804544e-14,0.9999999999999863
0.041168808841272546,0.0012024049072144288,6.764250837339355e-16,0.9999999999999993
0.041168808841272546,0.0013026053078156314,1.0037100834839411e-13,0.9999999999998996
0.041168808841272546,0.0014028057084168337,2.0591234623570493e-15,0.999999999999998
0.041168808841272546,0.0015030061090180362,3.657823354522732e-14,0.9999999999999635
0.041168808841272546,0.0016032065096192386,1.5796531109041664e-13,0.9999999999998421
0.041168808841272546,0.0017034069102204409,1.2629706613689985e-12,0.999999999998737
0.041168808841272546,0.0018036073108216434,1.5529564730100603e-11,0.9999999999844704
0.041168808841272546,0.0019038077114228457,1.946330723744811e-09,0.9999999980536692
0.041168808841272546,0.0020040081120240483,1.076844689458277e-15,0.9999999999999989
0.041168808841272546,0.0021042085126252506,2.3596053088836958e-14,0.9999999999999765
0.041168808841272546,0.002204408913226453,2.5851293424151405e-14,0.9999999999999741
0.041168808841272546,0.0023046093138276553,4.463180600332333e-14,0.9999999999999554
0.041168808841272546,0.0024048097144288576,4.848022114118802e-12,0.9999999999951519
0.041168808841272546,0.0025050101150300604,1.4251712797779773e-10,0.9999999998574829
0.041168808841272546,0.0026052105156312627,1.2323098795410947e-13,0.9999999999998768
0.041168808841272546,0.002705410916232465,5.528724468072492e-13,0.9999999999994471
0.041168808841272546,0.0028056113168336673,9.942975243469971e-12,0.9999999999900571
0.0412665969855511,1e-10,5.946415369267919e-15,0.9999999999999939
0.0412665969855511,0.0001002005006012024,6.301435833182488e-15,0.9999999999999936
0.0412665969855511,0.00020040090120240482,1.4373639057782977e-14,0.9999999999999856
0.0412665969855511,0.0003006013018036072,1.873612676833296e-14,0.9999999999999813
0.0412665969855511,0.0004008017024048096,1.2776154678564363e-13,0.9999999999998722
0.0412665969855511,0.0005010021030060121,9.080902654493733e-14,0.9999999999999092
0.0412665969855511,0.0006012025036072144,3.014120704566658e-14,0.99999999999997
0.0412665969855511,0.0007014029042084169,6.321976056664179e-14,0.9999999999999369
0.0412665969855511,0.0008016033048096193,2.1515935780974498e-15,0.999999999999998
0.0412665969855511,0.0009018037054108217,1.2854495990328307e-13,0.9999999999998715
0.0412665969855511,0.0010020041060120242,7.304842666297003e-14,0.999999999999927
0.0412665969855511,0.0011022045066132265,5.7095086947946494e-15,0.9999999999999943
0.0412665969855511,0.0012024049072144288,8.15838153317679e-14,0.9999999999999185
0.0412665969855511,0.0013026053078156314,3.530272121429988e-12,0.9999999999964697
0.0412665969855511,0.0014028057084168337,3.326549350103076e-14,0.9999999999999667
0.0412665969855511,0.0015030061090180362,2.917526329846809e-14,0.9999999999999708
0.0412665969855511,0.0016032065096192386,1.9681387965734106e-15,0.999999999999998
0.0412665969855511,0.0017034069102204409,1.2855294335537916e-11,0.9999999999871447
0.0412665969855511,0.0018036073108216434,6.348384409846528e-13,0.9999999999993652
0.0412665969855511,0.0019038077114228457,1.2804119956899131e-09,0.9999999987195881
0.0412665969855511,0.0020040081120240483,8.082581927792639e-13,0.9999999999991918
0.0412665969855511,0.0021042085126252506,3.958731574900307e-11,0.9999999999604127
0.0412665969855511,0.002204408913226453,8.931699892703105e-11,0.999999999910683
0.0412665969855511,0.0023046093138276553,2.224374371405018e-14,0.9999999999999778
0.0412665969855511,0.0024048097144288576,2.26716424484436e-12,0.9999999999977327
0.0412665969855511,0.0025050101150300604,1.5719779251436412e-10,0.9999999998428023
0.0412665969855511,0.0026052105156312627,8.017197934904276e-13,0.9999999999991982
0.0412665969855511,0.002705410916232465,5.324150484014481e-14,0.9999999999999468
0.0412665969855511,0.0028056113168336673,5.064906691459403e-12,0.9999999999949352
0.04136438512982966,1e-10,9.90192245955057e-15,0.99999999999999
0.04136438512982966,0.0001002005006012024,1.3904196116916483e-14,0.9999999999999862
0.04136438512982966,0.00020040090120240482,1.5998691941301075e-14,0.999999999999984
0.04136438512982966,0.0003006013018036072,1.5141104894386177e-13,0.9999999999998487
0.04136438512982966,0.0004008017024048096,2.03237074964598e-14,0.9999999999999797
0.04136438512982966,0.0005010021030060121,1.0140507988275928e-12,0.9999999999989858
0.04136438512982966,0.0006012025036072144,2.5325099624025775e-13,0.9999999999997466
0.04136438512982966,0.0007014029042084169,1.8602891066247037e-13,0.9999999999998139
0.04136438512982966,0.0008016033048096193,3.3650230686903607e-12,0.9999999999966351
0.04136438512982966,0.0009018037054108217,2.4938167005055678e-12,0.9999999999975062
0.04136438512982966,0.0010020041060120242,3.09595612426318e-14,0.9999999999999691
0.04136438512982966,0.0011022045066132265,8.686251189386151e-14,0.9999999999999132
0.04136438512982966,0.0012024049072144288,2.5616797260780796e-12,0.9999999999974384
0.04136438512982966,0.0013026053078156314,5.534695542293983e-12,0.9999999999944653
0.04136438512982966,0.0014028057084168337,3.564767122321685e-12,0.9999999999964352
0.04136438512982966,0.0015030061090180362,1.8396059509211437e-11,0.9999999999816038
0.04136438512982966,0.0016032065096192386,3.3257494678795276e-13,0.9999999999996674
0.04136438512982966,0.0017034069102204409,9.020987196025616e-12,0.999999999990979
0.04136438512982966,0.0018036073108216434,3.5714265834495255e-12,0.9999999999964284
0.04136438512982966,0.0019038077114228457,2.6868660070327554e-12,0.9999999999973133
0.04136438512982966,0.0020040081120240483,6.282392254409733e-13,0.9999999999993717
0.04136438512982966,0.0021042085126252506,2.343348270104953e-11,0.9999999999765665
0.04136438512982966,0.002204408913226453,8.036802770612587e-11,0.999999999919632
0.04136438512982966,0.0023046093138276553,1.9947710879784605e-14,0.99999999999998
0.04136438512982966,0.0024048097144288576,1.9790763256981e-10,0.9999999998020923
0.04136438512982966,0.0025050101150300604,1.695148139359429e-14,0.9999999999999831
0.04136438512982966,0.0026052105156312627,2.4102969261728053e-09,0.9999999975897031
0.04136438512982966,0.002705410916232465,4.089937150732203e-08,0.9999999591006284
0.04136438512982966,0.0028056113168336673,1.1761281372295573e-08,0.9999999882387186
0.04146217327410822,1e-10,1.6465534875917787e-14,0.9999999999999836
0.04146217327410822,0.0001002005006012024,1.0798465544915172e-14,0.9999999999999892
0.04146217327410822,0.00020040090120240482,1.6255948366191645e-14,0.9999999999999838
0.04146217327410822,0.0003006013018036072,1.258089667960325e-13,0.9999999999998741
0.04146217327410822,0.0004008017024048096,2.972453080151882e-14,0.9999999999999702
0.04146217327410822,0.0005010021030060121,1.9465336673508457e-13,0.9999999999998054
0.04146217327410822,0.0006012025036072144,7.558752670671672e-13,0.9999999999992442
0.04146217327410822,0.0007014029042084169,1.1517728886247192e-12,0.9999999999988483
0.04146217327410822,0.0008016033048096193,3.764200508468422e-11,0.9999999999623581
0.04146217327410822,0.0009018037054108217,4.855867088012074e-13,0.9999999999995144
0.04146217327410822,0.0010020041060120242,1.1957334976856836e-14,0.9999999999999881
0.04146217327410822,0.0011022045066132265,1.6271230426433147e-13,0.9999999999998372
0.04146217327410822,0.0012024049072144288,1.5223587126883803e-12,0.9999999999984777
0.04146217327410822,0.0013026053078156314,8.750155771115588e-13,0.9999999999991251
0.04146217327410822,0.0014028057084168337,2.20601326333865e-12,0.999999999997794
0.04146217327410822,0.0015030061090180362,1.099541736519906e-10,0.9999999998900457
0.04146217327410822,0.0016032065096192386,9.339583818361804e-12,0.9999999999906605
0.04146217327410822,0.0017034069102204409,1.6691564250580395e-13,0.999999999999833
0.04146217327410822,0.0018036073108216434,1.287884354599006e-13,0.9999999999998712
0.04146217327410822,0.0019038077114228457,1.9281880074672502e-13,0.999999999999807
0.04146217327410822,0.0020040081120240483,8.640498872690166e-12,0.9999999999913595
0.04146217327410822,0.0021042085126252506,2.387417573001068e-12,0.9999999999976126
0.04146217327410822,0.002204408913226453,2.6750882677690186e-13,0.9999999999997324
0.04146217327410822,0.0023046093138276553,2.010665888570659e-11,0.9999999999798933
0.04146217327410822,0.0024048097144288576,4.045375825077287e-09,0.9999999959546242
0.04146217327410822,0.0025050101150300604,4.110698123376633e-13,0.999999999999589
0.04146217327410822,0.0026052105156312627,1.4922787795109933e-15,0.9999999999999984
0.04146217327410822,0.002705410916232465,7.597936179196814e-09,0.9999999924020637
0.04146217327410822,0.0028056113168336673,5.106503464871521e-10,0.9999999994893496
0.041559961418386776,1e-10,2.7416908760483483e-14,0.9999999999999726
0.041559961418386776,0.0001002005006012024,2.8054814034971304e-14,0.9999999999999719
0.041559961418386776,0.00020040090120240482,2.4835770384758222e-14,0.999999999999975
0.041559961418386776,0.0003006013018036072,8.327397306951467e-15,0.9999999999999918
0.041559961418386776,0.0004008017024048096,1.514527798381562e-13,0.9999999999998486
0.041559961418386776,0.0005010021030060121,1.3540931135402095e-14,0.9999999999999865
0.041559961418386776,0.0006012025036072144,2.3528619152900545e-15,0.9999999999999978
0.041559961418386776,0.0007014029042084169,3.9164160736024723e-13,0.9999999999996083
0.041559961418386776,0.0008016033048096193,4.6522282057420674e-14,0.9999999999999534
0.041559961418386776,0.0009018037054108217,3.3880478939492064e-12,0.9999999999966119
0.041559961418386776,0.0010020041060120242,1.7760384772651643e-12,0.999999999998224
0.041559961418386776,0.0011022045066132265,2.1778427438539526e-13,0.9999999999997822
0.041559961418386776,0.0012024049072144288,2.3830799040019555e-12,0.9999999999976169
0.041559961418386776,0.0013026053078156314,1.30623112827793e-10,0.9999999998693769
0.041559961418386776,0.0014028057084168337,8.477342767142984e-14,0.9999999999999152
0.041559961418386776,0.0015030061090180362,1.6704557351841677e-14,0.9999999999999833
0.041559961418386776,0.0016032065096192386,4.6412770640233685e-11,0.9999999999535872
0.041559961418386776,0.0017034069102204409,7.948651645372266e-11,0.9999999999205135
0.041559961418386776,0.0018036073108216434,5.270648773102267e-10,0.9999999994729353
0.041559961418386776,0.0019038077114228457,1.2346961979411515e-11,0.999999999987653
0.041559961418386776,0.0020040081120240483,5.370740048594456e-12,0.9999999999946293
0.041559961418386776,0.0021042085126252506,4.0385254212742774e-14,0.9999999999999596
0.041559961418386776,0.002204408913226453,2.945282112300799e-11,0.9999999999705472
0.041559961418386776,0.0023046093138276553,8.106207245078461e-09,0.9999999918937926
0.041559961418386776,0.0024048097144288576,9.725023594328839e-08,0.9999999027497639
0.041559961418386776,0.0025050101150300604,4.999842627449187e-10,0.9999999995000157
0.041559961418386776,0.0026052105156312627,3.092697340665482e-12,0.9999999999969074
0.041559961418386776,0.002705410916232465,7.714153339285689e-11,0.9999999999228586
0.041559961418386776,0.0028056113168336673,2.904772894796933e-09,0.9999999970952271
0.04165774956266533,1e-10,4.562929636039286e-14,0.9999999999999544
0.04165774956266533,0.0001002005006012024,1.8209204993623726e-14,0.9999999999999818
0.04165774956266533,0.00020040090120240482,4.652574348220911e-14,0.9999999999999536
0.04165774956266533,0.0003006013018036072,4.3718717218856886e-13,0.9999999999995628
0.04165774956266533,0.0004008017024048096,8.314117633057956e-14,0.9999999999999167
0.04165774956266533,0.0005010021030060121,5.725799804984562e-14,0.9999999999999426
0.04165774956266533,0.0006012025036072144,2.3734695203139817e-13,0.9999999999997625
0.04165774956266533,0.0007014029042084169,2.2525431729611844e-13,0.9999999999997748
0.04165774956266533,0.0008016033048096193,2.3042005313152767e-14,0.9999999999999769
0.04165774956266533,0.0009018037054108217,5.290235476598933e-14,0.9999999999999472
0.04165774956266533,0.0010020041060120242,2.547913482323067e-14,0.9999999999999747
0.04165774956266533,0.0011022045066132265,6.036341142680825e-13,0.9999999999993965
0.04165774956266533,0.0012024049072144288,3.6742986542315776e-12,0.9999999999963257
0.04165774956266533,0.0013026053078156314,6.419771884695313e-14,0.9999999999999359
0.04165774956266533,0.0014028057084168337,2.605872140542856e-12,0.9999999999973941
0.04165774956266533,0.0015030061090180362,2.3187701942509955e-13,0.9999999999997681
0.04165774956266533,0.0016032065096192386,5.7474847631114176e-11,0.9999999999425252
0.04165774956266533,0.0017034069102204409,6.228286317689386e-12,0.9999999999937718
0.04165774956266533,0.0018036073108216434,7.567554004391123e-10,0.9999999992432446
0.04165774956266533,0.0019038077114228457,1.1290500348062788e-13,0.9999999999998871
0.04165774956266533,0.0020040081120240483,5.517711895278691e-08,0.9999999448228809
0.04165774956266533,0.0021042085126252506,9.648097701066779e-11,0.9999999999035191
0.04165774956266533,0.002204408913226453,9.844322550689525e-14,0.9999999999999015
0.04165774956266533,0.0023046093138276553,5.960730575104431e-11,0.9999999999403928
0.04165774956266533,0.0024048097144288576,1.0018065438627953e-09,0.9999999989981936
0.04165774956266533,0.0025050101150300604,1.0737654738331258e-12,0.9999999999989263
0.04165774956266533,0.0026052105156312627,5.794622118473111e-08,0.9999999420537788
0.04165774956266533,0.002705410916232465,1.9296367492748496e-10,0.9999999998070364
0.04165774956266533,0.0028056113168336673,1.0090797211605444e-07,0.9999998990920279
0.04175553770694389,1e-10,7.58288214132083e-14,0.9999999999999242
0.04175553770694389,0.0001002005006012024,5.920413750556473e-14,0.9999999999999409
0.04175553770694389,0.00020040090120240482,9.056393744058434e-15,0.999999999999991
0.04175553770694389,0.0003006013018036072,7.532563866961755e-13,0.9999999999992466
0.04175553770694389,0.0004008017024048096,1.6992262384403508e-13,0.9999999999998299
0.04175553770694389,0.0005010021030060121,1.1930719232609099e-12,0.999999999998807
0.04175553770694389,0.0006012025036072144,1.2449551865104063e-13,0.9999999999998755
0.04175553770694389,0.0007014029042084169,8.450879025590313e-12,0.999999999991549
0.04175553770694389,0.0008016033048096193,6.644898958341142e-12,0.9999999999933552
0.04175553770694389,0.0009018037054108217,6.000493427544099e-13,0.9999999999994
0.04175553770694389,0.0010020041060120242,1.2777234179974324e-13,0.9999999999998722
0.04175553770694389,0.0011022045066132265,2.3568114256347197e-11,0.9999999999764319
0.04175553770694389,0.0012024049072144288,3.0780227196207116e-10,0.9999999996921978
0.04175553770694389,0.0013026053078156314,1.0056481840090527e-12,0.9999999999989945
0.04175553770694389,0.0014028057084168337,5.4281522401582436e-12,0.9999999999945719
0.04175553770694389,0.0015030061090180362,2.4001927796652596e-12,0.9999999999975997
0.04175553770694389,0.0016032065096192386,9.963306140831607e-13,0.9999999999990038
0.04175553770694389,0.0017034069102204409,9.116330674437901e-13,0.9999999999990884
0.04175553770694389,0.0018036073108216434,3.1164115378321903e-12,0.9999999999968836
0.04175553770694389,0.0019038077114228457,5.243286785828071e-13,0.9999999999994758
0.04175553770694389,0.0020040081120240483,6.925096233128593e-11,0.999999999930749
0.04175553770694389,0.0021042085126252506,1.862700911600447e-08,0.9999999813729908
0.04175553770694389,0.002204408913226453,1.631632873679752e-12,0.9999999999983684
0.04175553770694389,0.0023046093138276553,1.4367528567739134e-10,0.9999999998563248
0.04175553770694389,0.0024048097144288576,5.2702922188582985e-12,0.9999999999947297
0.04175553770694389,0.0025050101150300604,1.3023292851069822e-06,0.9999986976707149
0.04175553770694389,0.0026052105156312627,2.4249898037055e-11,0.9999999999757501
0.04175553770694389,0.002705410916232465,1.7203170208075878e-11,0.9999999999827969
0.04175553770694389,0.0028056113168336673,1.2120622673907362e-08,0.9999999878793773
0.041853325851222443,1e-10,1.2635642668231185e-13,0.9999999999998737
0.041853325851222443,0.0001002005006012024,3.4308905720917425e-13,0.9999999999996569
0.041853325851222443,0.00020040090120240482,1.1496420317689748e-13,0.999999999999885
0.041853325851222443,0.0003006013018036072,8.176194259165249e-13,0.9999999999991824
0.041853325851222443,0.0004008017024048096,1.492242398473457e-11,0.9999999999850775
0.041853325851222443,0.0005010021030060121,6.752112106995611e-13,0.9999999999993248
0.041853325851222443,0.0006012025036072144,7.321566571728893e-14,0.9999999999999268
0.041853325851222443,0.0007014029042084169,2.4188430828619187e-12,0.9999999999975812
0.041853325851222443,0.0008016033048096193,2.310698657727375e-12,0.9999999999976894
0.041853325851222443,0.0009018037054108217,9.564967759962502e-12,0.999999999990435
0.041853325851222443,0.0010020041060120242,3.187373421689925e-11,0.9999999999681264
0.041853325851222443,0.0011022045066132265,2.1656948212639593e-14,0.9999999999999785
0.041853325851222443,0.0012024049072144288,5.6454898673558846e-12,0.9999999999943546
0.041853325851222443,0.0013026053078156314,3.007504281368262e-12,0.9999999999969926
0.041853325851222443,0.0014028057084168337,1.4165538730184448e-09,0.9999999985834462
0.041853325851222443,0.0015030061090180362,4.704483981549722e-13,0.9999999999995296
0.041853325851222443,0.0016032065096192386,4.377420822093141e-09,0.9999999956225791
0.041853325851222443,0.0017034069102204409,2.0168966324478007e-09,0.9999999979831035
0.041853325851222443,0.0018036073108216434,2.127145163847951e-09,0.9999999978728549
0.041853325851222443,0.0019038077114228457,8.903856668207752e-16,0.9999999999999991
0.041853325851222443,0.0020040081120240483,9.917167577404495e-12,0.9999999999900827
0.041853325851222443,0.0021042085126252506,1.6174997754006745e-11,0.999999999983825
0.041853325851222443,0.002204408913226453,2.5327864268073197e-09,0.9999999974672136
0.041853325851222443,0.0023046093138276553,2.7992598097983682e-11,0.9999999999720074
0.041853325851222443,0.0024048097144288576,3.147710495194523e-12,0.9999999999968523
0.041853325851222443,0.0025050101150300604,2.9549469140305013e-09,0.999999997045053
0.041853325851222443,0.0026052105156312627,6.212278992325227e-10,0.9999999993787722
0.041853325851222443,0.002705410916232465,4.968421227627386e-11,0.9999999999503157
0.041853325851222443,0.0028056113168336673,1.8492712885995977e-07,0.9999998150728712
0.041951113995501,1e-10,2.1034836417438357e-13,0.9999999999997897
0.041951113995501,0.0001002005006012024,1.315323678495948e-13,0.9999999999998684
0.041951113995501,0.00020040090120240482,1.6960767134234517e-12,0.9999999999983039
0.041951113995501,0.0003006013018036072,1.0595790919886715e-12,0.9999999999989404
0.041951113995501,0.0004008017024048096,7.773176626673843e-13,0.9999999999992227
0.041951113995501,0.0005010021030060121,4.55632342616531e-13,0.9999999999995445
0.041951113995501,0.0006012025036072144,3.370196960034769e-13,0.9999999999996629
0.041951113995501,0.0007014029042084169,2.686221761282527e-12,0.9999999999973139
0.041951113995501,0.0008016033048096193,3.804427917286578e-12,0.9999999999961957
0.041951113995501,0.0009018037054108217,5.192425575404106e-13,0.9999999999994809
0.041951113995501,0.0010020041060120242,6.790732706889686e-13,0.9999999999993208
0.041951113995501,0.0011022045066132265,8.533092166747934e-13,0.9999999999991467
0.041951113995501,0.0012024049072144288,2.352795899639629e-11,0.999999999976472
0.041951113995501,0.0013026053078156314,7.514387593960276e-11,0.9999999999248561
0.041951113995501,0.0014028057084168337,7.458889912667206e-12,0.9999999999925411
0.041951113995501,0.0015030061090180362,4.567321177306472e-11,0.9999999999543266
0.041951113995501,0.0016032065096192386,2.700530043790783e-11,0.9999999999729947
0.041951113995501,0.0017034069102204409,7.22927969377305e-09,0.9999999927707204
0.041951113995501,0.0018036073108216434,2.287207545476796e-11,0.9999999999771281
0.041951113995501,0.0019038077114228457,6.50603701476582e-11,0.9999999999349396
0.041951113995501,0.0020040081120240483,2.910390532804311e-11,0.9999999999708961
0.041951113995501,0.0021042085126252506,6.374382357277906e-11,0.9999999999362562
0.041951113995501,0.002204408913226453,4.038220828340553e-09,0.9999999959617791
0.041951113995501,0.0023046093138276553,2.3085668547625476e-09,0.9999999976914331
0.041951113995501,0.0024048097144288576,8.227219836608088e-12,0.9999999999917728
0.041951113995501,0.0025050101150300604,7.260697535612526e-11,0.9999999999273931
0.041951113995501,0.0026052105156312627,2.34896136038071e-11,0.9999999999765103
0.041951113995501,0.002705410916232465,3.370973374987011e-10,0.9999999996629026
0.041951113995501,0.0028056113168336673,2.6090070644721808e-08,0.9999999739099295
0.04204890213977956,1e-10,3.505390103223031e-13,0.9999999999996495
0.04204890213977956,0.0001002005006012024,2.666577874337406e-13,0.9999999999997333
0.04204890213977956,0.00020040090120240482,1.962440087874676e-13,0.9999999999998037
0.04204890213977956,0.0003006013018036072,4.445986487329786e-13,0.9999999999995555
0.04204890213977956,0.0004008017024048096,1.2776717149856005e-12,0.9999999999987224
0.04204890213977956,0.0005010021030060121,4.5926446818096234e-12,0.9999999999954075
0.04204890213977956,0.0006012025036072144,5.267000587650038e-13,0.9999999999994733
0.04204890213977956,0.0007014029042084169,6.329071846490035e-12,0.999999999993671
0.04204890213977956,0.0008016033048096193,8.660683793146742e-13,0.9999999999991339
0.04204890213977956,0.0009018037054108217,3.4613840911215086e-13,0.9999999999996538
0.04204890213977956,0.0010020041060120242,5.161740106696912e-12,0.9999999999948384
0.04204890213977956,0.0011022045066132265,5.243554385656466e-10,0.9999999994756446
0.04204890213977956,0.0012024049072144288,2.6055784412734776e-13,0.9999999999997394
0.04204890213977956,0.0013026053078156314,1.0377433876200547e-10,0.9999999998962257
0.04204890213977956,0.0014028057084168337,1.9849916946389417e-12,0.999999999998015
0.04204890213977956,0.0015030061090180362,2.30190660259291e-11,0.9999999999769809
0.04204890213977956,0.0016032065096192386,2.3267215145812306e-10,0.9999999997673279
0.04204890213977956,0.0017034069102204409,1.500317979568604e-12,0.9999999999984996
0.04204890213977956,0.0018036073108216434,1.1740956967607887e-10,0.9999999998825905
0.04204890213977956,0.0019038077114228457,8.686695200607234e-11,0.999999999913133
0.04204890213977956,0.0020040081120240483,1.0277425898442867e-10,0.9999999998972258
0.04204890213977956,0.0021042085126252506,2.43919344369054e-10,0.9999999997560807
0.04204890213977956,0.002204408913226453,1.9987684411897043e-09,0.9999999980012316
0.04204890213977956,0.0023046093138276553,1.8355843862032612e-08,0.9999999816441562
0.04204890213977956,0.0024048097144288576,3.4119259688505385e-11,0.9999999999658807
0.04204890213977956,0.0025050101150300604,4.8393413326748804e-12,0.9999999999951606
0.04204890213977956,0.0026052105156312627,4.364135821564555e-09,0.9999999956358643
0.04204890213977956,0.002705410916232465,2.5930708125890347e-07,0.9999997406929186
0.04204890213977956,0.0028056113168336673,8.43408374942515e-08,0.9999999156591625
0.04214669028405812,1e-10,5.83274262884472e-13,0.9999999999994167
0.04214669028405812,0.0001002005006012024,1.465296681850799e-12,0.9999999999985347
0.04214669028405812,0.00020040090120240482,1.490134406356116e-12,0.9999999999985099
0.04214669028405812,0.0003006013018036072,4.931418064550365e-13,0.999999999999507
0.04214669028405812,0.0004008017024048096,3.728631241238289e-13,0.9999999999996272
0.04214669028405812,0.0005010021030060121,2.4727636335606484e-13,0.9999999999997529
0.04214669028405812,0.0006012025036072144,5.121876577632135e-13,0.9999999999994879
0.04214669028405812,0.0007014029042084169,1.3619875439648132e-12,0.999999999998638
0.04214669028405812,0.0008016033048096193,1.615430313691135e-11,0.9999999999838457
0.04214669028405812,0.0009018037054108217,2.8225159305829263e-12,0.9999999999971774
0.04214669028405812,0.0010020041060120242,2.4276707094219244e-14,0.9999999999999757
0.04214669028405812,0.0011022045066132265,2.01800722348354e-11,0.9999999999798199
0.04214669028405812,0.0012024049072144288,3.951990191605401e-12,0.999999999996048
0.04214669028405812,0.0013026053078156314,5.2961142976983245e-11,0.9999999999470388
0.04214669028405812,0.0014028057084168337,6.573287195329143e-12,0.9999999999934267
0.04214669028405812,0.0015030061090180362,1.865565928903752e-13,0.9999999999998135
0.04214669028405812,0.0016032065096192386,7.583003673325264e-12,0.999999999992417
0.04214669028405812,0.0017034069102204409,3.451279565832895e-11,0.9999999999654872
0.04214669028405812,0.0018036073108216434,8.301232047986017e-11,0.9999999999169876
0.04214669028405812,0.0019038077114228457,3.133778813522619e-11,0.9999999999686623
0.04214669028405812,0.0020040081120240483,3.653523277101548e-08,0.9999999634647673
0.04214669028405812,0.0021042085126252506,6.681234071289649e-11,0.9999999999331877
0.04214669028405812,0.002204408913226453,1.7240329303771506e-07,0.999999827596707
0.04214669028405812,0.0023046093138276553,2.0253042027154684e-07,0.9999997974695798
0.04214669028405812,0.0024048097144288576,6.385301543212598e-11,0.9999999999361471
0.04214669028405812,0.0025050101150300604,6.319061676494361e-12,0.999999999993681
0.04214669028405812,0.0026052105156312627,2.0609930126753493e-09,0.9999999979390071
0.04214669028405812,0.002705410916232465,1.4245914850217483e-10,0.9999999998575408
0.04214669028405812,0.0028056113168336673,2.0154295427322822e-07,0.9999997984570457
0.042244478428336674,1e-10,9.710909328649221e-13,0.9999999999990288
0.042244478428336674,0.0001002005006012024,9.190087109637334e-13,0.9999999999990811
0.042244478428336674,0.00020040090120240482,2.81634726109726e-12,0.9999999999971837
0.042244478428336674,0.0003006013018036072,1.7990723045376298e-12,0.9999999999982008
0.042244478428336674,0.0004008017024048096,2.3995446074191456e-12,0.9999999999976006
0.042244478428336674,0.0005010021030060121,1.6886095538096873e-11,0.999999999983114
0.042244478428336674,0.0006012025036072144,5.909759380428014e-11,0.9999999999409024
0.042244478428336674,0.0007014029042084169,8.263440418016607e-12,0.9999999999917366
0.042244478428336674,0.0008016033048096193,2.3676402649439025e-11,0.9999999999763237
0.042244478428336674,0.0009018037054108217,8.842730574303324e-12,0.9999999999911573
0.042244478428336674,0.0010020041060120242,1.6527586490542155e-10,0.9999999998347241
0.042244478428336674,0.0011022045066132265,5.933962417880006e-10,0.9999999994066038
0.042244478428336674,0.0012024049072144288,1.9742576676530193e-12,0.9999999999980257
0.042244478428336674,0.0013026053078156314,1.1087388967884419e-10,0.9999999998891261
0.042244478428336674,0.0014028057084168337,2.636848985079304e-10,0.9999999997363153
0.042244478428336674,0.0015030061090180362,2.5434525532776493e-11,0.9999999999745656
0.042244478428336674,0.0016032065096192386,1.827172537007591e-12,0.9999999999981728
0.042244478428336674,0.0017034069102204409,4.8141546896995595e-11,0.9999999999518584
0.042244478428336674,0.0018036073108216434,2.4823779160331345e-12,0.9999999999975175
0.042244478428336674,0.0019038077114228457,1.7790944518527964e-10,0.9999999998220906
0.042244478428336674,0.0020040081120240483,4.6571036255801343e-11,0.999999999953429
0.042244478428336674,0.0021042085126252506,5.841065460942578e-10,0.9999999994158935
0.042244478428336674,0.002204408913226453,9.305734286040042e-07,0.9999990694265714
0.042244478428336674,0.0023046093138276553,5.321773474013106e-08,0.9999999467822651
0.042244478428336674,0.0024048097144288576,2.0817738542166525e-10,0.9999999997918226
0.042244478428336674,0.0025050101150300604,4.138188599321889e-11,0.9999999999586181
0.042244478428336674,0.0026052105156312627,3.4087690724187886e-08,0.9999999659123093
0.042244478428336674,0.002705410916232465,1.2901414308427076e-09,0.9999999987098587
0.042244478428336674,0.0028056113168336673,2.5468347701768296e-09,0.9999999974531653
0.04234226657261523,1e-10,1.6170599721824067e-12,0.999999999998383
0.04234226657261523,0.0001002005006012024,1.4239533904344625e-12,0.999999999998576
0.04234226657261523,0.00020040090120240482,3.6254330151483403e-12,0.9999999999963747
0.04234226657261523,0.0003006013018036072,2.017985765517618e-12,0.9999999999979821
0.04234226657261523,0.0004008017024048096,1.4631200343087948e-11,0.9999999999853688
0.04234226657261523,0.0005010021030060121,4.651034524793204e-11,0.9999999999534895
0.04234226657261523,0.0006012025036072144,6.805217665515092e-12,0.9999999999931948
0.04234226657261523,0.0007014029042084169,9.826434743837545e-12,0.9999999999901736
0.04234226657261523,0.0008016033048096193,4.0890943491526154e-11,0.9999999999591092
0.04234226657261523,0.0009018037054108217,4.7655924113875176e-11,0.9999999999523442
0.04234226657261523,0.0010020041060120242,3.6847858939831986e-11,0.9999999999631523
0.04234226657261523,0.0011022045066132265,2.6600798655455645e-11,0.9999999999733993
0.04234226657261523,0.0012024049072144288,4.3508850006941065e-12,0.9999999999956491
0.04234226657261523,0.0013026053078156314,1.2258678379710615e-13,0.9999999999998775
0.04234226657261523,0.0014028057084168337,7.345636098169345e-10,0.9999999992654364
0.04234226657261523,0.0015030061090180362,2.535895217102258e-10,0.9999999997464106
0.04234226657261523,0.0016032065096192386,2.5801566500900774e-11,0.9999999999741984
0.04234226657261523,0.0017034069102204409,1.3015392213984935e-10,0.9999999998698461
0.04234226657261523,0.0018036073108216434,4.41073308439744e-09,0.9999999955892669
0.04234226657261523,0.0019038077114228457,6.925442123858338e-10,0.9999999993074558
0.04234226657261523,0.0020040081120240483,7.526290056913296e-07,0.9999992473709944
0.04234226657261523,0.0021042085126252506,1.4990488743713133e-09,0.9999999985009511
0.04234226657261523,0.002204408913226453,4.412811503662874e-10,0.999999999558719
0.04234226657261523,0.0023046093138276553,2.9812333685193636e-12,0.9999999999970187
0.04234226657261523,0.0024048097144288576,2.1460020028265283e-11,0.99999999997854
0.04234226657261523,0.0025050101150300604,4.733689927564799e-08,0.9999999526631007
0.04234226657261523,0.0026052105156312627,1.0458150840175335e-05,0.9999895418491598
0.04234226657261523,0.002705410916232465,1.3765737347887073e-08,0.9999999862342626
0.04234226657261523,0.0028056113168336673,9.924386649738892e-06,0.9999900756133503
0.042440054716893785,1e-10,2.695593074935136e-12,0.9999999999973044
0.042440054716893785,0.0001002005006012024,5.994030076161721e-12,0.999999999994006
0.042440054716893785,0.00020040090120240482,3.4046901477386516e-12,0.9999999999965952
0.042440054716893785,0.0003006013018036072,7.903035609976184e-11,0.9999999999209697
0.042440054716893785,0.0004008017024048096,5.214717900599819e-12,0.9999999999947853
0.042440054716893785,0.0005010021030060121,1.8933590925938257e-10,0.9999999998106641
0.042440054716893785,0.0006012025036072144,2.3875762986173546e-11,0.9999999999761242
0.042440054716893785,0.0007014029042084169,9.617373614680922e-11,0.9999999999038263
0.042440054716893785,0.0008016033048096193,9.489716384402354e-13,0.9999999999990511
0.042440054716893785,0.0009018037054108217,5.623734439447586e-12,0.9999999999943763
0.042440054716893785,0.0010020041060120242,4.180939572079257e-10,0.999999999581906
0.042440054716893785,0.0011022045066132265,3.42550376248319e-11,0.999999999965745
0.042440054716893785,0.0012024049072144288,6.119915899337419e-13,0.999999999999388
0.042440054716893785,0.0013026053078156314,4.2416679900569676e-10,0.9999999995758332
0.042440054716893785,0.0014028057084168337,3.3620581306571443e-10,0.9999999996637943
0.042440054716893785,0.0015030061090180362,1.529423660391256e-09,0.9999999984705763
0.042440054716893785,0.0016032065096192386,3.992380132733415e-08,0.9999999600761986
0.042440054716893785,0.0017034069102204409,6.821542082419033e-11,0.9999999999317846
0.042440054716893785,0.0018036073108216434,1.4770243888117174e-08,0.9999999852297561
0.042440054716893785,0.0019038077114228457,7.087715689491622e-09,0.9999999929122844
0.042440054716893785,0.0020040081120240483,2.349874793723238e-08,0.999999976501252
0.042440054716893785,0.0021042085126252506,6.858011316959544e-09,0.9999999931419887
0.042440054716893785,0.002204408913226453,2.3184795474601183e-08,0.9999999768152046
0.042440054716893785,0.0023046093138276553,2.5689435393644933e-08,0.9999999743105646
0.042440054716893785,0.0024048097144288576,3.510009901806348e-07,0.9999996489990098
0.042440054716893785,0.0025050101150300604,3.93841623040958e-09,0.9999999960615837
0.042440054716893785,0.0026052105156312627,1.9543472577449582e-10,0.9999999998045652
0.042440054716893785,0.002705410916232465,8.435841376400239e-07,0.9999991564158623
0.042440054716893785,0.0028056113168336673,1.2921190543509034e-09,0.9999999987078809
0.04253784286117235,1e-10,4.48056268198844e-12,0.9999999999955195
0.04253784286117235,0.0001002005006012024,7.08568223034963e-12,0.9999999999929143
0.04253784286117235,0.00020040090120240482,7.917061583891196e-11,0.9999999999208292
0.04253784286117235,0.0003006013018036072,1.9699399186454083e-11,0.9999999999803006
0.04253784286117235,0.0004008017024048096,5.537871667554945e-12,0.9999999999944621
0.04253784286117235,0.0005010021030060121,1.0874766653082534e-10,0.9999999998912523
0.04253784286117235,0.0006012025036072144,2.325178562895066e-11,0.9999999999767484
0.04253784286117235,0.0007014029042084169,1.1863407510188548e-11,0.9999999999881366
0.04253784286117235,0.0008016033048096193,3.5266489310604125e-10,0.9999999996473351
0.04253784286117235,0.0009018037054108217,5.402166534762726e-11,0.9999999999459783
0.04253784286117235,0.0010020041060120242,1.8017803261914419e-09,0.9999999981982197
0.04253784286117235,0.0011022045066132265,2.6478191205262844e-11,0.9999999999735218
0.04253784286117235,0.0012024049072144288,3.1081255197522254e-10,0.9999999996891874
0.04253784286117235,0.0013026053078156314,4.45829094153019e-08,0.9999999554170906
0.04253784286117235,0.0014028057084168337,2.201767272612245e-12,0.9999999999977981
0.04253784286117235,0.0015030061090180362,3.548026279572191e-11,0.9999999999645197
0.04253784286117235,0.0016032065096192386,1.2737065519227088e-11,0.9999999999872629
0.04253784286117235,0.0017034069102204409,1.4709427134874457e-11,0.9999999999852907
0.04253784286117235,0.0018036073108216434,1.2005698228540637e-11,0.9999999999879943
0.04253784286117235,0.0019038077114228457,9.033409076761762e-11,0.9999999999096659
0.04253784286117235,0.0020040081120240483,1.7438689938841445e-11,0.9999999999825613
0.04253784286117235,0.0021042085126252506,1.084722899022985e-08,0.999999989152771
0.04253784286117235,0.002204408913226453,1.0719792932476566e-06,0.9999989280207067
0.04253784286117235,0.0023046093138276553,9.685188058741023e-08,0.9999999031481195
0.04253784286117235,0.0024048097144288576,1.3529644342757784e-06,0.9999986470355657
0.04253784286117235,0.0025050101150300604,1.2193070063773184e-09,0.9999999987806931
0.04253784286117235,0.0026052105156312627,3.959015057411452e-09,0.999999996040985
0.04253784286117235,0.002705410916232465,7.127338476243054e-09,0.9999999928726615
0.04253784286117235,0.0028056113168336673,4.1421599038427807e-07,0.9999995857840096
0.042635631005450904,1e-10,7.4692477561411e-12,0.9999999999925309
0.042635631005450904,0.0001002005006012024,1.4482487593186383e-11,0.9999999999855176
0.042635631005450904,0.00020040090120240482,7.538146690244058e-12,0.9999999999924618
0.042635631005450904,0.0003006013018036072,2.3908229626790347e-12,0.9999999999976091
0.042635631005450904,0.0004008017024048096,5.8036440294234756e-11,0.9999999999419635
0.042635631005450904,0.0005010021030060121,2.0573808761191537e-11,0.9999999999794262
0.042635631005450904,0.0006012025036072144,2.5916959072560065e-11,0.999999999974083
0.042635631005450904,0.0007014029042084169,1.4986977916089175e-11,0.999999999985013
0.042635631005450904,0.0008016033048096193,1.1762880824260718e-10,0.9999999998823712
0.042635631005450904,0.0009018037054108217,4.382717317051624e-12,0.9999999999956173
0.042635631005450904,0.0010020041060120242,6.687417945874767e-11,0.9999999999331258
0.042635631005450904,0.0011022045066132265,1.3538507223993301e-11,0.9999999999864615
0.042635631005450904,0.0012024049072144288,5.964364716496288e-10,0.9999999994035635
0.042635631005450904,0.0013026053078156314,1.2990517345261084e-09,0.9999999987009482
0.042635631005450904,0.0014028057084168337,7.3566306278162185e-09,0.9999999926433695
0.042635631005450904,0.0015030061090180362,4.322142431347125e-09,0.9999999956778576
0.042635631005450904,0.0016032065096192386,2.834588682874944e-10,0.9999999997165412
0.042635631005450904,0.0017034069102204409,3.389756872351915e-07,0.9999996610243128
0.042635631005450904,0.0018036073108216434,4.676516284822247e-10,0.9999999995323484
0.042635631005450904,0.0019038077114228457,4.2763700385640014e-08,0.9999999572362995
0.042635631005450904,0.0020040081120240483,1.1540296101564347e-11,0.9999999999884597
0.042635631005450904,0.0021042085126252506,1.0440598150386268e-09,0.9999999989559403
0.042635631005450904,0.002204408913226453,2.0219212653949542e-08,0.9999999797807875
0.042635631005450904,0.0023046093138276553,4.042241821791503e-06,0.9999959577581781
0.042635631005450904,0.0024048097144288576,8.223540985120251e-13,0.9999999999991775
0.042635631005450904,0.0025050101150300604,1.582051103924483e-08,0.9999999841794891
0.042635631005450904,0.0026052105156312627,4.814967257627549e-10,0.9999999995185033
0.042635631005450904,0.002705410916232465,8.750201912471627e-08,0.999999912497981
0.042635631005450904,0.0028056113168336673,3.325670969350139e-10,0.9999999996674329
0.04273341914972946,1e-10,1.2447066787811727e-11,0.9999999999875531
0.04273341914972946,0.0001002005006012024,4.09532876077115e-11,0.9999999999590468
0.04273341914972946,0.00020040090120240482,5.56578838748035e-12,0.9999999999944342
0.04273341914972946,0.0003006013018036072,2.1539250340928279e-10,0.9999999997846076
0.04273341914972946,0.0004008017024048096,5.064278932383268e-12,0.9999999999949358
0.04273341914972946,0.0005010021030060121,1.558077495742557e-11,0.9999999999844192
0.04273341914972946,0.0006012025036072144,7.572408175018696e-10,0.9999999992427591
0.04273341914972946,0.0007014029042084169,6.92921053238416e-10,0.999999999307079
0.04273341914972946,0.0008016033048096193,1.5855928296624969e-10,0.9999999998414407
0.04273341914972946,0.0009018037054108217,3.547528835352349e-11,0.9999999999645248
0.04273341914972946,0.0010020041060120242,6.557123479206687e-10,0.9999999993442877
0.04273341914972946,0.0011022045066132265,1.5384231572296636e-12,0.9999999999984615
0.04273341914972946,0.0012024049072144288,1.192564355280354e-08,0.9999999880743564
0.04273341914972946,0.0013026053078156314,6.873505828490289e-09,0.9999999931264941
0.04273341914972946,0.0014028057084168337,3.803522511930839e-09,0.9999999961964776
0.04273341914972946,0.0015030061090180362,3.03533084324533e-09,0.999999996964669
0.04273341914972946,0.0016032065096192386,6.255857675718847e-09,0.9999999937441423
0.04273341914972946,0.0017034069102204409,1.9484092794872115e-10,0.9999999998051592
0.04273341914972946,0.0018036073108216434,7.3523587735442275e-09,0.9999999926476413
0.04273341914972946,0.0019038077114228457,1.0315298150106197e-11,0.9999999999896847
0.04273341914972946,0.0020040081120240483,7.689466070110095e-11,0.9999999999231053
0.04273341914972946,0.0021042085126252506,4.668046091570555e-09,0.999999995331954
0.04273341914972946,0.002204408913226453,4.705884219076066e-11,0.9999999999529412
0.04273341914972946,0.0023046093138276553,2.679734917603753e-06,0.9999973202650824
0.04273341914972946,0.0024048097144288576,4.939345198347869e-09,0.9999999950606548
0.04273341914972946,0.0025050101150300604,1.0712643577615611e-08,0.9999999892873564
0.04273341914972946,0.0026052105156312627,0.0002473587535798387,0.9997526412464202
0.04273341914972946,0.002705410916232465,1.4385471052122865e-10,0.9999999998561453
0.04273341914972946,0.0028056113168336673,4.497819252999711e-07,0.9999995502180747
0.042831207294008015,1e-10,2.0730302814942827e-11,0.9999999999792697
0.042831207294008015,0.0001002005006012024,3.439968229065305e-11,0.9999999999656003
0.042831207294008015,0.00020040090120240482,6.65728156444923e-11,0.9999999999334273
0.042831207294008015,0.0003006013018036072,6.0489824744538e-11,0.9999999999395102
0.042831207294008015,0.0004008017024048096,5.733751413430468e-10,0.9999999994266249
0.042831207294008015,0.0005010021030060121,7.916001707266793e-09,0.9999999920839984
0.042831207294008015,0.0006012025036072144,3.710304872659329e-12,0.9999999999962899
0.042831207294008015,0.0007014029042084169,4.126854765529194e-09,0.9999999958731454
0.042831207294008015,0.0008016033048096193,1.5510958752364942e-10,0.9999999998448905
0.042831207294008015,0.0009018037054108217,3.352362959566981e-10,0.9999999996647637
0.042831207294008015,0.0010020041060120242,1.307937257053651e-09,0.9999999986920629
0.042831207294008015,0.0011022045066132265,1.2140104423616153e-09,0.9999999987859896
0.042831207294008015,0.0012024049072144288,3.5585744153567386e-09,0.9999999964414256
0.042831207294008015,0.0013026053078156314,8.011857094876217e-10,0.9999999991988143
0.042831207294008015,0.0014028057084168337,5.921737493801402e-10,0.9999999994078261
0.042831207294008015,0.0015030061090180362,9.896292379990702e-08,0.9999999010370761
0.042831207294008015,0.0016032065096192386,3.0568971600400833e-10,0.9999999996943103
0.042831207294008015,0.0017034069102204409,1.2636514514329139e-08,0.9999999873634856
0.042831207294008015,0.0018036073108216434,1.125072253358309e-07,0.9999998874927747
0.042831207294008015,0.0019038077114228457,5.929950681186202e-07,0.9999994070049318
0.042831207294008015,0.0020040081120240483,1.3852964291358195e-08,0.9999999861470357
0.042831207294008015,0.0021042085126252506,4.841903408663634e-08,0.9999999515809659
0.042831207294008015,0.002204408913226453,3.5875678534622356e-09,0.9999999964124322
0.042831207294008015,0.0023046093138276553,4.699994644639329e-10,0.9999999995300005
0.042831207294008015,0.0024048097144288576,1.1307787584471562e-06,0.9999988692212416
0.042831207294008015,0.0025050101150300604,2.9055373759086367e-09,0.9999999970944626
0.042831207294008015,0.0026052105156312627,3.175230598047457e-08,0.999999968247694
0.042831207294008015,0.002705410916232465,1.6132324025588e-07,0.9999998386767597
0.042831207294008015,0.0028056113168336673,2.2856706443221772e-08,0.9999999771432935
0.04292899543828657,1e-10,3.447424491279012e-11,0.9999999999655258
0.04292899543828657,0.0001002005006012024,1.1443715969109727e-10,0.9999999998855629
0.04292899543828657,0.00020040090120240482,4.133263197598799e-10,0.9999999995866737
0.04292899543828657,0.0003006013018036072,1.1934102735106711e-10,0.999999999880659
0.04292899543828657,0.0004008017024048096,8.118171605712888e-10,0.9999999991881828
0.04292899543828657,0.0005010021030060121,1.377796691805577e-10,0.9999999998622204
0.04292899543828657,0.0006012025036072144,1.613344392751581e-11,0.9999999999838665
0.04292899543828657,0.0007014029042084169,3.3386813204556006e-10,0.9999999996661318
0.04292899543828657,0.0008016033048096193,8.1614465793508e-11,0.9999999999183855
0.04292899543828657,0.0009018037054108217,2.853573580056452e-11,0.9999999999714642
0.04292899543828657,0.0010020041060120242,3.5016822755963094e-10,0.9999999996498317
0.04292899543828657,0.0011022045066132265,2.7517900962446898e-11,0.9999999999724822
0.04292899543828657,0.0012024049072144288,2.8956164069073215e-10,0.9999999997104384
0.04292899543828657,0.0013026053078156314,1.4436882213197054e-09,0.9999999985563119
0.04292899543828657,0.0014028057084168337,3.262747003984912e-07,0.9999996737252996
0.04292899543828657,0.0015030061090180362,6.274332805708473e-09,0.9999999937256671
0.04292899543828657,0.0016032065096192386,5.035681742245893e-08,0.9999999496431827
0.04292899543828657,0.0017034069102204409,3.561275180845049e-10,0.9999999996438724
0.04292899543828657,0.0018036073108216434,9.908781039173644e-09,0.999999990091219
0.04292899543828657,0.0019038077114228457,1.5199595762050645e-08,0.9999999848004043
0.04292899543828657,0.0020040081120240483,9.976754980604844e-08,0.9999999002324502
0.04292899543828657,0.0021042085126252506,1.7337128360218934e-10,0.9999999998266287
0.04292899543828657,0.002204408913226453,1.981662135365419e-10,0.9999999998018337
0.04292899543828657,0.0023046093138276553,5.778834257618492e-07,0.9999994221165742
0.04292899543828657,0.0024048097144288576,2.8541721308695857e-11,0.9999999999714584
0.04292899543828657,0.0025050101150300604,7.517202555626151e-05,0.9999248279744437
0.04292899543828657,0.0026052105156312627,1.2627331082174164e-08,0.9999999873726688
0.04292899543828657,0.002705410916232465,1.6067981605494606e-08,0.9999999839320183
0.04292899543828657,0.0028056113168336673,2.183393838055854e-05,0.9999781660616194
0.04292899543828657,0.0029058117174348697,1.591833575628073e-10,0.9999999998408167
0.04302678358256513,1e-10,5.743592734705007e-11,0.999999999942564
0.04302678358256513,0.0001002005006012024,3.189336862024528e-11,0.9999999999681067
0.04302678358256513,0.00020040090120240482,1.2140423379152395e-10,0.9999999998785958
0.04302678358256513,0.0003006013018036072,6.00856768125224e-11,0.9999999999399143
0.04302678358256513,0.0004008017024048096,1.3604146576549206e-10,0.9999999998639585
0.04302678358256513,0.0005010021030060121,9.252957468559672e-11,0.9999999999074705
0.04302678358256513,0.0006012025036072144,3.7179685385163565e-10,0.9999999996282032
0.04302678358256513,0.0007014029042084169,2.1708227839550943e-09,0.9999999978291773
0.04302678358256513,0.0008016033048096193,1.9733593011166825e-08,0.999999980266407
0.04302678358256513,0.0009018037054108217,2.0242984589326134e-08,0.9999999797570154
0.04302678358256513,0.0010020041060120242,1.6477358415497868e-09,0.9999999983522643
0.04302678358256513,0.0011022045066132265,3.2780775718433285e-10,0.9999999996721922
0.04302678358256513,0.0012024049072144288,3.036198190137612e-09,0.9999999969638018
0.04302678358256513,0.0013026053078156314,3.738872700057672e-09,0.9999999962611273
0.04302678358256513,0.0014028057084168337,6.069015997193521e-10,0.9999999993930984
0.04302678358256513,0.0015030061090180362,5.6152576675646654e-08,0.9999999438474234
0.04302678358256513,0.0016032065096192386,3.866882062548191e-11,0.9999999999613312
0.04302678358256513,0.0017034069102204409,7.082499733623769e-09,0.9999999929175003
0.04302678358256513,0.0018036073108216434,3.540365872213433e-07,0.9999996459634127
0.04302678358256513,0.0019038077114228457,4.51637961804264e-08,0.9999999548362039
0.04302678358256513,0.0020040081120240483,2.3863086491491063e-10,0.9999999997613691
0.04302678358256513,0.0021042085126252506,0.00021132374783726038,0.9997886762521627
0.04302678358256513,0.002204408913226453,2.0988555018429548e-08,0.999999979011445
0.04302678358256513,0.0023046093138276553,3.983186507342208e-11,0.9999999999601681
0.04302678358256513,0.0024048097144288576,7.784918063496778e-08,0.9999999221508193
0.04302678358256513,0.0025050101150300604,5.392754896820437e-10,0.9999999994607245
0.04302678358256513,0.0026052105156312627,2.31401329966928e-08,0.999999976859867
0.04302678358256513,0.002705410916232465,3.9948903120439974e-11,0.9999999999600512
0.04302678358256513,0.0028056113168336673,1.762185824510444e-07,0.9999998237814175
0.04302678358256513,0.0029058117174348697,6.240280379443874e-07,0.9999993759719621
0.04312457172684369,1e-10,9.571540591969516e-11,0.9999999999042846
0.04312457172684369,0.0001002005006012024,1.0562070779661114e-10,0.9999999998943794
0.04312457172684369,0.00020040090120240482,8.08553068927134e-10,0.9999999991914468
0.04312457172684369,0.0003006013018036072,1.6844427604154336e-10,0.9999999998315557
0.04312457172684369,0.0004008017024048096,5.392957037735031e-10,0.9999999994607043
0.04312457172684369,0.0005010021030060121,1.4838918311823447e-09,0.9999999985161082
0.04312457172684369,0.0006012025036072144,2.12761760466041e-10,0.9999999997872382
0.04312457172684369,0.0007014029042084169,1.1455195871157937e-10,0.9999999998854481
0.04312457172684369,0.0008016033048096193,1.3978953388372323e-08,0.9999999860210464
0.04312457172684369,0.0009018037054108217,1.9198119583352575e-09,0.999999998080188
0.04312457172684369,0.0010020041060120242,9.201883709328172e-09,0.9999999907981163
0.04312457172684369,0.0011022045066132265,5.59266641632235e-11,0.9999999999440734
0.04312457172684369,0.0012024049072144288,4.4761809964559503e-07,0.9999995523819003
0.04312457172684369,0.0013026053078156314,2.4899415209227137e-08,0.9999999751005848
0.04312457172684369,0.0014028057084168337,2.2151411916041728e-10,0.9999999997784859
0.04312457172684369,0.0015030061090180362,2.8403700228837103e-10,0.999999999715963
0.04312457172684369,0.0016032065096192386,6.989315358308506e-10,0.9999999993010684
0.04312457172684369,0.0017034069102204409,9.92768561283919e-08,0.9999999007231438
0.04312457172684369,0.0018036073108216434,2.1443352437986004e-07,0.9999997855664757
0.04312457172684369,0.0019038077114228457,3.321568032748087e-10,0.9999999996678431
0.04312457172684369,0.0020040081120240483,1.0479226285928787e-07,0.9999998952077371
0.04312457172684369,0.0021042085126252506,4.298752783747965e-07,0.9999995701247216
0.04312457172684369,0.002204408913226453,3.5035335972810368e-09,0.9999999964964665
0.04312457172684369,0.0023046093138276553,2.9101980904334332e-09,0.9999999970898019
0.04312457172684369,0.0024048097144288576,1.0786995045393694e-06,0.9999989213004955
0.04312457172684369,0.0025050101150300604,1.1473085502365015e-05,0.9999885269144977
0.04312457172684369,0.0026052105156312627,1.5674958374363418e-09,0.9999999984325043
0.04312457172684369,0.002705410916232465,0.00015790173751382308,0.9998420982624862
0.04312457172684369,0.0028056113168336673,1.4619600711612575e-06,0.999998538039929
0.04312457172684369,0.0029058117174348697,0.0033930598435781703,0.9966069401564219
0.043222359871122246,1e-10,1.5938226472560274e-10,0.9999999998406177
0.043222359871122246,0.0001002005006012024,3.0010695225368746e-10,0.9999999996998932
0.043222359871122246,0.00020040090120240482,2.941596092077553e-10,0.9999999997058404
0.043222359871122246,0.0003006013018036072,1.0374970205337248e-10,0.9999999998962503
0.043222359871122246,0.0004008017024048096,5.681483996635756e-09,0.999999994318516
0.043222359871122246,0.0005010021030060121,2.0125753201294046e-08,0.9999999798742468
0.043222359871122246,0.0006012025036072144,1.045624957174818e-08,0.9999999895437506
0.043222359871122246,0.0007014029042084169,1.0406406385255752e-11,0.9999999999895937
0.043222359871122246,0.0008016033048096193,2.548218842545496e-10,0.9999999997451782
0.043222359871122246,0.0009018037054108217,1.6585907951064107e-09,0.9999999983414092
0.043222359871122246,0.0010020041060120242,6.049285682404014e-08,0.9999999395071433
0.043222359871122246,0.0011022045066132265,2.1093791570221607e-08,0.9999999789062084
0.043222359871122246,0.0012024049072144288,2.934438714349116e-08,0.9999999706556129
0.043222359871122246,0.0013026053078156314,5.765984937472825e-12,0.9999999999942342
0.043222359871122246,0.0014028057084168337,8.332717609492562e-08,0.999999916672824
0.043222359871122246,0.0015030061090180362,3.086359488869339e-08,0.9999999691364051
0.043222359871122246,0.0016032065096192386,1.9903291906377777e-07,0.999999800967081
0.043222359871122246,0.0017034069102204409,5.845552782184353e-11,0.9999999999415444
0.043222359871122246,0.0018036073108216434,1.4522170021449998e-07,0.9999998547782998
0.043222359871122246,0.0019038077114228457,4.659049034751651e-08,0.9999999534095098
0.043222359871122246,0.0020040081120240483,3.7419070903788054e-08,0.999999962580929
0.043222359871122246,0.0021042085126252506,1.9214717720270275e-07,0.9999998078528227
0.043222359871122246,0.002204408913226453,3.125982414308872e-10,0.9999999996874018
0.043222359871122246,0.0023046093138276553,4.718414925655232e-10,0.9999999995281587
0.043222359871122246,0.0024048097144288576,1.1447373615544167e-06,0.9999988552626384
0.043222359871122246,0.0025050101150300604,1.7173011176671172e-10,0.9999999998282699
0.043222359871122246,0.0026052105156312627,0.0002195696949976856,0.9997804303050023
0.043222359871122246,0.002705410916232465,9.933109380694639e-09,0.9999999900668907
0.043222359871122246,0.0028056113168336673,1.2304578384915712e-06,0.9999987695421615
0.043222359871122246,0.0029058117174348697,3.9213790791931974e-08,0.9999999607862093
0.0433201480154008,1e-10,2.6598182042947e-10,0.9999999997340181
0.0433201480154008,0.0001002005006012024,2.679274019683649e-10,0.9999999997320725
0.0433201480154008,0.00020040090120240482,1.099304599680609e-09,0.9999999989006954
0.0433201480154008,0.0003006013018036072,6.757615160502643e-10,0.9999999993242386
0.0433201480154008,0.0004008017024048096,7.197271692135301e-10,0.9999999992802729
0.0433201480154008,0.0005010021030060121,1.5425851927402428e-10,0.9999999998457415
0.0433201480154008,0.0006012025036072144,1.4777965437458913e-10,0.9999999998522203
0.0433201480154008,0.0007014029042084169,2.387178050331647e-09,0.999999997612822
0.0433201480154008,0.0008016033048096193,6.750835540745735e-11,0.9999999999324916
0.0433201480154008,0.0009018037054108217,2.8484709590440366e-08,0.9999999715152904
0.0433201480154008,0.0010020041060120242,4.329542429762473e-09,0.9999999956704577
0.0433201480154008,0.0011022045066132265,2.5702799424176337e-07,0.9999997429720058
0.0433201480154008,0.0012024049072144288,2.2395421568121965e-09,0.9999999977604579
0.0433201480154008,0.0013026053078156314,4.3349497801728625e-05,0.9999566505021984
0.0433201480154008,0.0014028057084168337,8.224902133834798e-10,0.9999999991775098
0.0433201480154008,0.0015030061090180362,1.4514439430010044e-08,0.9999999854855606
0.0433201480154008,0.0016032065096192386,2.5767486943913298e-08,0.9999999742325131
0.0433201480154008,0.0017034069102204409,1.3852644643508308e-06,0.9999986147355356
0.0433201480154008,0.0018036073108216434,6.5652488000727335e-09,0.9999999934347512
0.0433201480154008,0.0019038077114228457,9.739458818698969e-08,0.9999999026054118
0.0433201480154008,0.0020040081120240483,9.678193769266414e-08,0.9999999032180624
0.0433201480154008,0.0021042085126252506,7.490982072463315e-06,0.9999925090179277
0.0433201480154008,0.002204408913226453,1.1529074799099981e-05,0.9999884709252009
0.0433201480154008,0.0023046093138276553,2.0453376523493027e-07,0.9999997954662347
0.0433201480154008,0.0024048097144288576,1.93304088731874e-06,0.9999980669591125
0.0433201480154008,0.0025050101150300604,9.149134884937137e-09,0.9999999908508652
0.0433201480154008,0.0026052105156312627,2.4822122710918208e-06,0.9999975177877289
0.0433201480154008,0.002705410916232465,3.478907092294871e-07,0.9999996521092909
0.0433201480154008,0.0028056113168336673,0.00011338077228134264,0.9998866192277187
0.0433201480154008,0.0029058117174348697,0.011951627619881748,0.9880483723801183
0.04341793615967936,1e-10,4.4311771746630654e-10,0.9999999995568821
0.04341793615967936,0.0001002005006012024,1.796632258103617e-10,0.9999999998203368
0.04341793615967936,0.00020040090120240482,8.282237530688706e-10,0.9999999991717763
0.04341793615967936,0.0003006013018036072,1.561128751506558e-09,0.9999999984388713
0.04341793615967936,0.0004008017024048096,1.3882156746114305e-09,0.9999999986117843
0.04341793615967936,0.0005010021030060121,2.795643856269836e-11,0.9999999999720435
0.04341793615967936,0.0006012025036072144,4.432507408995489e-09,0.9999999955674926
0.04341793615967936,0.0007014029042084169,1.9614029502875184e-10,0.9999999998038598
0.04341793615967936,0.0008016033048096193,1.0794928761925805e-08,0.9999999892050713
0.04341793615967936,0.0009018037054108217,3.5355925073514053e-09,0.9999999964644075
0.04341793615967936,0.0010020041060120242,6.088926077683522e-07,0.9999993911073922
0.04341793615967936,0.0011022045066132265,1.353506021072971e-09,0.999999998646494
0.04341793615967936,0.0012024049072144288,2.867240014178684e-10,0.999999999713276
0.04341793615967936,0.0013026053078156314,3.5924570940472895e-07,0.9999996407542906
0.04341793615967936,0.0014028057084168337,3.895908621419594e-09,0.9999999961040913
0.04341793615967936,0.0015030061090180362,9.749506240981143e-06,0.999990250493759
0.04341793615967936,0.0016032065096192386,9.573468347309498e-08,0.9999999042653165
0.04341793615967936,0.0017034069102204409,5.943452445015906e-08,0.9999999405654757
0.04341793615967936,0.0018036073108216434,1.49693225497853e-07,0.9999998503067744
0.04341793615967936,0.0019038077114228457,6.41957841617224e-07,0.9999993580421583
0.04341793615967936,0.0020040081120240483,1.0426727743620253e-08,0.9999999895732723
0.04341793615967936,0.0021042085126252506,2.9506128495485175e-06,0.9999970493871505
0.04341793615967936,0.002204408913226453,1.1101427817620606e-05,0.9999888985721824
0.04341793615967936,0.0023046093138276553,9.829321877575397e-10,0.9999999990170678
0.04341793615967936,0.0024048097144288576,2.2416209049477675e-06,0.9999977583790951
0.04341793615967936,0.0025050101150300604,5.2717102280024645e-09,0.9999999947282898
0.04341793615967936,0.0026052105156312627,2.757181933399945e-05,0.999972428180666
0.04341793615967936,0.002705410916232465,1.8139536687375094e-05,0.9999818604633126
0.04341793615967936,0.0028056113168336673,1.7115960717687264e-08,0.9999999828840392
0.04341793615967936,0.0029058117174348697,3.2255529068525754e-10,0.9999999996774447
0.04351572430395791,1e-10,7.372482831142159e-10,0.9999999992627517
0.04351572430395791,0.0001002005006012024,8.350409461440673e-10,0.9999999991649591
0.04351572430395791,0.00020040090120240482,2.5561073076044882e-09,0.9999999974438927
0.04351572430395791,0.0003006013018036072,1.6680379689762749e-09,0.9999999983319621
0.04351572430395791,0.0004008017024048096,3.5593391309498506e-09,0.999999996440661
0.04351572430395791,0.0005010021030060121,4.108335502180117e-09,0.9999999958916646
0.04351572430395791,0.0006012025036072144,1.2933370046029332e-09,0.999999998706663
0.04351572430395791,0.0007014029042084169,3.33791638135676e-08,0.9999999666208363
0.04351572430395791,0.0008016033048096193,5.315054885550247e-09,0.9999999946849452
0.04351572430395791,0.0009018037054108217,1.7479263132433114e-09,0.9999999982520738
0.04351572430395791,0.0010020041060120242,1.4113714160154978e-06,0.999998588628584
0.04351572430395791,0.0011022045066132265,1.0075002052565032e-07,0.9999998992499796
0.04351572430395791,0.0012024049072144288,3.0734064697554344e-09,0.9999999969265936
0.04351572430395791,0.0013026053078156314,8.90673558282618e-08,0.9999999109326443
0.04351572430395791,0.0014028057084168337,1.773596123522351e-09,0.9999999982264037
0.04351572430395791,0.0015030061090180362,6.089830194082179e-07,0.9999993910169805
0.04351572430395791,0.0016032065096192386,2.1328250557719667e-07,0.9999997867174946
0.04351572430395791,0.0017034069102204409,4.735819132202268e-09,0.9999999952641807
0.04351572430395791,0.0018036073108216434,1.8024614283578625e-06,0.9999981975385717
0.04351572430395791,0.0019038077114228457,2.5659659192031064e-06,0.9999974340340809
0.04351572430395791,0.0020040081120240483,6.5920446807124185e-09,0.9999999934079553
0.04351572430395791,0.0021042085126252506,6.053481054764675e-07,0.9999993946518944
0.04351572430395791,0.002204408913226453,6.273305859900986e-08,0.9999999372669413
0.04351572430395791,0.0023046093138276553,2.027043342290706e-06,0.9999979729566577
0.04351572430395791,0.0024048097144288576,0.00011274734328145946,0.9998872526567185
0.04351572430395791,0.0025050101150300604,0.004224529091061517,0.9957754709089386
0.04351572430395791,0.0026052105156312627,3.6859739057212694e-05,0.9999631402609428
0.04351572430395791,0.002705410916232465,1.2937788291684345e-08,0.9999999870622117
0.04351572430395791,0.0028056113168336673,2.4501502724183075e-06,0.9999975498497276
0.04351572430395791,0.0029058117174348697,0.00010452117033059354,0.9998954788296694
0.043613512448236476,1e-10,1.2292162077625049e-09,0.9999999987707838
0.043613512448236476,0.0001002005006012024,2.0801592000303163e-09,0.9999999979198408
0.043613512448236476,0.00020040090120240482,2.524266576039371e-09,0.9999999974757334
0.043613512448236476,0.0003006013018036072,2.589491181358527e-09,0.9999999974105089
0.043613512448236476,0.0004008017024048096,3.5354906852873994e-10,0.9999999996464508
0.043613512448236476,0.0005010021030060121,2.8823827042158155e-09,0.9999999971176173
0.043613512448236476,0.0006012025036072144,2.676555611958977e-08,0.9999999732344439
0.043613512448236476,0.0007014029042084169,2.3407404366806604e-08,0.9999999765925958
0.043613512448236476,0.0008016033048096193,4.823748707172639e-09,0.9999999951762513
0.043613512448236476,0.0009018037054108217,2.4535007920750006e-08,0.9999999754649922
0.043613512448236476,0.0010020041060120242,1.8969578015298277e-06,0.9999981030421985
0.043613512448236476,0.0011022045066132265,1.4000454751394908e-08,0.9999999859995452
0.043613512448236476,0.0012024049072144288,1.3969378524870014e-07,0.9999998603062148
0.043613512448236476,0.0013026053078156314,8.400068165333309e-08,0.9999999159993185
0.043613512448236476,0.0014028057084168337,1.8785390152199453e-07,0.9999998121460985
0.043613512448236476,0.0015030061090180362,1.127429917624815e-06,0.9999988725700824
0.043613512448236476,0.0016032065096192386,0.00037546469640223833,0.9996245353035978
0.043613512448236476,0.0017034069102204409,2.829679730221406e-09,0.9999999971703203
0.043613512448236476,0.0018036073108216434,2.410011957954912e-08,0.9999999758998805
0.043613512448236476,0.0019038077114228457,3.3645238511667496e-05,0.9999663547614883
0.043613512448236476,0.0020040081120240483,7.098460645322503e-08,0.9999999290153937
0.043613512448236476,0.0021042085126252506,9.415278983026242e-08,0.9999999058472102
0.043613512448236476,0.002204408913226453,9.625455873444101e-08,0.9999999037454412
0.043613512448236476,0.0023046093138276553,3.32616290898858e-07,0.9999996673837092
0.043613512448236476,0.0024048097144288576,2.5779892537034023e-07,0.9999997422010747
0.043613512448236476,0.0025050101150300604,0.000123076322779,0.9998769236772209
0.043613512448236476,0.0026052105156312627,4.468200740056569e-07,0.999999553179926
0.043613512448236476,0.002705410916232465,2.1927454732685814e-07,0.9999997807254527
0.043613512448236476,0.0028056113168336673,1.7647229889953776e-05,0.99998235277011
0.043613512448236476,0.0029058117174348697,2.669538949936778e-06,0.9999973304610501
0.04371130059251503,1e-10,2.0489562940442342e-09,0.9999999979510438
0.04371130059251503,0.0001002005006012024,1.9356613101286665e-09,0.9999999980643388
0.04371130059251503,0.00020040090120240482,4.044495348744174e-09,0.9999999959555046
0.04371130059251503,0.0003006013018036072,9.99650624264107e-08,0.9999999000349375
0.04371130059251503,0.0004008017024048096,1.5921730347618585e-08,0.9999999840782696
0.04371130059251503,0.0005010021030060121,5.162825005170393e-09,0.9999999948371749
0.04371130059251503,0.0006012025036072144,3.5680670900124997e-09,0.9999999964319329
0.04371130059251503,0.0007014029042084169,2.243904228194588e-09,0.9999999977560958
0.04371130059251503,0.0008016033048096193,2.4595168822412658e-08,0.9999999754048312
0.04371130059251503,0.0009018037054108217,4.724921194335627e-09,0.9999999952750788
0.04371130059251503,0.0010020041060120242,5.0991413219530005e-06,0.999994900858678
0.04371130059251503,0.0011022045066132265,4.768870990398559e-09,0.999999995231129
0.04371130059251503,0.0012024049072144288,1.7302441715459726e-08,0.9999999826975583
0.04371130059251503,0.0013026053078156314,4.331488379849241e-08,0.9999999566851163
0.04371130059251503,0.0014028057084168337,1.2702535237113969e-10,0.9999999998729747
0.04371130059251503,0.0015030061090180362,3.5616121404039554e-06,0.9999964383878596
0.04371130059251503,0.0016032065096192386,2.2530821466601452e-07,0.9999997746917855
0.04371130059251503,0.0017034069102204409,2.9281580516724034e-08,0.9999999707184195
0.04371130059251503,0.0018036073108216434,4.8997167480490486e-08,0.9999999510028326
0.04371130059251503,0.0019038077114228457,1.733780851394419e-05,0.999982662191486
0.04371130059251503,0.0020040081120240483,2.942905989814882e-07,0.999999705709401
0.04371130059251503,0.0021042085126252506,2.0044448680986755e-06,0.9999979955551319
0.04371130059251503,0.002204408913226453,2.172865262315938e-06,0.9999978271347378
0.04371130059251503,0.0023046093138276553,3.51855354817436e-06,0.9999964814464518
0.04371130059251503,0.0024048097144288576,0.0006870972791651144,0.999312902720835
0.04371130059251503,0.0025050101150300604,0.005335298627963498,0.9946647013720364
0.04371130059251503,0.0026052105156312627,2.590874944565897e-05,0.9999740912505544
0.04371130059251503,0.002705410916232465,4.535238916348319e-06,0.9999954647610837
0.04371130059251503,0.0028056113168336673,0.004559095617461765,0.9954409043825382
0.04371130059251503,0.0029058117174348697,6.56575574749397e-09,0.9999999934342444
0.04380908873679359,1e-10,3.4162960649577902e-09,0.999999996583704
0.04380908873679359,0.0001002005006012024,5.6890368419063254e-09,0.9999999943109632
0.04380908873679359,0.00020040090120240482,1.1636005262258668e-08,0.9999999883639946
0.04380908873679359,0.0003006013018036072,2.1433733312507066e-09,0.9999999978566267
0.04380908873679359,0.0004008017024048096,3.6058342626283923e-10,0.9999999996394167
0.04380908873679359,0.0005010021030060121,2.3523649128100402e-08,0.9999999764763509
0.04380908873679359,0.0006012025036072144,1.0238214631742954e-09,0.9999999989761785
0.04380908873679359,0.0007014029042084169,4.150042613896616e-09,0.9999999958499572
0.04380908873679359,0.0008016033048096193,4.1814610144070617e-07,0.9999995818538987
0.04380908873679359,0.0009018037054108217,4.290207924343479e-08,0.9999999570979208
0.04380908873679359,0.0010020041060120242,1.9605926885791907e-09,0.9999999980394074
0.04380908873679359,0.0011022045066132265,2.5092548766720345e-09,0.9999999974907452
0.04380908873679359,0.0012024049072144288,8.45704346939677e-08,0.9999999154295653
0.04380908873679359,0.0013026053078156314,1.9935373680504353e-10,0.9999999998006464
0.04380908873679359,0.0014028057084168337,7.483929557890044e-08,0.9999999251607046
0.04380908873679359,0.0015030061090180362,8.063545455117329e-07,0.9999991936454545
0.04380908873679359,0.0016032065096192386,1.6773275234079055e-06,0.9999983226724767
0.04380908873679359,0.0017034069102204409,1.134573344655336e-09,0.9999999988654267
0.04380908873679359,0.0018036073108216434,1.1188293322363394e-08,0.9999999888117066
0.04380908873679359,0.0019038077114228457,1.5184352946341247e-07,0.9999998481564706
0.04380908873679359,0.0020040081120240483,4.552647765905692e-08,0.9999999544735223
0.04380908873679359,0.0021042085126252506,3.123699320990254e-07,0.999999687630068
0.04380908873679359,0.002204408913226453,1.0428648794605504e-06,0.9999989571351204
0.04380908873679359,0.0023046093138276553,8.235735178935368e-06,0.9999917642648211
0.04380908873679359,0.0024048097144288576,0.0003534362015265891,0.9996465637984735
0.04380908873679359,0.0025050101150300604,0.0028050137356048564,0.9971949862643952
0.04380908873679359,0.0026052105156312627,4.494174453381755e-07,0.9999995505825546
0.04380908873679359,0.002705410916232465,7.843700243050828e-08,0.9999999215629976
0.04380908873679359,0.0028056113168336673,2.0569627242754084e-06,0.9999979430372758
0.04380908873679359,0.0029058117174348697,1.6335093059558315e-06,0.9999983664906942
0.04390687688107214,1e-10,5.680749118762644e-09,0.9999999943192509
0.04390687688107214,0.0001002005006012024,2.6246765224777785e-09,0.9999999973753235
0.04390687688107214,0.00020040090120240482,3.5125682736157797e-09,0.9999999964874318
0.04390687688107214,0.0003006013018036072,8.556949219091076e-09,0.9999999914430509
0.04390687688107214,0.0004008017024048096,1.4940693673053812e-08,0.9999999850593064
0.04390687688107214,0.0005010021030060121,3.8786937100346284e-08,0.9999999612130628
0.04390687688107214,0.0006012025036072144,2.3250341186651027e-07,0.9999997674965881
0.04390687688107214,0.0007014029042084169,9.352315726834081e-09,0.9999999906476843
0.04390687688107214,0.0008016033048096193,1.596127240043373e-07,0.999999840387276
0.04390687688107214,0.0009018037054108217,2.647522236788822e-10,0.9999999997352478
0.04390687688107214,0.0010020041060120242,2.838473488634636e-09,0.9999999971615265
0.04390687688107214,0.0011022045066132265,4.376132344129823e-07,0.9999995623867657
0.04390687688107214,0.0012024049072144288,7.331646687245678e-09,0.9999999926683533
0.04390687688107214,0.0013026053078156314,1.6680825029748792e-06,0.999998331917497
0.04390687688107214,0.0014028057084168337,1.549489062370362e-05,0.9999845051093763
0.04390687688107214,0.0015030061090180362,1.7955628925348518e-07,0.9999998204437107
0.04390687688107214,0.0016032065096192386,7.86486581727007e-07,0.9999992135134183
0.04390687688107214,0.0017034069102204409,1.438324734896084e-07,0.9999998561675265
0.04390687688107214,0.0018036073108216434,4.020153407315029e-07,0.9999995979846592
0.04390687688107214,0.0019038077114228457,2.660229594758865e-07,0.9999997339770406
0.04390687688107214,0.0020040081120240483,0.015213009450551627,0.9847869905494484
0.04390687688107214,0.0021042085126252506,2.153017167054677e-06,0.9999978469828329
0.04390687688107214,0.002204408913226453,4.492909113764176e-05,0.9999550709088624
0.04390687688107214,0.0023046093138276553,9.11301355249139e-06,0.9999908869864476
0.04390687688107214,0.0024048097144288576,3.4634034128924256e-05,0.999965365965871
0.04390687688107214,0.0025050101150300604,6.172137147777258e-06,0.9999938278628522
0.04390687688107214,0.0026052105156312627,1.790525435453416e-05,0.9999820947456455
0.04390687688107214,0.002705410916232465,5.4674954502811946e-05,0.999945325045497
0.04390687688107214,0.0028056113168336673,0.006557387555051879,0.9934426124449481
0.04390687688107214,0.0029058117174348697,2.625396651279155e-06,0.9999973746033487
0.0440046650253507,1e-10,9.473109772657466e-09,0.9999999905268903
0.0440046650253507,0.0001002005006012024,5.947233931729992e-09,0.9999999940527661
0.0440046650253507,0.00020040090120240482,2.8045171980749998e-08,0.999999971954828
0.0440046650253507,0.0003006013018036072,1.984571999912143e-08,0.99999998015428
0.0440046650253507,0.0004008017024048096,4.628058612927233e-09,0.9999999953719414
0.0440046650253507,0.0005010021030060121,2.0283328497638662e-09,0.9999999979716672
0.0440046650253507,0.0006012025036072144,1.5931689450278675e-07,0.9999998406831057
0.0440046650253507,0.0007014029042084169,1.2116989206868508e-06,0.9999987883010795
0.0440046650253507,0.0008016033048096193,2.9215321899161638e-08,0.9999999707846781
0.0440046650253507,0.0009018037054108217,4.0025406990204386e-07,0.9999995997459301
0.0440046650253507,0.0010020041060120242,2.712020491974728e-06,0.999997287979508
0.0440046650253507,0.0011022045066132265,8.084291702801409e-07,0.9999991915708297
0.0440046650253507,0.0012024049072144288,3.1723547248186603e-06,0.9999968276452753
0.0440046650253507,0.0013026053078156314,3.013927165000601e-08,0.9999999698607284
0.0440046650253507,0.0014028057084168337,3.0652933829450834e-07,0.9999996934706618
0.0440046650253507,0.0015030061090180362,6.447423539914277e-07,0.999999355257646
0.0440046650253507,0.0016032065096192386,8.359142728463797e-07,0.9999991640857273
0.0440046650253507,0.0017034069102204409,1.4820479626935233e-06,0.9999985179520374
0.0440046650253507,0.0018036073108216434,3.1930664110429613e-07,0.9999996806933589
0.0440046650253507,0.0019038077114228457,3.0220918503812256e-08,0.9999999697790813
0.0440046650253507,0.0020040081120240483,1.404565558762e-05,0.9999859543444124
0.0440046650253507,0.0021042085126252506,9.45386341986141e-09,0.9999999905461366
0.0440046650253507,0.002204408913226453,0.0014041981478548232,0.998595801852145
0.0440046650253507,0.0023046093138276553,8.13383701257144e-07,0.9999991866162987
0.0440046650253507,0.0024048097144288576,0.0035740339988236,0.9964259660011763
0.0440046650253507,0.0025050101150300604,0.0007185051429932376,0.9992814948570068
0.0440046650253507,0.0026052105156312627,0.011273635673024826,0.9887263643269751
0.0440046650253507,0.002705410916232465,3.3551716527362703e-08,0.9999999664482835
0.0440046650253507,0.0028056113168336673,7.435205135173088e-06,0.9999925647948649
0.0440046650253507,0.0029058117174348697,1.1608697555918223e-05,0.9999883913024441
0.04410245316962926,1e-10,1.5813940881877715e-08,0.999999984186059
0.04410245316962926,0.0001002005006012024,1.3707178878524251e-08,0.9999999862928212
0.04410245316962926,0.00020040090120240482,5.6007684057219815e-08,0.999999943992316
0.04410245316962926,0.0003006013018036072,7.822413470998619e-08,0.9999999217758653
0.04410245316962926,0.0004008017024048096,1.1158263058252884e-08,0.999999988841737
0.04410245316962926,0.0005010021030060121,2.5092326250976814e-08,0.9999999749076738
0.04410245316962926,0.0006012025036072144,2.2967495672864947e-07,0.9999997703250434
0.04410245316962926,0.0007014029042084169,2.656110047950411e-07,0.9999997343889953
0.04410245316962926,0.0008016033048096193,2.8336844758553853e-07,0.9999997166315523
0.04410245316962926,0.0009018037054108217,2.3485527836494155e-07,0.9999997651447217
0.04410245316962926,0.0010020041060120242,6.294019423112806e-07,0.9999993705980577
0.04410245316962926,0.0011022045066132265,1.0269664960871226e-08,0.9999999897303351
0.04410245316962926,0.0012024049072144288,3.103485530179254e-07,0.999999689651447
0.04410245316962926,0.0013026053078156314,2.0742977387373965e-07,0.9999997925702262
0.04410245316962926,0.0014028057084168337,2.0670787449560673e-06,0.9999979329212552
0.04410245316962926,0.0015030061090180362,0.0023575760776753008,0.9976424239223247
0.04410245316962926,0.0016032065096192386,3.4110279011163323e-06,0.9999965889720988
0.04410245316962926,0.0017034069102204409,2.3512116919492854e-05,0.9999764878830806
0.04410245316962926,0.0018036073108216434,2.532062657527018e-06,0.9999974679373425
0.04410245316962926,0.0019038077114228457,8.902342533655365e-05,0.9999109765746634
0.04410245316962926,0.0020040081120240483,4.405596088586741e-06,0.9999955944039114
0.04410245316962926,0.0021042085126252506,0.00010332914491835023,0.9998966708550816
0.04410245316962926,0.002204408913226453,0.0018964916923112553,0.9981035083076888
0.04410245316962926,0.0023046093138276553,2.2401839183643694e-07,0.9999997759816082
0.04410245316962926,0.0024048097144288576,1.4706421584582465e-06,0.9999985293578415
0.04410245316962926,0.0025050101150300604,0.0009131102156083813,0.9990868897843916
0.04410245316962926,0.0026052105156312627,1.0723999603174545e-05,0.9999892760003968
0.04410245316962926,0.002705410916232465,0.01511650683662552,0.9848834931633744
0.04410245316962926,0.0028056113168336673,0.00011041271894679194,0.9998895872810533
0.04410245316962926,0.0029058117174348697,6.278840700659672e-05,0.9999372115929934
0.04420024131390782,1e-10,2.6355177715022135e-08,0.9999999736448223
0.04420024131390782,0.0001002005006012024,5.209126310490178e-08,0.9999999479087369
0.04420024131390782,0.00020040090120240482,7.135898028030904e-08,0.9999999286410198
0.04420024131390782,0.0003006013018036072,5.846556854766684e-08,0.9999999415344314
0.04420024131390782,0.0004008017024048096,4.913807901882312e-08,0.9999999508619211
0.04420024131390782,0.0005010021030060121,1.506269115627591e-07,0.9999998493730885
0.04420024131390782,0.0006012025036072144,4.9344072231250726e-08,0.9999999506559278
0.04420024131390782,0.0007014029042084169,8.394485208294784e-08,0.999999916055148
0.04420024131390782,0.0008016033048096193,2.2630514043586783e-08,0.9999999773694859
0.04420024131390782,0.0009018037054108217,3.976800500615007e-05,0.9999602319949938
0.04420024131390782,0.0010020041060120242,4.747547863385152e-08,0.9999999525245213
0.04420024131390782,0.0011022045066132265,1.0398248253831942e-06,0.9999989601751746
0.04420024131390782,0.0012024049072144288,5.029177639320891e-07,0.9999994970822361
0.04420024131390782,0.0013026053078156314,0.00019250907536652812,0.9998074909246335
0.04420024131390782,0.0014028057084168337,1.4127953091818273e-07,0.999999858720469
0.04420024131390782,0.0015030061090180362,1.9449607667459311e-07,0.9999998055039232
0.04420024131390782,0.0016032065096192386,8.262343153790405e-08,0.9999999173765685
0.04420024131390782,0.0017034069102204409,8.299433284343671e-07,0.9999991700566715
0.04420024131390782,0.0018036073108216434,1.3730579571070881e-06,0.9999986269420429
0.04420024131390782,0.0019038077114228457,9.493929678556454e-08,0.9999999050607032
0.04420024131390782,0.0020040081120240483,5.271893572152826e-06,0.9999947281064279
0.04420024131390782,0.0021042085126252506,0.0001337015093017854,0.9998662984906983
0.04420024131390782,0.002204408913226453,5.965060294947985e-06,0.9999940349397051
0.04420024131390782,0.0023046093138276553,2.054333672681514e-06,0.9999979456663274
0.04420024131390782,0.0024048097144288576,0.004142854275947749,0.9958571457240524
0.04420024131390782,0.0025050101150300604,0.0003802866752838157,0.9996197133247162
0.04420024131390782,0.0026052105156312627,6.263830449081645e-06,0.9999937361695508
0.04420024131390782,0.002705410916232465,0.0014757759415107833,0.9985242240584893
0.04420024131390782,0.0028056113168336673,2.2830211452781242e-05,0.9999771697885473
0.04420024131390782,0.0029058117174348697,0.0009763565522318215,0.9990236434477682
0.04429802945818637,1e-10,4.3915721284655826e-08,0.9999999560842787
0.04429802945818637,0.0001002005006012024,1.4129678962371913e-08,0.999999985870321
0.04429802945818637,0.00020040090120240482,6.371207007116765e-08,0.9999999362879299
0.04429802945818637,0.0003006013018036072,1.0249338073566585e-07,0.9999998975066193
0.04429802945818637,0.0004008017024048096,3.835005525100271e-07,0.9999996164994476
0.04429802945818637,0.0005010021030060121,3.5013552520280195e-08,0.9999999649864475
0.04429802945818637,0.0006012025036072144,1.0916140587365767e-06,0.9999989083859413
0.04429802945818637,0.0007014029042084169,8.426388560711794e-07,0.999999157361144
0.04429802945818637,0.0008016033048096193,1.1377122964243438e-08,0.9999999886228772
0.04429802945818637,0.0009018037054108217,1.8132821148677113e-06,0.9999981867178851
0.04429802945818637,0.0010020041060120242,4.89942283592313e-09,0.9999999951005771
0.04429802945818637,0.0011022045066132265,9.78325541598568e-07,0.9999990216744585
0.04429802945818637,0.0012024049072144288,1.6863152699994326e-05,0.9999831368473
0.04429802945818637,0.0013026053078156314,1.4986024503787644e-07,0.9999998501397549
0.04429802945818637,0.0014028057084168337,3.5375403849548234e-07,0.9999996462459615
0.04429802945818637,0.0015030061090180362,9.583649961104692e-05,0.9999041635003889
0.04429802945818637,0.0016032065096192386,3.5648710663292186e-05,0.9999643512893367
0.04429802945818637,0.0017034069102204409,7.442001388727769e-06,0.9999925579986113
0.04429802945818637,0.0018036073108216434,3.3620780209888143e-06,0.999996637921979
0.04429802945818637,0.0019038077114228457,3.5137870606862265e-06,0.9999964862129394
0.04429802945818637,0.0020040081120240483,0.0007195785351429313,0.9992804214648572
0.04429802945818637,0.0021042085126252506,1.7708935186880945e-06,0.9999982291064813
0.04429802945818637,0.002204408913226453,0.08290311344098072,0.9170968865590192
0.04429802945818637,0.0023046093138276553,0.0007316659937038582,0.999268334006296
0.04429802945818637,0.0024048097144288576,9.48894103306144e-06,0.999990511058967
0.04429802945818637,0.0025050101150300604,0.0035684249718244175,0.9964315750281756
0.04429802945818637,0.0026052105156312627,1.3085176193435148e-05,0.9999869148238065
0.04429802945818637,0.002705410916232465,1.498529384579196e-05,0.9999850147061542
0.04429802945818637,0.0028056113168336673,1.505948556156811e-05,0.9999849405144384
0.04429802945818637,0.0029058117174348697,1.725014965634934e-05,0.9999827498503437
0.04439581760246493,1e-10,7.324969192382169e-08,0.9999999267503079
0.04439581760246493,0.0001002005006012024,4.26890338886025e-08,0.9999999573109661
0.04439581760246493,0.00020040090120240482,6.422090974294352e-08,0.9999999357790903
0.04439581760246493,0.0003006013018036072,5.472889367217643e-07,0.9999994527110634
0.04439581760246493,0.0004008017024048096,4.2019280760230467e-07,0.9999995798071923
0.04439581760246493,0.0005010021030060121,3.713429045760623e-07,0.9999996286570954
0.04439581760246493,0.0006012025036072144,1.4692162051722523e-06,0.9999985307837949
0.04439581760246493,0.0007014029042084169,9.956953871126897e-08,0.9999999004304612
0.04439581760246493,0.0008016033048096193,8.001208774634973e-08,0.9999999199879123
0.04439581760246493,0.0009018037054108217,9.911611906158194e-08,0.9999999008838809
0.04439581760246493,0.0010020041060120242,6.989764335199603e-07,0.9999993010235665
0.04439581760246493,0.0011022045066132265,3.306237596373596e-06,0.9999966937624036
0.04439581760246493,0.0012024049072144288,0.0011071293261469294,0.9988928706738531
0.04439581760246493,0.0013026053078156314,1.2576131127586426e-05,0.9999874238688724
0.04439581760246493,0.0014028057084168337,1.759813329370674e-08,0.9999999824018666
0.04439581760246493,0.0015030061090180362,0.00012823616709975574,0.9998717638329002
0.04439581760246493,0.0016032065096192386,8.047208277138561e-05,0.9999195279172286
0.04439581760246493,0.0017034069102204409,3.4314657175211745e-07,0.9999996568534282
0.04439581760246493,0.0018036073108216434,0.00034365038111979217,0.9996563496188802
0.04439581760246493,0.0019038077114228457,4.669565255639434e-06,0.9999953304347443
0.04439581760246493,0.0020040081120240483,0.007379625471826244,0.9926203745281739
0.04439581760246493,0.0021042085126252506,3.8719885526677864e-05,0.9999612801144733
0.04439581760246493,0.002204408913226453,8.227453279925778e-08,0.9999999177254673
0.04439581760246493,0.0023046093138276553,1.6601589682333303e-05,0.9999833984103177
0.04439581760246493,0.0024048097144288576,0.00021099394842912167,0.9997890060515708
0.04439581760246493,0.0025050101150300604,0.00011118314066295735,0.999888816859337
0.04439581760246493,0.0026052105156312627,0.0010957868725586122,0.9989042131274413
0.04439581760246493,0.002705410916232465,3.792560155314416e-05,0.999962074398447
0.04439581760246493,0.0028056113168336673,2.177809966690478e-05,0.9999782219003333
0.04439581760246493,0.0029058117174348697,2.05637819874084e-06,0.9999979436218013
0.044493605746743485,1e-10,1.2196390327313839e-07,0.9999998780360967
0.044493605746743485,0.0001002005006012024,2.7895923362876905e-07,0.9999997210407665
0.044493605746743485,0.00020040090120240482,2.846374826273781e-07,0.9999997153625175
0.044493605746743485,0.0003006013018036072,5.438378656333973e-07,0.9999994561621344
0.044493605746743485,0.0004008017024048096,8.569068111084477e-07,0.9999991430931889
0.044493605746743485,0.0005010021030060121,1.8609897355816927e-06,0.9999981390102645
0.044493605746743485,0.0006012025036072144,1.6255262485187043e-07,0.9999998374473751
0.044493605746743485,0.0007014029042084169,2.4665255996422685e-06,0.9999975334744005
0.044493605746743485,0.0008016033048096193,3.2699313836696325e-07,0.9999996730068618
0.044493605746743485,0.0009018037054108217,1.46881991524643e-08,0.9999999853118009
0.044493605746743485,0.0010020041060120242,6.685504081516925e-07,0.999999331449592
0.044493605746743485,0.0011022045066132265,6.062595912660009e-05,0.9999393740408735
0.044493605746743485,0.0012024049072144288,1.586519068463906e-07,0.9999998413480933
0.044493605746743485,0.0013026053078156314,8.851059320297222e-05,0.9999114894067971
0.044493605746743485,0.0014028057084168337,8.82823866507049e-08,0.9999999117176135
0.044493605746743485,0.0015030061090180362,1.1907600168860395e-05,0.9999880923998312
0.044493605746743485,0.0016032065096192386,4.77084064440561e-05,0.9999522915935559
0.044493605746743485,0.0017034069102204409,9.018302939141384e-06,0.9999909816970609
0.044493605746743485,0.0018036073108216434,0.0002657742591855593,0.9997342257408144
0.044493605746743485,0.0019038077114228457,0.0002560501473443,0.9997439498526558
0.044493605746743485,0.0020040081120240483,6.578036909162355e-06,0.9999934219630908
0.044493605746743485,0.0021042085126252506,0.00380338203079642,0.9961966179692036
0.044493605746743485,0.002204408913226453,9.576026373539845e-05,0.9999042397362647
0.044493605746743485,0.0023046093138276553,1.677249217704572e-05,0.9999832275078231
0.044493605746743485,0.0024048097144288576,0.0019050239544232568,0.9980949760455768
0.044493605746743485,0.0025050101150300604,4.989244130578472e-07,0.9999995010755871
0.044493605746743485,0.0026052105156312627,7.030296677964356e-06,0.9999929697033221
0.044493605746743485,0.002705410916232465,0.00010279003023431377,0.9998972099697657
0.044493605746743485,0.0028056113168336673,0.0006212633454530226,0.999378736654547
0.044493605746743485,0.0029058117174348697,0.003801853139194148,0.9961981468608059
0.04459139389102205,1e-10,2.0343213679364892e-07,0.9999997965678631
0.04459139389102205,0.0001002005006012024,2.7200503191716287e-07,0.9999997279949682
0.04459139389102205,0.00020040090120240482,1.7944896928371549e-07,0.9999998205510308
0.04459139389102205,0.0003006013018036072,7.583565839283469e-08,0.9999999241643416
0.04459139389102205,0.0004008017024048096,6.506865278179519e-07,0.9999993493134722
0.04459139389102205,0.0005010021030060121,1.3207284812600935e-06,0.9999986792715188
0.04459139389102205,0.0006012025036072144,1.39665241035449e-05,0.9999860334758965
0.04459139389102205,0.0007014029042084169,1.7711279067851436e-05,0.9999822887209322
0.04459139389102205,0.0008016033048096193,1.004568770187291e-06,0.9999989954312298
0.04459139389102205,0.0009018037054108217,1.4727551510824624e-05,0.9999852724484892
0.04459139389102205,0.0010020041060120242,5.764219490414576e-07,0.9999994235780509
0.04459139389102205,0.0011022045066132265,1.7424897574890665e-06,0.9999982575102425
0.04459139389102205,0.0012024049072144288,7.045331769298425e-07,0.9999992954668231
0.04459139389102205,0.0013026053078156314,1.2035660408118524e-05,0.999987964339592
0.04459139389102205,0.0014028057084168337,1.6448608365357615e-05,0.9999835513916346
0.04459139389102205,0.0015030061090180362,0.046147424694641545,0.9538525753053585
0.04459139389102205,0.0016032065096192386,2.2647919943215338e-07,0.9999997735208007
0.04459139389102205,0.0017034069102204409,2.6475561170237184e-06,0.999997352443883
0.04459139389102205,0.0018036073108216434,0.01109850087976197,0.9889014991202381
0.04459139389102205,0.0019038077114228457,0.0020216703015173074,0.9979783296984828
0.04459139389102205,0.0020040081120240483,0.0002882108670006776,0.9997117891329994
0.04459139389102205,0.0021042085126252506,2.3768889551768769e-07,0.9999997623111045
0.04459139389102205,0.002204408913226453,0.13246134993615227,0.8675386500638478
0.04459139389102205,0.0023046093138276553,1.542591195693145e-09,0.999999998457409
0.04459139389102205,0.0024048097144288576,7.230165297869904e-05,0.9999276983470213
0.04459139389102205,0.0025050101150300604,0.001799923920404721,0.9982000760795953
0.04459139389102205,0.0026052105156312627,0.0006721394115915337,0.9993278605884085
0.04459139389102205,0.002705410916232465,0.1331651642673583,0.8668348357326418
0.04459139389102205,0.0028056113168336673,0.005564105829228215,0.9944358941707718
0.04459139389102205,0.0029058117174348697,0.005682047374651983,0.9943179526253481
0.044689182035300604,1e-10,3.390914796327697e-07,0.9999996609085204
0.044689182035300604,0.0001002005006012024,5.341046919920919e-07,0.999999465895308
0.044689182035300604,0.00020040090120240482,6.922612080459119e-07,0.999999307738792
0.044689182035300604,0.0003006013018036072,4.726771187576404e-07,0.9999995273228812
0.044689182035300604,0.0004008017024048096,1.3952212323573113e-06,0.9999986047787677
0.044689182035300604,0.0005010021030060121,3.05364225042174e-07,0.999999694635775
0.044689182035300604,0.0006012025036072144,5.832802163283026e-07,0.9999994167197837
0.044689182035300604,0.0007014029042084169,6.6703028443122e-06,0.9999933296971557
0.044689182035300604,0.0008016033048096193,6.531723319852329e-07,0.999999346827668
0.044689182035300604,0.0009018037054108217,1.7601530992150444e-06,0.999998239846901
0.044689182035300604,0.0010020041060120242,1.385047520625082e-07,0.999999861495248
0.044689182035300604,0.0011022045066132265,2.1968271955483293e-06,0.9999978031728045
0.044689182035300604,0.0012024049072144288,2.7772763141367808e-09,0.9999999972227237
0.044689182035300604,0.0013026053078156314,8.691267320282657e-06,0.9999913087326796
0.044689182035300604,0.0014028057084168337,4.336448725537564e-06,0.9999956635512744
0.044689182035300604,0.0015030061090180362,3.378432568260605e-07,0.9999996621567433
0.044689182035300604,0.0016032065096192386,1.260775073542687e-07,0.9999998739224927
0.044689182035300604,0.0017034069102204409,0.0010278552753359546,0.998972144724664
0.044689182035300604,0.0018036073108216434,0.0031035080023092626,0.9968964919976907
0.044689182035300604,0.0019038077114228457,2.7965372325892882e-06,0.9999972034627674
0.044689182035300604,0.0020040081120240483,1.6764545928820006e-06,0.9999983235454071
0.044689182035300604,0.0021042085126252506,0.00575186913989756,0.9942481308601024
0.044689182035300604,0.002204408913226453,0.0011014863646391724,0.9988985136353609
0.044689182035300604,0.0023046093138276553,0.0017859823355439318,0.998214017664456
0.044689182035300604,0.0024048097144288576,7.429883712412737e-05,0.9999257011628758
0.044689182035300604,0.0025050101150300604,0.005770863026644407,0.9942291369733557
0.044689182035300604,0.0026052105156312627,5.027208250232234e-06,0.9999949727917496
0.044689182035300604,0.002705410916232465,0.00014949966794684338,0.999850500332053
0.044689182035300604,0.0028056113168336673,0.0002461040347391801,0.9997538959652608
0.044689182035300604,0.0029058117174348697,0.0034418355656834934,0.9965581644343167
0.04478697017957916,1e-10,5.657465167407853e-07,0.9999994342534834
0.04478697017957916,0.0001002005006012024,2.989649787247483e-07,0.9999997010350212
0.04478697017957916,0.00020040090120240482,3.2655686107537776e-06,0.9999967344313893
0.04478697017957916,0.0003006013018036072,9.569329732350459e-07,0.9999990430670268
0.04478697017957916,0.0004008017024048096,3.0385812423073134e-07,0.9999996961418758
0.04478697017957916,0.0005010021030060121,7.082629954392831e-06,0.9999929173700455
0.04478697017957916,0.0006012025036072144,5.3814489994280383e-05,0.9999461855100057
0.04478697017957916,0.0007014029042084169,2.8165145593681207e-05,0.9999718348544063
0.04478697017957916,0.0008016033048096193,1.4790614982088592e-05,0.9999852093850179
0.04478697017957916,0.0009018037054108217,8.361804618837117e-06,0.9999916381953812
0.04478697017957916,0.0010020041060120242,8.809937074819499e-06,0.9999911900629251
0.04478697017957916,0.0011022045066132265,6.179850689897394e-06,0.9999938201493103
0.04478697017957916,0.0012024049072144288,9.579942539972714e-06,0.9999904200574601
0.04478697017957916,0.0013026053078156314,2.5726235165737853e-07,0.9999997427376484
0.04478697017957916,0.0014028057084168337,0.005127980488932843,0.9948720195110673
0.04478697017957916,0.0015030061090180362,4.8182694636121614e-05,0.9999518173053639
0.04478697017957916,0.0016032065096192386,0.00010040122819991364,0.9998995987718001
0.04478697017957916,0.0017034069102204409,1.2518707484039599e-05,0.999987481292516
0.04478697017957916,0.0018036073108216434,1.1082691186476709e-05,0.9999889173088136
0.04478697017957916,0.0019038077114228457,0.00043355212943617,0.9995664478705638
0.04478697017957916,0.0020040081120240483,0.00015452864425528364,0.9998454713557448
0.04478697017957916,0.0021042085126252506,0.00015368473972435215,0.9998463152602757
0.04478697017957916,0.002204408913226453,0.0017953116411389435,0.9982046883588611
0.04478697017957916,0.0023046093138276553,0.1471870432411564,0.8528129567588436
0.04478697017957916,0.0024048097144288576,0.0005887302485229533,0.9994112697514771
0.04478697017957916,0.0025050101150300604,0.0014957045791546256,0.9985042954208454
0.04478697017957916,0.0026052105156312627,0.5739480439623066,0.4260519560376935
0.04478697017957916,0.002705410916232465,0.0010840186396681147,0.9989159813603319
0.04478697017957916,0.0028056113168336673,5.418801846056968e-05,0.9999458119815394
0.04478697017957916,0.0029058117174348697,0.9507519875348798,0.049248012465120214
0.04478697017957916,0.0030060121180360724,0.00016790735755415037,0.9998320926424459
0.044884758323857715,1e-10,9.419906506003213e-07,0.9999990580093494
0.044884758323857715,0.0001002005006012024,1.937126535089744e-06,0.9999980628734649
0.044884758323857715,0.00020040090120240482,5.275458144452398e-07,0.9999994724541855
0.044884758323857715,0.0003006013018036072,4.702864628740937e-07,0.9999995297135371
0.044884758323857715,0.0004008017024048096,4.20293909052086e-06,0.9999957970609094
0.044884758323857715,0.0005010021030060121,8.441768012620833e-07,0.9999991558231988
0.044884758323857715,0.0006012025036072144,4.1167875223866364e-05,0.999958832124776
0.044884758323857715,0.0007014029042084169,5.3614288183105335e-05,0.9999463857118169
0.044884758323857715,0.0008016033048096193,5.839375182391995e-06,0.9999941606248176
0.044884758323857715,0.0009018037054108217,0.00011152437607390799,0.9998884756239261
0.044884758323857715,0.0010020041060120242,2.0008952700055685e-05,0.9999799910473
0.044884758323857715,0.0011022045066132265,1.5833934809072324e-06,0.9999984166065191
0.044884758323857715,0.0012024049072144288,0.0006954449101405788,0.9993045550898594
0.044884758323857715,0.0013026053078156314,6.295020884113667e-06,0.9999937049791159
0.044884758323857715,0.0014028057084168337,1.4381071916133744e-05,0.999985618928084
0.044884758323857715,0.0015030061090180362,1.2753950474278584e-06,0.9999987246049526
0.044884758323857715,0.0016032065096192386,2.8635584032442863e-05,0.9999713644159676
0.044884758323857715,0.0017034069102204409,1.380113106444713e-06,0.9999986198868936
0.044884758323857715,0.0018036073108216434,0.010560817384347033,0.989439182615653
0.044884758323857715,0.0019038077114228457,4.3233048284504285e-07,0.9999995676695171
0.044884758323857715,0.0020040081120240483,0.0038534419258745727,0.9961465580741253
0.044884758323857715,0.0021042085126252506,0.0001222288975763623,0.9998777711024237
0.044884758323857715,0.002204408913226453,0.02118699832891822,0.9788130016710818
0.044884758323857715,0.0023046093138276553,0.0005816335575419154,0.9994183664424581
0.044884758323857715,0.0024048097144288576,0.0002649986113814228,0.9997350013886186
0.044884758323857715,0.0025050101150300604,0.08600058733376717,0.9139994126662329
0.044884758323857715,0.0026052105156312627,0.0008157550039662576,0.9991842449960336
0.044884758323857715,0.002705410916232465,0.011544901147510708,0.9884550988524892
0.044884758323857715,0.0028056113168336673,0.00018384843382198988,0.9998161515661781
0.044884758323857715,0.0029058117174348697,0.5125944914043474,0.48740550859565257
0.044884758323857715,0.0030060121180360724,0.9125911586048256,0.08740884139517435
0.04498254646813627,1e-10,1.5722353873222983e-06,0.9999984277646127
0.04498254646813627,0.0001002005006012024,1.3301615362581382e-06,0.9999986698384637
0.04498254646813627,0.00020040090120240482,1.9561986222020304e-06,0.9999980438013777
0.04498254646813627,0.0003006013018036072,1.648499542408071e-05,0.999983515004576
0.04498254646813627,0.0004008017024048096,1.010042844214817e-06,0.9999989899571557
0.04498254646813627,0.0005010021030060121,1.884069281019076e-05,0.9999811593071899
0.04498254646813627,0.0006012025036072144,9.783809710467533e-06,0.9999902161902896
0.04498254646813627,0.0007014029042084169,2.9199090804724216e-05,0.9999708009091953
0.04498254646813627,0.0008016033048096193,0.000227959679615823,0.9997720403203841
0.04498254646813627,0.0009018037054108217,0.00010100531301578534,0.9998989946869843
0.04498254646813627,0.0010020041060120242,2.527728468279615e-05,0.9999747227153172
0.04498254646813627,0.0011022045066132265,2.147333175805795e-05,0.9999785266682419
0.04498254646813627,0.0012024049072144288,0.00026461416528160685,0.9997353858347185
0.04498254646813627,0.0013026053078156314,0.0006311701091040814,0.9993688298908959
0.04498254646813627,0.0014028057084168337,5.833189830362023e-07,0.999999416681017
0.04498254646813627,0.0015030061090180362,4.931184839075452e-07,0.9999995068815161
0.04498254646813627,0.0016032065096192386,2.815785278741145e-05,0.9999718421472126
0.04498254646813627,0.0017034069102204409,7.134732868965822e-07,0.9999992865267131
0.04498254646813627,0.0018036073108216434,0.0016843035205024056,0.9983156964794976
0.04498254646813627,0.0019038077114228457,0.0015695468158919434,0.9984304531841082
0.04498254646813627,0.0020040081120240483,3.3557685648210595e-05,0.9999664423143519
0.04498254646813627,0.0021042085126252506,0.004896076544062777,0.9951039234559373
0.04498254646813627,0.002204408913226453,6.785691141216885e-07,0.999999321430886
0.04498254646813627,0.0023046093138276553,0.3441720760930748,0.6558279239069251
0.04498254646813627,0.0024048097144288576,0.0013266320374650676,0.998673367962535
0.04498254646813627,0.0025050101150300604,0.0028591297247142775,0.9971408702752858
0.04498254646813627,0.0026052105156312627,0.561278202827447,0.43872179717255305
0.04498254646813627,0.002705410916232465,0.006885648032647452,0.9931143519673525
0.04498254646813627,0.0028056113168336673,0.0012633437229054262,0.9987366562770947
0.04498254646813627,0.0029058117174348697,0.35292861728436825,0.6470713827156318
0.04498254646813627,0.0030060121180360724,0.20799589776929794,0.7920041022307021
0.04508033461241483,1e-10,2.620625787243314e-06,0.9999973793742127
0.04508033461241483,0.0001002005006012024,2.471687639015026e-06,0.999997528312361
0.04508033461241483,0.00020040090120240482,4.978487250841532e-06,0.999995021512749
0.04508033461241483,0.0003006013018036072,5.530693423030923e-07,0.9999994469306577
0.04508033461241483,0.0004008017024048096,2.28328775922225e-05,0.9999771671224078
0.04508033461241483,0.0005010021030060121,1.4530383672617943e-05,0.9999854696163274
0.04508033461241483,0.0006012025036072144,0.0006648844010906939,0.9993351155989093
0.04508033461241483,0.0007014029042084169,2.073016452851103e-05,0.9999792698354715
0.04508033461241483,0.0008016033048096193,0.0019375077443611942,0.9980624922556387
0.04508033461241483,0.0009018037054108217,9.533798528665565e-05,0.9999046620147134
0.04508033461241483,0.0010020041060120242,0.00011823536412755636,0.9998817646358724
0.04508033461241483,0.0011022045066132265,7.9407419440774e-06,0.9999920592580559
0.04508033461241483,0.0012024049072144288,4.344821728150625e-07,0.9999995655178272
0.04508033461241483,0.0013026053078156314,3.289941040778518e-05,0.9999671005895923
0.04508033461241483,0.0014028057084168337,0.001704942888388676,0.9982950571116114
0.04508033461241483,0.0015030061090180362,5.032330621617639e-06,0.9999949676693785
0.04508033461241483,0.0016032065096192386,4.223922964194357e-06,0.9999957760770358
0.04508033461241483,0.0017034069102204409,0.0001892510069044768,0.9998107489930955
0.04508033461241483,0.0018036073108216434,5.460936711918898e-07,0.9999994539063288
0.04508033461241483,0.0019038077114228457,0.015009908969820017,0.9849900910301801
0.04508033461241483,0.0020040081120240483,3.2321481827715846e-05,0.9999676785181724
0.04508033461241483,0.0021042085126252506,0.0007229524108974089,0.9992770475891026
0.04508033461241483,0.002204408913226453,0.11532801048145389,0.8846719895185462
0.04508033461241483,0.0023046093138276553,0.0036061607901677747,0.9963938392098323
0.04508033461241483,0.0024048097144288576,0.4596263786400512,0.5403736213599488
0.04508033461241483,0.0025050101150300604,0.004850369504915543,0.9951496304950845
0.04508033461241483,0.0026052105156312627,0.0001741383422247864,0.9998258616577751
0.04508033461241483,0.002705410916232465,0.0002604505731381025,0.9997395494268619
0.04508033461241483,0.0028056113168336673,0.4416684465958415,0.5583315534041586
0.04508033461241483,0.0029058117174348697,0.1443569146119819,0.8556430853880181
0.04508033461241483,0.0030060121180360724,9.63696726407618e-05,0.9999036303273592
0.04517812275669339,1e-10,4.372646560652626e-06,0.9999956273534394
0.04517812275669339,0.0001002005006012024,9.920249155690751e-07,0.9999990079750845
0.04517812275669339,0.00020040090120240482,2.0383429785454226e-06,0.9999979616570215
0.04517812275669339,0.0003006013018036072,6.135322051641849e-06,0.9999938646779483
0.04517812275669339,0.0004008017024048096,4.385734540353973e-05,0.9999561426545964
0.04517812275669339,0.0005010021030060121,2.8231243921996694e-05,0.999971768756078
0.04517812275669339,0.0006012025036072144,1.2554079707712932e-05,0.9999874459202923
0.04517812275669339,0.0007014029042084169,4.820968536188404e-05,0.9999517903146382
0.04517812275669339,0.0008016033048096193,1.013875210035212e-06,0.99999898612479
0.04517812275669339,0.0009018037054108217,0.0003315351743160134,0.999668464825684
0.04517812275669339,0.0010020041060120242,2.0166767969889687e-05,0.9999798332320301
0.04517812275669339,0.0011022045066132265,4.142596303177234e-06,0.9999958574036969
0.04517812275669339,0.0012024049072144288,0.00013987022726227302,0.9998601297727376
0.04517812275669339,0.0013026053078156314,0.06016823282943016,0.9398317671705698
0.04517812275669339,0.0014028057084168337,2.49866424227864e-05,0.9999750133575772
0.04517812275669339,0.0015030061090180362,0.06156092733740425,0.9384390726625957
0.04517812275669339,0.0016032065096192386,0.0004791000705661506,0.9995208999294338
0.04517812275669339,0.0017034069102204409,0.006324249354845631,0.9936757506451543
0.04517812275669339,0.0018036073108216434,3.52049583890248e-05,0.9999647950416111
0.04517812275669339,0.0019038077114228457,7.489673388747721e-06,0.9999925103266113
0.04517812275669339,0.0020040081120240483,0.00020101526987813096,0.9997989847301219
0.04517812275669339,0.0021042085126252506,0.9866362963453351,0.013363703654664945
0.04517812275669339,0.002204408913226453,4.983161686084553e-05,0.9999501683831391
0.04517812275669339,0.0023046093138276553,7.526402757420177e-05,0.9999247359724258
0.04517812275669339,0.0024048097144288576,0.3664018659685986,0.6335981340314013
0.04517812275669339,0.0025050101150300604,0.07600064848037037,0.9239993515196296
0.04517812275669339,0.0026052105156312627,0.017216627098138277,0.9827833729018618
0.04517812275669339,0.002705410916232465,8.110183297267803e-06,0.9999918898167028
0.04517812275669339,0.0028056113168336673,0.03483791078488705,0.9651620892151129
0.04517812275669339,0.0029058117174348697,0.06009865247400348,0.9399013475259965
0.04517812275669339,0.0030060121180360724,0.7593353922376854,0.24066460776231458
0.045275910900971945,1e-10,7.29436244154696e-06,0.9999927056375586
0.045275910900971945,0.0001002005006012024,2.5656892466539535e-06,0.9999974343107534
0.045275910900971945,0.00020040090120240482,5.328736620502563e-06,0.9999946712633794
0.045275910900971945,0.0003006013018036072,9.306718942267037e-05,0.9999069328105774
0.045275910900971945,0.0004008017024048096,0.00021434101663701788,0.9997856589833629
0.045275910900971945,0.0005010021030060121,0.00016626393506080213,0.9998337360649393
0.045275910900971945,0.0006012025036072144,2.8437819697389726e-05,0.9999715621803026
0.045275910900971945,0.0007014029042084169,0.001072007761575621,0.9989279922384244
0.045275910900971945,0.0008016033048096193,1.719188366623304e-05,0.9999828081163338
0.045275910900971945,0.0009018037054108217,2.029361565864071e-05,0.9999797063843414
0.045275910900971945,0.0010020041060120242,0.0006944730068849676,0.999305526993115
0.045275910900971945,0.0011022045066132265,0.00022599607448561953,0.9997740039255144
0.045275910900971945,0.0012024049072144288,0.0001833735339588201,0.9998166264660413
0.045275910900971945,0.0013026053078156314,2.1112919823019012e-05,0.9999788870801769
0.045275910900971945,0.0014028057084168337,0.00040223150837023167,0.9995977684916297
0.045275910900971945,0.0015030061090180362,0.00015600077202823675,0.9998439992279717
0.045275910900971945,0.0016032065096192386,0.00043953939202301287,0.9995604606079771
0.045275910900971945,0.0017034069102204409,2.9740015422512394e-06,0.9999970259984577
0.045275910900971945,0.0018036073108216434,0.0005881993802499082,0.9994118006197501
0.045275910900971945,0.0019038077114228457,0.2766874676425082,0.7233125323574918
0.045275910900971945,0.0020040081120240483,0.001071096879835178,0.9989289031201648
0.045275910900971945,0.0021042085126252506,1.0139963474296159e-06,0.9999989860036526
0.045275910900971945,0.002204408913226453,0.5480290771221382,0.4519709228778619
0.045275910900971945,0.0023046093138276553,0.057125460421266594,0.9428745395787335
0.045275910900971945,0.0024048097144288576,0.0008238307070515084,0.9991761692929486
0.045275910900971945,0.0025050101150300604,0.9877819381302777,0.012218061869722225
0.045275910900971945,0.0026052105156312627,0.2807526717084684,0.7192473282915317
0.045275910900971945,0.002705410916232465,0.9933081251964143,0.006691874803585693
0.045275910900971945,0.0028056113168336673,0.005905924161947861,0.9940940758380521
0.045275910900971945,0.0029058117174348697,0.0007550528289043464,0.9992449471710958
0.045275910900971945,0.0030060121180360724,0.014804946615323021,0.9851950533846769
0.0453736990452505,1e-10,1.2157601911530772e-05,0.9999878423980886
0.0453736990452505,0.0001002005006012024,4.958582940111614e-05,0.9999504141705988
0.0453736990452505,0.00020040090120240482,0.00025820547310257465,0.9997417945268974
0.0453736990452505,0.0003006013018036072,0.00042950527320640927,0.9995704947267936
0.0453736990452505,0.0004008017024048096,1.4630169532743654e-05,0.9999853698304673
0.0453736990452505,0.0005010021030060121,3.862872221128514e-06,0.999996137127779
0.0453736990452505,0.0006012025036072144,7.417843997986836e-05,0.9999258215600202
0.0453736990452505,0.0007014029042084169,0.0011175999916384564,0.9988824000083616
0.0453736990452505,0.0008016033048096193,0.0013702555783995653,0.9986297444216005
0.0453736990452505,0.0009018037054108217,6.270121674928808e-05,0.9999372987832507
0.0453736990452505,0.0010020041060120242,0.004840980104108757,0.9951590198958913
0.0453736990452505,0.0011022045066132265,0.0009539605682687337,0.9990460394317313
0.0453736990452505,0.0012024049072144288,5.647844627297789e-05,0.9999435215537271
0.0453736990452505,0.0013026053078156314,0.0006219974386433678,0.9993780025613568
0.0453736990452505,0.0014028057084168337,0.0004547441207484137,0.9995452558792517
0.0453736990452505,0.0015030061090180362,0.14047025731558313,0.8595297426844168
0.0453736990452505,0.0016032065096192386,0.00017345094896704737,0.9998265490510331
0.0453736990452505,0.0017034069102204409,0.004610974130198047,0.9953890258698019
0.0453736990452505,0.0018036073108216434,1.7757405763794407e-05,0.9999822425942362
0.0453736990452505,0.0019038077114228457,0.00013150411654221921,0.9998684958834579
0.0453736990452505,0.0020040081120240483,0.5806009496188316,0.4193990503811684
0.0453736990452505,0.0021042085126252506,0.0010654679366212444,0.9989345320633787
0.0453736990452505,0.002204408913226453,0.0007788915633567985,0.9992211084366434
0.0453736990452505,0.0023046093138276553,0.00890025845347371,0.9910997415465264
0.0453736990452505,0.0024048097144288576,0.3416545812018621,0.658345418798138
0.0453736990452505,0.0025050101150300604,0.042939360391636136,0.9570606396083637
0.0453736990452505,0.0026052105156312627,0.9494427559462475,0.050557244053752545
0.0453736990452505,0.002705410916232465,0.005699989851313174,0.9943000101486869
0.0453736990452505,0.0028056113168336673,0.9682347950958791,0.03176520490412084
0.0453736990452505,0.0029058117174348697,0.31173010416880287,0.6882698958311971
0.0453736990452505,0.0030060121180360724,0.25072216122732427,0.7492778387726757
0.04547148718952906,1e-10,2.0284666360558862e-05,0.9999797153336395
0.04547148718952906,0.0001002005006012024,5.3505108971365294e-05,0.9999464948910286
0.04547148718952906,0.00020040090120240482,2.4673049236801704e-05,0.9999753269507633
0.04547148718952906,0.0003006013018036072,3.5498680155450164e-06,0.9999964501319845
0.04547148718952906,0.0004008017024048096,1.3747408039769825e-05,0.9999862525919603
0.04547148718952906,0.0005010021030060121,0.0003538929254551214,0.9996461070745448
0.04547148718952906,0.0006012025036072144,0.0008668320270641919,0.9991331679729358
0.04547148718952906,0.0007014029042084169,0.00018929658429381194,0.9998107034157062
0.04547148718952906,0.0008016033048096193,0.0006925047710076978,0.9993074952289923
0.04547148718952906,0.0009018037054108217,0.00010925488909357458,0.9998907451109065
0.04547148718952906,0.0010020041060120242,4.5990560598904495e-05,0.999954009439401
0.04547148718952906,0.0011022045066132265,0.005948315849536502,0.9940516841504636
0.04547148718952906,0.0012024049072144288,9.458521222251428e-06,0.9999905414787779
0.04547148718952906,0.0013026053078156314,0.002120963175739317,0.9978790368242607
0.04547148718952906,0.0014028057084168337,0.010838973636421171,0.9891610263635789
0.04547148718952906,0.0015030061090180362,1.4786617849679454e-05,0.9999852133821504
0.04547148718952906,0.0016032065096192386,0.00010159497260793862,0.999898405027392
0.04547148718952906,0.0017034069102204409,0.009519686692391947,0.9904803133076081
0.04547148718952906,0.0018036073108216434,8.320816269619547e-05,0.9999167918373038
0.04547148718952906,0.0019038077114228457,0.002438969209428751,0.9975610307905713
0.04547148718952906,0.0020040081120240483,0.08748427193505524,0.9125157280649447
0.04547148718952906,0.0021042085126252506,0.020483368962520076,0.97951663103748
0.04547148718952906,0.002204408913226453,0.000275820419798596,0.9997241795802014
0.04547148718952906,0.0023046093138276553,0.04102954533987288,0.9589704546601272
0.04547148718952906,0.0024048097144288576,0.003684457913429358,0.9963155420865708
0.04547148718952906,0.0025050101150300604,0.9953793084906715,0.004620691509328536
0.04547148718952906,0.0026052105156312627,0.019728229892409913,0.9802717701075901
0.04547148718952906,0.002705410916232465,0.6313150731464381,0.36868492685356186
0.04547148718952906,0.0028056113168336673,0.972594389090806,0.02740561090919399
0.04547148718952906,0.0029058117174348697,0.0014681090375383895,0.9985318909624616
0.04547148718952906,0.0030060121180360724,0.2971031943926507,0.7028968056073494
0.04556927533380761,1e-10,3.381675281547901e-05,0.9999661832471847
0.04556927533380761,0.0001002005006012024,0.00011004714442709834,0.9998899528555729
0.04556927533380761,0.00020040090120240482,3.3558832793426294e-05,0.9999664411672066
0.04556927533380761,0.0003006013018036072,7.440596913721979e-05,0.9999255940308628
0.04556927533380761,0.0004008017024048096,0.00041094712918589196,0.9995890528708142
0.04556927533380761,0.0005010021030060121,0.0035532199955358645,0.9964467800044642
0.04556927533380761,0.0006012025036072144,0.001496151207982533,0.9985038487920175
0.04556927533380761,0.0007014029042084169,2.1217132574376565e-06,0.9999978782867427
0.04556927533380761,0.0008016033048096193,0.005859498132177463,0.9941405018678227
0.04556927533380761,0.0009018037054108217,0.011676787874621343,0.9883232121253787
0.04556927533380761,0.0010020041060120242,0.0005016170753586611,0.9994983829246413
0.04556927533380761,0.0011022045066132265,0.005389957515044359,0.9946100424849558
0.04556927533380761,0.0012024049072144288,0.04836964053120482,0.9516303594687952
0.04556927533380761,0.0013026053078156314,0.011762886343537077,0.9882371136564629
0.04556927533380761,0.0014028057084168337,5.346883217787102e-05,0.9999465311678222
0.04556927533380761,0.0015030061090180362,0.02264439871383331,0.9773556012861667
0.04556927533380761,0.0016032065096192386,0.00835157747807538,0.9916484225219246
0.04556927533380761,0.0017034069102204409,0.06881631641929782,0.9311836835807021
0.04556927533380761,0.0018036073108216434,0.01119308643063788,0.9888069135693621
0.04556927533380761,0.0019038077114228457,0.008023611943143542,0.9919763880568566
0.04556927533380761,0.0020040081120240483,0.008468159591041833,0.9915318404089581
0.04556927533380761,0.0021042085126252506,0.00016244854923418947,0.9998375514507659
0.04556927533380761,0.002204408913226453,0.9586949900227937,0.04130500997720641
0.04556927533380761,0.0023046093138276553,0.0005029959689366527,0.9994970040310633
0.04556927533380761,0.0024048097144288576,0.02285302170724405,0.977146978292756
0.04556927533380761,0.0025050101150300604,0.35291524226028365,0.6470847577397164
0.04556927533380761,0.0026052105156312627,0.8540636333871103,0.1459363666128897
0.04556927533380761,0.002705410916232465,0.9958785630760049,0.004121436923995172
0.04556927533380761,0.0028056113168336673,0.0038510361428254853,0.9961489638571746
0.04556927533380761,0.0029058117174348697,0.008769230102613886,0.9912307698973861
0.04556927533380761,0.0030060121180360724,0.0014621858608450805,0.998537814139155
0.045667063478086176,1e-10,5.650268883262357e-05,0.9999434973111674
0.045667063478086176,0.0001002005006012024,7.237835011497957e-05,0.9999276216498851
0.045667063478086176,0.00020040090120240482,7.63872408351086e-05,0.9999236127591649
0.045667063478086176,0.0003006013018036072,0.0005965840177327545,0.9994034159822671
0.045667063478086176,0.0004008017024048096,0.00112674477484678,0.9988732552251534
0.045667063478086176,0.0005010021030060121,0.0006858023982489132,0.999314197601751
0.045667063478086176,0.0006012025036072144,1.5700761425891077e-05,0.9999842992385741
0.045667063478086176,0.0007014029042084169,7.713322251646147e-05,0.9999228667774835
0.045667063478086176,0.0008016033048096193,1.6947813650233695e-05,0.9999830521863498
0.045667063478086176,0.0009018037054108217,0.00046521576626303956,0.999534784233737
0.045667063478086176,0.0010020041060120242,1.6416707306831855e-05,0.9999835832926933
0.045667063478086176,0.0011022045066132265,3.124325695478796e-05,0.9999687567430453
0.045667063478086176,0.0012024049072144288,0.00029759632425036485,0.9997024036757496
0.045667063478086176,0.0013026053078156314,0.0015352626893229988,0.998464737310677
0.045667063478086176,0.0014028057084168337,2.859113102836395e-05,0.9999714088689716
0.045667063478086176,0.0015030061090180362,0.00033964630749560665,0.9996603536925045
0.045667063478086176,0.0016032065096192386,0.01254653009519744,0.9874534699048024
0.045667063478086176,0.0017034069102204409,0.08878912417173218,0.9112108758282678
0.045667063478086176,0.0018036073108216434,0.0020183670559474885,0.9979816329440525
0.045667063478086176,0.0019038077114228457,0.004274766482644859,0.995725233517355
0.045667063478086176,0.0020040081120240483,0.30234902473808023,0.6976509752619197
0.045667063478086176,0.0021042085126252506,0.0027206048879910155,0.9972793951120089
0.045667063478086176,0.002204408913226453,0.0004992960669765162,0.9995007039330236
0.045667063478086176,0.0023046093138276553,0.11947152332433983,0.8805284766756603
0.045667063478086176,0.0024048097144288576,0.016868866702205162,0.9831311332977949
0.045667063478086176,0.0025050101150300604,0.03816776166639598,0.961832238333604
0.045667063478086176,0.0026052105156312627,0.05090792106185227,0.9490920789381477
0.045667063478086176,0.002705410916232465,0.9986096037473078,0.0013903962526922182
0.045667063478086176,0.0028056113168336673,0.04767563133151272,0.9523243686684872
0.045667063478086176,0.0029058117174348697,0.5075810065519524,0.49241899344804785
0.045667063478086176,0.0030060121180360724,0.022228857454311607,0.9777711425456883
0.04576485162236473,1e-10,9.406286345450628e-05,0.9999059371365455
0.04576485162236473,0.0001002005006012024,0.0001424503315986779,0.9998575496684013
0.04576485162236473,0.00020040090120240482,0.00043697596482602445,0.999563024035174
0.04576485162236473,0.0003006013018036072,6.0454436357276824e-05,0.9999395455636426
0.04576485162236473,0.0004008017024048096,2.089070750283159e-05,0.999979109292497
0.04576485162236473,0.0005010021030060121,0.00036363021972152536,0.9996363697802785
0.04576485162236473,0.0006012025036072144,0.011655581321457062,0.988344418678543
0.04576485162236473,0.0007014029042084169,0.00013971110395639058,0.9998602888960436
0.04576485162236473,0.0008016033048096193,0.030314131089234517,0.9696858689107655
0.04576485162236473,0.0009018037054108217,0.0006387216855295004,0.9993612783144705
0.04576485162236473,0.0010020041060120242,0.03142734304135397,0.9685726569586459
0.04576485162236473,0.0011022045066132265,9.019061747803824e-05,0.9999098093825219
0.04576485162236473,0.0012024049072144288,0.0004770645274372531,0.9995229354725628
0.04576485162236473,0.0013026053078156314,0.7234512327718744,0.27654876722812566
0.04576485162236473,0.0014028057084168337,0.029509947491839605,0.9704900525081605
0.04576485162236473,0.0015030061090180362,0.000336503875306884,0.9996634961246931
0.04576485162236473,0.0016032065096192386,0.05096087411757433,0.9490391258824256
0.04576485162236473,0.0017034069102204409,0.11912275595380559,0.8808772440461945
0.04576485162236473,0.0018036073108216434,0.8313457726254623,0.16865422737453784
0.04576485162236473,0.0019038077114228457,0.6715760102236722,0.3284239897763278
0.04576485162236473,0.0020040081120240483,0.6130696732187265,0.38693032678127365
0.04576485162236473,0.0021042085126252506,0.054063896300483805,0.9459361036995162
0.04576485162236473,0.002204408913226453,0.7255399327302633,0.2744600672697367
0.04576485162236473,0.0023046093138276553,0.0002568048919766323,0.9997431951080233
0.04576485162236473,0.0024048097144288576,0.0040945711524779035,0.9959054288475221
0.04576485162236473,0.0025050101150300604,0.868893327293822,0.1311066727061781
0.04576485162236473,0.0026052105156312627,0.17739749434720695,0.8226025056527931
0.04576485162236473,0.002705410916232465,0.004336782717520758,0.9956632172824793
0.04576485162236473,0.0028056113168336673,0.09367095677611523,0.9063290432238849
0.04576485162236473,0.0029058117174348697,0.0011657479217902812,0.9988342520782098
0.04576485162236473,0.0030060121180360724,0.01827425131017189,0.9817257486898281
0.04586263976664329,1e-10,0.0001569975128111336,0.9998430024871889
0.04586263976664329,0.0001002005006012024,0.00015138203953646658,0.9998486179604635
0.04586263976664329,0.00020040090120240482,0.00012718670494555782,0.9998728132950545
0.04586263976664329,0.0003006013018036072,0.00012900123892542782,0.9998709987610745
0.04586263976664329,0.0004008017024048096,0.001779699538750722,0.9982203004612493
0.04586263976664329,0.0005010021030060121,0.00012898897023357964,0.9998710110297664
0.04586263976664329,0.0006012025036072144,0.03063172585538878,0.9693682741446114
0.04586263976664329,0.0007014029042084169,0.0060698543767484375,0.9939301456232517
0.04586263976664329,0.0008016033048096193,0.033737713232140656,0.9662622867678593
0.04586263976664329,0.0009018037054108217,0.00018831144960947019,0.9998116885503905
0.04586263976664329,0.0010020041060120242,7.373928101681586e-05,0.9999262607189832
0.04586263976664329,0.0011022045066132265,0.0006551279353386043,0.9993448720646614
0.04586263976664329,0.0012024049072144288,0.07847477320169831,0.9215252267983017
0.04586263976664329,0.0013026053078156314,0.0001962893939248446,0.9998037106060751
0.04586263976664329,0.0014028057084168337,0.0019831734095291645,0.9980168265904708
0.04586263976664329,0.0015030061090180362,0.08323591951215026,0.9167640804878497
0.04586263976664329,0.0016032065096192386,0.000768970710957044,0.999231029289043
0.04586263976664329,0.0017034069102204409,0.8394128137445676,0.1605871862554325
0.04586263976664329,0.0018036073108216434,0.0009059635267348047,0.9990940364732652
0.04586263976664329,0.0019038077114228457,0.03604297302579868,0.9639570269742013
0.04586263976664329,0.0020040081120240483,0.141403588078534,0.858596411921466
0.04586263976664329,0.0021042085126252506,7.587785550956287e-05,0.9999241221444904
0.04586263976664329,0.002204408913226453,0.10442698211226875,0.8955730178877314
0.04586263976664329,0.0023046093138276553,0.9828859020868967,0.017114097913103338
0.04586263976664329,0.0024048097144288576,0.008874689428675425,0.9911253105713247
0.04586263976664329,0.0025050101150300604,0.9925622330307506,0.007437766969249408
0.04586263976664329,0.0026052105156312627,0.07539128059078934,0.9246087194092107
0.04586263976664329,0.002705410916232465,0.2978312461014995,0.7021687538985005
0.04586263976664329,0.0028056113168336673,0.10288763896179456,0.8971123610382055
0.04586263976664329,0.0029058117174348697,0.013460941139210553,0.9865390588607895
0.04586263976664329,0.0030060121180360724,0.9759787232670747,0.02402127673292545
0.04596042791092184,1e-10,0.000261989766262526,0.9997380102337374
0.04596042791092184,0.0001002005006012024,0.00027726968604195086,0.9997227303139582
0.04596042791092184,0.00020040090120240482,0.0010083621753833865,0.9989916378246166
0.04596042791092184,0.0003006013018036072,0.001609805718737572,0.9983901942812624
0.04596042791092184,0.0004008017024048096,0.0009359307324171626,0.9990640692675828
0.04596042791092184,0.0005010021030060121,0.00023163472184160853,0.9997683652781584
0.04596042791092184,0.0006012025036072144,0.0002012979506029207,0.9997987020493971
0.04596042791092184,0.0007014029042084169,0.01034506234351321,0.9896549376564869
0.04596042791092184,0.0008016033048096193,0.001730856709773897,0.9982691432902261
0.04596042791092184,0.0009018037054108217,0.0041497644446574136,0.9958502355553427
0.04596042791092184,0.0010020041060120242,0.0003063296980523151,0.9996936703019476
0.04596042791092184,0.0011022045066132265,0.00028042886918647864,0.9997195711308136
0.04596042791092184,0.0012024049072144288,0.004027688892938234,0.9959723111070617
0.04596042791092184,0.0013026053078156314,5.4549032068787955e-05,0.9999454509679313
0.04596042791092184,0.0014028057084168337,0.028051043407772,0.971948956592228
0.04596042791092184,0.0015030061090180362,0.5476038809619954,0.45239611903800464
0.04596042791092184,0.0016032065096192386,0.7196268192368868,0.28037318076311324
0.04596042791092184,0.0017034069102204409,2.7649526575763475e-05,0.9999723504734243
0.04596042791092184,0.0018036073108216434,0.8719135787192227,0.1280864212807773
0.04596042791092184,0.0019038077114228457,0.0011094452491195326,0.9988905547508805
0.04596042791092184,0.0020040081120240483,0.21267774548063495,0.7873222545193651
0.04596042791092184,0.0021042085126252506,0.07883830068724396,0.921161699312756
0.04596042791092184,0.002204408913226453,0.6969126675822912,0.30308733241770885
0.04596042791092184,0.0023046093138276553,0.08794100623142459,0.9120589937685755
0.04596042791092184,0.0024048097144288576,0.2740791462920935,0.7259208537079065
0.04596042791092184,0.0025050101150300604,0.616686735014575,0.38331326498542495
0.04596042791092184,0.0026052105156312627,0.1080644910127229,0.8919355089872771
0.04596042791092184,0.002705410916232465,0.120585006724929,0.879414993275071
0.04596042791092184,0.0028056113168336673,0.053406619515268594,0.9465933804847313
0.04596042791092184,0.0029058117174348697,0.9914515886370039,0.00854841136299616
0.04596042791092184,0.0030060121180360724,0.9766417111818302,0.023358288818169738
0.0460582160552004,1e-10,0.00043711795542087034,0.9995628820445791
0.0460582160552004,0.0001002005006012024,0.000942116072795053,0.9990578839272051
0.0460582160552004,0.00020040090120240482,0.00039526859323161677,0.9996047314067684
0.0460582160552004,0.0003006013018036072,0.0006369859582527369,0.9993630140417472
0.0460582160552004,0.0004008017024048096,0.0006162721755000242,0.9993837278245
0.0460582160552004,0.0005010021030060121,0.009542083557279467,0.9904579164427205
0.0460582160552004,0.0006012025036072144,0.0024294982923294198,0.9975705017076707
0.0460582160552004,0.0007014029042084169,0.0019306988845797534,0.9980693011154204
0.0460582160552004,0.0008016033048096193,0.0021899671199936467,0.9978100328800065
0.0460582160552004,0.0009018037054108217,0.005005869425694871,0.9949941305743051
0.0460582160552004,0.0010020041060120242,0.0004916522306170438,0.9995083477693829
0.0460582160552004,0.0011022045066132265,0.021545448287898505,0.9784545517121015
0.0460582160552004,0.0012024049072144288,0.00034076814917468874,0.9996592318508254
0.0460582160552004,0.0013026053078156314,0.6230505652168618,0.37694943478313836
0.0460582160552004,0.0014028057084168337,0.28667873620945605,0.713321263790544
0.0460582160552004,0.0015030061090180362,0.0024875117259651382,0.9975124882740349
0.0460582160552004,0.0016032065096192386,0.5176183537473538,0.48238164625264623
0.0460582160552004,0.0017034069102204409,0.0028454982986519935,0.9971545017013481
0.0460582160552004,0.0018036073108216434,0.8214370469236946,0.17856295307630543
0.0460582160552004,0.0019038077114228457,0.05136534280606368,0.9486346571939364
0.0460582160552004,0.0020040081120240483,0.050815068478958524,0.9491849315210414
0.0460582160552004,0.0021042085126252506,0.044741976593924135,0.9552580234060759
0.0460582160552004,0.002204408913226453,0.9902300263742919,0.00976997362570814
0.0460582160552004,0.0023046093138276553,0.0037555822564328168,0.9962444177435672
0.0460582160552004,0.0024048097144288576,0.003291633775639398,0.9967083662243607
0.0460582160552004,0.0025050101150300604,0.381936480244407,0.618063519755593
0.0460582160552004,0.0026052105156312627,0.004160286782134432,0.9958397132178656
0.0460582160552004,0.002705410916232465,0.9999769299648806,2.3070035119341986e-05
0.0460582160552004,0.0028056113168336673,0.23138411560132655,0.7686158843986735
0.0460582160552004,0.0029058117174348697,0.8173008559762686,0.18269914402373144
0.0460582160552004,0.0030060121180360724,0.429592801237375,0.5704071987626249
0.046156004199478955,1e-10,0.0007291704515586959,0.9992708295484414
0.046156004199478955,0.0001002005006012024,0.00021466238763491441,0.9997853376123651
0.046156004199478955,0.00020040090120240482,0.002142691233513765,0.9978573087664864
0.046156004199478955,0.0003006013018036072,0.0047861349651414226,0.9952138650348585
0.046156004199478955,0.0004008017024048096,0.0006177158052551302,0.9993822841947448
0.046156004199478955,0.0005010021030060121,0.001316440653624531,0.9986835593463754
0.046156004199478955,0.0006012025036072144,0.009761628513143468,0.9902383714868567
0.046156004199478955,0.0007014029042084169,0.08615089617732363,0.9138491038226765
0.046156004199478955,0.0008016033048096193,0.21564499696433503,0.784355003035665
0.046156004199478955,0.0009018037054108217,0.007708365234443036,0.992291634765557
0.046156004199478955,0.0010020041060120242,0.013512152890828993,0.986487847109171
0.046156004199478955,0.0011022045066132265,0.0013972144493103046,0.9986027855506896
0.046156004199478955,0.0012024049072144288,0.013456158037012103,0.9865438419629879
0.046156004199478955,0.0013026053078156314,0.91965784777045,0.0803421522295499
0.046156004199478955,0.0014028057084168337,0.005463669935338559,0.9945363300646615
0.046156004199478955,0.0015030061090180362,0.004213477667534131,0.995786522332466
0.046156004199478955,0.0016032065096192386,0.0030355344186425263,0.9969644655813574
0.046156004199478955,0.0017034069102204409,0.1958357469076451,0.8041642530923548
0.046156004199478955,0.0018036073108216434,0.001308029883352994,0.998691970116647
0.046156004199478955,0.0019038077114228457,0.07854104859114983,0.92145895140885
0.046156004199478955,0.0020040081120240483,0.027009522877028076,0.9729904771229719
0.046156004199478955,0.0021042085126252506,0.9916468059998986,0.008353194000101566
0.046156004199478955,0.002204408913226453,0.1707329044180722,0.8292670955819277
0.046156004199478955,0.0023046093138276553,0.9926930413180086,0.007306958681991524
0.046156004199478955,0.0024048097144288576,0.5437753419149991,0.45622465808500084
0.046156004199478955,0.0025050101150300604,0.9996541466546063,0.00034585334539365847
0.046156004199478955,0.0026052105156312627,0.9719328333197457,0.028067166680254343
0.046156004199478955,0.002705410916232465,0.6998200437200877,0.3001799562799124
0.046156004199478955,0.0028056113168336673,0.9876518924990756,0.01234810750092439
0.046156004199478955,0.0029058117174348697,0.9979379180537346,0.002062081946265402
0.046156004199478955,0.0030060121180360724,0.9999826805792865,1.731942071356528e-05
0.04625379234375752,1e-10,0.0012153825037136152,0.9987846174962864
0.04625379234375752,0.0001002005006012024,0.004612217831258002,0.995387782168742
0.04625379234375752,0.00020040090120240482,0.0003444540601854409,0.9996555459398146
0.04625379234375752,0.0003006013018036072,0.005198517739135161,0.9948014822608648
0.04625379234375752,0.0004008017024048096,0.0047141655220479615,0.9952858344779522
0.04625379234375752,0.0005010021030060121,0.0036700259911993955,0.9963299740088006
0.04625379234375752,0.0006012025036072144,2.54576478273639e-05,0.9999745423521726
0.04625379234375752,0.0007014029042084169,0.5083575546352442,0.49164244536475576
0.04625379234375752,0.0008016033048096193,0.0011100466715502403,0.9988899533284499
0.04625379234375752,0.0009018037054108217,0.4519353663794034,0.5480646336205965
0.04625379234375752,0.0010020041060120242,0.0030529187607430852,0.9969470812392569
0.04625379234375752,0.0011022045066132265,0.004530040302769628,0.9954699596972304
0.04625379234375752,0.0012024049072144288,0.9427743674236364,0.05722563257636375
0.04625379234375752,0.0013026053078156314,0.7771706583359623,0.22282934166403773
0.04625379234375752,0.0014028057084168337,0.005369827309554346,0.9946301726904456
0.04625379234375752,0.0015030061090180362,0.9206649319466382,0.07933506805336174
0.04625379234375752,0.0016032065096192386,0.035578572405792055,0.9644214275942078
0.04625379234375752,0.0017034069102204409,0.13956351337500017,0.8604364866249999
0.04625379234375752,0.0018036073108216434,0.0456180073642363,0.9543819926357637
0.04625379234375752,0.0019038077114228457,3.50930449374017e-05,0.9999649069550626
0.04625379234375752,0.0020040081120240483,0.0955577516083011,0.9044422483916987
0.04625379234375752,0.0021042085126252506,0.6484301822780351,0.35156981772196494
0.04625379234375752,0.002204408913226453,0.8970310601127516,0.10296893988724831
0.04625379234375752,0.0023046093138276553,0.32317528857598077,0.6768247114240193
0.04625379234375752,0.0024048097144288576,0.924357981335922,0.07564201866407809
0.04625379234375752,0.0025050101150300604,0.9992435277169223,0.0007564722830778227
0.04625379234375752,0.0026052105156312627,0.9499055270311456,0.050094472968854414
0.04625379234375752,0.002705410916232465,0.9709766874709947,0.029023312529005252
0.04625379234375752,0.0028056113168336673,0.9993579620846347,0.000642037915365299
0.04625379234375752,0.0029058117174348697,0.6496587484844343,0.35034125151556583
0.04625379234375752,0.0030060121180360724,0.049868622632743845,0.9501313773672562
0.04635158048803607,1e-10,0.0020277182860004034,0.9979722817139995
0.04635158048803607,0.0001002005006012024,0.0008578259407839304,0.9991421740592159
0.04635158048803607,0.00020040090120240482,0.0005594025823430715,0.9994405974176569
0.04635158048803607,0.0003006013018036072,0.0011596674067680026,0.998840332593232
0.04635158048803607,0.0004008017024048096,0.0022713334156815737,0.9977286665843186
0.04635158048803607,0.0005010021030060121,0.006187775117318217,0.9938122248826818
0.04635158048803607,0.0006012025036072144,0.0001807456482646394,0.9998192543517354
0.04635158048803607,0.0007014029042084169,0.001830382347411683,0.9981696176525884
0.04635158048803607,0.0008016033048096193,0.0062667343162224175,0.9937332656837777
0.04635158048803607,0.0009018037054108217,0.2845667272541681,0.7154332727458319
0.04635158048803607,0.0010020041060120242,0.013458084547412673,0.9865419154525873
0.04635158048803607,0.0011022045066132265,0.008841447233451,0.991158552766549
0.04635158048803607,0.0012024049072144288,0.8088358945257971,0.19116410547420298
0.04635158048803607,0.0013026053078156314,0.04533666797674765,0.9546633320232525
0.04635158048803607,0.0014028057084168337,0.05639006910652014,0.9436099308934799
0.04635158048803607,0.0015030061090180362,0.5199859411184621,0.48001405888153786
0.04635158048803607,0.0016032065096192386,0.1726914398072148,0.8273085601927854
0.04635158048803607,0.0017034069102204409,0.6489309405013823,0.3510690594986178
0.04635158048803607,0.0018036073108216434,0.4714881030730178,0.5285118969269822
0.04635158048803607,0.0019038077114228457,0.23865123466656657,0.7613487653334335
0.04635158048803607,0.0020040081120240483,0.5386155874641256,0.4613844125358744
0.04635158048803607,0.0021042085126252506,0.9253764494844616,0.07462355051553846
0.04635158048803607,0.002204408913226453,0.9581544586900057,0.041845541309994266
0.04635158048803607,0.0023046093138276553,0.6890992358763304,0.31090076412366957
0.04635158048803607,0.0024048097144288576,0.9904539843235816,0.00954601567641851
0.04635158048803607,0.0025050101150300604,0.9713497174885293,0.028650282511470747
0.04635158048803607,0.0026052105156312627,0.008503813724338425,0.9914961862756615
0.04635158048803607,0.002705410916232465,0.883643481122997,0.11635651887700313
0.04635158048803607,0.0028056113168336673,0.993187229911816,0.006812770088184071
0.04635158048803607,0.0029058117174348697,0.057762639959646415,0.9422373600403536
0.04635158048803607,0.0030060121180360724,0.9854286664257992,0.014571333574200786
0.04644936863231463,1e-10,0.0033811519601952868,0.9966188480398048
0.04644936863231463,0.0001002005006012024,0.004158390408047868,0.9958416095919521
0.04644936863231463,0.00020040090120240482,0.004553564046214851,0.9954464359537851
0.04644936863231463,0.0003006013018036072,0.007408980808202742,0.9925910191917973
0.04644936863231463,0.0004008017024048096,0.03135406410605358,0.9686459358939465
0.04644936863231463,0.0005010021030060121,0.12498051519792468,0.8750194848020754
0.04644936863231463,0.0006012025036072144,0.3301911293971003,0.6698088706028996
0.04644936863231463,0.0007014029042084169,0.0030484683368528272,0.9969515316631472
0.04644936863231463,0.0008016033048096193,0.023840625699668827,0.9761593743003312
0.04644936863231463,0.0009018037054108217,0.8531253241793546,0.14687467582064545
0.04644936863231463,0.0010020041060120242,0.14601433686879675,0.8539856631312034
0.04644936863231463,0.0011022045066132265,0.1141465960206661,0.885853403979334
0.04644936863231463,0.0012024049072144288,0.3585272656112481,0.641472734388752
0.04644936863231463,0.0013026053078156314,0.01893065502943788,0.9810693449705622
0.04644936863231463,0.0014028057084168337,0.03290847300963094,0.967091526990369
0.04644936863231463,0.0015030061090180362,0.00011752795266288833,0.9998824720473372
0.04644936863231463,0.0016032065096192386,0.3920300875318502,0.6079699124681499
0.04644936863231463,0.0017034069102204409,0.157492763950328,0.8425072360496721
0.04644936863231463,0.0018036073108216434,0.8428540741910773,0.15714592580892262
0.04644936863231463,0.0019038077114228457,0.8688205599972849,0.1311794400027151
0.04644936863231463,0.0020040081120240483,0.004440526895494829,0.9955594731045052
0.04644936863231463,0.0021042085126252506,0.006738536027272542,0.9932614639727273
0.04644936863231463,0.002204408913226453,0.25227393299002576,0.7477260670099742
0.04644936863231463,0.0023046093138276553,0.9526811837177844,0.047318816282215584
0.04644936863231463,0.0024048097144288576,0.9721657475525882,0.027834252447411792
0.04644936863231463,0.0025050101150300604,0.004127469247273854,0.9958725307527262
0.04644936863231463,0.0026052105156312627,0.9671805795238877,0.03281942047611238
0.04644936863231463,0.002705410916232465,0.9824471721062553,0.01755282789374474
0.04644936863231463,0.0028056113168336673,0.6441883240598902,0.3558116759401098
0.04644936863231463,0.0029058117174348697,0.7042660200631399,0.2957339799368601
0.04644936863231463,0.0030060121180360724,0.9936785199591743,0.0063214800408256415
0.046547156776593185,1e-10,0.00562751826582426,0.9943724817341757
0.046547156776593185,0.0001002005006012024,0.005416553149500395,0.9945834468504997
0.046547156776593185,0.00020040090120240482,0.011254185776963329,0.9887458142230365
0.046547156776593185,0.0003006013018036072,0.013983712239115233,0.9860162877608849
0.046547156776593185,0.0004008017024048096,0.00803000685899235,0.9919699931410076
0.046547156776593185,0.0005010021030060121,0.00647949850931681,0.9935205014906833
0.046547156776593185,0.0006012025036072144,0.18840676588446914,0.8115932341155307
0.046547156776593185,0.0007014029042084169,0.0018580458888790032,0.9981419541111208
0.046547156776593185,0.0008016033048096193,0.008473321822768139,0.9915266781772318
0.046547156776593185,0.0009018037054108217,0.03842383791208031,0.9615761620879195
0.046547156776593185,0.0010020041060120242,0.35194386861905325,0.6480561313809468
0.046547156776593185,0.0011022045066132265,0.008053930507705654,0.9919460694922944
0.046547156776593185,0.0012024049072144288,0.04103473822304913,0.9589652617769509
0.046547156776593185,0.0013026053078156314,0.03239391171064099,0.9676060882893591
0.046547156776593185,0.0014028057084168337,0.8786234392999215,0.12137656070007863
0.046547156776593185,0.0015030061090180362,0.010456378117573939,0.9895436218824261
0.046547156776593185,0.0016032065096192386,0.3778126019814849,0.6221873980185151
0.046547156776593185,0.0017034069102204409,0.8986440619686189,0.10135593803138113
0.046547156776593185,0.0018036073108216434,0.3066667304339488,0.6933332695660512
0.046547156776593185,0.0019038077114228457,0.9896081329246916,0.010391867075308425
0.046547156776593185,0.0020040081120240483,0.047045474072279166,0.9529545259277208
0.046547156776593185,0.0021042085126252506,0.05742706147198428,0.9425729385280157
0.046547156776593185,0.002204408913226453,0.9704434578274316,0.02955654217256843
0.046547156776593185,0.0023046093138276553,0.9332090762183405,0.06679092378165953
0.046547156776593185,0.0024048097144288576,0.9904555271946955,0.009544472805304538
0.046547156776593185,0.0025050101150300604,0.9709016655404739,0.029098334459526077
0.046547156776593185,0.0026052105156312627,0.9814511552334417,0.01854884476655827
0.046547156776593185,0.002705410916232465,0.990345150545646,0.00965484945435404
0.046547156776593185,0.0028056113168336673,0.9922136750893922,0.00778632491060795
0.046547156776593185,0.0029058117174348697,0.9787523837934144,0.021247616206585617
0.046547156776593185,0.0030060121180360724,0.1475036045621785,0.8524963954378215
0.04664494492087174,1e-10,0.009359076641512176,0.9906409233584879
0.04664494492087174,0.0001002005006012024,0.006182544015138184,0.9938174559848618
0.04664494492087174,0.00020040090120240482,0.005320184528976719,0.9946798154710232
0.04664494492087174,0.0003006013018036072,0.04843565591920607,0.951564344080794
0.04664494492087174,0.0004008017024048096,0.027125059395276065,0.972874940604724
0.04664494492087174,0.0005010021030060121,0.313321756828291,0.686678243171709
0.04664494492087174,0.0006012025036072144,0.09447213981534469,0.9055278601846553
0.04664494492087174,0.0007014029042084169,0.04763713382112135,0.9523628661788788
0.04664494492087174,0.0008016033048096193,0.02229025770658858,0.9777097422934115
0.04664494492087174,0.0009018037054108217,0.10401856911232564,0.8959814308876745
0.04664494492087174,0.0010020041060120242,0.22994718866012137,0.7700528113398786
0.04664494492087174,0.0011022045066132265,0.8334181926444872,0.16658180735551276
0.04664494492087174,0.0012024049072144288,0.9846326333851282,0.015367366614871779
0.04664494492087174,0.0013026053078156314,0.07093196408653644,0.9290680359134635
0.04664494492087174,0.0014028057084168337,0.9027804435053227,0.09721955649467734
0.04664494492087174,0.0015030061090180362,0.09280551777078132,0.9071944822292187
0.04664494492087174,0.0016032065096192386,0.2446388223035305,0.7553611776964694
0.04664494492087174,0.0017034069102204409,0.6784476535608415,0.32155234643915837
0.04664494492087174,0.0018036073108216434,0.9944865587962061,0.0055134412037939826
0.04664494492087174,0.0019038077114228457,0.9219872569242796,0.07801274307572034
0.04664494492087174,0.0020040081120240483,0.006740390888599311,0.9932596091114008
0.04664494492087174,0.0021042085126252506,0.0006391936301682506,0.9993608063698316
0.04664494492087174,0.002204408913226453,0.9807258123181319,0.01927418768186811
0.04664494492087174,0.0023046093138276553,0.9979390425583052,0.002060957441694754
0.04664494492087174,0.0024048097144288576,0.8816290084975672,0.11837099150243287
0.04664494492087174,0.0025050101150300604,0.9346153483424742,0.06538465165752584
0.04664494492087174,0.0026052105156312627,0.9983588456119202,0.001641154388079807
0.04664494492087174,0.002705410916232465,0.9882278140433917,0.011772185956608321
0.04664494492087174,0.0028056113168336673,0.9852122930877436,0.014787706912256351
0.04664494492087174,0.0029058117174348697,0.9275771432685516,0.07242285673144838
0.04664494492087174,0.0030060121180360724,0.9856760972950398,0.014323902704960144
0.0467427330651503,1e-10,0.01551352451824123,0.9844864754817586
0.0467427330651503,0.0001002005006012024,0.04270224825191482,0.9572977517480853
0.0467427330651503,0.00020040090120240482,0.012736439471816767,0.9872635605281833
0.0467427330651503,0.0003006013018036072,0.01777885595882834,0.9822211440411717
0.0467427330651503,0.0004008017024048096,0.4840381565812275,0.5159618434187725
0.0467427330651503,0.0005010021030060121,0.04600306454324757,0.9539969354567525
0.0467427330651503,0.0006012025036072144,0.06008515737086573,0.9399148426291344
0.0467427330651503,0.0007014029042084169,0.018923840821535972,0.981076159178464
0.0467427330651503,0.0008016033048096193,0.004788468741629304,0.9952115312583708
0.0467427330651503,0.0009018037054108217,0.49343752677430197,0.5065624732256981
0.0467427330651503,0.0010020041060120242,0.003747126644117241,0.9962528733558829
0.0467427330651503,0.0011022045066132265,0.007727559829227169,0.9922724401707729
0.0467427330651503,0.0012024049072144288,0.529382545088887,0.47061745491111295
0.0467427330651503,0.0013026053078156314,0.9284169224211243,0.07158307757887572
0.0467427330651503,0.0014028057084168337,0.1182824037351825,0.8817175962648175
0.0467427330651503,0.0015030061090180362,0.9875981883654816,0.012401811634518381
0.0467427330651503,0.0016032065096192386,0.8093442045169842,0.19065579548301584
0.0467427330651503,0.0017034069102204409,0.7761745560786897,0.2238254439213103
0.0467427330651503,0.0018036073108216434,0.6021238981081038,0.3978761018918961
0.0467427330651503,0.0019038077114228457,0.9747791005523408,0.025220899447659213
0.0467427330651503,0.0020040081120240483,0.9371923839467651,0.06280761605323508
0.0467427330651503,0.0021042085126252506,0.9245700180251926,0.07542998197480748
0.0467427330651503,0.002204408913226453,0.9996131356245488,0.0003868643754512428
0.0467427330651503,0.0023046093138276553,0.9849197502610801,0.015080249738919896
0.0467427330651503,0.0024048097144288576,0.7732319231984142,0.2267680768015859
0.0467427330651503,0.0025050101150300604,0.9960734929128976,0.0039265070871024625
0.0467427330651503,0.0026052105156312627,0.02465027041326114,0.9753497295867388
0.0467427330651503,0.002705410916232465,0.998305336486292,0.0016946635137080252
0.0467427330651503,0.0028056113168336673,0.9970916162568504,0.0029083837431495866
0.0467427330651503,0.0029058117174348697,0.9773937972617539,0.022606202738246175
0.0467427330651503,0.0030060121180360724,0.9999997032217371,2.967782628937455e-07
0.0467427330651503,0.0031062125186372747,0.9799633574924982,0.020036642507501763
0.04684052120942886,1e-10,0.02561246672171239,0.9743875332782876
0.04684052120942886,0.0001002005006012024,0.06727781851017338,0.9327221814898267
0.04684052120942886,0.00020040090120240482,0.05796247960717187,0.9420375203928282
0.04684052120942886,0.0003006013018036072,0.22585220907348688,0.7741477909265131
0.04684052120942886,0.0004008017024048096,0.4492820590122836,0.5507179409877165
0.04684052120942886,0.0005010021030060121,0.15665820725506022,0.8433417927449398
0.04684052120942886,0.0006012025036072144,0.30937284091110745,0.6906271590888926
0.04684052120942886,0.0007014029042084169,0.8629287888454732,0.1370712111545268
0.04684052120942886,0.0008016033048096193,0.1367678218206658,0.8632321781793342
0.04684052120942886,0.0009018037054108217,0.28972987676641127,0.7102701232335887
0.04684052120942886,0.0010020041060120242,0.0287368570043447,0.9712631429956553
0.04684052120942886,0.0011022045066132265,0.519390828220443,0.4806091717795569
0.04684052120942886,0.0012024049072144288,0.3250838288268122,0.6749161711731878
0.04684052120942886,0.0013026053078156314,0.39735626253048534,0.6026437374695146
0.04684052120942886,0.0014028057084168337,0.024896316842645923,0.9751036831573541
0.04684052120942886,0.0015030061090180362,0.9660737251527973,0.033926274847202884
0.04684052120942886,0.0016032065096192386,0.13240505293999977,0.8675949470600003
0.04684052120942886,0.0017034069102204409,0.6636985274962592,0.3363014725037409
0.04684052120942886,0.0018036073108216434,0.9981891848986175,0.0018108151013825017
0.04684052120942886,0.0019038077114228457,0.9586352430802885,0.041364756919711525
0.04684052120942886,0.0020040081120240483,0.8022015369244262,0.1977984630755738
0.04684052120942886,0.0021042085126252506,0.010677855269653916,0.9893221447303461
0.04684052120942886,0.002204408913226453,0.7208098056998049,0.2791901943001951
0.04684052120942886,0.0023046093138276553,0.3466927651785212,0.6533072348214788
0.04684052120942886,0.0024048097144288576,0.9946250574631346,0.005374942536865463
0.04684052120942886,0.0025050101150300604,0.8335038837425108,0.16649611625748917
0.04684052120942886,0.0026052105156312627,0.9992915623493743,0.0007084376506256825
0.04684052120942886,0.002705410916232465,0.9360082473576914,0.06399175264230857
0.04684052120942886,0.0028056113168336673,0.003412670028382637,0.9965873299716174
0.04684052120942886,0.0029058117174348697,0.9994531678635176,0.0005468321364825794
0.04684052120942886,0.0030060121180360724,0.999619333551887,0.0003806664481129943
0.04684052120942886,0.0031062125186372747,0.9997945511852186,0.00020544881478134125
0.046938309353707415,1e-10,0.04203043974930388,0.9579695602506961
0.046938309353707415,0.0001002005006012024,0.09371604455909474,0.9062839554409052
0.046938309353707415,0.00020040090120240482,0.06073503370713008,0.93926496629287
0.046938309353707415,0.0003006013018036072,0.40082555124526853,0.5991744487547315
0.046938309353707415,0.0004008017024048096,0.16625680825877917,0.8337431917412208
0.046938309353707415,0.0005010021030060121,0.04924559315814529,0.9507544068418547
0.046938309353707415,0.0006012025036072144,0.3661376374028046,0.6338623625971954
0.046938309353707415,0.0007014029042084169,0.06454228367400308,0.935457716325997
0.046938309353707415,0.0008016033048096193,0.46220644379825404,0.537793556201746
0.046938309353707415,0.0009018037054108217,0.1350823900508491,0.8649176099491509
0.046938309353707415,0.0010020041060120242,0.057039531225731445,0.9429604687742685
0.046938309353707415,0.0011022045066132265,0.332095365968189,0.667904634031811
0.046938309353707415,0.0012024049072144288,0.9923964987994439,0.0076035012005561545
0.046938309353707415,0.0013026053078156314,0.002746435214641604,0.9972535647853584
0.046938309353707415,0.0014028057084168337,0.9449982344711784,0.05500176552882157
0.046938309353707415,0.0015030061090180362,0.6496264378780848,0.35037356212191534
0.046938309353707415,0.0016032065096192386,0.5928329756372349,0.40716702436276503
0.046938309353707415,0.0017034069102204409,0.7765689036227024,0.22343109637729766
0.046938309353707415,0.0018036073108216434,0.9919685189324748,0.008031481067525223
0.046938309353707415,0.0019038077114228457,0.7154668703729189,0.28453312962708105
0.046938309353707415,0.0020040081120240483,0.7918353337899755,0.2081646662100245
0.046938309353707415,0.0021042085126252506,0.5720091769232668,0.4279908230767332
0.046938309353707415,0.002204408913226453,0.946445664979844,0.05355433502015608
0.046938309353707415,0.0023046093138276553,0.472988307644567,0.5270116923554331
0.046938309353707415,0.0024048097144288576,0.9831536923975932,0.016846307602406792
0.046938309353707415,0.0025050101150300604,0.9989842476487559,0.001015752351244138
0.046938309353707415,0.0026052105156312627,0.9991431791731731,0.000856820826826867
0.046938309353707415,0.002705410916232465,0.9990688949550669,0.0009311050449330873
0.046938309353707415,0.0028056113168336673,0.8444580560398791,0.1555419439601211
0.046938309353707415,0.0029058117174348697,0.9611154931863652,0.03888450681363483
0.046938309353707415,0.0030060121180360724,0.9999763831095703,2.3616890429667847e-05
0.046938309353707415,0.0031062125186372747,0.9901411322658613,0.009858867734138787
0.04703609749798597,1e-10,0.06825490599104093,0.931745094008959
0.04703609749798597,0.0001002005006012024,0.14704874094476073,0.8529512590552393
0.04703609749798597,0.00020040090120240482,0.03411220335993382,0.9658877966400662
0.04703609749798597,0.0003006013018036072,0.2456034849451606,0.7543965150548395
0.04703609749798597,0.0004008017024048096,0.21957300882374933,0.7804269911762507
0.04703609749798597,0.0005010021030060121,0.14860211565698045,0.8513978843430197
0.04703609749798597,0.0006012025036072144,0.29699224390285806,0.7030077560971421
0.04703609749798597,0.0007014029042084169,0.6228368476146342,0.3771631523853658
0.04703609749798597,0.0008016033048096193,0.9616697340539783,0.0383302659460219
0.04703609749798597,0.0009018037054108217,0.5277886212123836,0.47221137878761643
0.04703609749798597,0.0010020041060120242,0.09330222478173761,0.9066977752182623
0.04703609749798597,0.0011022045066132265,0.28103735907266325,0.7189626409273367
0.04703609749798597,0.0012024049072144288,0.10119831912282386,0.8988016808771763
0.04703609749798597,0.0013026053078156314,0.12308956500086504,0.876910434999135
0.04703609749798597,0.0014028057084168337,0.6882667355869989,0.3117332644130011
0.04703609749798597,0.0015030061090180362,0.9254161157420187,0.07458388425798138
0.04703609749798597,0.0016032065096192386,0.8082316377425147,0.19176836225748536
0.04703609749798597,0.0017034069102204409,0.8251464701876681,0.174853529812332
0.04703609749798597,0.0018036073108216434,0.9726175625368878,0.027382437463112193
0.04703609749798597,0.0019038077114228457,0.9869952003827691,0.01300479961723097
0.04703609749798597,0.0020040081120240483,0.9890013426675083,0.010998657332491855
0.04703609749798597,0.0021042085126252506,0.9691628000146657,0.03083719998533429
0.04703609749798597,0.002204408913226453,0.9382340897951755,0.06176591020482455
0.04703609749798597,0.0023046093138276553,0.9989563435436605,0.0010436564563395185
0.04703609749798597,0.0024048097144288576,0.9806433222437798,0.019356677756220363
0.04703609749798597,0.0025050101150300604,0.9999892440739594,1.075592604063975e-05
0.04703609749798597,0.0026052105156312627,0.996332236427466,0.0036677635725339843
0.04703609749798597,0.002705410916232465,0.9996788793197394,0.0003211206802605319
0.04703609749798597,0.0028056113168336673,0.9999956943108492,4.305689150813574e-06
0.04703609749798597,0.0029058117174348697,0.9966658408667203,0.003334159133279655
0.04703609749798597,0.0030060121180360724,0.9981428655813023,0.0018571344186976426
0.04703609749798597,0.0031062125186372747,0.996269146526761,0.0037308534732390106
0.04713388564226453,1e-10,0.1089694326627112,0.8910305673372888
0.04713388564226453,0.0001002005006012024,0.08786934010064631,0.9121306598993537
0.04713388564226453,0.00020040090120240482,0.048453605728585265,0.9515463942714147
0.04713388564226453,0.0003006013018036072,0.4765062816647638,0.5234937183352363
0.04713388564226453,0.0004008017024048096,0.7846196102085747,0.21538038979142518
0.04713388564226453,0.0005010021030060121,0.21205844499313678,0.7879415550068634
0.04713388564226453,0.0006012025036072144,0.6325879715199499,0.3674120284800501
0.04713388564226453,0.0007014029042084169,0.7686426301180862,0.2313573698819137
0.04713388564226453,0.0008016033048096193,0.7244573447404149,0.27554265525958516
0.04713388564226453,0.0009018037054108217,0.9794269378919552,0.020573062108044757
0.04713388564226453,0.0010020041060120242,0.9133230050100531,0.08667699498994691
0.04713388564226453,0.0011022045066132265,0.05967271595910971,0.9403272840408903
0.04713388564226453,0.0012024049072144288,0.9133312789407128,0.08666872105928725
0.04713388564226453,0.0013026053078156314,0.13016624640150107,0.869833753598499
0.04713388564226453,0.0014028057084168337,0.3114043116734537,0.6885956883265463
0.04713388564226453,0.0015030061090180362,0.7487210651403011,0.25127893485969893
0.04713388564226453,0.0016032065096192386,0.9836328219287297,0.01636717807127039
0.04713388564226453,0.0017034069102204409,0.9998773023057654,0.00012269769423454874
0.04713388564226453,0.0018036073108216434,0.9210174285058182,0.07898257149418175
0.04713388564226453,0.0019038077114228457,0.9984335685555181,0.0015664314444819674
0.04713388564226453,0.0020040081120240483,0.9663810520317466,0.033618947968253446
0.04713388564226453,0.0021042085126252506,0.9826481935664895,0.01735180643351066
0.04713388564226453,0.002204408913226453,0.3901809022118613,0.6098190977881388
0.04713388564226453,0.0023046093138276553,0.9639482234112315,0.036051776588768514
0.04713388564226453,0.0024048097144288576,0.9978790725153361,0.0021209274846638922
0.04713388564226453,0.0025050101150300604,0.9999335365116557,6.646348834428738e-05
0.04713388564226453,0.0026052105156312627,0.999248362369967,0.0007516376300328695
0.04713388564226453,0.002705410916232465,0.9945477324727798,0.005452267527220114
0.04713388564226453,0.0028056113168336673,0.9889648720636286,0.011035127936371377
0.04713388564226453,0.0029058117174348697,0.9993432656837384,0.0006567343162616228
0.04713388564226453,0.0030060121180360724,0.9991389159791286,0.0008610840208713766
0.04713388564226453,0.0031062125186372747,0.9707308479051822,0.02926915209481792
0.04723167378654309,1e-10,0.16974115617149593,0.8302588438285039
0.04723167378654309,0.0001002005006012024,0.12437476462913456,0.8756252353708656
0.04723167378654309,0.00020040090120240482,0.5189309283443976,0.48106907165560236
0.04723167378654309,0.0003006013018036072,0.368696281168633,0.631303718831367
0.04723167378654309,0.0004008017024048096,0.588290342195772,0.41170965780422797
0.04723167378654309,0.0005010021030060121,0.17043554333545297,0.829564456664547
0.04723167378654309,0.0006012025036072144,0.5982125400563243,0.4017874599436758
0.04723167378654309,0.0007014029042084169,0.7823705639195783,0.21762943608042173
0.04723167378654309,0.0008016033048096193,0.44147521614804847,0.5585247838519515
0.04723167378654309,0.0009018037054108217,0.40330452990237,0.59669547009763
0.04723167378654309,0.0010020041060120242,0.04546380085547122,0.9545361991445289
0.04723167378654309,0.0011022045066132265,0.9399289038334826,0.06007109616651732
0.04723167378654309,0.0012024049072144288,0.9827934705893762,0.017206529410623957
0.04723167378654309,0.0013026053078156314,0.9401685216098323,0.059831478390167774
0.04723167378654309,0.0014028057084168337,0.9491060855232993,0.050893914476700726
0.04723167378654309,0.0015030061090180362,0.35662706093317376,0.6433729390668262
0.04723167378654309,0.0016032065096192386,0.9733925034865705,0.0266074965134295
0.04723167378654309,0.0017034069102204409,0.9963493464624309,0.0036506535375691695
0.04723167378654309,0.0018036073108216434,0.9963055973114988,0.0036944026885011834
0.04723167378654309,0.0019038077114228457,0.8352862691537286,0.1647137308462713
0.04723167378654309,0.0020040081120240483,0.9985956856229277,0.0014043143770724699
0.04723167378654309,0.0021042085126252506,0.5005966723149606,0.49940332768503937
0.04723167378654309,0.002204408913226453,0.9999504054765109,4.9594523489009004e-05
0.04723167378654309,0.0023046093138276553,0.7995392037872295,0.20046079621277052
0.04723167378654309,0.0024048097144288576,0.48930441747674336,0.5106955825232566
0.04723167378654309,0.0025050101150300604,0.9999343221031842,6.567789681576709e-05
0.04723167378654309,0.0026052105156312627,0.9997724276093938,0.00022757239060618406
0.04723167378654309,0.002705410916232465,0.9694428326364505,0.030557167363549617
0.04723167378654309,0.0028056113168336673,0.9926841161926914,0.007315883807308783
0.04723167378654309,0.0029058117174348697,0.9998775666390495,0.00012243336095053278
0.04723167378654309,0.0030060121180360724,0.998056878750984,0.0019431212490159263
0.04723167378654309,0.0031062125186372747,0.9999971258822682,2.874117731806956e-06
0.047329461930821645,1e-10,0.2544599049139838,0.7455400950860163
0.047329461930821645,0.0001002005006012024,0.314192527013248,0.685807472986752
0.047329461930821645,0.00020040090120240482,0.6601746300843182,0.3398253699156818
0.047329461930821645,0.0003006013018036072,0.12865189531823928,0.8713481046817607
0.047329461930821645,0.0004008017024048096,0.31378126916849347,0.6862187308315065
0.047329461930821645,0.0005010021030060121,0.15180648246282671,0.8481935175371733
0.047329461930821645,0.0006012025036072144,0.3706210732582247,0.6293789267417752
0.047329461930821645,0.0007014029042084169,0.7700642403910118,0.22993575960898816
0.047329461930821645,0.0008016033048096193,0.996474749313488,0.0035252506865119503
0.047329461930821645,0.0009018037054108217,0.694045958188819,0.3059540418111811
0.047329461930821645,0.0010020041060120242,0.9520478443628035,0.047952155637196486
0.047329461930821645,0.0011022045066132265,0.9799785335824377,0.02002146641756228
0.047329461930821645,0.0012024049072144288,0.7161137947887284,0.2838862052112717
0.047329461930821645,0.0013026053078156314,0.6377801773361644,0.36221982266383573
0.047329461930821645,0.0014028057084168337,0.7429806224587197,0.2570193775412805
0.047329461930821645,0.0015030061090180362,0.9972770055207295,0.0027229944792704574
0.047329461930821645,0.0016032065096192386,0.1170584911025678,0.8829415088974323
0.047329461930821645,0.0017034069102204409,0.7648963434027716,0.2351036565972285
0.047329461930821645,0.0018036073108216434,0.9890031767137645,0.010996823286235604
0.047329461930821645,0.0019038077114228457,0.9859131158234817,0.014086884176518134
0.047329461930821645,0.0020040081120240483,0.7263782524389111,0.2736217475610888
0.047329461930821645,0.0021042085126252506,0.99989396381875,0.00010603618125007749
0.047329461930821645,0.002204408913226453,0.8931494078193444,0.10685059218065569
0.047329461930821645,0.0023046093138276553,0.9859535381174221,0.014046461882577898
0.047329461930821645,0.0024048097144288576,0.9996378941706857,0.0003621058293143451
0.047329461930821645,0.0025050101150300604,0.8773746220742625,0.12262537792573747
0.047329461930821645,0.0026052105156312627,0.9999392682149867,6.0731785013297786e-05
0.047329461930821645,0.002705410916232465,0.9998489018550278,0.00015109814497215733
0.047329461930821645,0.0028056113168336673,0.4202218649373892,0.5797781350626108
0.047329461930821645,0.0029058117174348697,0.9994563182538692,0.0005436817461309144
0.047329461930821645,0.0030060121180360724,0.9999780974995109,2.190250048912531e-05
0.047329461930821645,0.0031062125186372747,0.9999850093031774,1.4990696822774521e-05
0.0474272500751002,1e-10,0.3627147273516479,0.6372852726483522
0.0474272500751002,0.0001002005006012024,0.5985609986945007,0.40143900130549925
0.0474272500751002,0.00020040090120240482,0.6009105377799477,0.3990894622200523
0.0474272500751002,0.0003006013018036072,0.1459205611852608,0.8540794388147392
0.0474272500751002,0.0004008017024048096,0.578060030312489,0.4219399696875111
0.0474272500751002,0.0005010021030060121,0.3811334236933136,0.6188665763066864
0.0474272500751002,0.0006012025036072144,0.788168786883566,0.21183121311643396
0.0474272500751002,0.0007014029042084169,0.7039819284476014,0.29601807155239857
0.0474272500751002,0.0008016033048096193,0.7752648671220994,0.22473513287790053
0.0474272500751002,0.0009018037054108217,0.13648694018468377,0.8635130598153162
0.0474272500751002,0.0010020041060120242,0.9966817406281491,0.0033182593718509784
0.0474272500751002,0.0011022045066132265,0.9712222782509141,0.02877772174908594
0.0474272500751002,0.0012024049072144288,0.3294205458216356,0.6705794541783643
0.0474272500751002,0.0013026053078156314,0.9259287176237094,0.07407128237629071
0.0474272500751002,0.0014028057084168337,0.9970316419432802,0.0029683580567197872
0.0474272500751002,0.0015030061090180362,0.316519359777925,0.683480640222075
0.0474272500751002,0.0016032065096192386,0.9999906614122246,9.338587775342864e-06
0.0474272500751002,0.0017034069102204409,0.8851726127609717,0.11482738723902833
0.0474272500751002,0.0018036073108216434,0.9854652537945814,0.014534746205418734
0.0474272500751002,0.0019038077114228457,0.9381983444020643,0.06180165559793554
0.0474272500751002,0.0020040081120240483,0.9928418367533186,0.007158163246681476
0.0474272500751002,0.0021042085126252506,0.998861473286579,0.0011385267134209325
0.0474272500751002,0.002204408913226453,0.999366602120105,0.000633397879895011
0.0474272500751002,0.0023046093138276553,0.999886804353916,0.0001131956460842123
0.0474272500751002,0.0024048097144288576,0.9879645731039368,0.012035426896063177
0.0474272500751002,0.0025050101150300604,0.055404481960524554,0.9445955180394755
0.0474272500751002,0.0026052105156312627,0.04764528401107957,0.9523547159889204
0.0474272500751002,0.002705410916232465,0.999992812784503,7.187215497011903e-06
0.0474272500751002,0.0028056113168336673,0.9999966696671247,3.330332875272672e-06
0.0474272500751002,0.0029058117174348697,0.9982906126834605,0.0017093873165394857
0.0474272500751002,0.0030060121180360724,0.9969958224148393,0.0030041775851606077
0.0474272500751002,0.0031062125186372747,0.6211140939921032,0.37888590600789684
0.04752503821937876,1e-10,0.48732395729378086,0.5126760427062191
0.04752503821937876,0.0001002005006012024,0.7355870482259677,0.2644129517740324
0.04752503821937876,0.00020040090120240482,0.9697937078607994,0.03020629213920075
0.04752503821937876,0.0003006013018036072,0.24616396349218786,0.7538360365078123
0.04752503821937876,0.0004008017024048096,0.873555006985904,0.12644499301409592
0.04752503821937876,0.0005010021030060121,0.8342436131576019,0.16575638684239813
0.04752503821937876,0.0006012025036072144,0.9327554984212955,0.06724450157870457
0.04752503821937876,0.0007014029042084169,0.8801913835874919,0.11980861641250809
0.04752503821937876,0.0008016033048096193,0.9949200597590813,0.005079940240918851
0.04752503821937876,0.0009018037054108217,0.9994350741427163,0.0005649258572837784
0.04752503821937876,0.0010020041060120242,0.9408551188029101,0.05914488119708994
0.04752503821937876,0.0011022045066132265,0.9934013587130952,0.0065986412869047835
0.04752503821937876,0.0012024049072144288,0.9908528685090879,0.009147131490911934
0.04752503821937876,0.0013026053078156314,0.9936837467571956,0.006316253242804382
0.04752503821937876,0.0014028057084168337,0.9890152250212757,0.010984774978724278
0.04752503821937876,0.0015030061090180362,0.9742244656238501,0.02577553437614985
0.04752503821937876,0.0016032065096192386,0.9997859272562288,0.00021407274377112335
0.04752503821937876,0.0017034069102204409,0.9982211786474338,0.001778821352566267
0.04752503821937876,0.0018036073108216434,0.9354884216845023,0.06451157831549767
0.04752503821937876,0.0019038077114228457,0.9997939931468608,0.00020600685313931316
0.04752503821937876,0.0020040081120240483,0.9991361460455499,0.0008638539544501436
0.04752503821937876,0.0021042085126252506,0.8986955076629735,0.10130449233702638
0.04752503821937876,0.002204408913226453,0.9881181307336467,0.011881869266353283
0.04752503821937876,0.0023046093138276553,0.9989989863236101,0.0010010136763897522
0.04752503821937876,0.0024048097144288576,0.9939832263405214,0.006016773659478705
0.04752503821937876,0.0025050101150300604,0.9999182536293669,8.174637063309805e-05
0.04752503821937876,0.0026052105156312627,0.9999997486861391,2.513138609500545e-07
0.04752503821937876,0.002705410916232465,0.9999438869665811,5.611303341894091e-05
0.04752503821937876,0.0028056113168336673,0.999975885552472,2.411444752793786e-05
0.04752503821937876,0.0029058117174348697,0.9999182840399531,8.171596004689391e-05
0.04752503821937876,0.0030060121180360724,0.9931349752029408,0.006865024797059228
0.04752503821937876,0.0031062125186372747,0.9999021802276922,9.78197723078617e-05
0.04762282636365731,1e-10,0.6136954532383331,0.3863045467616669
0.04762282636365731,0.0001002005006012024,0.8215697125226601,0.1784302874773399
0.04762282636365731,0.00020040090120240482,0.6113373813909754,0.38866261860902457
0.04762282636365731,0.0003006013018036072,0.5988240322908391,0.401175967709161
0.04762282636365731,0.0004008017024048096,0.35695571301862705,0.6430442869813728
0.04762282636365731,0.0005010021030060121,0.7988239556442553,0.2011760443557447
0.04762282636365731,0.0006012025036072144,0.8541411264009466,0.1458588735990534
0.04762282636365731,0.0007014029042084169,0.8966616778232348,0.1033383221767652
0.04762282636365731,0.0008016033048096193,0.5870063334939326,0.41299366650606745
0.04762282636365731,0.0009018037054108217,0.859596955618672,0.14040304438132797
0.04762282636365731,0.0010020041060120242,0.10564030478634044,0.8943596952136595
0.04762282636365731,0.0011022045066132265,0.8052214653014012,0.19477853469859882
0.04762282636365731,0.0012024049072144288,0.9962636211925127,0.003736378807487413
0.04762282636365731,0.0013026053078156314,0.6483681132337908,0.35163188676620916
0.04762282636365731,0.0014028057084168337,0.9999738506785706,2.614932142959696e-05
0.04762282636365731,0.0015030061090180362,0.8751382032924941,0.12486179670750591
0.04762282636365731,0.0016032065096192386,0.9479496063064923,0.05205039369350775
0.04762282636365731,0.0017034069102204409,0.9938396540906321,0.0061603459093679406
0.04762282636365731,0.0018036073108216434,0.9996626116709599,0.00033738832904009415
0.04762282636365731,0.0019038077114228457,0.9947798608244386,0.0052201391755614425
0.04762282636365731,0.0020040081120240483,0.9887142226446829,0.011285777355317175
0.04762282636365731,0.0021042085126252506,0.9999976467753227,2.3532246774075133e-06
0.04762282636365731,0.002204408913226453,0.9999227567806575,7.724321934268706e-05
0.04762282636365731,0.0023046093138276553,0.9997380539599117,0.00026194604008833943
0.04762282636365731,0.0024048097144288576,0.9999877650872823,1.2234912717804512e-05
0.04762282636365731,0.0025050101150300604,0.9999722140567653,2.778594323474156e-05
0.04762282636365731,0.0026052105156312627,0.9976903135887576,0.0023096864112424793
0.04762282636365731,0.002705410916232465,0.9999362245892878,6.377541071238468e-05
0.04762282636365731,0.0028056113168336673,0.9999982560018001,1.7439982000053033e-06
0.04762282636365731,0.0029058117174348697,0.999795989291559,0.00020401070844111536
0.04762282636365731,0.0030060121180360724,0.9999941434388604,5.856561139587615e-06
0.04762282636365731,0.0031062125186372747,0.9999943699010305,5.630098969449104e-06
0.047720614507935875,1e-10,0.7260536552031545,0.27394634479684554
0.047720614507935875,0.0001002005006012024,0.7076612279432919,0.292338772056708
0.047720614507935875,0.00020040090120240482,0.7900396886226444,0.2099603113773557
0.047720614507935875,0.0003006013018036072,0.8911439997380477,0.10885600026195227
0.047720614507935875,0.0004008017024048096,0.5720382181310968,0.42796178186890305
0.047720614507935875,0.0005010021030060121,0.9746604305025871,0.02533956949741284
0.047720614507935875,0.0006012025036072144,0.5221080931535458,0.47789190684645433
0.047720614507935875,0.0007014029042084169,0.9665526412138645,0.033447358786135535
0.047720614507935875,0.0008016033048096193,0.9937627740679581,0.006237225932041741
0.047720614507935875,0.0009018037054108217,0.9817678691528363,0.018232130847163765
0.047720614507935875,0.0010020041060120242,0.992234972509289,0.0077650274907108945
0.047720614507935875,0.0011022045066132265,0.996584744300582,0.0034152556994181205
0.047720614507935875,0.0012024049072144288,0.6260860862966273,0.37391391370337274
0.047720614507935875,0.0013026053078156314,0.9980771458246367,0.0019228541753632904
0.047720614507935875,0.0014028057084168337,0.9998575208555551,0.00014247914444487434
0.047720614507935875,0.0015030061090180362,0.8553806218812732,0.1446193781187268
0.047720614507935875,0.0016032065096192386,0.7549909495123376,0.24500905048766247
0.047720614507935875,0.0017034069102204409,0.8934977627553198,0.10650223724468023
0.047720614507935875,0.0018036073108216434,0.9984819113361234,0.0015180886638766144
0.047720614507935875,0.0019038077114228457,0.9840301273359525,0.015969872664047532
0.047720614507935875,0.0020040081120240483,0.6088166852108334,0.3911833147891665
0.047720614507935875,0.0021042085126252506,0.9765032551763091,0.023496744823690987
0.047720614507935875,0.002204408913226453,0.9998427848932745,0.00015721510672546854
0.047720614507935875,0.0023046093138276553,0.9998572611244839,0.0001427388755160699
0.047720614507935875,0.0024048097144288576,0.7208639802442093,0.27913601975579067
0.047720614507935875,0.0025050101150300604,0.9997837613671308,0.00021623863286921604
0.047720614507935875,0.0026052105156312627,0.9999718645516795,2.8135448320490064e-05
0.047720614507935875,0.002705410916232465,0.9999680788007728,3.192119922721857e-05
0.047720614507935875,0.0028056113168336673,0.9998469689892298,0.00015303101077034054
0.047720614507935875,0.0029058117174348697,0.9996054744776325,0.0003945255223675061
0.047720614507935875,0.0030060121180360724,0.9993469063625635,0.0006530936374365455
0.047720614507935875,0.0031062125186372747,0.9999916797968008,8.32020319921234e-06
0.04781840265221443,1e-10,0.8156775170912931,0.18432248290870695
0.04781840265221443,0.0001002005006012024,0.7861930097881358,0.21380699021186425
0.04781840265221443,0.00020040090120240482,0.8326798685782746,0.16732013142172553
0.04781840265221443,0.0003006013018036072,0.9768647076435227,0.023135292356477172
0.04781840265221443,0.0004008017024048096,0.9960992764914904,0.0039007235085096272
0.04781840265221443,0.0005010021030060121,0.970658787129238,0.02934121287076203
0.04781840265221443,0.0006012025036072144,0.6906848206548947,0.30931517934510533
0.04781840265221443,0.0007014029042084169,0.9843974871869333,0.015602512813066693
0.04781840265221443,0.0008016033048096193,0.981566150697653,0.018433849302347084
0.04781840265221443,0.0009018037054108217,0.9812346041959885,0.0187653958040115
0.04781840265221443,0.0010020041060120242,0.8344918969452131,0.16550810305478697
0.04781840265221443,0.0011022045066132265,0.8952207224161932,0.10477927758380667
0.04781840265221443,0.0012024049072144288,0.9551001927273234,0.04489980727267662
0.04781840265221443,0.0013026053078156314,0.5482133756420126,0.45178662435798744
0.04781840265221443,0.0014028057084168337,0.9284750162716959,0.0715249837283041
0.04781840265221443,0.0015030061090180362,0.9997785731323663,0.00022142686763374373
0.04781840265221443,0.0016032065096192386,0.9998900870720987,0.00010991292790147193
0.04781840265221443,0.0017034069102204409,0.9999921278894082,7.872110591773127e-06
0.04781840265221443,0.0018036073108216434,0.9999988798932241,1.1201067758518807e-06
0.04781840265221443,0.0019038077114228457,0.9999763727499797,2.362725002022484e-05
0.04781840265221443,0.0020040081120240483,0.9997630212296396,0.00023697877036038878
0.04781840265221443,0.0021042085126252506,0.9999836863785722,1.6313621427854238e-05
0.04781840265221443,0.002204408913226453,0.9996617482584329,0.0003382517415672047
0.04781840265221443,0.0023046093138276553,0.9998786734383589,0.0001213265616412475
0.04781840265221443,0.0024048097144288576,0.999996089882726,3.910117274070128e-06
0.04781840265221443,0.0025050101150300604,0.9999605680190764,3.9431980923549455e-05
0.04781840265221443,0.0026052105156312627,0.9999997491029635,2.508970364183973e-07
0.04781840265221443,0.002705410916232465,0.9996078208043263,0.00039217919567370607
0.04781840265221443,0.0028056113168336673,0.9892756440661552,0.010724355933844798
0.04781840265221443,0.0029058117174348697,0.9999302249669897,6.977503301032925e-05
0.04781840265221443,0.0030060121180360724,0.999999165432266,8.345677340222531e-07
0.04781840265221443,0.0031062125186372747,0.9812358185244696,0.018764181475530342
0.04791619079649299,1e-10,0.8808310731666855,0.11916892683331459
0.04791619079649299,0.0001002005006012024,0.737353194667615,0.26264680533238516
0.04791619079649299,0.00020040090120240482,0.9066913191522465,0.09330868084775344
0.04791619079649299,0.0003006013018036072,0.9070876485686084,0.09291235143139168
0.04791619079649299,0.0004008017024048096,0.7263697590909366,0.2736302409090634
0.04791619079649299,0.0005010021030060121,0.9585422242531394,0.04145777574686063
0.04791619079649299,0.0006012025036072144,0.9455805847817967,0.05441941521820326
0.04791619079649299,0.0007014029042084169,0.9925677469297965,0.007432253070203388
0.04791619079649299,0.0008016033048096193,0.9874343206601691,0.012565679339830932
0.04791619079649299,0.0009018037054108217,0.9933632066652465,0.00663679333475355
0.04791619079649299,0.0010020041060120242,0.9986646454686529,0.0013353545313472138
0.04791619079649299,0.0011022045066132265,0.9999428930072916,5.71069927085478e-05
0.04791619079649299,0.0012024049072144288,0.9950951676563807,0.004904832343619261
0.04791619079649299,0.0013026053078156314,0.999744308838322,0.0002556911616780619
0.04791619079649299,0.0014028057084168337,0.9907430753027396,0.009256924697260293
0.04791619079649299,0.0015030061090180362,0.9947346485618529,0.005265351438147103
0.04791619079649299,0.0016032065096192386,0.9979885231926602,0.0020114768073396638
0.04791619079649299,0.0017034069102204409,0.999986174215481,1.3825784519093063e-05
0.04791619079649299,0.0018036073108216434,0.9941918643623101,0.00580813563768991
0.04791619079649299,0.0019038077114228457,0.9978440398206455,0.0021559601793544525
0.04791619079649299,0.0020040081120240483,0.9980608589408269,0.00193914105917318
0.04791619079649299,0.0021042085126252506,0.9999578274822525,4.217251774758099e-05
0.04791619079649299,0.002204408913226453,0.9999989712039863,1.0287960136951407e-06
0.04791619079649299,0.0023046093138276553,0.999031961138116,0.000968038861884196
0.04791619079649299,0.0024048097144288576,0.9357704410479646,0.06422955895203539
0.04791619079649299,0.0025050101150300604,0.9999836723239495,1.632767605067099e-05
0.04791619079649299,0.0026052105156312627,0.9999564161748202,4.358382517991396e-05
0.04791619079649299,0.002705410916232465,0.9936014206075234,0.006398579392476551
0.04791619079649299,0.0028056113168336673,0.9999999517702407,4.822975930013569e-08
0.04791619079649299,0.0029058117174348697,0.9999981837337895,1.8162662105997657e-06
0.04791619079649299,0.0030060121180360724,0.9999999893451372,1.065486288275681e-08
0.04791619079649299,0.0031062125186372747,0.999985969084185,1.4030915815077815e-05
0.04801397894077154,1e-10,0.9250841531083969,0.07491584689160317
0.04801397894077154,0.0001002005006012024,0.955177690808986,0.044822309191014
0.04801397894077154,0.00020040090120240482,0.9946717181273232,0.005328281872676743
0.04801397894077154,0.0003006013018036072,0.9174886277721157,0.08251137222788431
0.04801397894077154,0.0004008017024048096,0.7870628245833838,0.2129371754166161
0.04801397894077154,0.0005010021030060121,0.8420566792005466,0.15794332079945345
0.04801397894077154,0.0006012025036072144,0.9960757791769214,0.003924220823078652
0.04801397894077154,0.0007014029042084169,0.7893343314765165,0.2106656685234835
0.04801397894077154,0.0008016033048096193,0.6130484337201307,0.3869515662798691
0.04801397894077154,0.0009018037054108217,0.8141261230619952,0.1858738769380049
0.04801397894077154,0.0010020041060120242,0.9981942578714389,0.0018057421285612415
0.04801397894077154,0.0011022045066132265,0.9675363431189883,0.03246365688101173
0.04801397894077154,0.0012024049072144288,0.9995260804202861,0.0004739195797137951
0.04801397894077154,0.0013026053078156314,0.8925208402884075,0.10747915971159255
0.04801397894077154,0.0014028057084168337,0.997955169226858,0.0020448307731420474
0.04801397894077154,0.0015030061090180362,0.9954826625904107,0.004517337409589331
0.04801397894077154,0.0016032065096192386,0.9988516596742067,0.0011483403257932187
0.04801397894077154,0.0017034069102204409,0.9900073316100868,0.009992668389913199
0.04801397894077154,0.0018036073108216434,0.9933621498573917,0.0066378501426084015
0.04801397894077154,0.0019038077114228457,0.9976175172435049,0.0023824827564951547
0.04801397894077154,0.0020040081120240483,0.9999620263063789,3.797369362114549e-05
0.04801397894077154,0.0021042085126252506,0.9999904530856691,9.546914330849124e-06
0.04801397894077154,0.002204408913226453,0.9476867647852978,0.0523132352147023
0.04801397894077154,0.0023046093138276553,0.9897688975111217,0.010231102488878218
0.04801397894077154,0.0024048097144288576,0.9987718199550784,0.0012281800449217754
0.04801397894077154,0.0025050101150300604,0.9999610417160857,3.8958283914309626e-05
0.04801397894077154,0.0026052105156312627,0.9999987427281526,1.2572718475789628e-06
0.04801397894077154,0.002705410916232465,0.9999911996282188,8.800371781217364e-06
0.04801397894077154,0.0028056113168336673,0.9995837968002868,0.0004162031997132804
0.04801397894077154,0.0029058117174348697,0.999792736423052,0.00020726357694798885
0.04801397894077154,0.0030060121180360724,0.9998552874100689,0.00014471258993112873
0.04801397894077154,0.0031062125186372747,0.9524970677497413,0.04750293225025877
0.0481117670850501,1e-10,0.9537613455501768,0.04623865444982314
0.0481117670850501,0.0001002005006012024,0.9524250566651891,0.047574943334810875
0.0481117670850501,0.00020040090120240482,0.9791187158041597,0.020881284195840413
0.0481117670850501,0.0003006013018036072,0.9994152516288398,0.0005847483711601783
0.0481117670850501,0.0004008017024048096,0.9969422836281975,0.0030577163718023253
0.0481117670850501,0.0005010021030060121,0.9280239110731623,0.07197608892683774
0.0481117670850501,0.0006012025036072144,0.9667049364645113,0.03329506353548872
0.0481117670850501,0.0007014029042084169,0.9694345836445604,0.030565416355439627
0.0481117670850501,0.0008016033048096193,0.971297672993082,0.028702327006918008
0.0481117670850501,0.0009018037054108217,0.98282110132072,0.01717889867928017
0.0481117670850501,0.0010020041060120242,0.9938689913502278,0.0061310086497723335
0.0481117670850501,0.0011022045066132265,0.9976238724574,0.0023761275425999893
0.0481117670850501,0.0012024049072144288,0.9935490605447729,0.006450939455227101
0.0481117670850501,0.0013026053078156314,0.9949440609207274,0.005055939079272637
0.0481117670850501,0.0014028057084168337,0.9998589693486531,0.00014103065134681865
0.0481117670850501,0.0015030061090180362,0.9996459806301055,0.000354019369894506
0.0481117670850501,0.0016032065096192386,0.9130122463071642,0.08698775369283587
0.0481117670850501,0.0017034069102204409,0.6475923172462756,0.35240768275372425
0.0481117670850501,0.0018036073108216434,0.9971353641182584,0.002864635881741616
0.0481117670850501,0.0019038077114228457,0.9464300865588195,0.05356991344118045
0.0481117670850501,0.0020040081120240483,0.9739436125718721,0.02605638742812785
0.0481117670850501,0.0021042085126252506,0.9996390643813883,0.00036093561861179444
0.0481117670850501,0.002204408913226453,0.998684205703547,0.0013157942964529686
0.0481117670850501,0.0023046093138276553,0.999789882851994,0.00021011714800587048
0.0481117670850501,0.0024048097144288576,0.9992745012550066,0.0007254987449933636
0.0481117670850501,0.0025050101150300604,0.9996181918170084,0.00038180818299137225
0.0481117670850501,0.0026052105156312627,0.9999987126177788,1.2873822211672798e-06
0.0481117670850501,0.002705410916232465,0.9999977252531744,2.274746825748066e-06
0.0481117670850501,0.0028056113168336673,0.9880535685539756,0.011946431446024374
0.0481117670850501,0.0029058117174348697,0.9577123300897558,0.0422876699102442
0.0481117670850501,0.0030060121180360724,0.9999960804002457,3.919599754254284e-06
0.0481117670850501,0.0031062125186372747,0.9999993809234435,6.190765564703021e-07
0.048209555229328654,1e-10,0.9717919134762351,0.028208086523765028
0.048209555229328654,0.0001002005006012024,0.9885814448576422,0.011418555142357782
0.048209555229328654,0.00020040090120240482,0.9533496759085683,0.04665032409143167
0.048209555229328654,0.0003006013018036072,0.9663629719632664,0.0336370280367337
0.048209555229328654,0.0004008017024048096,0.998883719015407,0.0011162809845930415
0.048209555229328654,0.0005010021030060121,0.9988106591649812,0.0011893408350187764
0.048209555229328654,0.0006012025036072144,0.9781625986111487,0.021837401388851263
0.048209555229328654,0.0007014029042084169,0.999965611584337,3.438841566312201e-05
0.048209555229328654,0.0008016033048096193,0.9041097322169986,0.09589026778300128
0.048209555229328654,0.0009018037054108217,0.9997379912088126,0.0002620087911871791
0.048209555229328654,0.0010020041060120242,0.9999211573492073,7.884265079273565e-05
0.048209555229328654,0.0011022045066132265,0.9999772485226548,2.27514773453804e-05
0.048209555229328654,0.0012024049072144288,0.999897212923697,0.00010278707630293969
0.048209555229328654,0.0013026053078156314,0.9998570084519669,0.00014299154803288922
0.048209555229328654,0.0014028057084168337,0.9999961091574264,3.890842573608994e-06
0.048209555229328654,0.0015030061090180362,0.9999371156087318,6.288439126830335e-05
0.048209555229328654,0.0016032065096192386,0.9998499121141656,0.00015008788583439108
0.048209555229328654,0.0017034069102204409,0.9999952413132216,4.758686778348616e-06
0.048209555229328654,0.0018036073108216434,0.9701150717966964,0.02988492820330363
0.048209555229328654,0.0019038077114228457,0.999959188687427,4.081131257302285e-05
0.048209555229328654,0.0020040081120240483,0.9999725034333604,2.749656663965727e-05
0.048209555229328654,0.0021042085126252506,0.9391420483172939,0.06085795168270625
0.048209555229328654,0.002204408913226453,0.9998758832424359,0.00012411675756425234
0.048209555229328654,0.0023046093138276553,0.9999843760231459,1.5623976854050154e-05
0.048209555229328654,0.0024048097144288576,0.9999672199573431,3.278004265698342e-05
0.048209555229328654,0.0025050101150300604,0.9999553724584125,4.462754158765511e-05
0.048209555229328654,0.0026052105156312627,0.9999823975274887,1.760247251135094e-05
0.048209555229328654,0.002705410916232465,0.9999982236745774,1.7763254226952916e-06
0.048209555229328654,0.0028056113168336673,0.9998965764912253,0.00010342350877469756
0.048209555229328654,0.0029058117174348697,0.9999999975574705,2.4425295812598797e-09
0.048209555229328654,0.0030060121180360724,0.9999947784598985,5.221540101593399e-06
0.048209555229328654,0.0031062125186372747,0.9998250168206106,0.000174983179389398
0.04830734337360722,1e-10,0.9829048746479854,0.017095125352014594
0.04830734337360722,0.0001002005006012024,0.9870741203037572,0.012925879696242861
0.04830734337360722,0.00020040090120240482,0.9835685864292278,0.01643141357077234
0.04830734337360722,0.0003006013018036072,0.9920899967370616,0.007910003262938458
0.04830734337360722,0.0004008017024048096,0.9976757374744749,0.0023242625255251457
0.04830734337360722,0.0005010021030060121,0.9906330406969381,0.009366959303061887
0.04830734337360722,0.0006012025036072144,0.9967955420236683,0.00320445797633188
0.04830734337360722,0.0007014029042084169,0.9982736561823882,0.001726343817611959
0.04830734337360722,0.0008016033048096193,0.9997285960073949,0.00027140399260509846
0.04830734337360722,0.0009018037054108217,0.9930441913094501,0.006955808690549935
0.04830734337360722,0.0010020041060120242,0.9953999555823803,0.004600044417619789
0.04830734337360722,0.0011022045066132265,0.9980001489312227,0.001999851068777293
0.04830734337360722,0.0012024049072144288,0.990855767850704,0.009144232149296029
0.04830734337360722,0.0013026053078156314,0.999943577210189,5.6422789811039835e-05
0.04830734337360722,0.0014028057084168337,0.9999812658710087,1.8734128991421362e-05
0.04830734337360722,0.0015030061090180362,0.9627179594508652,0.03728204054913474
0.04830734337360722,0.0016032065096192386,0.9999989217318295,1.0782681703142406e-06
0.04830734337360722,0.0017034069102204409,0.9994470956488025,0.0005529043511975737
0.04830734337360722,0.0018036073108216434,0.9999995411682308,4.588317692696483e-07
0.04830734337360722,0.0019038077114228457,0.9999991397051416,8.602948583960669e-07
0.04830734337360722,0.0020040081120240483,0.9987673243718703,0.0012326756281294449
0.04830734337360722,0.0021042085126252506,0.998244384253487,0.0017556157465129262
0.04830734337360722,0.002204408913226453,0.9999981110786988,1.8889213012292517e-06
0.04830734337360722,0.0023046093138276553,0.999998317221226,1.682778774171278e-06
0.04830734337360722,0.0024048097144288576,0.999349329285901,0.000650670714099097
0.04830734337360722,0.0025050101150300604,0.9999964477010819,3.5522989181437423e-06
0.04830734337360722,0.0026052105156312627,0.9999999923118464,7.688153558651278e-09
0.04830734337360722,0.002705410916232465,0.9999997792766746,2.2072332543844252e-07
0.04830734337360722,0.0028056113168336673,0.9999958332562917,4.166743708379081e-06
0.04830734337360722,0.0029058117174348697,0.9999827771976407,1.7222802359035422e-05
0.04830734337360722,0.0030060121180360724,0.9999983821991323,1.6178008676752418e-06
0.04830734337360722,0.0031062125186372747,0.9999996353315305,3.646684695302963e-07
0.04840513151788577,1e-10,0.9897181100401704,0.0102818899598295
0.04840513151788577,0.0001002005006012024,0.9853659303759872,0.014634069624012877
0.04840513151788577,0.00020040090120240482,0.9930610777089777,0.006938922291022336
0.04840513151788577,0.0003006013018036072,0.999405827251044,0.0005941727489560318
0.04840513151788577,0.0004008017024048096,0.9574937479333816,0.042506252066618476
0.04840513151788577,0.0005010021030060121,0.9981396500929453,0.0018603499070547252
0.04840513151788577,0.0006012025036072144,0.9908087036070193,0.009191296392980731
0.04840513151788577,0.0007014029042084169,0.9991913607553671,0.0008086392446329955
0.04840513151788577,0.0008016033048096193,0.9977512000371996,0.0022487999628004055
0.04840513151788577,0.0009018037054108217,0.9971487231909248,0.0028512768090752398
0.04840513151788577,0.0010020041060120242,0.9984033300307845,0.0015966699692154663
0.04840513151788577,0.0011022045066132265,0.9999970882758297,2.9117241703038e-06
0.04840513151788577,0.0012024049072144288,0.8832108143920461,0.11678918560795391
0.04840513151788577,0.0013026053078156314,0.9985661449125549,0.0014338550874451312
0.04840513151788577,0.0014028057084168337,0.9997053685745028,0.0002946314254972334
0.04840513151788577,0.0015030061090180362,0.999711384663893,0.00028861533610713495
0.04840513151788577,0.0016032065096192386,0.9916852846586446,0.008314715341355404
0.04840513151788577,0.0017034069102204409,0.999998920735633,1.0792643668045675e-06
0.04840513151788577,0.0018036073108216434,0.9988594945723627,0.0011405054276373526
0.04840513151788577,0.0019038077114228457,0.9999987483820174,1.2516179826218507e-06
0.04840513151788577,0.0020040081120240483,0.999999807744575,1.9225542502303133e-07
0.04840513151788577,0.0021042085126252506,0.999944908550309,5.50914496911107e-05
0.04840513151788577,0.002204408913226453,0.9999178534847912,8.214651520874578e-05
0.04840513151788577,0.0023046093138276553,0.9999897253695123,1.027463048777132e-05
0.04840513151788577,0.0024048097144288576,0.9999192196329932,8.078036700673026e-05
0.04840513151788577,0.0025050101150300604,0.9993654696459995,0.0006345303540002689
0.04840513151788577,0.0026052105156312627,0.9994200211072786,0.0005799788927215369
0.04840513151788577,0.002705410916232465,0.9999999695519495,3.044805051721836e-08
0.04840513151788577,0.0028056113168336673,0.999994285027202,5.7149727980642925e-06
0.04840513151788577,0.0029058117174348697,0.9999901560738769,9.843926123183084e-06
0.04840513151788577,0.0030060121180360724,0.999999998104415,1.8955850433065725e-09
0.04840513151788577,0.0031062125186372747,0.9999984961230834,1.5038769165831579e-06
0.04850291966216433,1e-10,0.993806322910648,0.006193677089351925
0.04850291966216433,0.0001002005006012024,0.9979016533490799,0.0020983466509201546
0.04850291966216433,0.00020040090120240482,0.9811571346260912,0.018842865373908713
0.04850291966216433,0.0003006013018036072,0.9965233378814573,0.0034766621185427496
0.04850291966216433,0.0004008017024048096,0.9773302556592813,0.022669744340718688
0.04850291966216433,0.0005010021030060121,0.9729792944918433,0.027020705508156675
0.04850291966216433,0.0006012025036072144,0.9994360824504819,0.0005639175495180653
0.04850291966216433,0.0007014029042084169,0.9992001510519248,0.0007998489480751296
0.04850291966216433,0.0008016033048096193,0.9999955324639579,4.467536042067712e-06
0.04850291966216433,0.0009018037054108217,0.9999878117919672,1.2188208032733388e-05
0.04850291966216433,0.0010020041060120242,0.9320115338038408,0.06798846619615925
0.04850291966216433,0.0011022045066132265,0.9983858742453747,0.0016141257546252567
0.04850291966216433,0.0012024049072144288,0.9941632411909147,0.005836758809085044
0.04850291966216433,0.0013026053078156314,0.9999911079542979,8.892045702030751e-06
0.04850291966216433,0.0014028057084168337,0.9999206035637166,7.939643628339716e-05
0.04850291966216433,0.0015030061090180362,0.9990378400126332,0.0009621599873668711
0.04850291966216433,0.0016032065096192386,0.9959302530834385,0.004069746916561267
0.04850291966216433,0.0017034069102204409,0.9996422995182821,0.00035770048171787806
0.04850291966216433,0.0018036073108216434,0.9999323290939257,6.767090607428299e-05
0.04850291966216433,0.0019038077114228457,0.9999820899298382,1.7910070161872975e-05
0.04850291966216433,0.0020040081120240483,0.9996584223237177,0.00034157767628240424
0.04850291966216433,0.0021042085126252506,0.9999985125811396,1.4874188604310036e-06
0.04850291966216433,0.002204408913226453,0.9999967586266199,3.241373380201608e-06
0.04850291966216433,0.0023046093138276553,0.999993190404035,6.809595965200344e-06
0.04850291966216433,0.0024048097144288576,0.9999992881860723,7.118139277269994e-07
0.04850291966216433,0.0025050101150300604,0.9999999472672836,5.273271640830568e-08
0.04850291966216433,0.0026052105156312627,0.9999806303687422,1.9369631257900526e-05
0.04850291966216433,0.002705410916232465,0.9999965762566049,3.4237433951126972e-06
0.04850291966216433,0.0028056113168336673,0.9999806894030636,1.9310596936412914e-05
0.04850291966216433,0.0029058117174348697,0.9999826737358208,1.732626417924327e-05
0.04850291966216433,0.0030060121180360724,0.9999999969061834,3.0938166489460136e-09
0.04850291966216433,0.0031062125186372747,0.9998662952921923,0.0001337047078076685
0.048600707806442885,1e-10,0.9962876128646656,0.003712387135334458
0.048600707806442885,0.0001002005006012024,0.9975270428431526,0.0024729571568474105
0.048600707806442885,0.00020040090120240482,0.994065303272585,0.005934696727414774
0.048600707806442885,0.0003006013018036072,0.9952890365002984,0.004710963499701577
0.048600707806442885,0.0004008017024048096,0.9879470128207696,0.012052987179230503
0.048600707806442885,0.0005010021030060121,0.9989885312494248,0.0010114687505752558
0.048600707806442885,0.0006012025036072144,0.9998752420437452,0.00012475795625482828
0.048600707806442885,0.0007014029042084169,0.9993071641380913,0.0006928358619087336
0.048600707806442885,0.0008016033048096193,0.9997544444811471,0.00024555551885286085
0.048600707806442885,0.0009018037054108217,0.9975864677228992,0.002413532277100785
0.048600707806442885,0.0010020041060120242,0.9999891372027506,1.0862797249337134e-05
0.048600707806442885,0.0011022045066132265,0.9981555478132057,0.001844452186794339
0.048600707806442885,0.0012024049072144288,0.9999866176619391,1.3382338060897277e-05
0.048600707806442885,0.0013026053078156314,0.9999962160028961,3.783997103849294e-06
0.048600707806442885,0.0014028057084168337,0.9999993119244693,6.880755307489688e-07
0.048600707806442885,0.0015030061090180362,0.9999774829837085,2.2517016291585365e-05
0.048600707806442885,0.0016032065096192386,0.9999408322147174,5.916778528233595e-05
0.048600707806442885,0.0017034069102204409,0.9999989011396188,1.098860381219136e-06
0.048600707806442885,0.0018036073108216434,0.9999999663880782,3.3611921839918276e-08
0.048600707806442885,0.0019038077114228457,0.9866577834462666,0.013342216553733329
0.048600707806442885,0.0020040081120240483,0.9999998647295081,1.3527049198583984e-07
0.048600707806442885,0.0021042085126252506,0.9982763597598655,0.0017236402401345806
0.048600707806442885,0.002204408913226453,0.9862016005154788,0.013798399484521233
0.048600707806442885,0.0023046093138276553,0.9999917736417091,8.226358290896611e-06
0.048600707806442885,0.0024048097144288576,0.9999538881557481,4.611184425203508e-05
0.048600707806442885,0.0025050101150300604,0.9995758974438574,0.00042410255614238094
0.048600707806442885,0.0026052105156312627,0.9999844496853019,1.555031469809036e-05
0.048600707806442885,0.002705410916232465,0.9999949182051459,5.081794854164312e-06
0.048600707806442885,0.0028056113168336673,0.9988181134508873,0.001181886549112825
0.048600707806442885,0.0029058117174348697,0.999998781812529,1.2181874710129427e-06
0.048600707806442885,0.0030060121180360724,0.9996136547264957,0.0003863452735044311
0.048600707806442885,0.0031062125186372747,0.9999678740776092,3.212592239083313e-05
0.04869849595072144,1e-10,0.9977756279742662,0.0022243720257338817
0.04869849595072144,0.0001002005006012024,0.9972230443574905,0.002776955642509575
0.04869849595072144,0.00020040090120240482,0.9990101437798389,0.0009898562201611576
0.04869849595072144,0.0003006013018036072,0.9972463139794675,0.0027536860205325383
0.04869849595072144,0.0004008017024048096,0.9982204991703388,0.0017795008296611525
0.04869849595072144,0.0005010021030060121,0.9997116758978206,0.0002883241021792148
0.04869849595072144,0.0006012025036072144,0.9903960969197763,0.009603903080223745
0.04869849595072144,0.0007014029042084169,0.999987077256983,1.292274301698615e-05
0.04869849595072144,0.0008016033048096193,0.9998158842492604,0.00018411575073953547
0.04869849595072144,0.0009018037054108217,0.999269531756595,0.0007304682434049882
0.04869849595072144,0.0010020041060120242,0.999738970300752,0.0002610296992480423
0.04869849595072144,0.0011022045066132265,0.9996233545160886,0.00037664548391138497
0.04869849595072144,0.0012024049072144288,0.9999990098009172,9.90199082962011e-07
0.04869849595072144,0.0013026053078156314,0.9999978045223014,2.1954776986370405e-06
0.04869849595072144,0.0014028057084168337,0.9996882993164945,0.0003117006835055012
0.04869849595072144,0.0015030061090180362,0.9999543256620677,4.567433793234953e-05
0.04869849595072144,0.0016032065096192386,0.999996072737837,3.927262163121759e-06
0.04869849595072144,0.0017034069102204409,0.9995033480136902,0.0004966519863097892
0.04869849595072144,0.0018036073108216434,0.9999900718843886,9.928115611477137e-06
0.04869849595072144,0.0019038077114228457,0.9999988377585225,1.1622414775100719e-06
0.04869849595072144,0.0020040081120240483,0.9996269887014045,0.0003730112985955175
0.04869849595072144,0.0021042085126252506,0.9999999337597133,6.624028656325303e-08
0.04869849595072144,0.002204408913226453,0.9999994560295845,5.439704155099735e-07
0.04869849595072144,0.0023046093138276553,0.9916971615280257,0.008302838471974196
0.04869849595072144,0.0024048097144288576,0.999990991599931,9.00840006910956e-06
0.04869849595072144,0.0025050101150300604,0.9999956874530268,4.312546972929815e-06
0.04869849595072144,0.0026052105156312627,0.9999984630158868,1.5369841129773014e-06
0.04869849595072144,0.002705410916232465,0.9999409066460975,5.909335390257149e-05
0.04869849595072144,0.0028056113168336673,0.9999814832106675,1.8516789332567976e-05
0.04869849595072144,0.0029058117174348697,0.9999029799273953,9.702007260477269e-05
0.04869849595072144,0.0030060121180360724,0.9999999949053876,5.094612445525483e-09
0.04869849595072144,0.0031062125186372747,0.9998385457609521,0.00016145423904793022
0.04869849595072144,0.003206412919238477,0.9999999938869408,6.113059213316368e-09
0.048796284095,1e-10,0.9986668682072444,0.001333131792755553
0.048796284095,0.0001002005006012024,0.9986309526743979,0.001369047325602138
0.048796284095,0.00020040090120240482,0.9998595439486976,0.00014045605130249216
0.048796284095,0.0003006013018036072,0.9981545009617647,0.0018454990382353693
0.048796284095,0.0004008017024048096,0.9995734697700362,0.0004265302299635016
0.048796284095,0.0005010021030060121,0.9999300967230534,6.99032769465386e-05
0.048796284095,0.0006012025036072144,0.9826941428547361,0.017305857145263878
0.048796284095,0.0007014029042084169,0.999473677802996,0.000526322197004012
0.048796284095,0.0008016033048096193,0.9997914772632008,0.00020852273679912865
0.048796284095,0.0009018037054108217,0.9999993171117826,6.828882174171118e-07
0.048796284095,0.0010020041060120242,0.9999917015425095,8.29845749061561e-06
0.048796284095,0.0011022045066132265,0.9999987741744063,1.2258255937430732e-06
0.048796284095,0.0012024049072144288,0.9999337565269875,6.624347301251508e-05
0.048796284095,0.0013026053078156314,0.9969123572121985,0.0030876427878014584
0.048796284095,0.0014028057084168337,0.9999990722634955,9.277365044999941e-07
0.048796284095,0.0015030061090180362,0.9999957989671778,4.201032822188853e-06
0.048796284095,0.0016032065096192386,0.9999984328739946,1.56712600551243e-06
0.048796284095,0.0017034069102204409,0.9999819921731472,1.8007826852792753e-05
0.048796284095,0.0018036073108216434,0.9992191391066731,0.0007808608933268569
0.048796284095,0.0019038077114228457,0.9997831206372504,0.00021687936274970656
0.048796284095,0.0020040081120240483,0.9992258512384016,0.0007741487615984478
0.048796284095,0.0021042085126252506,0.99993029726242,6.970273758003656e-05
0.048796284095,0.002204408913226453,0.9999987489750586,1.2510249413583328e-06
0.048796284095,0.0023046093138276553,0.9999852195367173,1.4780463282796792e-05
0.048796284095,0.0024048097144288576,0.9999999455035778,5.449642218406915e-08
0.048796284095,0.0025050101150300604,0.9999999048290813,9.517091873692165e-08
0.048796284095,0.0026052105156312627,0.9999999988810101,1.1189899418751033e-09
0.048796284095,0.002705410916232465,0.9999996795209135,3.204790865165319e-07
0.048796284095,0.0028056113168336673,0.9999999984469626,1.5530374722063469e-09
0.048796284095,0.0029058117174348697,0.9999826050374525,1.739496254745943e-05
0.048796284095,0.0030060121180360724,0.9999999994649653,5.35034761635428e-10
0.048796284095,0.0031062125186372747,0.9999999916767116,8.323288579883406e-09
0.048796284095,0.003206412919238477,0.9999999629706697,3.702933028362943e-08
